Nitrogen,Phosphorus,Potassium,Temperature,Humidity,pH_Value,Rainfall,Crop,Soil_Type,Variety
47.84,25.75,26.07,24.01,57.67,6.05,832.84,Groundnut,Sandy,TAG-24
70.58,65.92,96.37,20.94,75.83,7.3,1281.02,Wheat,Silty,HD-2967
27.52,25.92,56.74,29.92,37.78,5.75,806.8,Millet,Sandy,HHB-67
134.84,38.78,67.24,24.15,77.04,5.45,1748.55,Wheat,Peaty,HD-2967
42.31,30.16,20.0,29.88,42.59,5.95,851.78,Millet,Sandy,RHB-173
99.55,15.0,99.68,13.14,65.0,5.37,1646.07,Tea,Peaty,TV-23
83.77,64.59,85.59,22.74,70.42,6.69,1370.84,Cotton,Clay,Suraj
111.6,43.8,103.8,19.71,77.64,5.1,2139.75,Rice,Peaty,Swarna
83.98,34.81,93.41,26.82,59.27,7.58,1299.18,Wheat,Loamy,HD-2967
114.83,57.46,91.02,25.57,72.82,6.07,1452.39,Rice,Clay,IR64
95.21,42.87,72.84,30.37,70.83,6.43,1291.32,Tomato,Loamy,Pusa Ruby
35.56,39.09,61.11,30.2,59.38,7.13,669.13,Potato,Sandy,Kufri Bahar
53.84,28.88,55.33,29.76,49.93,6.31,536.3,Millet,Sandy,RHB-173
44.1,30.91,60.99,26.17,37.9,6.95,722.48,Watermelon,Sandy,Sugar Baby
107.93,38.04,92.26,30.48,68.23,6.02,1160.16,Cotton,Clay,Bt-2
108.45,43.27,82.03,16.29,83.56,6.0,1332.94,Vegetables,Peaty,Local-1
44.13,26.36,35.22,29.73,47.28,7.08,689.06,Watermelon,Sandy,Sugar Baby
73.78,57.01,97.52,17.83,79.61,6.66,1394.29,Rice,Silty,Basmati-370
75.64,49.9,99.59,29.53,58.23,6.79,1053.39,Cotton,Loamy,Suraj
48.22,15.88,45.88,29.65,52.3,6.77,517.49,Groundnut,Sandy,TAG-24
55.3,76.2,80.92,24.58,42.28,8.38,1043.34,Millet,Chalky,ICTP-8203
30.44,15.58,31.89,31.31,43.29,6.19,459.9,Potato,Sandy,Kufri Bahar
80.55,25.44,76.55,12.98,76.28,5.7,1945.76,Potato,Peaty,Kufri Pukhraj
118.97,21.75,59.71,20.97,75.9,4.76,2035.65,Cotton,Peaty,Bt-1
47.66,33.77,38.11,33.43,44.3,5.91,598.55,Groundnut,Sandy,JL-24
100.12,42.1,79.28,26.52,81.73,5.12,1428.76,Tea,Peaty,TV-23
54.37,49.6,82.67,20.14,55.94,6.79,1223.42,Cotton,Loamy,Bt-1
67.5,50.48,78.94,26.64,66.72,7.53,908.73,Cotton,Loamy,Bt-2
93.55,60.51,87.22,29.76,74.53,6.33,1188.54,Rice,Silty,IR64
130.44,55.08,113.27,25.04,68.39,6.93,1816.79,Groundnut,Clay,TAG-24
56.05,63.93,69.28,27.08,49.47,7.45,550.78,Wheat,Chalky,Lok-1
80.45,43.61,93.56,23.37,68.46,6.93,1312.0,Wheat,Silty,PBW-343
43.19,59.27,99.35,27.36,26.95,7.9,694.24,Cotton,Chalky,Suraj
39.99,60.26,69.06,31.84,38.23,7.93,602.58,Cotton,Chalky,Suraj
48.37,78.73,129.55,28.17,50.3,7.96,777.17,Millet,Chalky,RHB-173
105.35,43.0,107.38,18.85,59.96,6.13,1696.27,Wheat,Clay,Lok-1
115.15,29.48,75.94,20.26,79.78,5.12,2427.03,Vegetables,Peaty,Hybrid-B
109.1,50.16,47.81,20.49,78.24,6.45,1398.14,Barley,Peaty,DWRB-73
118.75,30.33,83.07,17.68,86.92,5.33,1609.15,Rice,Peaty,Swarna
114.61,57.81,119.88,24.25,73.77,6.89,1427.62,Wheat,Loamy,Lok-1
91.53,47.55,91.33,23.19,67.14,7.04,1093.15,Cotton,Loamy,Bt-2
112.43,39.83,110.0,21.48,79.69,4.86,2172.24,Vegetables,Peaty,Hybrid-A
117.19,49.36,71.42,20.84,88.94,6.36,1794.51,Tea,Peaty,UPASI-9
113.8,46.26,59.72,18.37,80.82,5.31,1733.31,Vegetables,Peaty,Local-1
100.77,40.78,100.94,25.33,65.59,7.42,1171.98,Tomato,Loamy,Pusa Ruby
83.36,52.99,105.68,32.05,67.51,6.32,1591.53,Rice,Clay,IR64
82.08,54.08,124.5,31.82,78.25,6.93,1055.1,Rice,Clay,IR64
15.0,58.66,84.14,22.9,45.2,8.38,599.37,Cotton,Chalky,Bt-2
117.45,31.6,53.76,26.69,86.79,6.25,1739.06,Vegetables,Peaty,Hybrid-B
66.11,17.21,58.3,31.66,49.06,7.0,1007.81,Potato,Sandy,Kufri Bahar
79.54,38.81,103.93,25.82,64.15,7.18,1232.07,Cotton,Loamy,Bt-1
45.51,57.3,84.26,25.84,36.84,7.76,743.82,Wheat,Chalky,HD-2967
63.88,46.61,104.0,23.74,69.41,6.86,1173.13,Rice,Silty,Basmati-370
38.2,59.49,50.55,23.32,57.63,8.8,327.62,Millet,Chalky,RHB-173
41.68,60.41,83.0,28.73,40.9,8.02,718.12,Soybean,Chalky,MAUS-71
51.73,31.72,43.44,26.75,55.54,5.61,942.71,Potato,Sandy,Kufri Pukhraj
88.85,58.03,94.25,23.76,66.19,7.02,1619.33,Vegetables,Clay,Local-1
47.67,72.34,106.15,24.11,47.34,7.97,959.04,Millet,Chalky,ICTP-8203
61.32,59.23,111.1,26.02,47.74,8.5,851.31,Barley,Chalky,BH-902
37.78,54.63,57.44,26.69,41.97,7.87,743.69,Cotton,Chalky,Bt-2
83.79,50.61,80.49,26.4,78.87,6.44,1513.08,Wheat,Silty,Lok-1
100.96,70.07,90.33,28.26,74.95,6.51,1682.58,Rice,Clay,IR64
87.08,26.0,91.49,24.24,71.81,7.17,833.15,Tomato,Loamy,Roma
98.03,49.58,85.46,30.3,64.45,7.8,806.5,Sugarcane,Loamy,Co-0118
56.34,60.86,71.3,26.67,50.22,7.72,970.55,Sugarcane,Chalky,Co-0118
90.77,53.06,88.81,24.26,73.16,6.39,982.77,Wheat,Loamy,Lok-1
84.4,41.13,92.86,20.28,87.38,5.5,1294.47,Rice,Peaty,IR64
84.43,28.69,140.62,21.88,70.11,6.69,1314.29,Cotton,Clay,Suraj
55.78,21.44,59.05,32.24,40.56,6.54,767.55,Millet,Sandy,ICTP-8203
101.34,53.18,75.32,21.24,79.67,4.06,2200.2,Rice,Peaty,Basmati-370
39.75,23.93,45.47,29.12,50.04,6.47,927.83,Groundnut,Sandy,GG-20
64.24,31.3,89.36,20.39,71.47,6.22,2100.0,Maize,Silty,Pioneer-3396
41.3,63.83,102.51,31.61,64.22,7.42,1068.08,Wheat,Chalky,HD-2967
89.29,63.78,91.44,19.25,62.74,6.98,1407.92,Soybean,Loamy,JS-335
90.24,75.9,100.38,24.85,70.32,6.84,1380.89,Millet,Clay,HHB-67
50.03,37.19,54.56,29.24,31.28,5.61,374.93,Potato,Sandy,Kufri Jyoti
112.99,61.36,60.11,19.38,74.35,4.58,1895.61,Vegetables,Peaty,Local-1
24.47,59.21,121.82,27.32,52.4,8.03,833.32,Tea,Chalky,UPASI-9
34.87,26.44,79.44,26.84,43.76,6.34,657.24,Groundnut,Sandy,GG-20
92.63,33.21,117.87,24.43,59.05,6.38,1849.92,Cotton,Clay,Bt-1
39.51,27.88,40.24,28.73,42.98,5.99,476.31,Maize,Sandy,HQPM-1
70.96,55.28,124.34,24.73,74.92,6.91,1752.55,Cotton,Clay,Bt-1
73.01,53.74,93.58,19.9,70.21,7.71,1460.74,Vegetables,Silty,Hybrid-B
83.95,56.18,116.36,29.19,78.23,6.39,1595.54,Cotton,Clay,Bt-1
104.01,39.18,61.38,22.26,75.07,6.49,1929.98,Tomato,Peaty,Roma
133.86,38.55,84.86,19.64,92.53,5.22,1541.09,Vegetables,Peaty,Local-1
138.35,44.24,64.43,18.66,78.18,5.25,1228.98,Potato,Peaty,Kufri Bahar
96.62,47.63,101.84,22.45,61.96,7.3,1043.74,Tomato,Loamy,Arka Vikas
98.63,38.39,73.56,23.33,64.64,6.71,1705.98,Rice,Silty,IR64
44.47,26.22,38.58,31.78,49.03,5.67,789.29,Potato,Sandy,Kufri Bahar
105.05,41.71,83.57,27.49,81.2,6.97,1626.74,Rice,Clay,Basmati-370
56.99,33.83,68.28,25.83,47.08,8.47,518.02,Maize,Chalky,DHM-117
44.16,68.97,102.06,23.88,39.63,8.09,1034.9,Wheat,Chalky,HD-2967
56.95,50.47,98.55,29.31,46.4,7.86,572.9,Cotton,Chalky,Suraj
127.76,41.07,63.37,18.52,82.71,4.9,1295.55,Tea,Peaty,TV-1
65.27,41.12,72.71,28.33,65.73,6.86,1130.32,Cotton,Loamy,Suraj
78.97,65.0,74.57,18.85,76.17,5.52,1374.77,Sugarcane,Peaty,Co-0238
31.47,46.81,100.09,27.15,41.18,7.96,1130.95,Rice,Chalky,IR64
71.9,63.87,49.77,22.45,76.58,7.17,830.07,Cotton,Silty,Suraj
115.44,68.84,127.4,23.36,69.67,7.11,1707.73,Rice,Clay,Swarna
81.46,45.19,73.86,26.14,70.36,6.6,1656.21,Wheat,Silty,HD-2967
57.15,66.74,85.71,27.97,57.3,8.4,887.03,Sugarcane,Chalky,Co-0118
111.56,29.76,84.7,19.8,78.61,5.72,1559.32,Vegetables,Peaty,Hybrid-A
66.77,26.85,92.22,21.4,56.77,6.54,1250.48,Maize,Loamy,Pioneer-3396
45.24,39.83,30.91,32.83,44.23,6.16,451.08,Groundnut,Sandy,GG-20
43.72,16.32,52.19,32.77,45.44,6.76,769.86,Groundnut,Sandy,GG-20
79.78,65.91,115.27,24.97,79.35,6.62,1564.54,Wheat,Clay,Lok-1
114.69,28.95,77.28,23.96,87.93,5.48,2024.74,Tea,Peaty,UPASI-9
35.63,39.66,117.43,29.11,58.23,7.72,727.07,Millet,Chalky,ICTP-8203
53.45,18.8,56.91,35.89,48.59,6.14,592.11,Watermelon,Sandy,Arka Manik
24.69,62.51,74.59,30.14,27.35,7.83,974.59,Cotton,Chalky,Bt-1
62.18,32.03,46.84,26.81,53.82,6.33,1082.68,Potato,Sandy,Kufri Bahar
115.48,58.01,108.27,22.48,68.57,7.03,1802.72,Sugarcane,Clay,Co-0238
115.98,52.7,112.29,23.35,60.78,6.96,1376.63,Sugarcane,Clay,Co-86032
102.26,50.43,69.78,19.17,74.73,6.48,1630.64,Wheat,Silty,PBW-343
67.14,50.4,75.22,27.15,64.36,6.67,723.4,Potato,Loamy,Kufri Pukhraj
101.43,66.45,133.28,21.68,63.92,7.23,1367.06,Sugarcane,Clay,Co-0238
33.59,31.91,40.36,25.89,46.84,6.4,683.72,Millet,Sandy,RHB-173
65.33,73.53,78.91,26.72,72.75,6.62,1447.64,Rice,Clay,Basmati-370
116.79,36.64,122.9,18.0,82.18,7.37,1387.14,Sugarcane,Clay,Co-0118
48.84,16.8,45.92,31.25,45.66,5.33,582.32,Millet,Sandy,ICTP-8203
108.55,27.26,110.0,20.32,74.97,4.49,1647.72,Vegetables,Peaty,Hybrid-B
78.16,61.44,114.99,22.59,61.56,7.94,1690.01,Rice,Clay,IR64
37.37,50.79,93.87,26.77,42.39,7.85,817.34,Millet,Chalky,RHB-173
94.8,28.18,54.93,21.59,78.37,5.3,1683.01,Vegetables,Peaty,Hybrid-A
53.1,26.94,62.43,26.48,30.81,6.48,510.61,Potato,Sandy,Kufri Jyoti
115.22,82.57,115.01,27.1,68.42,7.66,1193.0,Sugarcane,Clay,Co-86032
79.46,55.37,102.45,24.91,77.52,6.36,1237.88,Rice,Clay,Swarna
136.6,41.16,84.71,20.34,70.74,5.0,2317.53,Wheat,Peaty,Lok-1
76.02,44.89,80.34,22.92,65.31,6.41,846.12,Soybean,Loamy,JS-335
58.64,37.1,72.45,24.94,66.02,7.09,1617.56,Wheat,Loamy,PBW-343
35.12,60.93,95.73,24.42,46.08,8.03,636.84,Barley,Chalky,RD-2552
59.3,59.16,89.35,26.72,54.42,8.04,620.97,Sugarcane,Chalky,Co-86032
91.64,43.3,88.83,29.19,67.83,6.73,1124.53,Tomato,Loamy,Pusa Ruby
90.15,67.08,94.02,25.25,79.88,6.68,1325.72,Wheat,Clay,PBW-343
120.99,58.99,130.37,24.23,76.18,6.97,1873.34,Wheat,Clay,Lok-1
82.8,63.7,90.54,26.99,75.21,6.53,1023.83,Maize,Loamy,HQPM-1
114.46,33.22,68.27,24.87,76.19,5.3,1411.68,Vegetables,Peaty,Hybrid-B
85.11,45.46,72.98,20.03,55.75,7.12,866.16,Wheat,Loamy,HD-2967
106.93,38.71,61.65,22.76,86.31,5.56,922.37,Tea,Peaty,TV-23
103.45,68.29,102.36,27.78,66.73,6.48,1346.54,Sugarcane,Clay,Co-86032
67.37,23.0,51.58,31.31,44.82,6.09,421.76,Potato,Sandy,Kufri Pukhraj
59.45,14.12,33.56,27.4,32.75,6.32,739.31,Millet,Sandy,HHB-67
45.16,53.21,74.24,26.75,55.89,7.97,1052.11,Barley,Chalky,DWRB-73
57.19,51.67,88.01,25.17,66.58,6.51,1624.33,Vegetables,Silty,Hybrid-B
89.49,41.36,152.24,29.83,74.37,6.73,1976.88,Wheat,Clay,Lok-1
67.46,40.42,86.22,30.45,55.63,7.11,1493.57,Maize,Loamy,DHM-117
46.57,45.81,81.41,30.55,48.72,7.92,637.08,Wheat,Chalky,HD-2967
87.59,56.55,116.6,24.51,72.51,6.7,1435.35,Cotton,Loamy,Bt-2
136.03,33.1,69.16,23.34,74.23,5.8,2230.1,Tea,Peaty,TV-23
39.06,31.54,51.7,31.5,41.51,5.79,958.62,Potato,Sandy,Kufri Bahar
117.81,27.51,66.67,19.55,86.81,4.91,1894.48,Rice,Peaty,IR64
110.46,47.6,65.03,18.56,79.12,5.25,1824.71,Tea,Peaty,UPASI-9
86.71,55.28,127.73,25.72,85.7,7.13,1384.1,Cotton,Clay,Bt-1
22.54,73.88,90.81,28.52,44.5,7.82,758.06,Wheat,Chalky,Lok-1
64.01,52.16,96.31,25.89,68.76,6.47,993.14,Rice,Silty,IR64
107.11,60.44,109.23,22.75,73.18,5.91,1284.1,Maize,Silty,DHM-117
91.37,45.32,103.21,30.94,57.61,7.04,1335.03,Sugarcane,Loamy,Co-86032
69.19,39.95,90.49,20.24,68.86,6.81,954.21,Soybean,Loamy,MAUS-71
63.35,57.48,77.11,29.42,72.2,6.92,1005.94,Rice,Silty,Swarna
138.19,38.55,45.24,15.87,87.88,5.47,1428.62,Vegetables,Peaty,Local-1
73.5,46.89,62.99,25.27,66.32,6.76,1213.82,Maize,Silty,HQPM-1
75.61,54.29,86.97,29.04,57.11,7.08,1178.0,Cotton,Loamy,Bt-1
93.7,49.2,91.94,21.93,68.05,7.18,1647.71,Maize,Silty,DHM-117
81.31,36.52,106.86,21.66,67.46,6.63,980.08,Rice,Silty,Basmati-370
49.0,18.17,44.9,27.31,46.74,6.34,750.63,Millet,Sandy,RHB-173
38.6,25.65,62.25,29.93,53.75,6.86,871.02,Wheat,Sandy,PBW-343
64.2,28.58,51.02,30.88,55.05,6.39,607.83,Millet,Sandy,HHB-67
83.63,48.25,114.62,28.18,70.86,6.6,841.81,Rice,Clay,Basmati-370
88.84,44.08,116.49,21.99,61.58,7.57,1166.76,Wheat,Loamy,Lok-1
94.97,41.33,84.99,28.48,65.06,7.31,887.53,Vegetables,Silty,Local-1
98.03,42.93,108.79,23.16,65.21,6.62,1267.66,Cotton,Clay,Bt-2
78.67,59.61,65.31,12.63,81.66,4.44,2165.45,Rice,Peaty,Swarna
70.85,70.0,52.17,26.94,62.97,6.73,1325.29,Tomato,Loamy,Arka Vikas
88.8,34.88,111.23,27.29,69.58,7.39,1818.14,Sugarcane,Clay,Co-0238
64.74,52.24,99.55,26.36,72.72,6.65,863.85,Wheat,Silty,PBW-343
41.23,21.32,57.52,35.22,52.18,6.16,840.75,Groundnut,Sandy,JL-24
78.94,62.76,98.89,25.41,57.88,7.31,1247.77,Cotton,Loamy,Bt-2
109.98,48.92,100.45,23.64,70.48,7.03,975.64,Tea,Clay,UPASI-9
70.87,50.86,91.62,21.75,63.67,7.26,763.35,Tomato,Loamy,Arka Vikas
37.68,31.1,44.63,27.14,51.97,6.7,793.03,Watermelon,Sandy,Sugar Baby
55.0,64.68,112.95,22.77,84.83,6.37,1301.29,Potato,Clay,Kufri Jyoti
21.81,31.85,54.37,31.74,35.1,6.17,496.58,Groundnut,Sandy,GG-20
102.64,44.06,74.98,21.25,84.55,5.7,1380.89,Tea,Peaty,TV-1
145.11,51.73,65.2,16.97,84.86,4.91,1395.83,Vegetables,Peaty,Local-1
47.05,27.38,45.97,30.74,51.99,6.8,905.85,Watermelon,Sandy,Sugar Baby
94.46,45.98,68.7,27.99,66.93,7.02,1907.71,Wheat,Silty,PBW-343
67.17,18.53,61.63,32.97,49.0,5.87,500.93,Groundnut,Sandy,GG-20
123.31,36.66,55.75,17.66,78.5,5.78,1405.97,Potato,Peaty,Kufri Jyoti
113.53,49.0,126.58,22.91,63.88,6.78,1386.96,Wheat,Clay,HD-2967
79.98,48.84,80.77,23.08,59.58,6.87,1333.05,Tomato,Loamy,Roma
52.72,50.7,65.04,25.26,82.39,6.3,788.5,Rice,Silty,Basmati-370
92.45,27.83,113.76,26.81,78.63,6.9,1834.86,Maize,Silty,DHM-117
88.92,65.06,104.66,27.56,75.76,6.7,1668.18,Wheat,Clay,PBW-343
84.31,50.02,89.18,24.01,57.03,7.0,761.14,Cotton,Loamy,Suraj
95.74,50.16,96.33,31.05,63.63,6.48,1006.44,Rice,Loamy,IR64
83.2,70.84,141.35,20.9,62.28,7.12,1322.88,Wheat,Clay,HD-2967
50.29,37.54,58.25,20.55,48.32,7.52,767.96,Barley,Chalky,RD-2552
86.37,45.71,87.99,22.06,61.45,6.58,1150.04,Soybean,Loamy,NRC-37
120.33,48.16,83.4,22.42,84.34,6.79,1871.09,Sugarcane,Clay,Co-0118
103.98,51.59,57.5,22.8,64.57,6.54,1127.24,Wheat,Loamy,Lok-1
58.98,33.83,60.84,24.5,53.59,6.11,791.99,Millet,Sandy,ICTP-8203
111.39,46.64,148.0,31.38,69.94,6.83,1717.35,Rice,Clay,IR64
92.35,49.4,69.79,17.32,75.85,5.47,1352.9,Rice,Peaty,Swarna
50.25,35.84,73.44,30.41,47.77,7.95,493.85,Rice,Chalky,IR64
45.94,32.16,44.16,28.56,47.35,5.65,711.14,Watermelon,Sandy,Sugar Baby
61.02,42.43,91.94,29.05,74.14,7.49,1097.92,Tomato,Loamy,Pusa Ruby
68.26,42.05,101.27,25.04,62.32,6.33,1674.46,Sugarcane,Clay,Co-86032
60.43,49.95,73.35,27.35,57.08,6.69,1074.27,Soybean,Loamy,NRC-37
125.81,44.98,117.42,26.95,63.71,6.39,1318.02,Maize,Clay,DHM-117
29.54,37.11,50.81,32.3,39.22,6.23,533.3,Millet,Sandy,RHB-173
79.63,49.05,119.92,24.06,67.63,7.21,1353.88,Sugarcane,Clay,Co-0118
55.52,23.12,46.84,29.24,54.88,5.5,459.94,Groundnut,Sandy,JL-24
90.86,55.27,63.01,27.07,81.49,7.29,1031.91,Vegetables,Silty,Local-1
68.04,51.75,79.65,30.9,67.26,7.03,944.32,Maize,Silty,Pioneer-3396
50.94,51.64,106.54,22.48,67.27,6.9,1511.02,Vegetables,Silty,Hybrid-A
76.97,48.11,73.94,22.44,62.68,6.68,1141.91,Soybean,Loamy,NRC-37
74.86,36.31,102.31,25.23,59.77,7.29,930.63,Soybean,Loamy,JS-335
46.51,61.03,103.8,25.27,50.01,8.44,745.36,Cotton,Chalky,Suraj
83.8,50.72,105.56,24.62,76.04,7.66,1279.66,Vegetables,Clay,Hybrid-A
90.92,70.55,118.75,25.07,72.95,7.11,1511.71,Rice,Clay,IR64
26.52,63.17,80.68,27.78,49.54,8.3,745.2,Cotton,Chalky,Bt-2
58.05,29.87,81.0,29.81,45.33,8.33,625.75,Wheat,Chalky,PBW-343
83.73,52.06,130.13,25.8,63.25,6.44,1609.75,Wheat,Silty,Lok-1
131.42,35.86,52.29,13.29,75.61,4.72,1264.13,Tea,Peaty,TV-1
66.34,37.86,90.07,24.7,78.59,6.95,1572.82,Tomato,Silty,Roma
49.3,24.39,60.8,32.87,48.72,6.19,330.47,Millet,Sandy,RHB-173
65.46,57.08,96.86,29.79,26.49,7.53,770.61,Wheat,Chalky,Lok-1
86.46,66.0,76.63,22.56,64.96,6.94,1278.06,Wheat,Loamy,Lok-1
122.67,47.65,71.71,21.56,83.49,4.66,1509.28,Vegetables,Peaty,Hybrid-A
46.22,46.23,83.89,21.59,79.52,6.71,1328.09,Vegetables,Silty,Hybrid-A
118.95,51.07,74.49,19.16,77.4,5.32,1594.8,Cotton,Peaty,Bt-2
113.61,20.57,77.8,27.56,77.61,4.56,2011.44,Rice,Peaty,Swarna
92.85,48.61,72.63,21.58,78.74,5.27,1735.89,Tea,Peaty,UPASI-9
59.65,61.35,95.23,26.61,38.51,7.49,787.48,Cotton,Chalky,Bt-2
71.24,55.64,82.58,26.4,48.63,6.72,946.25,Maize,Loamy,HQPM-1
71.11,41.21,106.55,18.0,64.59,7.01,1026.98,Millet,Loamy,ICTP-8203
64.16,30.79,54.63,28.28,45.24,6.19,546.52,Rice,Sandy,IR64
95.2,39.94,92.87,32.49,64.73,5.94,874.64,Cotton,Loamy,Suraj
106.03,54.76,79.8,12.18,79.39,6.13,1698.77,Tea,Peaty,TV-1
70.83,49.88,83.08,21.65,66.44,7.29,1158.77,Maize,Loamy,DHM-117
84.4,65.79,96.74,26.66,74.41,6.68,1152.28,Sugarcane,Clay,Co-86032
50.67,43.41,95.47,22.12,34.24,8.22,648.07,Wheat,Chalky,Lok-1
87.62,45.2,73.8,21.38,84.04,5.32,2196.61,Potato,Peaty,Kufri Bahar
51.77,64.77,53.77,25.09,25.14,7.98,603.7,Millet,Chalky,RHB-173
36.8,54.96,113.6,27.36,56.79,7.76,834.59,Wheat,Chalky,HD-2967
79.11,51.92,111.76,27.66,51.58,7.1,1595.6,Wheat,Silty,Lok-1
52.74,63.01,98.91,23.46,56.86,7.8,562.64,Cotton,Chalky,Bt-1
41.31,21.53,25.06,32.69,40.71,6.68,738.6,Watermelon,Sandy,Crimson Sweet
35.55,13.38,20.0,29.59,62.85,7.06,515.1,Potato,Sandy,Kufri Jyoti
34.12,34.6,74.76,30.99,40.43,6.23,606.28,Potato,Sandy,Kufri Bahar
68.82,42.01,127.16,25.04,67.51,6.95,1282.18,Tea,Loamy,TV-23
90.41,42.37,104.27,30.67,64.64,6.58,1289.71,Wheat,Clay,PBW-343
98.26,55.62,62.82,28.63,65.85,6.81,1595.2,Cotton,Loamy,Bt-2
109.71,26.8,106.45,21.47,70.57,6.01,1458.24,Rice,Clay,Basmati-370
78.97,37.38,98.19,22.85,60.22,6.67,884.94,Soybean,Loamy,JS-335
105.54,65.84,126.34,26.66,76.51,7.09,1711.82,Rice,Clay,Swarna
75.06,50.43,93.26,31.31,76.33,6.75,1043.15,Cotton,Loamy,Bt-1
32.24,27.11,53.55,27.87,51.39,5.73,608.48,Groundnut,Sandy,JL-24
92.94,37.96,99.59,25.89,75.29,6.97,1127.54,Wheat,Loamy,PBW-343
65.97,52.94,131.38,29.07,49.57,8.14,621.22,Cotton,Chalky,Suraj
47.6,46.32,85.68,23.66,57.43,6.62,1280.89,Wheat,Silty,Lok-1
82.5,79.5,135.05,21.97,83.53,7.1,1406.55,Wheat,Clay,HD-2967
87.99,35.64,96.32,24.25,57.25,6.58,900.04,Wheat,Loamy,Lok-1
94.69,44.97,96.19,25.69,69.75,6.97,1495.11,Tomato,Loamy,Pusa Ruby
99.22,66.1,88.56,25.38,75.45,6.5,1838.92,Rice,Silty,IR64
37.13,77.55,97.09,29.53,47.58,7.61,625.61,Millet,Chalky,ICTP-8203
101.76,15.0,66.43,19.75,86.14,5.03,1546.96,Vegetables,Peaty,Local-1
70.48,29.37,28.6,33.58,43.43,7.15,915.44,Vegetables,Sandy,Local-1
34.74,46.33,64.2,26.46,34.58,8.07,454.87,Cotton,Chalky,Bt-2
103.81,45.52,117.37,22.58,58.88,7.06,1196.15,Rice,Silty,Basmati-370
47.26,28.88,43.85,29.44,54.11,6.0,506.65,Groundnut,Sandy,JL-24
93.87,46.95,72.75,28.75,70.96,7.25,1556.02,Sugarcane,Loamy,Co-0238
74.09,40.21,70.89,27.35,59.65,6.47,1023.04,Tomato,Loamy,Arka Vikas
77.09,41.51,109.88,26.76,60.91,6.96,1344.46,Sugarcane,Loamy,Co-0118
96.78,40.57,150.49,27.98,74.16,6.29,1370.52,Cotton,Clay,Suraj
113.39,56.25,99.81,24.32,75.27,6.94,933.02,Wheat,Clay,Lok-1
139.12,55.03,46.77,16.35,71.64,5.68,1658.09,Vegetables,Peaty,Hybrid-A
145.05,47.62,69.04,20.6,84.8,5.0,1751.59,Rice,Peaty,Swarna
61.32,45.76,105.01,21.35,65.62,6.82,1308.97,Wheat,Clay,HD-2967
37.24,37.64,40.28,33.32,41.64,6.29,766.84,Potato,Sandy,Kufri Bahar
77.57,64.31,101.86,31.88,77.19,5.93,1181.31,Potato,Clay,Kufri Pukhraj
47.65,66.73,89.76,24.95,43.55,8.07,868.28,Wheat,Chalky,PBW-343
39.18,74.85,91.62,25.87,47.82,7.77,518.63,Barley,Chalky,DWRB-73
104.73,39.98,102.15,27.94,70.83,7.54,1276.86,Soybean,Loamy,MAUS-71
121.65,51.5,68.29,15.27,92.28,5.54,1555.87,Rice,Peaty,IR64
122.21,41.98,64.84,25.8,74.01,5.32,1719.52,Tea,Peaty,UPASI-9
116.17,43.75,74.64,25.53,75.91,6.02,878.05,Sugarcane,Clay,Co-86032
26.26,24.99,57.14,35.37,49.37,6.78,477.36,Millet,Sandy,HHB-67
64.27,54.42,98.15,24.97,42.58,8.03,919.05,Cotton,Chalky,Bt-1
51.23,62.36,96.7,23.93,36.65,8.0,900.3,Barley,Chalky,DWRB-73
124.98,46.4,61.25,20.86,77.39,5.08,1374.47,Vegetables,Peaty,Hybrid-B
69.41,40.14,108.68,24.89,69.21,5.9,1548.4,Vegetables,Silty,Hybrid-A
130.59,37.45,89.71,19.47,79.4,5.59,2153.41,Vegetables,Peaty,Local-1
67.42,28.16,38.82,27.45,56.44,7.07,840.01,Potato,Sandy,Kufri Pukhraj
91.46,31.59,73.46,25.69,59.73,7.14,1213.95,Tomato,Loamy,Arka Vikas
120.0,43.95,109.14,20.86,50.97,6.49,1389.79,Tomato,Loamy,Roma
62.69,31.06,69.54,24.21,42.55,5.93,694.49,Millet,Sandy,HHB-67
74.05,54.58,84.47,18.62,66.52,6.88,1424.7,Wheat,Silty,HD-2967
47.18,38.86,20.0,27.06,45.04,5.84,632.77,Millet,Sandy,HHB-67
107.79,71.06,120.93,23.35,74.56,6.08,1169.14,Sugarcane,Clay,Co-0238
77.14,44.3,87.09,21.45,71.96,7.05,1027.53,Cotton,Loamy,Bt-1
45.84,36.49,73.71,26.85,41.27,5.86,473.95,Watermelon,Sandy,Crimson Sweet
51.01,32.55,63.4,27.86,32.56,6.07,820.34,Groundnut,Sandy,GG-20
96.52,44.34,70.19,21.08,79.3,4.23,1804.66,Potato,Peaty,Kufri Jyoti
88.02,50.1,122.38,27.39,71.67,6.27,1260.21,Rice,Clay,Basmati-370
85.59,46.72,102.45,20.88,73.42,6.59,1005.22,Sugarcane,Clay,Co-0118
101.96,31.92,104.13,21.41,84.17,4.6,1417.17,Tea,Peaty,TV-23
71.63,40.99,92.92,20.46,64.15,6.97,1276.59,Maize,Silty,HQPM-1
38.38,30.72,33.3,31.2,45.79,6.24,934.62,Groundnut,Sandy,JL-24
95.35,58.29,96.51,23.29,71.51,7.32,1514.95,Maize,Clay,DHM-117
39.57,25.57,59.15,29.63,30.66,5.98,426.64,Millet,Sandy,HHB-67
140.0,51.07,115.39,25.82,62.61,6.34,1537.84,Wheat,Clay,HD-2967
44.99,19.34,40.56,29.13,46.86,6.91,668.17,Potato,Sandy,Kufri Jyoti
81.13,58.91,135.55,26.34,66.1,6.06,1340.94,Rice,Clay,IR64
112.38,80.42,84.2,26.79,87.32,6.47,1266.83,Cotton,Clay,Bt-1
148.44,30.95,80.88,16.23,92.48,5.52,1576.16,Soybean,Peaty,JS-335
78.97,63.03,79.09,25.78,64.07,7.17,1273.22,Wheat,Silty,HD-2967
32.54,76.86,100.25,22.82,45.54,8.05,531.44,Millet,Chalky,ICTP-8203
114.5,45.89,70.45,24.91,80.66,4.33,1951.13,Rice,Peaty,IR64
98.15,46.67,62.01,23.59,81.27,4.67,1783.76,Vegetables,Peaty,Hybrid-B
68.08,41.7,91.03,25.47,79.38,6.84,1396.61,Watermelon,Silty,Crimson Sweet
96.12,56.81,58.56,21.95,82.25,4.68,1888.62,Rice,Peaty,Basmati-370
87.32,36.77,104.5,21.54,65.88,6.8,1290.35,Rice,Clay,Swarna
33.15,87.67,90.33,23.22,41.41,7.66,723.7,Cotton,Chalky,Suraj
36.3,28.41,86.19,25.96,51.61,8.11,424.67,Barley,Chalky,BH-902
114.15,38.88,53.22,22.72,67.65,5.05,2272.74,Vegetables,Peaty,Local-1
49.62,40.89,51.73,27.55,50.22,8.17,978.46,Barley,Chalky,BH-902
38.4,64.5,71.88,22.7,48.19,8.09,930.57,Barley,Chalky,RD-2552
73.09,50.69,79.42,22.69,67.04,7.16,1339.89,Wheat,Loamy,HD-2967
147.61,33.88,90.85,22.88,77.39,5.21,1542.44,Potato,Peaty,Kufri Bahar
132.09,35.75,89.65,20.53,84.78,5.19,1515.52,Vegetables,Peaty,Hybrid-A
38.16,22.48,39.11,28.43,48.15,6.44,331.75,Groundnut,Sandy,JL-24
40.65,59.98,94.79,28.69,38.92,7.42,738.54,Millet,Chalky,ICTP-8203
41.3,37.16,55.55,29.53,48.33,6.33,693.05,Groundnut,Sandy,TAG-24
57.46,30.99,38.43,26.71,47.08,6.45,564.75,Groundnut,Sandy,TAG-24
56.29,64.64,93.53,22.39,81.23,6.87,1337.41,Rice,Silty,Swarna
123.69,39.75,76.88,25.61,80.03,4.52,1589.36,Tea,Peaty,TV-1
55.34,33.62,38.11,33.43,38.44,6.41,717.21,Potato,Sandy,Kufri Bahar
103.64,51.7,117.21,28.43,82.5,6.89,1763.17,Sugarcane,Clay,Co-0118
77.02,55.23,89.83,26.77,57.0,7.21,1532.07,Tomato,Loamy,Pusa Ruby
84.79,50.69,109.02,24.08,63.58,7.05,928.68,Sugarcane,Loamy,Co-86032
87.55,34.1,91.34,23.09,73.9,6.62,1086.97,Sugarcane,Clay,Co-0238
83.18,49.62,76.72,32.13,49.51,7.02,1284.64,Maize,Loamy,DHM-117
118.48,29.95,73.93,18.27,76.27,5.31,1391.0,Cotton,Peaty,Suraj
94.59,52.72,116.32,21.43,65.58,7.15,800.84,Rice,Clay,Swarna
36.49,36.74,37.5,26.49,47.98,6.09,708.79,Groundnut,Sandy,JL-24
45.74,25.82,42.4,38.0,47.45,6.5,599.5,Potato,Sandy,Kufri Bahar
65.3,59.73,70.53,29.27,54.51,7.87,1035.07,Cotton,Chalky,Bt-2
85.08,56.66,130.18,22.81,82.71,7.29,1551.91,Sugarcane,Clay,Co-0238
36.67,28.87,42.5,28.32,44.62,6.87,969.39,Groundnut,Sandy,TAG-24
51.58,27.05,48.65,38.0,33.16,6.71,533.99,Millet,Sandy,RHB-173
17.73,47.03,110.38,27.51,42.86,8.22,1212.92,Wheat,Chalky,HD-2967
42.24,33.01,63.39,27.81,39.61,6.32,656.12,Potato,Sandy,Kufri Bahar
81.85,30.42,67.19,26.12,67.22,6.46,1139.51,Maize,Loamy,HQPM-1
88.48,39.3,83.47,25.85,68.27,6.81,1391.1,Cotton,Clay,Suraj
33.97,31.04,44.36,30.31,42.81,7.11,999.02,Watermelon,Sandy,Crimson Sweet
86.01,43.54,107.72,22.11,68.64,6.63,1434.07,Wheat,Silty,HD-2967
83.05,48.17,68.16,28.03,56.91,7.03,1415.75,Soybean,Loamy,JS-335
93.86,66.88,90.92,30.38,65.85,7.32,1870.18,Rice,Clay,Basmati-370
74.63,46.68,94.66,26.78,70.62,6.34,781.92,Maize,Loamy,Pioneer-3396
28.57,66.47,78.86,29.38,62.4,8.02,882.67,Cotton,Chalky,Suraj
20.0,31.77,53.76,30.31,41.9,6.06,614.59,Maize,Sandy,HQPM-1
58.6,18.37,50.71,28.62,34.31,5.68,543.25,Watermelon,Sandy,Sugar Baby
117.96,33.73,83.62,20.07,74.07,5.32,1490.08,Tea,Peaty,UPASI-9
112.22,51.04,98.07,22.69,82.21,6.89,1851.4,Rice,Clay,Swarna
45.08,55.23,110.23,28.95,45.23,8.03,821.26,Cotton,Chalky,Bt-1
35.09,45.11,99.38,26.75,50.7,7.79,942.85,Cotton,Chalky,Bt-1
73.86,46.35,94.87,22.61,60.68,6.41,1400.46,Wheat,Loamy,HD-2967
123.89,45.24,79.46,21.56,82.84,5.71,1867.29,Rice,Peaty,Swarna
67.28,52.57,64.55,24.25,71.61,6.93,1341.88,Vegetables,Silty,Hybrid-A
83.94,54.47,67.8,29.14,70.95,6.74,997.75,Rice,Silty,Basmati-370
70.03,44.39,68.32,24.5,55.05,6.78,907.08,Wheat,Loamy,PBW-343
61.39,37.32,71.28,26.05,62.09,7.26,1177.14,Tomato,Loamy,Roma
78.14,41.64,94.36,23.71,66.32,7.01,1572.32,Rice,Loamy,IR64
99.32,47.98,53.39,16.41,71.48,4.32,1832.22,Potato,Peaty,Kufri Pukhraj
73.75,68.07,96.24,22.22,61.7,7.18,1183.76,Sugarcane,Loamy,Co-86032
138.68,32.53,67.88,15.45,82.99,4.84,1601.12,Potato,Peaty,Kufri Jyoti
111.06,29.9,98.47,23.97,63.3,6.92,1107.19,Vegetables,Silty,Hybrid-A
52.34,13.27,63.18,34.8,43.74,6.85,671.04,Cotton,Sandy,Bt-2
67.86,41.19,82.92,20.7,68.22,7.11,1064.98,Wheat,Silty,PBW-343
110.13,48.49,96.34,26.62,82.21,6.6,1534.27,Sugarcane,Clay,Co-86032
84.56,54.76,91.63,26.96,71.65,6.9,1314.06,Sugarcane,Loamy,Co-0238
74.73,54.26,102.61,30.64,61.04,6.24,1412.61,Potato,Loamy,Kufri Jyoti
91.28,54.62,79.57,17.84,78.03,6.07,1586.47,Rice,Peaty,Basmati-370
94.17,39.93,98.42,23.22,73.75,6.64,1434.47,Wheat,Silty,PBW-343
79.37,52.61,68.86,22.6,55.19,6.74,1272.76,Wheat,Loamy,PBW-343
84.65,42.44,92.89,25.93,53.66,6.95,1365.24,Tomato,Loamy,Pusa Ruby
127.95,42.57,58.71,15.97,89.88,5.33,2362.06,Vegetables,Peaty,Hybrid-A
101.02,34.68,86.14,25.89,68.41,6.49,1614.14,Wheat,Clay,PBW-343
86.03,33.09,75.97,25.81,65.94,6.89,1004.12,Sugarcane,Loamy,Co-0118
106.64,54.16,99.18,24.57,84.2,7.37,1419.01,Rice,Clay,Swarna
51.22,24.68,40.83,28.43,35.84,6.67,548.03,Watermelon,Sandy,Crimson Sweet
58.02,52.72,71.2,27.07,60.54,5.86,1277.98,Wheat,Silty,PBW-343
71.77,41.62,88.83,27.71,58.14,7.17,1868.05,Rice,Silty,Swarna
92.5,49.71,82.77,23.56,79.31,5.14,1954.68,Tea,Peaty,TV-23
106.91,35.72,123.49,27.66,73.52,7.31,1530.37,Cotton,Clay,Bt-1
46.85,18.45,35.69,32.39,44.54,6.67,587.77,Groundnut,Sandy,JL-24
67.91,49.63,99.47,25.55,64.59,7.17,1188.04,Cotton,Loamy,Bt-2
65.7,18.2,57.41,26.8,48.65,6.24,375.72,Groundnut,Sandy,GG-20
30.14,52.17,78.79,29.19,51.68,8.19,1006.28,Millet,Chalky,RHB-173
57.1,43.14,103.76,29.0,40.61,8.18,823.29,Millet,Chalky,HHB-67
59.97,60.29,71.35,28.7,65.44,7.43,1192.78,Vegetables,Silty,Hybrid-B
41.7,68.49,79.41,28.17,45.21,7.81,873.65,Millet,Chalky,ICTP-8203
56.47,36.97,55.6,33.86,38.47,6.37,721.92,Potato,Sandy,Kufri Jyoti
44.55,62.31,66.78,26.37,50.0,6.78,1639.24,Wheat,Silty,Lok-1
15.0,56.26,88.58,26.16,41.0,7.58,741.04,Vegetables,Chalky,Local-1
75.41,53.06,53.39,25.63,67.76,5.8,1372.33,Soybean,Loamy,NRC-37
58.74,28.79,40.85,30.17,57.32,6.51,655.97,Sugarcane,Sandy,Co-0238
84.75,50.06,121.12,29.94,71.49,6.36,1729.59,Rice,Clay,IR64
105.71,67.55,121.38,27.46,74.84,7.21,1665.15,Wheat,Clay,HD-2967
63.54,41.48,119.56,25.79,64.41,7.23,915.65,Tomato,Loamy,Arka Vikas
40.8,47.3,77.4,26.75,43.63,8.6,681.98,Millet,Chalky,ICTP-8203
88.74,51.75,89.72,23.28,58.14,6.54,706.83,Wheat,Loamy,Lok-1
91.34,57.5,112.0,24.61,64.89,7.29,1169.64,Vegetables,Loamy,Hybrid-A
126.67,63.93,121.12,21.92,69.71,7.02,1051.03,Sugarcane,Clay,Co-86032
86.61,50.25,127.5,19.96,81.35,7.8,1496.89,Sugarcane,Clay,Co-0238
95.54,57.15,123.79,25.28,66.53,6.79,1643.37,Rice,Clay,IR64
99.89,63.45,114.21,28.74,80.29,6.51,1577.44,Wheat,Clay,Lok-1
82.04,52.62,73.1,26.17,65.58,6.59,1253.5,Soybean,Loamy,JS-335
82.38,37.62,90.7,21.62,63.59,6.91,1194.62,Wheat,Silty,PBW-343
48.41,22.16,38.75,30.72,46.16,6.55,1032.3,Potato,Sandy,Kufri Bahar
130.61,37.57,66.16,26.84,81.16,5.47,1673.71,Potato,Peaty,Kufri Pukhraj
62.5,45.73,110.74,29.01,72.17,6.57,1411.66,Wheat,Loamy,HD-2967
116.52,39.35,69.93,19.29,85.71,5.21,2488.95,Vegetables,Peaty,Hybrid-A
105.92,24.93,81.32,18.12,68.06,5.21,2056.02,Vegetables,Peaty,Hybrid-A
96.79,49.51,64.81,14.64,82.83,5.2,1701.97,Vegetables,Peaty,Hybrid-B
63.36,69.37,72.9,26.44,81.01,7.07,1164.4,Maize,Silty,Pioneer-3396
47.94,62.54,77.87,24.48,51.49,7.72,842.32,Millet,Chalky,RHB-173
63.97,50.96,101.63,22.49,58.41,7.62,1181.66,Soybean,Loamy,NRC-37
52.46,27.54,62.7,32.2,43.73,6.37,553.37,Watermelon,Sandy,Sugar Baby
45.0,40.16,107.66,25.04,69.72,7.65,1218.55,Cotton,Loamy,Bt-1
140.91,38.89,48.87,23.07,83.72,5.36,2280.12,Sugarcane,Peaty,Co-0118
47.96,60.35,105.21,28.24,70.0,8.39,652.63,Wheat,Chalky,PBW-343
142.72,47.29,54.49,15.12,75.03,5.51,1498.52,Potato,Peaty,Kufri Jyoti
35.68,62.42,98.46,27.29,43.81,7.69,736.4,Millet,Chalky,RHB-173
86.36,50.94,121.84,28.48,70.66,7.19,960.36,Wheat,Clay,PBW-343
87.44,48.33,85.57,29.19,57.64,6.12,1039.13,Tomato,Loamy,Roma
98.56,61.3,105.61,23.03,75.82,6.84,1717.1,Rice,Clay,IR64
34.95,80.07,112.49,26.97,42.42,8.71,783.66,Tomato,Chalky,Roma
96.81,62.53,97.11,24.66,65.77,7.37,1001.22,Cotton,Clay,Suraj
44.26,58.14,96.03,21.74,50.82,7.86,885.4,Barley,Chalky,DWRB-73
40.66,23.52,48.39,29.07,41.22,6.15,869.65,Millet,Sandy,ICTP-8203
55.19,90.0,92.12,25.66,51.41,8.27,898.96,Barley,Chalky,RD-2552
34.68,54.87,91.63,26.39,38.03,7.99,541.38,Barley,Chalky,RD-2552
42.84,25.87,57.05,33.92,38.47,6.16,549.94,Potato,Sandy,Kufri Bahar
92.0,38.5,113.76,23.94,55.71,6.38,1021.41,Cotton,Loamy,Bt-2
86.75,21.17,120.01,23.41,63.59,6.84,1255.59,Wheat,Loamy,Lok-1
105.39,46.51,84.36,19.18,59.15,6.77,1126.77,Sugarcane,Loamy,Co-0118
31.42,73.95,74.81,24.78,31.01,8.16,778.14,Millet,Chalky,HHB-67
116.43,43.82,92.35,22.39,82.3,5.62,1886.47,Tea,Peaty,TV-23
137.56,42.03,96.73,20.87,83.22,5.37,1681.08,Vegetables,Peaty,Hybrid-A
70.53,71.92,98.03,24.47,36.02,8.21,1082.38,Millet,Chalky,RHB-173
104.51,52.14,127.0,19.27,65.19,6.53,1788.28,Wheat,Clay,HD-2967
96.67,41.94,64.12,22.05,62.28,6.2,1115.13,Groundnut,Loamy,GG-20
93.16,46.2,88.34,21.03,57.31,7.55,1122.39,Maize,Loamy,DHM-117
92.93,39.88,89.65,21.36,69.49,6.86,1585.99,Maize,Silty,HQPM-1
89.97,61.0,70.8,20.38,68.57,6.44,1213.78,Rice,Silty,Basmati-370
55.1,34.07,108.78,23.58,72.08,7.37,1350.07,Maize,Silty,DHM-117
95.65,39.28,97.64,32.56,61.39,6.88,1548.81,Wheat,Clay,PBW-343
96.96,43.24,130.79,33.0,80.51,6.7,1414.65,Rice,Clay,Basmati-370
86.19,48.26,99.38,24.2,72.08,7.16,1192.04,Maize,Silty,Pioneer-3396
113.72,55.59,129.21,21.73,57.2,6.14,1217.36,Wheat,Clay,PBW-343
57.73,51.43,74.24,26.46,55.92,6.47,1703.13,Rice,Silty,IR64
86.76,60.46,130.08,29.67,66.77,6.08,1131.63,Cotton,Clay,Bt-2
119.38,52.45,135.97,26.25,72.67,6.79,1210.33,Cotton,Clay,Bt-2
79.24,37.05,77.09,33.49,63.12,6.63,1060.4,Maize,Loamy,HQPM-1
66.69,40.06,65.85,23.48,73.31,7.52,1150.31,Vegetables,Silty,Hybrid-B
118.58,48.49,71.09,25.39,71.49,6.83,1186.24,Soybean,Loamy,NRC-37
45.89,19.0,52.35,33.43,59.26,6.34,841.6,Watermelon,Sandy,Sugar Baby
104.86,48.97,102.74,23.92,55.0,6.71,1519.19,Wheat,Clay,Lok-1
99.1,45.87,86.7,23.92,67.29,6.77,1288.03,Rice,Clay,Swarna
41.61,27.28,59.94,32.93,45.71,5.96,600.13,Groundnut,Sandy,TAG-24
53.17,39.32,81.45,22.29,78.29,6.23,941.6,Vegetables,Silty,Hybrid-A
28.74,65.34,123.34,25.92,50.51,8.32,479.62,Barley,Chalky,BH-902
76.13,46.05,91.59,26.2,63.69,6.4,1224.59,Tomato,Loamy,Roma
79.45,37.28,67.39,32.75,66.96,6.53,1590.73,Maize,Loamy,HQPM-1
34.65,70.87,130.51,26.99,43.66,8.8,1006.78,Wheat,Chalky,Lok-1
59.89,55.59,91.46,22.4,72.26,7.35,852.25,Maize,Silty,DHM-117
92.3,32.6,69.08,25.79,75.01,6.81,1631.53,Rice,Silty,IR64
101.88,56.88,114.69,27.04,77.16,6.08,1436.91,Cotton,Clay,Bt-2
36.57,27.85,57.1,24.76,48.83,5.95,884.18,Potato,Sandy,Kufri Pukhraj
37.12,66.29,96.65,24.86,53.67,8.18,427.6,Wheat,Chalky,HD-2967
84.99,24.55,64.51,23.84,71.98,6.6,1496.47,Rice,Silty,IR64
129.94,45.48,97.45,16.89,78.26,5.74,1406.91,Rice,Peaty,Basmati-370
110.61,30.34,59.95,22.23,74.77,4.32,1884.07,Tea,Peaty,TV-23
105.52,44.79,106.47,17.6,70.11,6.37,1540.15,Vegetables,Silty,Hybrid-A
48.5,19.24,25.25,28.83,31.13,5.98,526.4,Potato,Sandy,Kufri Bahar
110.52,41.11,130.0,19.78,57.26,6.88,1326.7,Sugarcane,Loamy,Co-0118
115.09,17.53,75.54,18.38,89.28,5.65,2015.37,Potato,Peaty,Kufri Pukhraj
83.96,43.65,72.22,31.73,66.45,6.19,1102.99,Tomato,Loamy,Pusa Ruby
70.45,45.04,97.5,24.06,58.84,7.2,1820.65,Maize,Silty,HQPM-1
56.03,54.85,68.26,22.82,52.26,8.04,816.71,Millet,Chalky,HHB-67
63.89,51.86,110.82,23.39,76.52,6.5,1346.8,Maize,Silty,Pioneer-3396
16.07,66.15,77.36,21.09,27.09,8.09,748.64,Barley,Chalky,BH-902
63.84,33.17,57.83,32.0,75.62,7.3,975.2,Maize,Silty,HQPM-1
43.38,18.23,60.44,29.32,33.69,5.87,726.25,Maize,Sandy,DHM-117
62.24,50.34,82.52,21.34,75.35,6.46,860.27,Wheat,Loamy,Lok-1
44.0,71.4,99.81,23.01,45.13,8.09,647.41,Wheat,Chalky,HD-2967
46.08,35.37,42.79,31.95,39.86,6.54,611.06,Groundnut,Sandy,JL-24
58.45,37.38,86.75,25.73,64.91,6.49,1663.55,Maize,Loamy,HQPM-1
44.59,25.62,47.22,27.01,50.28,6.01,582.16,Groundnut,Sandy,GG-20
28.79,79.71,88.54,30.18,41.17,7.47,842.56,Rice,Chalky,IR64
26.68,69.12,117.65,27.91,52.58,8.12,788.54,Cotton,Chalky,Suraj
130.63,39.9,66.29,15.17,78.95,6.01,1762.31,Rice,Peaty,Swarna
117.56,61.05,148.91,24.96,86.91,5.83,1262.68,Wheat,Clay,Lok-1
45.44,23.51,66.34,30.9,47.04,5.99,655.22,Groundnut,Sandy,JL-24
39.23,41.3,90.33,27.16,44.37,8.01,723.43,Millet,Chalky,HHB-67
63.89,47.4,88.88,25.91,54.39,7.2,902.19,Soybean,Loamy,MAUS-71
70.9,42.32,89.94,24.12,43.78,7.8,690.83,Wheat,Chalky,PBW-343
48.25,62.22,81.48,25.62,37.68,7.79,874.15,Barley,Chalky,DWRB-73
33.81,69.43,73.49,24.43,50.83,7.33,1051.83,Tea,Chalky,TV-23
79.57,40.55,79.71,27.37,71.62,6.45,1643.56,Cotton,Clay,Suraj
82.1,47.43,77.56,23.88,65.44,6.67,1939.83,Rice,Clay,Swarna
92.39,46.75,114.44,30.29,64.75,7.8,1142.9,Soybean,Loamy,MAUS-71
63.17,37.26,101.16,24.03,56.42,6.57,1176.7,Wheat,Loamy,HD-2967
91.76,44.4,80.64,22.94,71.18,7.24,1959.66,Maize,Silty,DHM-117
84.48,56.6,112.0,25.95,60.03,7.01,1676.64,Rice,Silty,Swarna
67.87,61.49,94.81,19.88,75.46,6.65,1578.19,Maize,Silty,DHM-117
43.43,72.38,73.91,29.44,34.83,8.1,611.42,Millet,Chalky,HHB-67
47.15,53.38,84.29,28.95,35.7,7.44,817.89,Wheat,Chalky,HD-2967
62.22,24.73,47.56,27.17,38.0,6.3,678.38,Maize,Sandy,Pioneer-3396
52.31,20.03,46.61,30.81,45.4,6.18,658.08,Millet,Sandy,ICTP-8203
91.8,44.3,82.32,29.3,52.66,5.89,1251.82,Sugarcane,Loamy,Co-86032
98.43,33.79,61.2,18.6,79.5,4.9,1522.08,Potato,Peaty,Kufri Pukhraj
46.58,43.03,83.14,25.06,61.13,8.01,1067.91,Wheat,Chalky,Lok-1
79.94,30.72,94.75,25.3,67.34,6.01,960.16,Wheat,Silty,HD-2967
38.15,29.67,56.93,31.57,52.97,6.04,784.18,Wheat,Sandy,PBW-343
118.87,26.19,133.86,25.03,79.17,7.44,1326.69,Cotton,Clay,Bt-1
73.48,57.65,115.47,27.72,67.59,6.6,1596.93,Wheat,Silty,Lok-1
55.03,39.7,43.93,30.67,35.08,6.16,590.19,Sugarcane,Sandy,Co-86032
49.19,34.74,41.93,31.02,44.8,6.43,538.78,Wheat,Sandy,HD-2967
66.24,33.39,24.97,25.34,43.98,6.1,458.51,Potato,Sandy,Kufri Bahar
54.03,29.43,59.36,23.7,38.33,6.54,466.61,Millet,Sandy,ICTP-8203
67.14,64.6,57.18,27.73,47.56,8.05,697.74,Wheat,Chalky,Lok-1
77.15,57.56,74.1,21.5,78.02,5.41,1522.05,Rice,Peaty,Basmati-370
16.0,50.67,94.44,30.69,38.7,7.43,567.39,Cotton,Chalky,Suraj
42.51,28.36,69.8,29.48,52.08,5.54,598.11,Millet,Sandy,HHB-67
91.04,59.39,108.57,21.12,69.94,7.24,707.48,Rice,Clay,Swarna
97.13,58.43,108.54,27.08,75.8,6.21,1308.72,Rice,Clay,Basmati-370
94.01,28.77,64.16,16.79,79.3,5.44,1858.73,Vegetables,Peaty,Local-1
56.98,33.84,58.61,32.98,32.87,6.25,443.72,Groundnut,Sandy,GG-20
138.95,48.14,45.6,21.62,79.64,4.64,1479.69,Potato,Peaty,Kufri Jyoti
86.93,48.69,90.39,24.25,60.06,6.55,935.75,Sugarcane,Loamy,Co-86032
50.1,30.62,114.38,23.76,58.43,6.17,1439.36,Wheat,Silty,Lok-1
88.09,55.18,136.47,25.73,72.94,6.24,1939.14,Sugarcane,Clay,Co-0118
112.17,34.37,47.5,19.05,81.06,5.6,1385.22,Vegetables,Peaty,Local-1
108.29,41.49,66.49,28.68,65.12,7.12,1131.45,Maize,Loamy,Pioneer-3396
31.36,80.06,96.3,30.02,39.79,8.05,657.42,Millet,Chalky,RHB-173
82.5,54.69,93.73,28.1,73.56,6.2,1888.09,Wheat,Silty,HD-2967
131.97,61.94,76.48,20.38,82.7,5.05,1722.03,Tea,Peaty,TV-1
66.77,34.52,87.67,22.61,60.31,6.63,1895.23,Vegetables,Silty,Hybrid-B
112.54,66.22,122.1,24.06,69.67,5.96,1434.81,Wheat,Clay,Lok-1
91.16,53.55,63.66,25.44,55.33,7.02,1367.7,Tomato,Loamy,Pusa Ruby
47.43,21.1,39.34,30.8,40.81,5.79,891.47,Groundnut,Sandy,JL-24
73.39,42.98,108.17,24.69,62.64,6.59,1435.48,Soybean,Loamy,JS-335
106.26,52.45,116.72,31.04,72.03,6.11,1651.0,Cotton,Clay,Suraj
63.07,43.58,99.96,29.05,65.68,7.28,1259.94,Wheat,Loamy,PBW-343
103.35,46.63,101.25,26.51,62.53,6.6,1006.62,Rice,Clay,IR64
41.86,54.66,76.52,22.9,43.21,8.26,835.23,Cotton,Chalky,Bt-2
96.07,54.01,115.51,28.37,71.36,5.6,1155.81,Potato,Silty,Kufri Pukhraj
77.42,52.95,85.09,22.62,70.49,6.41,1506.92,Vegetables,Silty,Hybrid-B
63.79,42.16,88.17,24.04,49.82,8.8,773.17,Millet,Chalky,ICTP-8203
20.0,20.69,65.72,28.21,41.43,5.31,408.42,Potato,Sandy,Kufri Jyoti
53.59,30.31,68.57,29.97,41.83,6.63,545.18,Groundnut,Sandy,TAG-24
83.29,54.51,115.46,19.96,55.36,6.63,1786.2,Rice,Silty,Basmati-370
40.54,74.5,128.71,35.0,55.45,8.11,378.01,Wheat,Chalky,HD-2967
76.42,75.0,91.59,20.32,65.19,5.89,1675.49,Wheat,Silty,PBW-343
82.05,47.47,97.12,27.35,72.96,6.82,899.43,Sugarcane,Loamy,Co-0118
62.39,60.77,62.98,27.29,69.39,6.95,1330.3,Maize,Loamy,Pioneer-3396
44.79,41.98,101.03,21.43,59.6,7.63,738.52,Barley,Chalky,RD-2552
85.97,62.8,110.75,27.95,77.67,6.74,1236.38,Cotton,Clay,Suraj
92.99,47.47,131.19,26.93,72.08,7.04,1727.02,Wheat,Clay,Lok-1
63.22,58.76,94.61,29.55,78.0,7.13,1203.83,Rice,Clay,Swarna
67.58,64.9,64.78,29.49,68.41,6.92,1212.56,Cotton,Loamy,Bt-2
91.19,40.19,103.15,25.17,72.36,7.12,1119.75,Rice,Silty,Swarna
48.73,65.0,89.4,28.26,32.68,7.71,1239.94,Cotton,Chalky,Bt-2
144.59,40.98,83.89,20.8,85.13,5.86,1689.8,Vegetables,Peaty,Local-1
90.59,57.62,112.18,24.09,77.06,6.53,1277.61,Rice,Clay,Basmati-370
74.19,42.0,111.11,21.56,57.27,6.54,1191.93,Vegetables,Silty,Hybrid-A
84.17,48.88,102.06,22.84,59.23,6.87,1667.74,Soybean,Loamy,JS-335
62.8,38.46,65.22,22.01,67.02,6.24,1272.08,Wheat,Loamy,HD-2967
85.01,36.5,116.6,28.13,66.18,6.91,1426.81,Wheat,Silty,PBW-343
47.32,27.85,60.19,32.14,45.66,6.76,613.71,Groundnut,Sandy,GG-20
66.69,35.08,37.49,30.66,30.53,6.68,407.71,Groundnut,Sandy,TAG-24
60.77,23.53,69.63,22.23,69.01,6.34,1410.63,Maize,Silty,DHM-117
31.51,52.83,99.56,21.87,42.36,8.03,690.03,Wheat,Chalky,HD-2967
36.33,32.58,56.89,33.38,48.05,6.39,871.11,Millet,Sandy,ICTP-8203
115.0,37.55,94.38,25.37,64.14,6.37,1297.07,Potato,Silty,Kufri Jyoti
57.94,29.77,39.94,32.21,43.78,6.54,571.55,Millet,Sandy,ICTP-8203
65.9,39.68,68.92,24.92,60.35,8.22,415.19,Millet,Chalky,HHB-67
76.7,52.14,109.85,24.75,67.62,7.1,1296.43,Tomato,Loamy,Roma
46.33,48.4,108.49,25.67,40.22,7.95,874.54,Cotton,Chalky,Suraj
60.75,37.86,58.8,36.59,42.26,5.61,847.15,Watermelon,Sandy,Sugar Baby
69.39,38.2,83.01,24.61,51.44,6.76,1566.73,Vegetables,Silty,Local-1
88.92,52.24,120.12,25.34,56.05,6.07,1314.3,Wheat,Silty,Lok-1
38.31,32.95,59.89,25.37,60.6,7.69,929.74,Barley,Chalky,BH-902
37.83,30.45,31.88,35.39,51.1,6.57,391.13,Millet,Sandy,HHB-67
101.18,39.5,104.15,29.57,66.56,6.53,1121.29,Cotton,Loamy,Bt-2
50.83,47.39,54.3,27.8,47.36,8.07,883.19,Millet,Chalky,HHB-67
81.82,20.62,72.39,20.91,77.75,6.37,845.95,Maize,Silty,HQPM-1
71.35,42.58,72.25,27.28,38.95,8.56,530.72,Wheat,Chalky,PBW-343
68.28,42.18,76.68,19.41,64.95,7.24,1187.64,Maize,Silty,HQPM-1
110.02,42.24,52.66,19.3,79.6,4.63,1209.42,Rice,Peaty,Basmati-370
41.93,36.33,49.97,30.48,49.41,5.99,706.66,Watermelon,Sandy,Arka Manik
110.93,61.01,78.25,25.32,74.51,6.87,1396.71,Wheat,Clay,HD-2967
91.7,34.07,105.7,25.28,75.25,5.77,1419.84,Wheat,Clay,Lok-1
96.69,53.3,44.61,21.78,83.09,5.55,1734.39,Tea,Peaty,TV-1
50.04,23.75,50.7,36.64,61.31,5.85,525.52,Groundnut,Sandy,TAG-24
86.14,57.41,82.3,21.27,74.33,6.52,832.25,Wheat,Silty,HD-2967
132.54,32.7,88.34,23.64,79.01,4.53,1999.63,Vegetables,Peaty,Hybrid-B
95.41,51.11,94.57,24.99,52.3,6.7,1314.79,Wheat,Silty,Lok-1
104.03,37.18,98.01,21.8,53.23,6.58,1294.46,Wheat,Loamy,HD-2967
82.09,52.19,51.57,14.77,77.26,5.37,1662.56,Rice,Peaty,IR64
107.7,46.02,106.13,26.87,68.55,6.3,1533.28,Sugarcane,Clay,Co-86032
90.41,59.16,67.86,26.87,51.25,6.29,1244.62,Vegetables,Silty,Hybrid-A
44.51,26.79,55.29,31.9,37.31,5.86,855.57,Groundnut,Sandy,JL-24
67.68,61.26,111.55,30.89,58.87,6.54,1104.36,Maize,Loamy,DHM-117
136.14,61.42,100.45,31.43,69.16,7.15,1475.28,Sugarcane,Clay,Co-86032
110.21,49.72,105.08,21.13,75.49,4.56,1725.94,Tea,Peaty,TV-1
41.29,46.64,57.78,25.23,27.51,7.34,970.27,Millet,Chalky,RHB-173
141.33,24.41,97.74,15.83,79.28,5.43,2069.27,Wheat,Peaty,HD-2967
135.86,41.5,84.08,12.12,78.07,5.96,1397.28,Vegetables,Peaty,Hybrid-B
44.85,21.66,62.38,34.58,40.72,6.53,745.65,Watermelon,Sandy,Sugar Baby
78.88,68.32,103.76,19.58,66.54,6.74,1662.37,Maize,Silty,Pioneer-3396
55.92,25.91,48.67,30.32,58.05,5.73,800.84,Tomato,Sandy,Pusa Ruby
85.91,37.98,105.29,27.64,73.14,7.13,1119.34,Maize,Loamy,HQPM-1
80.42,50.92,112.2,24.78,56.4,6.74,1625.84,Wheat,Silty,HD-2967
124.79,61.2,133.2,24.76,75.84,7.2,1423.83,Wheat,Clay,PBW-343
90.64,38.89,86.74,17.96,75.79,6.18,1224.81,Rice,Silty,Basmati-370
103.12,53.23,54.72,20.51,77.61,5.34,1340.89,Rice,Peaty,Basmati-370
108.39,71.16,95.61,22.43,62.94,6.48,1557.66,Tea,Clay,UPASI-9
20.0,20.75,85.0,31.82,36.49,6.28,686.03,Watermelon,Sandy,Crimson Sweet
81.81,34.99,149.04,23.14,79.91,7.04,1224.35,Wheat,Clay,HD-2967
88.17,56.34,115.95,23.8,71.41,6.07,1076.42,Vegetables,Silty,Local-1
115.65,60.89,132.43,28.15,72.78,6.46,1199.12,Rice,Clay,Swarna
83.41,67.05,83.53,24.52,69.21,7.15,1850.4,Maize,Silty,HQPM-1
47.48,28.24,39.44,30.33,48.93,6.44,768.21,Millet,Sandy,HHB-67
80.29,48.24,83.22,29.2,71.52,6.85,1795.9,Rice,Silty,Basmati-370
49.96,29.08,55.88,27.34,43.87,6.24,737.67,Potato,Sandy,Kufri Pukhraj
110.3,75.71,114.52,20.89,67.77,7.02,1322.29,Wheat,Clay,PBW-343
80.94,47.73,96.96,19.12,67.61,7.23,1482.65,Soybean,Loamy,NRC-37
39.36,26.16,51.02,35.67,43.0,5.4,903.04,Watermelon,Sandy,Crimson Sweet
67.84,45.3,65.89,24.56,69.51,6.19,1384.1,Maize,Silty,DHM-117
41.22,27.52,60.95,33.42,51.89,6.33,1080.94,Potato,Sandy,Kufri Bahar
87.53,51.75,81.71,26.47,60.59,7.08,1319.86,Wheat,Loamy,HD-2967
83.64,25.32,101.67,24.42,59.76,7.67,1511.68,Maize,Silty,Pioneer-3396
68.21,40.79,67.06,21.29,64.22,7.01,1651.93,Maize,Loamy,DHM-117
121.65,37.55,78.3,23.55,75.62,5.04,2168.25,Rice,Peaty,Basmati-370
99.0,39.83,96.35,19.6,84.66,4.9,1911.65,Tea,Peaty,TV-23
70.5,55.01,128.17,29.81,61.65,7.43,1503.46,Rice,Clay,Swarna
89.02,52.92,79.34,27.27,69.28,6.25,1323.09,Sugarcane,Loamy,Co-86032
101.21,31.51,92.11,25.27,72.33,7.2,700.0,Sugarcane,Clay,Co-0238
58.77,31.12,77.15,29.42,65.0,6.2,716.71,Millet,Sandy,HHB-67
66.4,39.47,69.08,23.12,69.02,7.28,1038.93,Maize,Silty,Pioneer-3396
68.74,26.5,62.02,19.53,54.86,6.15,1116.93,Maize,Silty,Pioneer-3396
69.95,50.16,81.62,31.36,65.39,6.53,1278.99,Wheat,Loamy,PBW-343
125.62,45.24,58.0,18.8,78.24,5.56,2200.06,Rice,Peaty,IR64
85.29,63.29,67.45,20.65,63.53,7.05,605.86,Maize,Loamy,Pioneer-3396
69.64,48.86,99.47,22.89,66.31,7.32,1426.98,Vegetables,Silty,Local-1
63.81,42.69,64.03,27.91,66.23,7.8,1436.85,Cotton,Loamy,Bt-1
64.8,43.45,90.43,25.83,50.37,7.9,978.88,Barley,Chalky,RD-2552
114.85,45.26,128.52,27.33,71.37,6.07,1468.29,Sugarcane,Clay,Co-0238
72.76,52.61,80.59,29.55,70.91,6.64,1266.04,Vegetables,Silty,Local-1
101.8,60.77,117.45,25.73,78.3,6.95,1400.12,Wheat,Clay,PBW-343
122.57,22.73,52.68,19.43,79.24,5.73,1287.64,Potato,Peaty,Kufri Jyoti
62.23,64.35,79.25,26.52,49.17,7.65,563.04,Wheat,Chalky,PBW-343
99.73,55.56,122.84,23.14,80.37,7.11,1304.78,Rice,Clay,IR64
90.31,49.82,116.1,30.46,62.32,6.99,1408.74,Millet,Clay,ICTP-8203
42.61,54.5,110.2,28.73,33.8,8.35,683.04,Millet,Chalky,HHB-67
109.97,53.26,140.35,23.42,70.2,6.07,1350.38,Cotton,Clay,Bt-2
110.29,33.25,69.83,20.96,81.24,5.53,1742.39,Potato,Peaty,Kufri Bahar
32.99,46.2,110.68,34.09,55.52,8.14,577.61,Millet,Chalky,ICTP-8203
96.63,47.09,113.71,25.04,69.41,7.13,1043.2,Cotton,Clay,Bt-1
130.07,30.16,47.37,23.15,90.0,5.1,2202.51,Potato,Peaty,Kufri Pukhraj
33.29,25.8,61.44,31.86,38.94,5.81,677.58,Potato,Sandy,Kufri Bahar
133.19,41.23,150.9,25.11,57.46,7.4,1473.75,Wheat,Clay,HD-2967
131.39,51.6,120.71,23.75,74.09,6.45,1375.31,Wheat,Clay,HD-2967
85.32,24.72,70.66,25.95,69.32,6.64,1046.1,Tomato,Loamy,Arka Vikas
101.86,35.06,83.05,21.56,85.82,4.85,1192.39,Potato,Peaty,Kufri Bahar
61.86,30.92,54.94,29.33,42.05,6.42,633.75,Groundnut,Sandy,GG-20
63.93,60.39,88.92,25.5,78.47,6.21,1503.94,Wheat,Silty,HD-2967
77.68,38.77,85.42,29.48,55.24,7.13,1068.16,Soybean,Loamy,JS-335
107.46,39.97,77.28,17.35,88.29,5.58,963.6,Potato,Peaty,Kufri Jyoti
50.16,39.69,79.98,29.24,70.8,6.77,1458.24,Rice,Silty,Swarna
54.45,63.34,90.6,23.79,54.1,7.55,997.2,Cotton,Chalky,Bt-1
50.82,30.31,64.74,27.36,40.56,6.96,648.11,Groundnut,Sandy,GG-20
105.99,41.93,82.43,20.13,73.72,5.71,1879.14,Vegetables,Peaty,Local-1
25.02,52.94,84.64,22.65,39.58,8.54,931.31,Wheat,Chalky,HD-2967
67.01,61.81,83.96,20.1,77.42,6.79,1763.65,Maize,Silty,DHM-117
128.29,49.02,45.14,22.96,78.77,4.59,1802.26,Rice,Peaty,Swarna
36.83,29.56,50.67,38.0,47.19,6.14,907.12,Watermelon,Sandy,Crimson Sweet
115.71,65.07,112.84,21.2,71.92,6.42,1716.15,Rice,Clay,Swarna
45.03,25.88,46.09,32.85,46.92,6.74,893.44,Millet,Sandy,HHB-67
149.22,44.97,83.62,19.63,74.3,5.23,958.48,Vegetables,Peaty,Local-1
100.91,49.68,73.58,28.18,54.92,6.62,1189.45,Tomato,Loamy,Pusa Ruby
102.77,32.09,76.81,20.94,79.82,5.53,1981.02,Vegetables,Peaty,Local-1
64.37,27.8,53.12,30.3,45.53,5.2,644.68,Soybean,Sandy,JS-335
47.54,62.0,89.7,29.07,45.01,8.31,772.65,Potato,Chalky,Kufri Pukhraj
55.96,63.27,95.69,24.25,50.9,8.27,676.56,Barley,Chalky,BH-902
43.22,64.77,108.67,25.05,41.46,8.19,654.11,Millet,Chalky,RHB-173
76.26,58.23,92.62,28.83,63.74,6.29,1192.76,Vegetables,Silty,Local-1
41.28,62.5,57.38,25.03,46.42,7.6,357.48,Soybean,Chalky,MAUS-71
142.48,17.19,86.63,20.23,84.15,5.54,1912.07,Tea,Peaty,UPASI-9
57.4,26.3,65.29,31.3,47.22,6.14,712.99,Groundnut,Sandy,JL-24
86.51,66.22,111.23,23.34,68.25,6.16,884.8,Rice,Clay,Swarna
89.3,52.65,129.19,25.23,59.53,6.18,1718.79,Cotton,Clay,Suraj
75.28,48.17,62.94,30.18,63.63,6.63,1099.58,Maize,Loamy,Pioneer-3396
68.4,58.36,76.36,25.15,62.24,7.07,1003.42,Cotton,Loamy,Bt-1
61.22,23.24,65.85,32.77,51.85,6.23,603.52,Groundnut,Sandy,GG-20
123.15,38.12,110.0,16.82,89.03,5.05,1673.53,Tea,Peaty,UPASI-9
95.11,38.25,81.83,28.02,52.29,7.18,829.57,Soybean,Loamy,NRC-37
52.5,24.49,47.26,27.64,49.13,5.96,495.71,Potato,Sandy,Kufri Bahar
41.41,61.65,91.85,26.96,53.57,8.1,763.28,Cotton,Chalky,Bt-2
65.41,72.28,121.79,25.18,78.8,6.92,1311.56,Rice,Clay,IR64
76.89,54.06,81.2,30.78,70.07,6.54,1802.81,Rice,Clay,Swarna
70.79,51.17,98.17,29.62,51.34,7.14,1186.61,Tomato,Loamy,Roma
62.24,62.24,98.03,29.64,47.25,8.05,783.04,Millet,Chalky,ICTP-8203
45.74,32.55,57.39,28.79,32.55,6.35,851.38,Millet,Sandy,ICTP-8203
125.78,42.47,93.59,24.94,80.96,5.31,1455.27,Tea,Peaty,TV-23
50.01,59.36,77.14,30.02,61.32,8.44,1021.83,Cotton,Chalky,Bt-2
47.98,34.84,43.93,34.33,47.1,6.48,696.52,Millet,Sandy,RHB-173
31.16,65.07,76.54,26.18,51.64,7.85,479.11,Millet,Chalky,ICTP-8203
69.05,48.27,109.29,23.67,89.61,5.95,1464.72,Sugarcane,Clay,Co-86032
35.22,27.72,54.34,28.55,48.35,5.97,758.34,Potato,Sandy,Kufri Jyoti
50.08,27.88,62.41,29.91,58.42,6.32,396.55,Potato,Sandy,Kufri Bahar
45.0,65.88,67.53,28.14,53.63,8.56,842.66,Millet,Chalky,HHB-67
56.27,38.98,77.48,33.65,45.2,6.21,769.17,Millet,Sandy,HHB-67
37.95,43.57,106.45,27.67,54.38,7.83,760.19,Cotton,Chalky,Suraj
98.13,45.89,47.73,18.68,77.14,5.73,1734.05,Vegetables,Peaty,Hybrid-B
56.68,46.22,87.38,31.36,64.72,8.21,549.32,Wheat,Chalky,HD-2967
132.89,38.73,55.62,26.95,75.8,4.82,1356.54,Watermelon,Peaty,Arka Manik
71.79,39.57,95.9,25.52,58.12,6.41,1037.85,Cotton,Loamy,Suraj
79.98,54.18,110.93,26.5,62.65,6.69,1145.22,Vegetables,Silty,Local-1
101.58,50.02,95.08,24.15,71.75,6.93,1183.94,Wheat,Silty,Lok-1
105.08,41.88,60.5,27.38,66.03,6.52,1143.06,Soybean,Loamy,JS-335
45.11,63.49,118.62,29.84,44.97,8.2,751.9,Millet,Chalky,RHB-173
64.65,63.84,79.03,26.83,64.12,6.83,1099.77,Cotton,Loamy,Bt-1
102.55,24.45,76.43,18.23,83.01,5.39,1865.13,Watermelon,Peaty,Sugar Baby
77.98,32.29,86.39,26.6,62.14,7.03,1710.44,Soybean,Loamy,NRC-37
45.14,19.59,58.63,30.54,32.57,6.72,646.18,Potato,Sandy,Kufri Pukhraj
82.01,39.31,88.82,27.78,60.64,6.67,1340.2,Wheat,Loamy,Lok-1
53.44,33.02,64.96,29.2,46.35,6.55,612.24,Millet,Sandy,RHB-173
119.65,39.47,62.48,19.49,70.31,5.6,2096.62,Tea,Peaty,TV-1
74.03,43.41,73.55,27.0,73.78,6.72,1443.55,Vegetables,Silty,Hybrid-A
94.41,42.12,84.41,21.35,73.13,7.36,1520.75,Maize,Silty,DHM-117
75.96,27.25,80.71,23.18,74.01,6.16,922.41,Vegetables,Silty,Hybrid-B
78.97,30.86,78.63,26.06,67.48,6.23,1261.17,Wheat,Loamy,Lok-1
52.98,41.44,52.87,29.19,36.02,6.76,549.11,Watermelon,Sandy,Crimson Sweet
58.45,53.5,108.74,22.38,41.39,7.89,630.67,Barley,Chalky,BH-902
117.7,31.8,51.38,23.17,84.17,5.81,1577.26,Vegetables,Peaty,Hybrid-A
56.03,16.41,70.85,32.42,44.7,6.57,549.87,Potato,Sandy,Kufri Bahar
93.37,51.66,89.13,21.41,68.13,6.42,1211.41,Maize,Silty,DHM-117
48.74,43.96,103.87,23.75,38.97,7.9,491.19,Barley,Chalky,DWRB-73
42.37,40.21,52.49,23.12,47.75,7.12,932.6,Watermelon,Sandy,Sugar Baby
83.85,30.29,77.31,27.42,51.85,6.51,1109.41,Maize,Loamy,HQPM-1
88.31,59.42,88.97,23.98,63.59,6.28,1596.89,Maize,Silty,HQPM-1
41.62,49.56,86.45,29.92,52.67,7.76,617.44,Wheat,Chalky,PBW-343
87.91,69.71,121.68,26.68,76.3,6.29,1511.74,Rice,Clay,IR64
73.36,67.85,84.38,25.3,68.2,6.75,1146.77,Wheat,Silty,HD-2967
78.24,50.77,131.6,24.42,73.03,6.81,1469.01,Wheat,Clay,Lok-1
63.65,37.38,87.64,22.83,73.97,6.27,1158.82,Rice,Silty,Swarna
37.34,66.17,68.46,30.06,56.55,8.14,835.53,Cotton,Chalky,Bt-1
52.92,50.01,61.88,24.92,37.5,8.11,498.9,Wheat,Chalky,HD-2967
76.96,23.06,100.17,23.91,59.3,7.24,893.45,Tomato,Loamy,Arka Vikas
52.66,64.53,118.49,20.56,37.89,8.04,766.25,Tea,Chalky,TV-23
124.76,49.05,38.25,20.14,86.35,4.65,1374.42,Tea,Peaty,UPASI-9
52.43,21.87,61.99,26.84,45.3,6.32,1055.51,Tomato,Sandy,Roma
70.16,51.47,79.79,21.81,57.03,7.73,1248.8,Cotton,Silty,Bt-2
71.58,56.29,77.36,23.24,64.22,6.38,1989.19,Rice,Silty,IR64
59.57,65.83,95.21,20.29,30.92,7.77,531.69,Wheat,Chalky,HD-2967
48.48,60.82,140.0,25.15,48.98,7.98,616.56,Barley,Chalky,RD-2552
132.49,38.47,75.19,17.43,81.4,5.4,1788.27,Vegetables,Peaty,Hybrid-A
128.46,25.52,69.76,19.22,75.31,5.88,1214.44,Vegetables,Peaty,Local-1
82.83,57.14,104.52,26.07,79.75,6.58,1180.0,Groundnut,Loamy,GG-20
99.59,64.49,90.56,26.7,86.31,6.77,1475.52,Sugarcane,Clay,Co-0238
61.43,50.55,110.43,24.16,61.76,7.17,1475.44,Soybean,Silty,JS-335
51.35,48.97,110.41,27.9,48.69,8.43,783.96,Barley,Chalky,BH-902
60.16,19.52,61.29,38.0,56.18,6.36,815.32,Watermelon,Sandy,Sugar Baby
73.41,52.45,96.62,25.29,60.16,6.87,776.45,Wheat,Loamy,Lok-1
115.01,38.66,59.34,23.3,70.56,6.5,1384.6,Vegetables,Peaty,Hybrid-B
20.64,32.87,46.7,28.74,58.02,6.0,563.83,Potato,Sandy,Kufri Jyoti
85.16,42.8,82.23,26.3,62.55,7.25,978.67,Maize,Loamy,HQPM-1
67.0,79.98,89.7,20.65,58.12,8.64,708.06,Barley,Chalky,RD-2552
94.21,46.62,72.64,23.76,54.14,6.32,1557.94,Wheat,Loamy,HD-2967
26.16,45.27,95.52,28.83,40.73,8.57,729.65,Wheat,Chalky,Lok-1
106.1,60.51,129.93,25.67,63.69,6.04,1583.05,Sugarcane,Clay,Co-0118
103.04,51.84,82.67,25.14,66.62,7.42,1056.49,Millet,Clay,HHB-67
37.5,67.85,66.17,25.9,39.89,8.42,635.05,Millet,Chalky,HHB-67
80.31,46.42,92.83,26.11,61.5,6.53,1555.15,Wheat,Silty,HD-2967
74.72,38.02,91.74,23.64,80.0,6.41,1327.05,Rice,Silty,IR64
80.72,45.0,75.5,27.56,65.42,6.51,901.56,Soybean,Loamy,JS-335
109.38,49.53,96.47,26.32,57.11,6.64,1356.4,Tomato,Loamy,Arka Vikas
36.14,32.53,49.77,28.04,42.5,6.45,686.97,Watermelon,Sandy,Sugar Baby
98.87,52.45,136.4,26.92,72.11,6.79,1107.05,Sugarcane,Clay,Co-0238
38.69,21.22,29.68,28.06,37.39,6.35,546.25,Groundnut,Sandy,TAG-24
34.49,54.58,95.16,25.14,46.85,8.2,618.95,Barley,Chalky,DWRB-73
98.78,37.22,107.32,26.71,85.99,6.5,1670.64,Sugarcane,Clay,Co-0238
85.5,55.91,101.83,24.09,65.26,6.01,1791.21,Cotton,Clay,Bt-1
59.68,34.58,37.46,30.05,54.41,6.42,765.62,Millet,Sandy,ICTP-8203
67.45,23.82,27.7,33.8,45.1,6.77,720.27,Watermelon,Sandy,Crimson Sweet
83.57,60.89,110.32,24.61,79.95,6.29,1200.13,Sugarcane,Clay,Co-86032
44.45,38.36,57.12,29.06,49.06,6.73,801.56,Groundnut,Sandy,JL-24
59.6,67.08,96.47,26.11,31.01,7.92,718.79,Cotton,Chalky,Bt-1
88.81,38.46,137.39,22.31,82.46,7.21,1513.85,Rice,Clay,IR64
83.01,51.26,85.4,21.73,80.98,6.83,1268.55,Wheat,Clay,PBW-343
112.26,39.17,73.71,17.41,71.81,5.71,1926.16,Rice,Peaty,IR64
101.14,58.25,86.47,25.98,70.06,6.26,1342.49,Wheat,Clay,Lok-1
52.72,36.73,107.11,26.6,56.11,7.63,815.39,Wheat,Chalky,Lok-1
40.0,35.95,98.78,19.64,61.83,6.56,1278.85,Wheat,Silty,Lok-1
76.51,58.86,31.95,23.48,82.85,5.15,1562.28,Sugarcane,Peaty,Co-86032
49.93,63.91,73.58,27.57,49.89,7.3,717.34,Wheat,Chalky,PBW-343
120.0,42.6,102.75,27.39,62.33,7.0,1513.66,Wheat,Loamy,Lok-1
96.81,37.44,111.47,23.1,74.92,6.56,997.32,Wheat,Clay,PBW-343
46.61,66.72,112.48,31.5,39.89,7.88,635.22,Wheat,Chalky,HD-2967
122.85,43.76,83.53,16.39,79.47,5.39,2344.78,Rice,Peaty,Swarna
68.51,52.69,91.15,26.19,35.45,8.13,970.19,Wheat,Chalky,PBW-343
69.09,46.01,118.67,24.35,67.13,6.54,1550.54,Wheat,Silty,PBW-343
71.11,48.42,70.95,22.51,68.56,6.69,1131.36,Tea,Loamy,TV-23
103.76,47.09,64.58,21.08,89.4,4.79,2089.0,Potato,Peaty,Kufri Jyoti
101.12,35.64,83.01,16.13,68.49,4.23,1842.0,Potato,Peaty,Kufri Pukhraj
78.43,38.88,92.8,27.74,78.26,5.61,1550.38,Watermelon,Silty,Sugar Baby
52.34,43.48,66.95,24.07,44.73,8.05,685.12,Cotton,Chalky,Suraj
109.34,34.15,76.88,19.69,69.38,5.06,1287.37,Vegetables,Peaty,Hybrid-B
34.22,70.94,90.41,29.82,35.37,8.08,803.38,Millet,Chalky,HHB-67
125.61,26.29,43.66,22.91,83.26,6.13,1712.48,Maize,Peaty,HQPM-1
90.0,66.5,67.08,27.5,74.83,6.35,1431.02,Cotton,Loamy,Bt-2
113.81,47.69,58.89,21.42,85.89,5.29,1790.52,Potato,Peaty,Kufri Pukhraj
106.44,39.46,57.57,20.3,80.9,5.92,1498.84,Tea,Peaty,UPASI-9
55.2,51.03,100.62,24.45,25.0,7.82,921.22,Barley,Chalky,RD-2552
68.13,50.62,71.24,24.56,70.2,7.01,887.09,Sugarcane,Silty,Co-0118
70.33,45.4,102.12,26.34,67.01,6.05,1119.25,Wheat,Clay,Lok-1
63.57,62.1,102.79,26.36,62.72,7.83,911.79,Wheat,Chalky,Lok-1
88.12,55.77,124.45,23.83,71.64,7.18,1247.84,Wheat,Clay,HD-2967
111.92,33.97,56.9,16.71,84.08,5.22,2600.0,Rice,Peaty,Basmati-370
78.56,53.82,140.94,28.36,70.08,6.98,1803.97,Wheat,Clay,PBW-343
78.07,45.88,86.97,23.69,65.73,6.87,1290.67,Tomato,Loamy,Roma
56.92,35.59,78.75,26.67,57.16,7.39,1316.13,Maize,Loamy,HQPM-1
123.19,36.7,76.74,23.57,79.98,4.69,1899.25,Vegetables,Peaty,Hybrid-B
79.43,45.75,69.11,24.68,52.69,6.69,1357.0,Maize,Loamy,Pioneer-3396
99.67,57.7,106.16,25.44,79.64,6.86,1255.63,Cotton,Loamy,Suraj
115.13,40.52,66.08,16.48,70.05,5.9,1472.77,Potato,Peaty,Kufri Jyoti
88.32,50.94,85.81,22.45,58.97,6.46,1170.88,Vegetables,Silty,Local-1
90.44,61.12,154.76,26.54,64.44,6.61,1629.07,Sugarcane,Clay,Co-0118
118.63,40.11,66.92,19.77,81.28,4.88,1057.99,Tea,Peaty,TV-23
68.01,47.4,69.6,29.31,70.35,7.3,1342.85,Maize,Silty,Pioneer-3396
76.72,29.46,85.92,26.18,71.27,6.6,1313.36,Maize,Loamy,Pioneer-3396
80.7,40.04,108.0,26.29,47.84,7.26,1420.12,Soybean,Loamy,NRC-37
76.31,58.82,94.77,26.12,49.79,8.13,929.07,Wheat,Chalky,Lok-1
93.01,48.73,67.9,26.39,83.68,7.28,1955.26,Sugarcane,Silty,Co-0238
88.73,45.23,97.12,26.75,79.83,6.15,1432.32,Wheat,Clay,Lok-1
109.59,49.57,95.24,27.63,68.38,7.24,873.75,Sugarcane,Clay,Co-0118
36.54,26.93,60.94,22.67,52.95,5.8,729.27,Watermelon,Sandy,Crimson Sweet
91.49,60.2,105.64,25.91,69.48,6.94,1432.15,Sugarcane,Clay,Co-86032
43.52,17.72,72.78,28.4,57.12,6.12,523.35,Groundnut,Sandy,JL-24
36.6,28.14,62.12,30.3,55.65,5.38,537.33,Wheat,Sandy,PBW-343
59.82,38.3,96.53,24.58,56.82,7.99,531.07,Barley,Chalky,DWRB-73
56.35,59.93,101.55,26.97,67.4,7.9,666.63,Cotton,Chalky,Suraj
93.32,65.28,120.47,26.08,81.46,6.35,1516.46,Wheat,Clay,HD-2967
49.15,52.21,85.51,27.47,46.52,7.8,869.61,Wheat,Chalky,Lok-1
39.74,17.83,77.88,30.94,48.69,5.73,674.81,Rice,Sandy,IR64
77.98,44.7,72.54,22.77,71.77,6.65,1414.05,Vegetables,Silty,Local-1
48.73,67.35,95.18,23.62,54.6,7.94,711.82,Wheat,Chalky,Lok-1
78.93,41.0,88.21,32.35,51.11,6.93,1032.48,Potato,Loamy,Kufri Jyoti
118.07,48.85,66.15,21.33,81.25,5.1,1334.81,Rice,Peaty,Basmati-370
117.22,45.5,72.16,20.99,87.89,4.4,1893.6,Vegetables,Peaty,Local-1
119.86,25.73,79.25,18.34,81.24,5.47,1489.98,Vegetables,Peaty,Hybrid-B
46.33,59.84,84.08,21.46,42.69,7.64,877.13,Barley,Chalky,BH-902
116.8,38.76,72.42,17.78,84.53,5.66,1803.53,Vegetables,Peaty,Local-1
75.03,64.77,84.18,20.38,82.23,6.43,1217.33,Maize,Silty,Pioneer-3396
103.74,58.68,91.15,26.18,65.41,6.19,1533.82,Sugarcane,Clay,Co-0238
52.45,30.54,46.71,36.11,39.34,6.25,779.48,Wheat,Sandy,Lok-1
69.23,44.29,70.01,22.96,71.74,6.52,1058.73,Maize,Silty,HQPM-1
55.18,57.29,55.22,23.97,62.35,6.82,1335.5,Vegetables,Silty,Local-1
65.5,52.58,117.69,24.5,59.08,7.64,1076.09,Cotton,Chalky,Suraj
118.52,29.12,78.95,21.77,74.53,5.27,2250.17,Vegetables,Peaty,Hybrid-B
102.42,55.38,98.66,25.57,72.94,6.46,1329.84,Cotton,Clay,Suraj
53.81,25.25,48.07,28.6,33.08,6.23,608.47,Groundnut,Sandy,TAG-24
68.43,38.39,131.26,27.4,67.69,6.38,1582.08,Rice,Clay,IR64
85.81,58.19,102.0,25.68,64.19,6.65,1032.71,Rice,Silty,Basmati-370
75.51,70.0,97.05,27.12,69.13,6.31,997.07,Wheat,Loamy,HD-2967
98.16,34.4,96.77,26.0,67.46,6.55,1122.39,Sugarcane,Loamy,Co-0118
70.1,37.86,124.37,23.26,64.99,7.02,1187.49,Maize,Loamy,DHM-117
42.19,28.43,76.55,29.0,47.24,7.14,585.09,Groundnut,Sandy,JL-24
108.78,37.74,65.47,23.83,80.84,4.86,1713.02,Potato,Peaty,Kufri Bahar
90.79,48.75,102.13,29.75,61.43,6.87,761.75,Sugarcane,Loamy,Co-0118
62.65,28.06,76.27,25.39,32.64,6.72,541.17,Wheat,Sandy,PBW-343
94.16,52.45,114.79,30.4,70.57,6.38,1465.29,Wheat,Clay,Lok-1
91.74,46.31,108.77,26.77,57.95,6.87,851.24,Sugarcane,Loamy,Co-86032
123.18,54.59,129.36,27.07,67.38,6.32,1436.19,Rice,Clay,IR64
47.32,29.41,66.06,24.57,52.49,6.3,641.69,Groundnut,Sandy,TAG-24
63.23,52.55,78.54,21.09,73.34,6.19,1619.7,Cotton,Silty,Bt-1
70.0,28.52,59.15,20.94,70.91,6.34,2162.81,Rice,Peaty,IR64
72.69,65.85,92.15,25.96,60.18,6.73,1677.88,Wheat,Silty,Lok-1
86.0,45.71,65.15,27.41,64.8,6.9,1477.09,Rice,Silty,Swarna
93.75,53.14,84.53,27.34,50.95,6.87,1169.28,Wheat,Loamy,PBW-343
31.28,33.31,48.39,29.81,36.9,6.16,887.51,Potato,Sandy,Kufri Bahar
75.27,58.84,85.8,26.52,63.6,6.08,1523.56,Vegetables,Silty,Hybrid-A
79.8,59.56,102.23,23.56,45.66,6.62,1191.41,Tomato,Loamy,Arka Vikas
91.32,36.36,71.07,19.85,81.71,4.92,1443.84,Sugarcane,Peaty,Co-86032
59.04,33.54,51.42,35.23,42.05,6.0,598.47,Cotton,Sandy,Bt-1
88.97,56.77,101.66,23.15,69.72,6.42,1749.43,Cotton,Clay,Suraj
111.88,39.39,101.98,21.5,76.19,6.95,1849.6,Wheat,Clay,HD-2967
96.73,39.87,86.42,24.3,62.4,6.55,1588.71,Wheat,Silty,HD-2967
76.94,38.96,123.8,24.57,66.85,7.13,1722.8,Vegetables,Silty,Hybrid-A
69.38,55.19,66.09,26.72,59.72,6.58,1365.06,Vegetables,Silty,Hybrid-B
59.17,30.93,75.61,35.24,47.3,6.19,518.33,Rice,Sandy,IR64
81.06,48.72,118.25,28.86,63.67,6.66,1181.31,Rice,Silty,Basmati-370
110.09,39.9,87.71,25.81,78.78,4.59,1557.21,Tea,Peaty,TV-1
46.76,37.73,89.43,28.74,58.84,7.77,1496.95,Rice,Silty,Swarna
72.12,56.15,100.03,21.82,77.99,6.97,1583.72,Maize,Silty,HQPM-1
107.52,39.48,99.24,20.94,74.78,4.88,1585.4,Potato,Peaty,Kufri Jyoti
103.83,49.45,103.24,30.49,64.45,7.09,1515.87,Soybean,Loamy,JS-335
110.94,39.77,95.43,14.08,94.53,6.38,1632.53,Vegetables,Peaty,Hybrid-A
85.82,53.71,90.14,34.0,56.31,6.97,1497.97,Sugarcane,Loamy,Co-86032
92.76,36.56,58.83,23.19,65.51,7.22,1446.64,Tea,Silty,TV-23
104.23,35.75,80.59,27.08,49.06,7.32,969.35,Soybean,Loamy,MAUS-71
89.3,45.63,98.99,24.23,65.39,6.17,1523.58,Wheat,Clay,Lok-1
60.74,36.39,63.25,27.88,38.72,6.21,463.31,Millet,Sandy,ICTP-8203
116.54,38.47,98.73,19.08,73.4,5.34,1398.88,Potato,Peaty,Kufri Bahar
83.34,47.4,61.34,22.96,63.32,6.96,1306.36,Wheat,Silty,HD-2967
21.43,51.4,92.17,25.97,44.09,8.64,819.53,Barley,Chalky,RD-2552
127.38,45.16,79.76,19.21,85.79,5.42,1556.74,Rice,Peaty,IR64
113.5,39.83,94.67,19.29,87.19,5.22,1514.46,Tea,Peaty,TV-23
97.19,45.69,83.98,21.87,70.35,6.99,1267.19,Cotton,Loamy,Bt-2
107.58,43.24,122.75,21.05,75.52,6.61,1496.35,Sugarcane,Clay,Co-0118
34.73,28.74,65.95,24.5,40.78,5.72,631.8,Groundnut,Sandy,GG-20
67.06,37.07,83.69,27.38,76.62,6.53,1295.82,Maize,Silty,Pioneer-3396
93.12,84.7,97.9,21.35,80.75,6.57,1542.05,Sugarcane,Clay,Co-0118
97.84,44.51,86.76,22.96,59.74,6.1,981.9,Sugarcane,Clay,Co-0118
79.8,39.53,62.8,25.94,56.77,7.27,1153.68,Sugarcane,Loamy,Co-0238
39.54,21.48,48.42,34.39,59.13,6.16,986.4,Watermelon,Sandy,Sugar Baby
72.94,52.02,128.02,28.43,73.27,6.45,1437.28,Rice,Clay,Basmati-370
51.34,54.73,107.64,27.61,43.73,7.38,1246.15,Cotton,Chalky,Bt-2
95.53,36.73,70.86,27.97,67.92,6.5,1410.61,Tomato,Loamy,Arka Vikas
88.71,20.0,97.1,23.77,67.39,6.71,1208.78,Maize,Silty,DHM-117
116.99,39.19,61.06,20.66,71.51,5.3,1558.17,Vegetables,Peaty,Local-1
145.18,39.77,73.06,16.94,80.18,4.84,1793.06,Potato,Peaty,Kufri Bahar
47.74,49.02,88.08,18.96,71.38,6.44,1844.46,Rice,Silty,Basmati-370
41.46,28.04,57.52,31.2,46.95,6.02,584.94,Millet,Sandy,HHB-67
92.15,50.24,74.56,24.73,58.01,6.69,1621.53,Cotton,Loamy,Suraj
36.74,59.72,110.37,21.18,61.08,7.34,1136.68,Barley,Chalky,BH-902
61.98,59.13,101.17,28.35,72.52,7.46,994.22,Soybean,Loamy,JS-335
66.11,46.08,88.21,19.62,69.02,6.77,1630.37,Wheat,Silty,Lok-1
52.64,20.23,37.36,27.14,36.42,6.07,577.37,Millet,Sandy,RHB-173
74.71,56.66,113.23,23.59,61.18,6.64,1405.89,Vegetables,Silty,Hybrid-B
114.08,34.44,73.37,23.52,86.26,4.99,1712.69,Potato,Peaty,Kufri Pukhraj
46.16,54.56,68.6,24.68,43.68,8.34,714.63,Barley,Chalky,BH-902
87.25,48.92,61.08,32.0,50.0,6.61,1420.27,Maize,Silty,Pioneer-3396
75.4,44.85,92.54,28.93,62.33,7.23,1063.43,Tomato,Loamy,Arka Vikas
49.67,29.99,51.53,29.62,53.19,6.43,681.77,Potato,Sandy,Kufri Pukhraj
75.45,24.55,98.68,24.3,73.42,7.25,1304.54,Vegetables,Silty,Local-1
96.07,47.76,66.35,24.99,65.13,6.32,1553.09,Maize,Silty,Pioneer-3396
86.92,39.41,96.51,24.13,71.86,7.56,1316.3,Vegetables,Silty,Local-1
158.36,24.2,84.12,16.25,72.05,5.06,1924.09,Sugarcane,Peaty,Co-0238
41.68,26.85,57.67,28.75,43.54,6.22,623.09,Watermelon,Sandy,Sugar Baby
80.89,45.43,83.72,23.29,64.56,6.39,1541.92,Maize,Silty,DHM-117
77.99,45.55,68.58,26.54,78.6,6.59,1472.78,Vegetables,Silty,Hybrid-B
112.94,41.99,52.43,21.92,83.04,5.25,1469.26,Tea,Peaty,TV-23
71.39,34.41,88.88,25.51,78.5,7.03,1633.31,Vegetables,Silty,Local-1
73.15,30.85,93.2,29.64,72.07,6.38,1381.57,Cotton,Loamy,Bt-2
46.67,62.11,82.43,32.25,61.49,8.09,1149.45,Watermelon,Chalky,Arka Manik
128.61,38.32,64.34,22.64,95.0,4.47,1385.49,Potato,Peaty,Kufri Pukhraj
45.22,62.59,78.15,23.22,45.68,7.84,1106.08,Millet,Chalky,RHB-173
64.91,55.41,106.13,26.5,79.35,7.04,1426.46,Vegetables,Silty,Local-1
39.15,22.79,50.43,26.73,35.56,6.28,529.27,Potato,Sandy,Kufri Jyoti
35.28,30.49,51.38,32.13,45.66,6.71,735.41,Millet,Sandy,RHB-173
78.27,44.04,108.28,25.81,65.64,6.29,1326.02,Vegetables,Silty,Hybrid-B
36.1,55.47,85.64,30.11,57.04,7.85,616.47,Wheat,Chalky,HD-2967
44.51,57.9,102.26,23.45,46.78,8.32,773.99,Cotton,Chalky,Bt-2
60.54,39.82,81.07,30.15,48.52,6.65,883.43,Millet,Sandy,ICTP-8203
83.21,54.14,94.99,25.42,74.75,6.49,1231.69,Cotton,Clay,Bt-2
83.05,49.37,94.4,24.2,83.32,6.67,1064.32,Sugarcane,Clay,Co-86032
67.11,42.6,115.22,23.54,62.49,6.69,1776.72,Vegetables,Silty,Hybrid-A
109.79,50.59,96.62,22.56,77.71,6.56,1857.05,Millet,Silty,RHB-173
140.58,30.71,60.97,16.05,77.25,5.75,1284.67,Rice,Peaty,Basmati-370
85.83,40.66,93.72,22.59,63.62,7.22,1478.49,Rice,Silty,Swarna
90.5,44.3,95.97,24.35,65.36,6.8,1037.11,Sugarcane,Loamy,Co-0118
49.19,44.75,40.0,22.8,50.06,8.37,789.73,Barley,Chalky,RD-2552
73.97,61.22,67.97,27.82,56.5,6.55,1213.86,Soybean,Loamy,MAUS-71
54.8,20.36,53.08,28.96,58.22,6.37,993.01,Watermelon,Sandy,Arka Manik
49.25,50.71,97.02,29.24,39.53,8.02,801.32,Wheat,Chalky,HD-2967
99.58,43.24,87.35,27.15,52.0,7.15,1442.45,Soybean,Loamy,NRC-37
91.18,47.55,88.34,22.56,69.6,6.57,1303.23,Maize,Silty,DHM-117
69.32,47.52,91.43,31.0,68.96,7.16,1149.89,Tomato,Loamy,Arka Vikas
53.33,49.22,96.81,26.88,34.71,8.32,469.65,Barley,Chalky,DWRB-73
104.24,56.07,100.17,26.25,61.99,6.24,1007.19,Sugarcane,Loamy,Co-0118
84.64,70.57,101.24,23.32,67.8,6.43,1423.81,Wheat,Clay,Lok-1
72.87,52.27,86.21,27.27,75.49,6.88,1725.66,Vegetables,Loamy,Hybrid-B
109.37,33.77,68.96,20.13,88.78,5.07,1945.69,Wheat,Peaty,Lok-1
25.04,59.27,105.48,26.67,51.1,8.05,874.13,Cotton,Chalky,Bt-2
111.36,38.24,71.06,18.9,88.17,5.67,1728.89,Vegetables,Peaty,Hybrid-B
142.53,28.69,59.66,17.33,86.85,5.68,1623.76,Vegetables,Peaty,Local-1
73.97,72.5,59.19,23.47,58.73,6.8,1474.47,Wheat,Silty,HD-2967
45.0,45.37,93.35,25.97,65.87,6.84,1315.31,Soybean,Loamy,NRC-37
97.19,45.25,85.88,23.9,70.64,6.9,1331.82,Cotton,Clay,Bt-1
126.32,53.83,61.84,19.27,85.51,4.85,1903.06,Potato,Peaty,Kufri Jyoti
72.32,40.06,105.39,28.4,52.39,6.41,1360.47,Sugarcane,Loamy,Co-0118
75.96,36.36,95.99,29.83,74.1,5.86,1764.55,Maize,Loamy,DHM-117
31.07,27.89,49.14,29.73,43.37,6.02,250.0,Potato,Sandy,Kufri Pukhraj
99.37,39.88,73.39,26.07,60.3,7.11,1387.93,Sugarcane,Loamy,Co-0238
41.73,67.11,82.0,21.12,69.6,6.45,1355.3,Wheat,Silty,PBW-343
42.17,49.91,64.59,28.84,44.49,7.44,890.96,Millet,Chalky,RHB-173
53.29,38.38,72.74,32.27,50.45,7.25,293.42,Groundnut,Sandy,JL-24
91.89,60.08,77.85,20.94,75.87,7.06,1338.28,Sugarcane,Clay,Co-0118
110.42,48.59,75.8,26.54,69.46,6.84,1311.65,Wheat,Loamy,HD-2967
34.71,27.26,48.31,31.05,57.39,6.41,521.72,Watermelon,Sandy,Crimson Sweet
35.31,49.16,120.46,28.79,43.87,8.04,1193.2,Millet,Chalky,RHB-173
109.46,68.34,116.02,22.02,73.32,7.53,1191.76,Sugarcane,Clay,Co-86032
100.83,37.03,68.71,21.79,84.22,4.93,1203.02,Rice,Peaty,IR64
103.43,73.71,114.55,25.22,55.0,7.24,1561.13,Sugarcane,Clay,Co-86032
70.47,45.62,59.38,26.23,66.97,6.73,1215.4,Vegetables,Silty,Local-1
46.88,43.59,46.43,27.64,35.69,7.29,808.95,Millet,Sandy,RHB-173
90.09,29.35,91.04,21.32,49.97,6.57,1800.0,Sugarcane,Loamy,Co-0238
96.71,57.21,77.01,28.97,77.52,6.92,1276.23,Rice,Clay,IR64
64.15,36.66,99.41,24.87,53.09,6.77,1172.55,Maize,Loamy,HQPM-1
73.32,49.72,89.13,26.79,63.29,6.76,902.12,Cotton,Loamy,Bt-1
110.64,42.94,73.12,20.32,78.11,5.79,2200.12,Rice,Peaty,Basmati-370
82.19,45.04,77.04,25.03,67.8,7.21,1395.33,Cotton,Loamy,Bt-2
89.18,52.08,100.9,19.42,76.52,7.05,1262.67,Vegetables,Silty,Hybrid-A
81.9,67.47,82.71,18.96,56.55,7.11,1222.99,Wheat,Silty,PBW-343
50.23,64.55,127.82,29.3,58.61,8.39,658.29,Wheat,Chalky,Lok-1
68.38,52.46,63.43,29.08,61.58,7.75,666.52,Wheat,Chalky,HD-2967
81.5,49.45,107.64,24.31,58.58,7.55,1043.8,Wheat,Silty,HD-2967
120.71,65.0,55.09,20.27,78.47,5.46,2033.66,Rice,Peaty,Swarna
45.75,18.38,65.09,30.44,56.58,6.4,671.73,Watermelon,Sandy,Crimson Sweet
40.92,38.35,92.74,29.34,57.77,7.79,476.82,Millet,Chalky,ICTP-8203
106.54,37.55,83.93,21.08,78.91,4.65,1755.61,Barley,Peaty,BH-902
35.5,51.68,110.49,28.48,47.25,8.17,719.11,Cotton,Chalky,Suraj
56.4,31.23,81.6,29.37,29.59,6.98,600.18,Watermelon,Sandy,Sugar Baby
82.34,42.84,99.23,25.94,72.2,7.18,1016.46,Tomato,Loamy,Roma
36.78,40.73,81.41,31.51,62.96,7.5,1047.5,Barley,Chalky,BH-902
112.25,28.16,112.72,26.79,58.44,6.61,1427.14,Cotton,Clay,Bt-1
59.57,27.49,56.29,31.57,46.09,6.13,620.66,Groundnut,Sandy,TAG-24
64.22,48.17,85.2,19.88,59.42,6.67,1396.81,Sugarcane,Loamy,Co-86032
68.44,49.24,71.98,26.72,71.7,6.32,1790.86,Rice,Silty,IR64
69.45,73.35,103.23,27.12,72.26,6.73,2100.0,Maize,Silty,DHM-117
32.07,45.13,95.63,25.52,42.43,8.04,663.45,Barley,Chalky,RD-2552
38.56,41.8,82.42,25.49,43.55,7.99,800.64,Millet,Chalky,HHB-67
67.27,57.48,106.07,29.54,52.75,6.4,1278.43,Tomato,Loamy,Pusa Ruby
98.2,52.79,120.85,26.43,58.79,7.33,1249.34,Maize,Silty,HQPM-1
88.64,60.96,67.21,21.04,69.35,7.29,1717.44,Wheat,Silty,Lok-1
70.08,52.67,95.35,23.41,68.87,7.2,1525.83,Vegetables,Silty,Local-1
82.56,45.41,72.04,22.42,82.99,5.75,2119.52,Rice,Peaty,Basmati-370
88.78,34.72,91.72,27.49,74.12,6.89,1402.19,Vegetables,Silty,Local-1
61.88,29.22,69.38,30.04,46.56,5.84,739.89,Millet,Sandy,ICTP-8203
92.76,53.33,99.54,25.75,67.77,7.23,1563.06,Wheat,Silty,PBW-343
43.13,27.75,54.56,31.23,50.65,5.97,435.27,Potato,Sandy,Kufri Jyoti
49.04,20.59,47.04,29.02,35.41,6.46,592.35,Potato,Sandy,Kufri Jyoti
97.46,60.62,141.49,26.78,74.57,6.48,1005.01,Wheat,Clay,HD-2967
98.87,50.93,153.23,23.25,75.19,7.12,1530.75,Sugarcane,Clay,Co-0238
89.32,46.31,102.96,24.67,65.24,7.31,1389.12,Sugarcane,Loamy,Co-0118
46.72,54.76,66.0,29.2,39.34,8.2,781.95,Wheat,Chalky,HD-2967
73.38,36.85,73.29,23.26,69.33,7.49,1630.42,Cotton,Loamy,Suraj
98.06,52.86,85.78,23.08,67.4,7.9,1387.61,Maize,Silty,Pioneer-3396
34.0,73.9,94.4,28.87,40.21,8.19,1223.57,Millet,Chalky,ICTP-8203
65.44,28.86,99.32,30.13,63.98,7.11,1094.27,Wheat,Loamy,PBW-343
123.85,19.0,57.52,18.58,71.72,4.83,1999.19,Potato,Peaty,Kufri Jyoti
74.56,39.22,71.67,27.82,58.35,6.73,1254.86,Rice,Loamy,Swarna
35.41,38.76,83.64,27.28,46.9,7.83,778.3,Millet,Chalky,HHB-67
81.52,50.32,99.85,25.25,71.23,6.5,1632.41,Wheat,Clay,PBW-343
15.34,36.38,66.03,21.82,59.94,7.64,833.96,Millet,Chalky,ICTP-8203
59.77,47.51,108.37,28.25,59.71,8.22,304.64,Millet,Chalky,ICTP-8203
70.0,35.83,83.09,22.52,70.81,5.72,2220.35,Potato,Peaty,Kufri Jyoti
76.63,42.99,133.11,27.38,89.04,6.44,1833.61,Millet,Clay,HHB-67
102.92,52.68,129.79,27.31,72.83,6.98,1260.11,Rice,Clay,Basmati-370
48.93,37.12,41.37,29.51,41.9,6.01,714.99,Millet,Sandy,RHB-173
37.75,68.17,88.81,24.87,44.65,8.37,926.5,Barley,Chalky,RD-2552
34.43,19.45,54.24,26.52,32.98,6.57,786.89,Millet,Sandy,ICTP-8203
54.9,62.74,116.93,29.73,47.37,8.8,813.19,Wheat,Chalky,Lok-1
69.63,49.83,128.43,26.56,62.74,6.77,1310.36,Wheat,Loamy,Lok-1
59.37,25.19,52.93,30.92,49.26,6.24,655.37,Groundnut,Sandy,GG-20
131.82,45.41,75.46,23.0,85.21,5.71,2052.72,Rice,Peaty,IR64
90.4,67.25,116.05,26.23,81.11,5.5,1562.98,Sugarcane,Clay,Co-0118
92.67,50.81,65.41,22.08,65.37,6.67,1211.32,Rice,Silty,Swarna
110.3,61.98,57.01,16.35,76.88,5.43,2059.37,Rice,Peaty,IR64
22.26,26.22,43.09,32.82,52.65,6.54,739.64,Watermelon,Sandy,Arka Manik
68.56,53.9,100.07,24.89,72.22,6.55,1751.76,Maize,Silty,Pioneer-3396
60.38,72.69,92.45,25.87,45.11,8.29,570.36,Millet,Chalky,ICTP-8203
47.98,40.66,84.86,22.22,44.1,8.59,1024.82,Cotton,Chalky,Bt-2
77.2,47.39,81.3,24.5,49.83,6.78,1220.47,Wheat,Loamy,HD-2967
97.24,51.86,126.76,23.31,81.01,7.2,1700.04,Rice,Clay,IR64
49.03,42.73,115.53,25.38,59.16,7.88,605.61,Millet,Chalky,RHB-173
88.43,56.21,45.0,24.25,65.82,7.41,1569.82,Rice,Silty,IR64
25.11,58.84,112.61,25.92,29.52,7.85,674.69,Millet,Chalky,RHB-173
93.69,42.28,126.3,30.22,87.29,6.25,1202.55,Vegetables,Clay,Hybrid-A
115.44,35.99,87.0,22.25,81.83,4.74,1558.88,Vegetables,Peaty,Local-1
44.58,50.4,115.18,32.61,34.31,8.24,639.8,Potato,Chalky,Kufri Bahar
71.47,60.47,89.01,19.03,64.25,6.81,1115.29,Barley,Silty,BH-902
87.54,47.64,132.66,20.4,77.47,6.91,1429.05,Wheat,Clay,HD-2967
85.94,56.71,76.29,23.77,63.02,6.3,1488.31,Rice,Silty,Swarna
77.88,41.88,59.77,28.01,63.92,6.63,877.78,Rice,Silty,Basmati-370
114.22,61.99,138.01,30.07,69.64,6.41,932.08,Wheat,Clay,Lok-1
103.71,71.71,124.71,26.57,78.33,6.04,1066.36,Sugarcane,Clay,Co-0118
42.03,64.23,49.01,25.47,42.35,8.26,341.12,Millet,Chalky,ICTP-8203
25.96,62.61,103.95,27.47,56.25,8.29,847.29,Millet,Chalky,ICTP-8203
48.39,66.28,89.28,27.26,63.14,7.94,443.06,Cotton,Chalky,Suraj
91.09,51.48,153.41,25.78,69.01,6.47,1636.11,Wheat,Clay,PBW-343
86.53,40.43,92.06,26.37,75.19,6.54,1275.71,Rice,Silty,Swarna
86.68,44.16,103.24,27.6,67.21,6.73,1054.26,Wheat,Loamy,Lok-1
123.41,52.48,128.97,26.99,73.14,7.12,1228.47,Wheat,Clay,Lok-1
85.54,50.09,66.17,20.37,66.35,6.68,1156.79,Rice,Silty,IR64
138.92,43.59,64.61,23.7,87.09,4.42,1864.39,Rice,Peaty,Basmati-370
66.69,72.55,77.05,27.49,52.43,8.59,822.14,Barley,Chalky,DWRB-73
52.53,18.05,42.62,26.83,53.52,7.0,320.44,Groundnut,Sandy,GG-20
114.51,36.01,77.96,17.9,85.01,6.0,1396.24,Tea,Peaty,UPASI-9
54.58,30.2,52.06,28.93,51.4,6.79,852.22,Millet,Sandy,ICTP-8203
84.47,64.96,90.55,20.91,67.57,7.03,1343.71,Vegetables,Silty,Hybrid-B
93.56,58.57,83.42,28.48,57.43,6.11,1484.21,Wheat,Clay,PBW-343
48.47,60.79,73.53,27.58,40.84,7.99,458.21,Cotton,Chalky,Suraj
49.06,67.99,86.88,24.27,60.09,8.36,571.17,Cotton,Chalky,Bt-1
108.9,47.87,106.5,25.24,79.98,6.81,1448.37,Cotton,Clay,Bt-2
123.66,52.61,139.62,26.34,77.2,6.16,1281.28,Cotton,Clay,Suraj
68.89,45.34,95.7,18.92,66.49,7.05,1765.31,Vegetables,Silty,Hybrid-B
65.8,53.25,63.99,30.06,59.3,7.39,1006.04,Tomato,Loamy,Pusa Ruby
29.27,70.89,82.08,25.9,47.2,7.56,665.38,Barley,Chalky,RD-2552
107.39,68.58,105.21,23.11,89.12,7.04,1369.64,Sugarcane,Clay,Co-86032
100.22,46.35,66.09,25.73,79.99,5.16,2167.71,Rice,Peaty,IR64
72.46,55.0,68.18,26.05,58.46,7.08,1697.04,Rice,Silty,Swarna
43.51,68.87,82.73,27.44,46.62,8.62,801.4,Cotton,Chalky,Bt-2
111.83,44.68,98.93,26.39,50.88,6.39,1079.01,Cotton,Loamy,Bt-2
72.59,27.44,100.49,27.27,68.41,6.99,1144.06,Rice,Silty,IR64
76.83,39.32,103.78,18.45,67.45,6.53,1035.09,Sugarcane,Loamy,Co-0118
99.3,23.51,59.7,18.05,83.1,4.84,1071.69,Rice,Peaty,IR64
48.58,15.86,51.86,30.87,52.48,6.16,810.34,Watermelon,Sandy,Arka Manik
97.3,42.21,101.58,19.52,74.62,5.73,1789.79,Maize,Peaty,Pioneer-3396
70.96,57.18,88.1,26.1,63.22,7.17,1603.58,Cotton,Loamy,Suraj
46.12,45.81,98.37,27.43,52.04,7.62,303.35,Barley,Chalky,RD-2552
65.87,36.71,50.0,25.0,63.98,6.33,1424.32,Sugarcane,Loamy,Co-86032
103.46,25.0,104.94,28.11,78.42,5.97,1618.14,Millet,Clay,ICTP-8203
55.81,40.28,70.71,25.7,61.68,6.61,1161.59,Barley,Silty,DWRB-73
78.02,50.07,101.89,29.32,64.0,6.39,1363.07,Barley,Loamy,RD-2552
51.06,25.77,23.03,31.13,27.47,5.49,648.57,Groundnut,Sandy,TAG-24
60.55,45.45,88.72,20.16,68.28,6.1,1189.58,Wheat,Silty,PBW-343
83.99,42.17,107.94,22.64,61.1,6.88,1278.72,Tomato,Loamy,Arka Vikas
118.21,35.48,110.0,21.07,77.45,5.07,1985.8,Rice,Peaty,IR64
94.55,37.73,120.74,21.4,70.86,7.03,1320.18,Wheat,Silty,Lok-1
42.03,34.25,62.02,27.85,41.74,6.73,698.67,Watermelon,Sandy,Arka Manik
95.26,55.0,80.37,17.45,79.6,5.2,1468.83,Vegetables,Peaty,Local-1
44.85,23.9,44.32,31.04,42.25,6.11,456.61,Groundnut,Sandy,TAG-24
93.43,33.11,118.19,29.26,68.35,6.48,1159.86,Cotton,Clay,Suraj
96.43,46.03,152.76,28.41,75.79,6.54,1686.96,Rice,Clay,Basmati-370
67.83,48.02,71.49,19.53,43.19,8.15,938.77,Wheat,Chalky,HD-2967
59.68,44.27,99.99,26.42,68.91,6.65,1094.01,Cotton,Loamy,Bt-2
49.0,57.07,75.32,21.01,41.43,8.05,941.98,Millet,Chalky,ICTP-8203
87.57,56.41,84.44,24.57,65.28,7.2,1390.4,Sugarcane,Loamy,Co-0238
15.0,80.2,113.13,24.01,57.49,8.0,714.5,Barley,Chalky,DWRB-73
133.04,64.22,133.62,24.02,65.09,7.26,1880.41,Cotton,Clay,Bt-2
100.53,37.25,110.51,24.87,70.54,6.12,1470.18,Potato,Silty,Kufri Pukhraj
35.89,50.74,97.06,30.64,62.57,7.47,974.65,Wheat,Chalky,PBW-343
75.35,35.46,104.23,27.96,78.26,6.96,1932.65,Rice,Silty,IR64
86.93,57.04,108.79,26.69,70.81,6.88,1955.74,Wheat,Clay,HD-2967
111.68,61.47,149.39,25.06,74.13,6.74,1249.49,Sugarcane,Clay,Co-0118
53.23,47.73,109.01,25.42,49.43,7.44,1077.36,Millet,Chalky,RHB-173
49.2,56.31,89.73,26.47,44.94,8.55,892.41,Wheat,Chalky,Lok-1
57.57,56.93,108.87,24.98,48.34,7.71,644.61,Barley,Chalky,RD-2552
69.25,68.69,71.54,23.89,76.39,6.07,1447.0,Maize,Silty,Pioneer-3396
121.86,50.57,129.12,27.55,63.3,6.84,1231.25,Sugarcane,Clay,Co-86032
51.55,20.0,104.52,27.46,50.28,6.93,1435.58,Wheat,Silty,Lok-1
122.04,28.28,58.21,20.47,77.78,5.62,1587.62,Potato,Peaty,Kufri Pukhraj
64.6,45.94,105.13,24.03,70.48,6.75,1104.77,Wheat,Clay,PBW-343
40.67,72.46,120.34,22.74,52.7,8.8,818.34,Vegetables,Chalky,Hybrid-B
33.89,26.68,52.01,29.25,48.41,6.57,739.12,Groundnut,Sandy,JL-24
68.18,37.09,77.62,22.34,75.27,6.74,1710.78,Rice,Silty,Basmati-370
94.03,38.11,111.59,24.32,69.49,6.68,1604.84,Rice,Clay,Swarna
46.67,54.63,110.08,23.4,52.51,8.75,894.29,Millet,Chalky,HHB-67
54.23,58.25,106.55,29.05,50.57,7.93,1108.33,Barley,Chalky,BH-902
80.9,39.98,97.78,21.06,68.02,6.97,1767.51,Wheat,Silty,Lok-1
78.32,45.95,110.76,26.27,63.77,6.94,1489.17,Tomato,Loamy,Roma
15.0,50.11,96.58,28.05,45.66,7.67,848.43,Cotton,Chalky,Bt-1
87.53,65.57,113.5,27.14,83.4,5.79,1431.14,Sugarcane,Clay,Co-0118
93.16,47.3,52.68,17.73,80.77,5.69,1939.88,Rice,Peaty,IR64
97.6,55.36,100.99,26.86,73.97,5.8,1675.14,Rice,Clay,Basmati-370
132.15,37.64,56.15,22.49,87.69,5.43,1511.73,Potato,Peaty,Kufri Bahar
108.78,40.14,66.74,23.85,83.08,5.08,1976.35,Potato,Peaty,Kufri Bahar
43.5,33.67,30.83,32.65,42.08,6.46,490.78,Groundnut,Sandy,JL-24
87.09,52.99,93.02,29.26,66.96,6.4,1166.6,Maize,Loamy,DHM-117
89.17,54.01,74.0,27.87,63.71,6.25,1669.28,Rice,Silty,Basmati-370
85.45,31.64,98.58,22.67,64.77,6.55,654.07,Sugarcane,Loamy,Co-86032
106.13,47.32,96.77,22.59,67.48,7.43,1400.75,Sugarcane,Loamy,Co-0118
80.25,44.88,122.43,25.87,60.12,7.24,1876.03,Rice,Clay,IR64
43.58,38.24,101.26,24.75,27.54,8.28,510.02,Barley,Chalky,BH-902
56.47,58.78,61.23,27.26,53.14,7.72,1120.67,Millet,Chalky,RHB-173
96.81,54.36,94.94,26.55,76.55,6.59,1255.63,Maize,Loamy,HQPM-1
63.18,59.81,79.5,28.46,67.23,6.42,1067.13,Cotton,Loamy,Bt-2
43.0,59.83,92.25,28.19,30.33,8.46,730.73,Millet,Chalky,ICTP-8203
116.39,36.27,81.62,18.53,82.75,4.09,1177.43,Vegetables,Peaty,Hybrid-B
37.37,27.66,35.23,29.44,51.44,6.12,634.29,Potato,Sandy,Kufri Bahar
100.81,61.74,136.85,25.06,71.53,7.27,1501.51,Rice,Clay,Basmati-370
67.26,60.59,99.14,27.02,66.24,6.11,1086.19,Wheat,Loamy,PBW-343
30.77,56.47,57.45,26.84,36.4,8.4,1158.45,Rice,Chalky,Basmati-370
128.96,62.29,77.82,29.67,73.51,6.93,1537.74,Cotton,Clay,Bt-1
42.04,21.34,36.75,28.64,45.89,6.79,723.28,Cotton,Sandy,Suraj
85.46,53.45,134.64,32.09,64.19,6.76,1275.62,Cotton,Clay,Suraj
88.8,46.61,101.61,22.4,67.47,6.99,801.39,Rice,Silty,Swarna
72.04,53.62,50.72,25.29,53.33,6.75,1519.98,Maize,Silty,DHM-117
35.04,32.77,50.12,33.6,50.78,7.07,794.45,Watermelon,Sandy,Sugar Baby
71.63,43.73,73.54,25.7,67.29,6.27,1267.62,Tomato,Loamy,Pusa Ruby
136.85,65.81,160.0,22.66,75.07,6.83,1704.87,Sugarcane,Clay,Co-86032
74.85,48.15,109.88,29.96,69.88,6.64,1164.9,Tomato,Loamy,Arka Vikas
53.41,31.16,46.41,32.54,39.95,5.68,924.5,Groundnut,Sandy,JL-24
113.8,71.6,114.82,26.36,72.42,6.8,1772.41,Wheat,Clay,PBW-343
113.79,56.24,107.7,25.85,71.81,6.92,1744.4,Wheat,Clay,Lok-1
84.34,43.06,64.28,24.13,67.81,6.23,1475.27,Maize,Silty,DHM-117
33.98,30.2,38.46,30.98,34.99,6.43,595.12,Millet,Sandy,HHB-67
47.64,53.4,74.73,27.33,42.77,7.4,844.89,Cotton,Chalky,Bt-1
80.0,52.29,112.73,24.49,73.58,7.32,1257.36,Sugarcane,Loamy,Co-0118
99.09,44.65,91.47,22.78,72.58,6.77,1262.11,Sugarcane,Clay,Co-86032
74.73,40.49,73.92,20.67,62.23,7.17,1663.82,Maize,Silty,HQPM-1
41.0,56.47,78.32,26.03,47.98,8.41,834.98,Cotton,Chalky,Suraj
95.72,62.17,97.73,25.18,70.39,6.2,1148.56,Cotton,Clay,Suraj
98.39,52.19,78.11,29.17,77.05,5.61,1738.97,Rice,Clay,IR64
76.17,52.54,84.1,24.27,76.94,6.5,684.98,Soybean,Loamy,NRC-37
97.1,53.27,140.35,29.84,75.04,7.33,1407.78,Cotton,Clay,Bt-2
36.25,34.81,55.59,31.47,46.88,6.44,598.44,Millet,Sandy,ICTP-8203
139.98,24.71,73.23,15.93,82.21,5.1,1685.37,Tea,Peaty,TV-1
55.63,36.52,48.5,32.6,55.98,5.84,648.3,Millet,Sandy,HHB-67
59.51,56.71,104.64,23.41,63.78,6.57,1300.98,Cotton,Clay,Bt-2
51.84,44.27,66.87,24.91,55.15,7.91,472.0,Millet,Chalky,HHB-67
90.31,31.48,77.09,24.68,67.8,6.96,1323.5,Wheat,Loamy,Lok-1
69.83,60.81,137.05,27.11,69.25,5.92,1505.37,Rice,Clay,Basmati-370
43.84,39.02,39.95,27.1,57.39,6.56,1021.6,Watermelon,Sandy,Sugar Baby
91.48,45.95,37.69,15.27,87.5,4.92,1711.27,Tea,Peaty,TV-1
75.8,39.17,76.87,25.78,52.85,6.92,974.1,Maize,Silty,HQPM-1
45.07,35.79,47.19,32.92,40.19,5.98,782.82,Groundnut,Sandy,TAG-24
73.2,39.75,110.3,27.35,58.77,6.44,1025.05,Soybean,Loamy,MAUS-71
111.5,36.05,75.56,23.36,87.93,5.03,1554.31,Rice,Peaty,Basmati-370
23.96,20.16,43.22,30.23,37.73,6.08,474.71,Potato,Sandy,Kufri Jyoti
38.63,85.84,102.84,23.93,44.16,8.24,714.25,Wheat,Chalky,HD-2967
30.94,42.1,77.52,23.04,33.93,8.06,843.19,Cotton,Chalky,Bt-1
46.96,26.86,71.14,28.09,48.76,8.32,1034.76,Millet,Chalky,RHB-173
38.33,48.21,103.06,27.24,42.63,7.68,771.28,Barley,Chalky,BH-902
76.04,54.35,110.76,25.87,84.26,6.43,1171.9,Millet,Silty,HHB-67
53.48,17.49,54.54,28.58,65.0,6.37,577.51,Potato,Sandy,Kufri Bahar
123.4,39.93,85.42,19.13,79.47,5.34,1855.21,Potato,Peaty,Kufri Bahar
34.66,30.14,50.28,29.54,48.66,6.59,680.8,Millet,Sandy,RHB-173
67.01,15.98,52.2,29.83,47.21,5.89,442.05,Millet,Sandy,RHB-173
44.3,40.2,52.28,26.02,41.77,6.3,510.39,Millet,Sandy,RHB-173
42.46,65.98,63.43,30.47,41.99,7.89,585.28,Millet,Chalky,ICTP-8203
63.29,46.49,77.19,22.14,55.15,6.79,1376.26,Wheat,Loamy,PBW-343
120.63,49.65,38.37,18.57,82.49,5.28,1757.23,Potato,Peaty,Kufri Bahar
30.26,48.97,59.7,32.51,25.0,8.13,691.85,Cotton,Chalky,Suraj
69.83,69.84,97.53,26.62,67.82,7.05,1564.7,Vegetables,Silty,Local-1
105.11,61.94,130.4,26.49,65.36,5.99,1894.13,Sugarcane,Clay,Co-0118
102.77,55.83,101.46,26.88,68.23,6.14,1774.69,Wheat,Clay,HD-2967
27.9,33.3,67.39,27.84,47.68,6.19,728.66,Wheat,Sandy,HD-2967
35.4,32.69,46.52,33.57,41.98,6.57,704.35,Millet,Sandy,HHB-67
133.35,36.98,118.31,20.53,69.01,7.83,1585.06,Rice,Clay,Basmati-370
55.8,21.02,46.09,29.71,39.04,6.51,733.34,Watermelon,Sandy,Arka Manik
40.68,54.39,54.24,27.0,48.39,7.91,1032.27,Wheat,Chalky,HD-2967
152.06,32.25,69.71,24.34,79.3,5.43,1530.27,Vegetables,Peaty,Local-1
43.35,47.76,58.36,27.33,55.65,7.76,642.02,Cotton,Chalky,Bt-1
63.6,62.5,58.12,23.08,80.89,7.62,1349.56,Maize,Silty,DHM-117
102.25,40.38,106.73,23.32,75.06,6.9,1266.4,Rice,Clay,Basmati-370
54.08,26.08,26.8,31.73,51.86,6.91,555.55,Millet,Sandy,HHB-67
76.69,43.51,81.75,30.33,62.37,6.88,1251.75,Maize,Loamy,Pioneer-3396
81.72,41.0,100.23,25.38,56.35,6.7,1389.38,Wheat,Loamy,Lok-1
93.7,85.0,114.71,25.67,67.89,6.36,1296.22,Sugarcane,Clay,Co-0118
20.0,21.77,50.33,28.05,47.98,6.89,759.41,Wheat,Sandy,HD-2967
40.37,25.74,52.74,29.89,30.5,6.13,684.19,Millet,Sandy,HHB-67
153.18,29.23,61.9,19.8,87.51,5.61,1617.44,Tea,Peaty,TV-23
45.75,51.28,116.28,22.36,51.24,7.98,636.72,Wheat,Chalky,Lok-1
104.62,35.29,50.53,19.42,89.31,4.64,1297.0,Potato,Peaty,Kufri Pukhraj
77.7,52.6,91.49,27.24,70.25,6.71,864.96,Cotton,Loamy,Bt-2
70.62,47.45,111.92,29.14,78.05,6.84,909.48,Rice,Clay,IR64
99.48,28.88,103.69,25.98,61.16,6.99,797.82,Soybean,Loamy,MAUS-71
123.86,26.88,54.08,19.71,75.32,5.34,2071.62,Potato,Peaty,Kufri Bahar
50.27,21.44,54.87,25.52,55.28,6.83,633.72,Potato,Sandy,Kufri Bahar
99.81,48.4,88.61,31.34,62.6,7.16,1651.91,Sugarcane,Loamy,Co-86032
49.12,47.33,93.81,25.64,42.54,8.35,422.1,Wheat,Chalky,HD-2967
56.82,68.29,107.12,21.9,65.35,6.62,1418.16,Wheat,Clay,PBW-343
120.67,55.39,118.27,29.34,85.27,6.74,1302.28,Rice,Clay,Basmati-370
53.41,70.67,74.73,25.94,42.53,8.05,485.76,Barley,Chalky,RD-2552
118.82,30.41,31.7,19.01,79.89,4.4,1837.18,Potato,Peaty,Kufri Bahar
36.2,52.28,105.81,27.85,58.54,8.18,854.96,Millet,Chalky,HHB-67
87.61,61.59,90.04,26.34,75.13,6.72,1144.45,Vegetables,Silty,Hybrid-B
55.76,47.97,88.19,27.71,61.7,6.41,1448.62,Maize,Silty,HQPM-1
76.93,47.98,84.91,20.65,61.55,7.69,989.75,Maize,Silty,HQPM-1
89.39,30.79,80.33,23.92,57.42,5.99,1636.29,Tomato,Loamy,Pusa Ruby
97.86,50.74,95.83,28.41,67.32,6.5,1251.34,Tomato,Loamy,Arka Vikas
35.94,30.31,73.3,30.97,49.33,6.31,507.22,Watermelon,Sandy,Arka Manik
92.49,48.62,76.21,19.18,81.6,5.54,1591.31,Tomato,Peaty,Arka Vikas
133.8,45.33,69.61,21.8,72.44,5.07,2211.09,Tea,Peaty,TV-23
89.01,53.02,96.15,21.12,65.4,6.98,1382.37,Millet,Silty,ICTP-8203
111.94,32.34,52.86,19.6,74.99,4.9,2230.38,Rice,Peaty,Swarna
86.46,55.31,149.42,18.0,72.18,7.31,1301.57,Sugarcane,Clay,Co-0238
94.57,39.68,123.66,27.93,78.97,6.82,1275.96,Rice,Clay,Basmati-370
61.68,58.0,116.16,23.79,66.49,6.0,1345.37,Rice,Clay,Basmati-370
69.66,36.53,43.41,21.54,39.43,7.63,611.93,Millet,Chalky,RHB-173
81.34,43.63,84.83,28.25,67.69,7.17,1388.18,Wheat,Silty,Lok-1
52.14,37.27,36.08,26.53,41.28,6.12,1001.67,Potato,Sandy,Kufri Jyoti
48.68,61.13,64.0,29.58,48.29,8.02,1158.29,Millet,Chalky,RHB-173
87.08,50.17,107.83,21.27,68.32,6.18,1237.13,Rice,Silty,Basmati-370
44.3,34.28,111.33,24.62,41.41,7.53,894.22,Cotton,Chalky,Bt-2
94.4,52.46,67.85,25.51,78.27,6.85,1158.89,Rice,Silty,Basmati-370
47.17,77.32,67.99,25.09,47.62,7.92,566.33,Wheat,Chalky,PBW-343
47.63,28.58,76.03,24.14,41.53,7.61,575.69,Cotton,Chalky,Suraj
83.34,52.72,119.1,19.05,82.18,6.5,1605.03,Potato,Silty,Kufri Pukhraj
89.88,49.51,99.44,30.6,51.16,7.38,1627.02,Wheat,Loamy,Lok-1
70.01,42.11,80.58,22.25,74.77,7.5,1261.07,Wheat,Silty,HD-2967
67.99,50.1,85.35,26.68,66.46,6.68,1445.51,Wheat,Silty,Lok-1
93.84,50.69,111.87,26.07,59.22,6.7,940.88,Sugarcane,Clay,Co-0238
139.25,37.2,69.29,18.08,82.78,5.24,2158.56,Tea,Peaty,TV-23
77.21,36.06,94.96,20.18,94.21,5.63,1364.6,Rice,Peaty,Basmati-370
137.3,28.2,93.6,22.59,90.75,5.33,1777.89,Vegetables,Peaty,Hybrid-A
99.24,35.08,78.5,20.37,71.31,7.52,813.79,Wheat,Loamy,PBW-343
116.08,27.58,59.52,21.28,79.23,4.62,1783.21,Rice,Peaty,Swarna
68.71,44.66,80.54,28.28,66.83,7.3,1219.15,Wheat,Loamy,PBW-343
52.14,19.21,60.3,28.47,36.64,6.18,598.87,Soybean,Sandy,JS-335
55.44,33.83,28.11,25.99,45.98,6.17,672.25,Groundnut,Sandy,JL-24
117.2,30.19,137.49,23.72,67.26,6.56,1194.22,Sugarcane,Clay,Co-86032
91.08,45.75,89.07,25.36,55.82,7.0,1133.99,Wheat,Loamy,HD-2967
81.74,57.6,92.65,26.13,72.08,7.49,1199.94,Sugarcane,Clay,Co-86032
47.11,68.44,88.27,29.69,47.2,8.19,1062.53,Barley,Chalky,RD-2552
89.36,42.67,101.85,25.05,67.46,6.6,1550.42,Sugarcane,Clay,Co-0238
76.03,47.37,132.18,25.56,71.49,6.73,1802.8,Rice,Clay,Basmati-370
55.0,61.98,111.16,24.17,69.66,7.13,1184.25,Sugarcane,Clay,Co-0118
61.19,42.87,89.98,21.21,79.2,6.89,1033.23,Maize,Silty,HQPM-1
119.62,64.03,69.18,23.02,75.14,4.85,1840.66,Potato,Peaty,Kufri Jyoti
78.21,55.49,94.15,25.15,78.5,7.02,1755.35,Cotton,Clay,Suraj
110.24,44.4,100.66,22.85,71.71,7.14,1728.08,Cotton,Clay,Bt-1
90.46,33.56,45.0,22.52,68.12,6.85,1323.09,Maize,Silty,HQPM-1
106.91,32.9,55.63,21.23,74.3,4.52,1515.33,Tea,Peaty,UPASI-9
79.57,69.21,122.45,26.1,81.81,6.44,1818.53,Potato,Clay,Kufri Bahar
124.42,28.97,129.86,21.91,75.32,6.72,1695.16,Cotton,Clay,Bt-2
88.17,25.74,116.76,26.76,67.71,7.14,1547.56,Vegetables,Silty,Hybrid-A
78.97,51.17,107.79,22.08,69.34,7.11,1646.41,Cotton,Clay,Bt-2
82.21,48.3,93.35,29.47,58.82,6.89,1764.49,Soybean,Loamy,MAUS-71
120.55,42.26,71.13,18.5,82.42,5.15,1928.4,Rice,Peaty,Swarna
115.08,37.54,100.64,21.93,86.39,4.72,2113.41,Potato,Peaty,Kufri Jyoti
77.69,48.97,87.56,20.68,74.2,6.44,1219.36,Soybean,Loamy,MAUS-71
99.28,41.57,101.87,27.79,79.97,6.88,1367.78,Sugarcane,Clay,Co-0118
56.34,50.8,80.87,24.25,41.53,7.93,405.92,Barley,Chalky,RD-2552
27.5,51.41,105.75,31.42,60.45,8.03,1086.81,Watermelon,Chalky,Arka Manik
100.26,35.44,65.2,30.29,63.04,7.11,1397.7,Sugarcane,Loamy,Co-0118
38.35,36.54,76.56,28.07,56.44,5.29,850.9,Watermelon,Sandy,Crimson Sweet
43.01,29.85,93.93,25.09,71.99,6.75,1040.78,Wheat,Silty,PBW-343
108.82,38.43,123.75,23.16,61.19,7.34,1833.42,Cotton,Clay,Bt-1
41.3,28.61,44.49,29.17,43.18,5.99,754.29,Millet,Sandy,ICTP-8203
105.61,60.34,93.63,24.94,58.91,6.92,1313.47,Cotton,Loamy,Bt-2
75.24,42.75,85.33,23.94,68.84,6.1,1487.35,Maize,Silty,Pioneer-3396
52.57,11.12,77.69,31.63,50.36,6.24,371.72,Wheat,Sandy,PBW-343
64.29,20.35,52.4,32.07,43.54,6.79,604.38,Millet,Sandy,RHB-173
70.24,53.3,90.91,21.57,75.41,6.89,1666.41,Vegetables,Silty,Local-1
105.3,43.3,70.66,17.15,77.79,5.35,956.54,Rice,Peaty,Swarna
42.22,19.52,40.44,27.77,61.37,5.95,812.06,Millet,Sandy,HHB-67
110.25,72.38,75.66,25.65,60.34,6.34,1225.41,Wheat,Clay,PBW-343
36.05,61.07,115.19,22.33,61.87,8.22,838.82,Barley,Chalky,BH-902
33.98,60.23,59.48,28.72,35.95,7.91,671.7,Cotton,Chalky,Bt-1
75.51,60.22,76.15,23.26,64.98,7.04,1256.36,Vegetables,Silty,Hybrid-B
78.36,62.92,79.7,34.0,70.86,7.12,959.89,Tomato,Loamy,Arka Vikas
28.45,59.96,120.63,27.8,53.57,8.18,386.37,Barley,Chalky,DWRB-73
101.44,61.38,130.46,23.26,73.53,6.84,974.6,Sugarcane,Clay,Co-0238
118.72,15.0,95.86,22.06,78.89,5.74,1384.72,Vegetables,Peaty,Hybrid-A
36.74,52.62,108.91,24.43,61.2,8.16,845.54,Wheat,Chalky,PBW-343
58.62,54.64,105.52,22.89,81.5,6.85,1326.21,Wheat,Silty,HD-2967
87.58,48.75,126.04,28.68,68.12,6.81,1099.75,Tea,Loamy,TV-23
53.88,23.33,61.38,27.21,40.6,6.08,499.76,Potato,Sandy,Kufri Pukhraj
58.34,78.43,95.62,22.51,45.22,7.71,1172.96,Millet,Chalky,RHB-173
44.99,61.47,85.66,19.93,30.1,8.12,756.7,Wheat,Chalky,HD-2967
60.93,55.2,66.79,20.52,55.11,6.13,1262.81,Soybean,Loamy,JS-335
62.57,30.18,48.33,28.4,56.27,6.55,862.46,Watermelon,Sandy,Arka Manik
73.17,37.13,87.18,18.77,60.84,7.43,1698.88,Maize,Silty,Pioneer-3396
48.27,67.53,127.01,28.04,58.78,8.04,914.05,Millet,Chalky,ICTP-8203
98.59,36.16,76.54,25.02,68.03,5.99,1229.59,Soybean,Loamy,JS-335
77.0,38.56,101.72,29.89,55.76,7.27,1442.48,Vegetables,Silty,Hybrid-A
61.45,62.72,90.21,21.28,42.47,7.84,826.64,Barley,Chalky,BH-902
101.69,54.54,78.59,28.85,67.97,7.13,1563.69,Soybean,Loamy,NRC-37
78.23,44.49,83.57,25.14,60.23,7.9,673.69,Maize,Silty,HQPM-1
104.4,47.45,78.48,28.25,59.62,6.91,1318.19,Wheat,Loamy,PBW-343
49.08,52.28,74.2,26.56,55.6,7.42,471.32,Cotton,Chalky,Bt-2
61.4,67.05,88.43,27.8,36.86,7.73,1108.9,Wheat,Chalky,HD-2967
75.21,50.44,78.54,25.24,60.89,6.98,1009.81,Cotton,Loamy,Bt-2
51.1,22.33,52.93,22.0,36.65,6.32,813.24,Watermelon,Sandy,Arka Manik
60.85,33.8,107.81,20.11,55.97,6.51,1388.99,Wheat,Silty,PBW-343
80.3,21.96,91.24,22.83,70.26,7.54,1223.91,Maize,Silty,DHM-117
23.05,75.55,58.28,32.36,48.16,8.16,766.04,Barley,Chalky,BH-902
58.19,30.11,53.11,29.15,47.82,6.17,816.86,Watermelon,Sandy,Sugar Baby
34.57,67.19,126.51,30.96,41.89,7.63,401.51,Wheat,Chalky,HD-2967
78.06,48.47,50.0,26.73,61.68,6.35,1100.49,Wheat,Loamy,PBW-343
59.92,65.6,105.5,20.92,44.87,8.19,658.53,Millet,Chalky,HHB-67
78.1,47.5,71.74,23.11,59.25,6.97,1606.66,Watermelon,Silty,Arka Manik
50.36,43.37,100.67,23.71,60.99,7.04,910.59,Maize,Silty,DHM-117
102.31,37.96,91.59,22.25,61.79,6.3,1832.94,Rice,Silty,Basmati-370
38.24,24.23,52.51,30.37,31.88,6.2,804.99,Groundnut,Sandy,GG-20
62.2,60.38,140.89,22.47,81.66,7.0,1116.43,Sugarcane,Clay,Co-0118
116.53,37.94,74.22,19.26,70.7,5.47,1977.21,Potato,Peaty,Kufri Bahar
38.27,68.04,93.6,26.15,56.47,7.89,953.5,Millet,Chalky,HHB-67
39.16,25.75,54.31,29.68,57.1,6.73,722.4,Millet,Sandy,HHB-67
47.4,31.98,65.27,29.81,50.86,6.02,715.14,Millet,Sandy,HHB-67
106.7,26.69,125.56,28.34,80.14,6.63,1576.49,Wheat,Clay,PBW-343
108.69,49.3,74.98,23.1,66.63,6.45,1576.53,Vegetables,Silty,Hybrid-B
50.3,54.11,79.45,29.46,63.54,6.58,812.82,Maize,Loamy,HQPM-1
41.79,75.0,61.65,27.67,59.37,7.63,788.53,Barley,Chalky,BH-902
80.75,39.53,96.42,26.29,67.06,7.51,1291.81,Tomato,Loamy,Arka Vikas
67.62,48.21,78.96,29.94,70.84,6.81,1407.57,Sugarcane,Silty,Co-0238
81.98,48.94,121.31,25.25,60.05,6.63,1289.86,Sugarcane,Loamy,Co-86032
93.77,60.44,118.12,26.24,71.28,6.63,1160.26,Sugarcane,Clay,Co-0238
136.87,33.9,105.43,20.7,60.13,5.76,1627.91,Cotton,Clay,Suraj
82.82,40.15,91.36,24.26,78.19,6.87,1062.8,Wheat,Silty,PBW-343
85.36,40.23,62.49,19.74,85.01,5.72,2260.06,Potato,Peaty,Kufri Jyoti
106.67,42.69,30.0,20.8,72.68,5.94,2087.23,Vegetables,Peaty,Hybrid-A
103.9,31.83,74.41,21.95,90.5,5.13,1248.05,Vegetables,Peaty,Hybrid-A
68.94,35.8,55.75,30.34,47.3,6.51,607.46,Potato,Sandy,Kufri Jyoti
115.0,74.8,95.57,21.96,70.79,7.25,908.22,Tea,Silty,TV-1
31.51,73.26,128.58,21.49,29.91,7.87,776.21,Millet,Chalky,HHB-67
28.51,64.49,65.67,23.21,57.25,7.88,498.11,Rice,Chalky,Swarna
100.59,49.55,95.39,29.05,78.76,6.91,1472.22,Sugarcane,Clay,Co-0118
84.99,47.64,97.32,26.87,74.95,6.52,1113.47,Maize,Loamy,Pioneer-3396
45.08,16.94,71.48,25.29,37.02,6.47,579.15,Watermelon,Sandy,Crimson Sweet
76.07,36.56,73.93,24.54,69.55,6.51,989.83,Wheat,Loamy,PBW-343
120.17,70.16,128.91,23.06,73.42,6.56,2031.08,Tea,Clay,TV-1
110.23,53.77,106.07,26.81,69.01,6.69,1034.3,Sugarcane,Clay,Co-0238
30.71,27.67,49.75,31.05,44.9,5.69,468.65,Watermelon,Sandy,Sugar Baby
80.16,38.01,111.87,24.27,64.19,5.85,1700.19,Vegetables,Silty,Hybrid-B
57.88,19.66,77.61,27.05,50.76,5.59,522.94,Watermelon,Sandy,Arka Manik
127.18,22.9,89.93,22.95,76.69,5.68,1667.71,Potato,Peaty,Kufri Bahar
58.09,56.6,70.72,26.49,59.28,6.83,1089.36,Vegetables,Silty,Hybrid-B
114.68,50.94,74.7,23.06,77.17,5.55,2281.66,Potato,Peaty,Kufri Bahar
78.77,44.76,103.05,28.52,69.81,6.65,1362.27,Maize,Loamy,HQPM-1
56.53,30.02,54.66,28.45,51.25,6.73,664.68,Groundnut,Sandy,JL-24
82.67,50.98,97.69,25.01,69.15,6.21,1473.16,Wheat,Silty,PBW-343
48.36,37.65,66.59,29.64,43.48,5.2,621.63,Millet,Sandy,ICTP-8203
113.91,61.95,97.71,29.93,60.7,7.08,1102.26,Sugarcane,Loamy,Co-0238
101.44,52.54,99.21,23.76,77.19,7.35,1144.98,Rice,Clay,IR64
102.22,36.08,109.55,23.69,67.22,6.06,1484.28,Soybean,Silty,JS-335
65.8,23.38,62.05,31.5,36.78,6.39,676.2,Millet,Sandy,HHB-67
70.24,56.72,74.09,30.63,50.25,8.16,719.71,Millet,Chalky,RHB-173
62.61,41.49,90.13,26.04,58.76,6.57,1108.81,Tomato,Loamy,Arka Vikas
48.82,31.88,51.68,31.78,43.59,5.97,693.65,Potato,Sandy,Kufri Jyoti
43.24,64.53,79.96,25.33,52.61,8.6,731.87,Millet,Chalky,HHB-67
135.26,17.04,77.0,24.99,74.12,5.38,1711.14,Tea,Peaty,TV-23
92.4,57.21,110.18,24.71,85.69,6.52,1596.48,Sugarcane,Clay,Co-86032
25.59,26.89,66.84,27.41,34.31,6.24,619.69,Potato,Sandy,Kufri Jyoti
69.03,39.89,70.86,24.15,58.7,6.68,926.19,Wheat,Loamy,Lok-1
84.41,33.34,111.16,26.64,58.19,6.32,1289.8,Soybean,Loamy,JS-335
53.32,55.88,72.53,31.77,60.87,7.2,1730.81,Wheat,Silty,Lok-1
65.99,56.38,53.02,19.06,74.77,6.79,819.12,Vegetables,Silty,Hybrid-A
114.56,40.02,94.3,26.66,63.63,6.31,926.89,Sugarcane,Loamy,Co-86032
106.0,46.01,88.58,22.38,79.6,6.57,1515.15,Rice,Clay,IR64
76.86,61.16,121.45,25.38,56.23,7.21,1515.39,Rice,Clay,IR64
108.18,55.91,133.16,20.1,74.36,6.96,1743.84,Sugarcane,Clay,Co-0238
88.93,35.59,70.18,23.39,53.15,7.07,1553.79,Rice,Silty,IR64
65.71,48.98,103.07,21.23,50.57,6.5,1351.7,Soybean,Loamy,NRC-37
50.43,29.54,51.03,27.58,37.55,7.03,693.63,Groundnut,Sandy,GG-20
72.76,50.82,94.27,26.99,61.87,7.1,1348.79,Tomato,Loamy,Roma
118.39,39.57,88.92,18.02,79.45,5.3,1621.56,Potato,Peaty,Kufri Pukhraj
119.45,70.57,93.86,27.57,68.25,6.22,1367.6,Watermelon,Clay,Sugar Baby
45.25,77.25,116.55,24.09,62.37,8.1,488.89,Cotton,Chalky,Bt-1
90.42,63.38,88.12,15.41,95.0,5.56,1786.99,Tea,Peaty,TV-23
80.51,37.04,73.95,21.5,69.45,6.54,797.52,Vegetables,Silty,Hybrid-B
66.58,28.41,48.61,34.16,50.49,5.88,506.04,Watermelon,Sandy,Sugar Baby
38.78,26.74,68.34,29.01,47.09,6.76,584.11,Watermelon,Sandy,Arka Manik
87.07,58.68,101.36,25.16,65.19,7.09,1498.89,Rice,Clay,Basmati-370
87.37,38.7,85.46,24.02,67.02,7.08,1503.11,Vegetables,Silty,Local-1
66.51,53.91,113.0,23.79,33.47,8.13,955.51,Cotton,Chalky,Bt-1
51.33,65.56,64.85,25.58,60.48,8.39,850.34,Barley,Chalky,DWRB-73
110.24,44.32,101.12,33.34,60.28,6.67,1039.65,Sugarcane,Loamy,Co-0118
58.66,47.14,72.33,28.93,77.39,6.88,1681.31,Wheat,Silty,Lok-1
97.26,41.99,73.37,17.99,82.76,4.62,1735.95,Tea,Peaty,TV-23
93.57,45.19,73.6,27.48,69.47,7.65,1532.73,Sugarcane,Loamy,Co-0118
49.04,19.29,73.53,30.13,44.05,6.97,672.38,Watermelon,Sandy,Crimson Sweet
98.4,39.95,48.77,23.34,78.33,5.48,998.76,Potato,Peaty,Kufri Bahar
130.5,48.09,73.54,19.01,78.48,4.58,1544.34,Tea,Peaty,UPASI-9
95.5,44.12,52.45,22.56,80.37,5.33,1705.97,Rice,Peaty,IR64
55.0,63.05,122.68,26.59,81.85,6.74,1340.89,Sugarcane,Clay,Co-0238
24.56,59.75,55.71,25.26,51.59,7.7,752.12,Cotton,Chalky,Bt-1
117.15,31.44,111.22,29.13,72.45,7.11,1867.74,Rice,Clay,Swarna
39.02,59.86,83.83,26.6,44.83,8.06,652.77,Rice,Chalky,Swarna
66.08,37.06,86.0,22.48,67.3,6.68,865.51,Wheat,Loamy,Lok-1
125.89,31.09,66.04,19.55,77.68,4.66,1966.19,Vegetables,Peaty,Hybrid-A
117.2,49.46,65.92,22.97,84.7,4.85,1493.84,Potato,Peaty,Kufri Bahar
51.84,43.97,93.06,29.14,54.83,6.83,1460.33,Cotton,Loamy,Bt-2
123.42,30.36,56.83,20.31,75.11,6.06,1514.65,Tea,Peaty,TV-23
109.09,57.1,97.87,26.73,74.96,6.41,1326.62,Cotton,Clay,Bt-2
98.48,45.62,110.0,14.39,78.95,4.09,1684.17,Tea,Peaty,TV-1
103.63,33.11,87.41,27.66,71.09,6.59,1695.81,Wheat,Silty,HD-2967
89.22,37.61,83.68,28.85,58.84,6.65,852.86,Soybean,Loamy,NRC-37
40.64,50.88,90.51,26.34,55.09,7.73,663.01,Wheat,Chalky,Lok-1
49.5,52.3,102.19,30.66,42.88,7.69,622.06,Cotton,Chalky,Suraj
60.63,59.91,74.66,26.29,57.01,7.75,542.9,Barley,Chalky,RD-2552
21.91,50.51,97.95,30.6,35.89,7.62,790.06,Wheat,Chalky,Lok-1
50.77,31.47,38.11,29.73,52.23,6.67,709.59,Potato,Sandy,Kufri Pukhraj
15.0,41.83,77.23,27.14,54.66,7.97,1062.14,Wheat,Chalky,Lok-1
135.11,36.48,74.5,13.7,67.71,5.48,1899.83,Vegetables,Peaty,Hybrid-B
141.87,34.23,49.95,23.47,86.09,5.27,1276.97,Vegetables,Peaty,Hybrid-A
116.01,67.27,114.98,24.76,84.36,7.52,1012.99,Sugarcane,Clay,Co-0118
94.56,57.12,78.11,20.67,68.74,6.83,889.14,Soybean,Loamy,NRC-37
119.65,42.97,109.18,31.63,73.17,7.14,1141.25,Sugarcane,Clay,Co-0118
100.26,52.91,134.13,27.95,62.1,6.07,1627.2,Sugarcane,Clay,Co-0118
44.03,58.98,116.18,24.88,44.01,7.94,339.49,Cotton,Chalky,Suraj
83.11,51.45,86.01,27.39,65.58,6.31,989.1,Millet,Silty,ICTP-8203
100.93,45.21,88.05,26.1,72.37,6.92,1488.34,Cotton,Loamy,Suraj
98.48,28.14,63.78,22.84,80.72,5.11,1941.42,Potato,Peaty,Kufri Pukhraj
70.35,64.21,93.72,24.12,69.49,6.31,1268.88,Vegetables,Silty,Hybrid-A
83.06,38.87,61.46,20.06,85.87,4.88,1234.66,Rice,Peaty,IR64
98.99,23.1,64.28,17.51,69.31,5.45,1318.73,Vegetables,Peaty,Local-1
41.31,31.46,51.4,27.02,37.64,6.91,649.43,Watermelon,Sandy,Crimson Sweet
122.65,31.47,78.24,18.13,88.86,5.75,1424.19,Tea,Peaty,UPASI-9
136.23,18.64,68.7,15.86,80.76,5.34,2062.9,Potato,Peaty,Kufri Jyoti
31.91,60.69,114.94,25.06,55.48,8.14,1014.96,Wheat,Chalky,PBW-343
71.1,77.49,137.83,19.79,76.91,6.22,1303.31,Rice,Clay,Basmati-370
96.74,47.12,119.74,28.32,62.81,6.73,1196.45,Wheat,Loamy,HD-2967
79.27,53.48,117.79,29.16,62.56,6.45,1354.06,Cotton,Loamy,Suraj
118.78,18.69,69.72,21.79,77.86,5.4,1836.59,Rice,Peaty,IR64
78.3,53.46,82.42,23.39,71.88,6.44,1210.17,Rice,Silty,Swarna
113.59,24.62,34.75,23.76,81.73,5.15,1703.88,Potato,Peaty,Kufri Pukhraj
69.62,42.52,70.89,27.38,71.8,6.84,866.7,Wheat,Loamy,HD-2967
64.61,48.98,85.93,26.44,66.05,6.15,1331.52,Sugarcane,Loamy,Co-0118
87.19,51.45,114.27,26.51,67.48,6.48,1475.75,Rice,Clay,Swarna
100.14,43.96,67.0,22.07,67.98,6.16,1264.22,Soybean,Loamy,JS-335
118.12,42.7,92.87,20.89,56.76,6.98,1123.87,Sugarcane,Loamy,Co-0118
100.96,47.01,95.91,22.87,69.39,7.29,768.38,Potato,Loamy,Kufri Pukhraj
75.3,35.3,86.95,19.39,69.18,6.73,1347.81,Vegetables,Silty,Hybrid-B
31.81,58.87,111.07,30.54,34.95,8.0,960.32,Millet,Chalky,HHB-67
107.73,35.92,66.08,21.56,77.25,4.87,1799.9,Rice,Peaty,IR64
75.17,51.64,84.05,24.04,70.41,6.65,1283.62,Vegetables,Silty,Hybrid-A
44.89,39.4,57.51,30.67,37.17,5.61,474.24,Groundnut,Sandy,GG-20
115.28,46.52,110.82,21.26,71.88,6.55,1726.96,Sugarcane,Clay,Co-0238
69.13,23.29,49.52,27.28,47.58,5.99,644.66,Potato,Sandy,Kufri Jyoti
39.39,55.81,81.59,31.88,47.49,8.0,724.75,Cotton,Chalky,Suraj
51.16,36.79,50.21,28.37,52.11,5.88,671.29,Watermelon,Sandy,Crimson Sweet
72.39,37.04,82.6,24.39,68.43,6.29,1733.64,Rice,Silty,Swarna
47.5,51.41,77.9,25.58,52.56,7.74,1111.62,Millet,Chalky,RHB-173
82.21,63.39,77.62,28.39,61.88,6.63,862.92,Rice,Silty,Basmati-370
70.61,43.85,87.99,33.71,60.23,7.18,1618.07,Soybean,Loamy,JS-335
103.49,25.0,111.04,20.36,72.48,7.75,1709.9,Cotton,Clay,Suraj
115.67,34.45,66.02,22.33,83.18,5.59,2320.84,Vegetables,Peaty,Hybrid-A
98.75,45.0,58.09,25.65,63.16,6.78,1085.66,Cotton,Loamy,Bt-1
120.6,44.37,54.63,20.46,81.72,5.78,1851.87,Potato,Peaty,Kufri Pukhraj
49.88,50.82,93.96,30.83,48.74,7.65,1118.69,Barley,Chalky,BH-902
75.39,64.98,104.52,26.08,65.81,7.13,1328.55,Rice,Clay,Swarna
74.96,26.2,78.21,23.91,75.28,6.18,1291.07,Maize,Silty,Pioneer-3396
44.77,39.38,39.24,31.02,36.61,6.06,720.25,Watermelon,Sandy,Sugar Baby
86.93,67.41,121.51,27.67,67.62,6.96,1447.42,Soybean,Clay,JS-335
52.5,44.56,54.87,32.04,32.03,6.09,875.86,Watermelon,Sandy,Crimson Sweet
124.18,38.21,69.44,16.37,75.95,5.6,1569.25,Tea,Peaty,TV-1
67.39,39.23,74.1,28.56,66.14,7.71,1116.02,Tea,Silty,TV-1
86.36,55.13,106.53,22.84,59.01,6.8,1037.06,Soybean,Loamy,NRC-37
53.56,45.94,71.88,28.56,55.71,8.3,546.79,Barley,Chalky,RD-2552
112.14,71.05,108.13,24.2,65.39,6.97,1446.86,Rice,Clay,Swarna
88.77,78.41,126.09,24.65,65.85,7.28,1892.12,Sugarcane,Clay,Co-0118
82.42,46.1,68.63,23.51,71.44,6.51,1236.24,Rice,Silty,IR64
108.08,54.62,95.91,20.34,66.88,6.81,1108.59,Rice,Clay,Basmati-370
53.59,21.67,31.91,30.89,42.27,5.3,587.43,Potato,Sandy,Kufri Pukhraj
42.64,30.33,59.93,35.29,42.56,6.02,430.11,Watermelon,Sandy,Sugar Baby
125.61,50.37,76.7,27.18,77.92,4.82,2137.06,Potato,Peaty,Kufri Pukhraj
47.43,53.01,107.75,26.24,74.83,7.32,1310.72,Maize,Loamy,Pioneer-3396
21.97,64.93,58.65,34.71,60.36,7.98,858.29,Cotton,Chalky,Bt-2
36.06,31.39,60.76,26.02,42.72,7.09,514.68,Potato,Sandy,Kufri Bahar
54.25,40.37,96.51,28.92,48.49,7.99,739.08,Groundnut,Chalky,TAG-24
41.08,74.53,87.14,29.17,52.4,7.69,593.55,Cotton,Chalky,Bt-2
87.43,62.49,109.1,28.34,73.28,7.05,1534.08,Rice,Clay,Basmati-370
64.59,62.7,125.17,27.81,56.11,6.46,1572.42,Rice,Silty,IR64
44.97,36.5,104.76,26.48,62.56,7.6,733.03,Millet,Chalky,RHB-173
32.54,47.54,92.39,24.37,51.18,7.93,797.64,Cotton,Chalky,Bt-2
121.52,55.19,64.11,17.01,90.73,5.8,1141.43,Potato,Peaty,Kufri Pukhraj
105.86,44.15,83.79,20.56,83.19,5.12,2015.53,Potato,Peaty,Kufri Jyoti
102.3,54.15,104.2,22.63,67.38,6.23,1413.51,Rice,Clay,Swarna
51.54,67.75,102.84,26.64,57.82,8.28,634.64,Cotton,Chalky,Suraj
54.08,66.02,102.42,28.75,34.63,8.08,1053.19,Potato,Chalky,Kufri Pukhraj
46.55,33.46,51.54,34.99,39.65,6.38,617.09,Groundnut,Sandy,GG-20
54.39,31.68,52.03,30.61,35.88,5.37,699.53,Rice,Sandy,Swarna
58.24,40.94,140.0,31.65,49.25,8.1,814.13,Barley,Chalky,RD-2552
39.42,28.1,63.99,29.84,39.6,5.79,708.37,Maize,Sandy,Pioneer-3396
66.67,35.66,81.37,21.17,67.52,7.1,1002.03,Wheat,Silty,Lok-1
62.59,53.61,62.68,27.73,68.32,6.18,1322.71,Rice,Silty,Basmati-370
129.7,33.1,77.04,22.95,79.38,5.5,1469.84,Potato,Peaty,Kufri Pukhraj
51.73,27.6,56.84,28.4,55.64,6.26,965.01,Watermelon,Sandy,Crimson Sweet
96.19,36.05,94.71,24.4,80.12,7.37,1640.28,Sugarcane,Clay,Co-0118
115.41,31.74,82.13,20.85,76.03,5.1,1381.72,Potato,Peaty,Kufri Pukhraj
47.58,62.08,91.49,21.27,43.75,8.43,897.93,Barley,Chalky,DWRB-73
89.08,26.86,52.21,21.12,81.13,5.1,1954.02,Rice,Peaty,Swarna
100.77,32.18,68.08,17.29,78.34,5.0,1683.77,Rice,Peaty,Basmati-370
109.4,56.84,136.31,22.22,67.18,6.53,2200.0,Cotton,Clay,Bt-2
111.59,62.14,117.66,24.81,71.78,5.98,1219.02,Sugarcane,Clay,Co-86032
47.91,75.02,68.4,32.34,32.51,8.53,674.38,Wheat,Chalky,Lok-1
53.11,63.49,83.02,27.7,42.43,7.85,632.7,Sugarcane,Chalky,Co-86032
105.66,44.16,70.64,21.93,77.76,5.35,2553.09,Tea,Peaty,TV-1
46.24,32.51,73.07,33.0,28.42,6.54,1095.41,Groundnut,Sandy,TAG-24
44.55,45.54,88.51,28.55,45.56,7.82,460.21,Potato,Chalky,Kufri Pukhraj
86.71,31.69,97.99,22.85,78.78,4.94,1783.66,Rice,Peaty,IR64
105.65,35.47,65.48,19.11,82.67,5.46,2180.78,Potato,Peaty,Kufri Bahar
107.07,45.5,72.96,19.25,82.52,5.47,1399.61,Tea,Peaty,UPASI-9
65.23,37.62,86.88,26.99,52.3,6.75,902.11,Rice,Loamy,IR64
70.55,33.37,74.29,28.51,73.47,7.32,1140.61,Maize,Silty,HQPM-1
116.5,31.75,49.83,19.83,78.88,5.01,2010.87,Wheat,Peaty,PBW-343
113.08,41.59,87.24,20.51,88.89,4.01,2370.09,Vegetables,Peaty,Hybrid-B
65.23,62.53,84.86,19.63,71.61,6.2,1558.95,Maize,Silty,Pioneer-3396
130.77,32.73,87.41,24.62,70.55,6.95,1623.55,Cotton,Clay,Suraj
92.91,43.89,85.0,25.72,79.73,6.51,1252.28,Maize,Loamy,HQPM-1
78.77,47.45,82.5,19.87,75.05,7.27,1205.62,Rice,Silty,IR64
49.98,59.53,98.45,24.81,48.92,7.83,494.79,Wheat,Chalky,PBW-343
89.0,64.07,105.32,26.87,71.72,6.45,1244.16,Rice,Clay,Basmati-370
20.97,57.77,126.04,20.4,61.35,7.23,888.74,Wheat,Chalky,HD-2967
70.25,58.51,135.11,22.18,66.59,6.94,1449.27,Sugarcane,Clay,Co-0238
79.17,29.63,107.87,23.24,71.48,7.21,1340.48,Wheat,Silty,Lok-1
41.12,47.73,67.07,25.52,45.91,7.97,1197.36,Groundnut,Chalky,JL-24
49.87,60.25,71.32,18.0,50.78,8.31,795.7,Cotton,Chalky,Suraj
77.91,45.73,74.72,22.39,67.51,6.81,1525.43,Wheat,Silty,Lok-1
94.41,39.1,100.87,21.24,51.11,6.76,1531.28,Sugarcane,Loamy,Co-0118
90.45,62.08,132.97,27.2,73.86,5.5,1170.96,Wheat,Clay,Lok-1
78.29,56.26,74.89,23.89,68.47,6.72,1208.18,Wheat,Silty,Lok-1
100.82,54.98,85.48,22.08,68.11,7.8,1145.61,Maize,Loamy,DHM-117
60.19,47.09,74.7,27.24,56.19,7.07,1187.43,Maize,Loamy,Pioneer-3396
56.18,17.52,43.14,30.17,49.85,6.9,639.71,Potato,Sandy,Kufri Jyoti
104.76,49.09,66.78,26.49,64.79,6.7,1510.9,Maize,Loamy,Pioneer-3396
63.4,35.92,89.25,28.22,71.87,6.33,1806.75,Wheat,Silty,HD-2967
66.92,27.02,87.11,28.99,65.53,6.89,1198.38,Maize,Loamy,Pioneer-3396
51.57,60.49,137.62,27.67,48.32,7.83,570.07,Barley,Chalky,RD-2552
99.72,32.04,75.49,17.97,83.13,4.93,1716.01,Potato,Peaty,Kufri Bahar
70.2,48.56,64.14,20.26,55.09,7.18,1283.58,Wheat,Silty,Lok-1
65.46,57.7,69.39,23.57,50.51,7.64,823.32,Millet,Chalky,HHB-67
56.78,48.46,76.43,24.11,36.25,7.45,789.29,Maize,Chalky,DHM-117
46.7,30.78,54.27,29.11,56.76,6.6,724.38,Groundnut,Sandy,TAG-24
103.16,32.54,68.81,18.74,69.73,4.82,1704.76,Vegetables,Peaty,Hybrid-B
50.66,68.97,98.33,26.86,49.8,8.19,537.44,Cotton,Chalky,Bt-1
35.74,56.55,62.14,25.13,33.89,8.02,996.59,Watermelon,Chalky,Arka Manik
39.42,27.62,54.8,34.76,33.61,5.91,1100.0,Cotton,Sandy,Suraj
40.82,40.05,122.59,23.31,43.77,8.13,728.79,Millet,Chalky,ICTP-8203
37.84,58.21,85.82,31.68,44.23,7.92,762.35,Barley,Chalky,BH-902
64.93,38.73,97.1,18.67,55.25,6.84,1621.7,Vegetables,Silty,Hybrid-B
91.42,48.45,70.34,22.62,64.43,7.0,944.49,Rice,Loamy,Basmati-370
70.01,46.94,128.75,27.19,71.18,6.49,1500.15,Wheat,Clay,PBW-343
64.6,56.95,81.59,25.71,73.65,6.33,1153.29,Maize,Silty,HQPM-1
73.97,41.07,90.31,24.46,58.6,6.38,1276.13,Vegetables,Silty,Local-1
46.87,27.88,58.87,27.96,39.57,6.5,670.21,Watermelon,Sandy,Crimson Sweet
101.88,61.77,126.53,28.99,73.22,6.08,1364.69,Sugarcane,Clay,Co-0118
115.9,35.75,71.47,17.98,80.78,4.89,2101.93,Potato,Peaty,Kufri Pukhraj
42.1,28.05,44.27,32.23,32.64,6.68,681.43,Millet,Sandy,ICTP-8203
49.08,25.59,57.52,32.54,40.72,6.27,864.93,Potato,Sandy,Kufri Jyoti
130.78,32.32,72.29,20.19,76.5,5.4,1632.96,Vegetables,Peaty,Hybrid-B
38.89,47.29,127.05,30.24,40.21,7.41,659.83,Wheat,Chalky,Lok-1
90.32,71.15,104.2,24.46,72.56,7.19,1354.75,Wheat,Clay,Lok-1
73.94,30.92,116.07,24.02,70.52,7.14,1324.36,Rice,Silty,IR64
29.31,29.48,28.68,30.5,34.61,6.14,773.82,Millet,Sandy,RHB-173
66.27,47.09,86.78,23.94,80.87,6.58,1156.96,Vegetables,Silty,Local-1
138.49,33.72,67.57,23.56,83.88,5.32,1433.1,Vegetables,Peaty,Hybrid-B
36.67,26.01,57.95,29.99,34.14,6.18,598.5,Millet,Sandy,ICTP-8203
80.41,43.86,132.0,27.91,87.27,6.5,1293.06,Wheat,Clay,PBW-343
52.2,43.92,91.13,29.31,32.67,7.86,583.95,Millet,Chalky,HHB-67
104.83,57.94,145.18,26.58,59.68,6.68,2005.38,Wheat,Clay,PBW-343
71.35,44.12,82.17,24.77,58.89,6.37,1162.99,Potato,Silty,Kufri Pukhraj
32.8,16.51,50.81,27.41,35.32,6.03,550.53,Groundnut,Sandy,GG-20
108.3,53.85,107.54,25.05,78.2,6.19,1660.14,Cotton,Clay,Bt-1
55.0,68.3,115.78,25.64,78.99,6.57,1268.19,Sugarcane,Clay,Co-0118
135.75,37.36,83.64,15.45,82.4,5.72,1878.63,Rice,Peaty,IR64
61.4,73.8,101.0,25.6,50.72,7.79,650.45,Millet,Chalky,ICTP-8203
78.84,36.01,65.55,27.92,65.5,7.01,1031.94,Soybean,Loamy,MAUS-71
69.66,49.72,93.49,28.71,64.21,7.18,1327.89,Soybean,Loamy,JS-335
117.95,33.02,83.97,19.47,75.44,5.37,2143.81,Sugarcane,Peaty,Co-0118
88.35,43.27,77.4,27.83,66.16,6.18,1180.9,Wheat,Loamy,PBW-343
86.41,48.78,99.39,25.71,55.63,7.49,1414.05,Cotton,Loamy,Suraj
124.35,34.2,97.48,17.08,90.66,4.4,1692.76,Tea,Peaty,TV-23
102.31,61.89,104.11,26.9,62.27,7.2,1116.7,Sugarcane,Clay,Co-86032
55.44,62.52,104.03,23.05,55.68,7.76,899.22,Millet,Chalky,ICTP-8203
85.36,45.46,83.88,24.35,72.8,6.77,1762.6,Maize,Loamy,HQPM-1
47.51,23.24,45.52,33.03,52.89,5.6,541.26,Watermelon,Sandy,Sugar Baby
40.8,25.99,24.1,29.72,52.91,6.99,365.33,Groundnut,Sandy,GG-20
87.25,62.03,107.98,29.01,84.01,6.36,1467.28,Cotton,Clay,Bt-2
84.2,43.26,81.13,32.93,56.85,5.92,1014.55,Potato,Loamy,Kufri Bahar
103.14,52.07,79.52,21.82,49.79,7.24,1409.81,Maize,Loamy,DHM-117
57.31,53.95,120.09,23.8,78.52,6.96,1448.47,Vegetables,Silty,Hybrid-B
74.52,40.81,86.15,25.42,67.11,6.33,1156.59,Wheat,Loamy,HD-2967
54.8,24.62,54.48,31.92,42.62,6.49,566.8,Watermelon,Sandy,Crimson Sweet
46.57,39.86,77.65,25.8,55.0,6.87,1552.35,Maize,Silty,Pioneer-3396
83.16,34.99,92.8,25.2,64.11,7.08,1407.26,Potato,Loamy,Kufri Jyoti
84.22,53.49,99.56,23.92,71.06,7.11,1097.28,Soybean,Loamy,NRC-37
100.78,64.09,86.27,22.37,63.29,7.04,1676.13,Rice,Silty,Basmati-370
50.45,20.72,61.55,30.19,30.45,5.47,672.99,Groundnut,Sandy,TAG-24
61.54,27.44,45.95,30.33,50.14,6.15,822.44,Potato,Sandy,Kufri Jyoti
53.51,30.62,54.99,32.51,39.95,5.84,589.62,Groundnut,Sandy,JL-24
35.35,27.57,47.4,31.21,35.66,6.6,481.5,Potato,Sandy,Kufri Jyoti
88.66,40.25,112.44,26.21,53.25,6.57,969.39,Maize,Loamy,HQPM-1
72.08,51.88,113.03,24.43,59.43,6.83,879.47,Sugarcane,Loamy,Co-0118
48.47,56.75,81.45,21.48,50.35,8.12,877.98,Cotton,Chalky,Bt-1
94.1,48.78,66.3,29.36,65.05,7.07,1272.36,Soybean,Loamy,NRC-37
18.47,49.39,106.8,21.26,52.09,7.83,645.58,Cotton,Chalky,Suraj
22.45,47.11,51.31,27.75,38.83,7.98,831.26,Tomato,Chalky,Pusa Ruby
88.92,55.7,121.84,26.45,84.3,7.19,1639.5,Cotton,Clay,Bt-2
61.61,57.19,97.04,24.44,52.34,7.83,444.37,Cotton,Chalky,Bt-1
92.89,60.47,92.75,27.18,75.02,6.66,1467.75,Cotton,Clay,Suraj
55.99,36.22,66.28,29.53,26.33,6.47,915.38,Watermelon,Sandy,Arka Manik
122.29,41.75,124.48,27.46,72.24,7.22,1484.32,Cotton,Clay,Bt-1
36.91,26.18,49.89,32.19,48.56,5.95,621.74,Potato,Sandy,Kufri Pukhraj
86.46,74.28,91.2,25.64,66.64,7.33,1087.27,Sugarcane,Silty,Co-86032
48.49,73.04,92.74,19.34,54.36,7.52,679.38,Barley,Chalky,DWRB-73
43.22,75.76,54.18,22.59,32.63,8.24,1152.39,Wheat,Chalky,PBW-343
57.14,57.43,78.93,21.49,61.14,6.89,1163.54,Cotton,Loamy,Bt-2
70.5,20.18,53.91,29.12,42.5,6.11,548.86,Groundnut,Sandy,JL-24
87.5,54.97,88.34,19.11,70.23,6.95,1192.37,Wheat,Loamy,PBW-343
87.31,50.21,81.55,25.85,65.31,7.39,1270.74,Sugarcane,Loamy,Co-0238
82.49,50.22,94.3,23.14,64.63,6.56,1441.6,Maize,Loamy,HQPM-1
72.04,57.88,127.66,23.82,72.58,6.71,1436.05,Maize,Silty,Pioneer-3396
93.16,72.1,111.93,33.0,70.69,5.94,1551.31,Sugarcane,Clay,Co-0118
29.99,55.85,48.63,26.42,52.7,7.52,570.76,Cotton,Chalky,Suraj
39.53,33.37,66.35,28.09,49.54,6.02,373.27,Millet,Sandy,HHB-67
50.74,52.15,90.06,18.96,43.93,8.41,806.47,Millet,Chalky,HHB-67
36.43,65.99,86.32,25.71,62.72,7.73,905.74,Millet,Chalky,ICTP-8203
112.06,50.52,102.1,30.24,69.34,6.81,1157.32,Sugarcane,Loamy,Co-0118
69.58,30.88,91.52,24.78,70.76,7.64,1112.66,Cotton,Silty,Bt-2
41.5,75.84,86.13,28.85,40.35,8.45,699.99,Wheat,Chalky,Lok-1
94.1,57.45,105.4,20.32,73.87,6.97,1333.08,Wheat,Silty,PBW-343
70.15,24.76,46.1,27.5,49.74,6.78,656.37,Watermelon,Sandy,Crimson Sweet
130.4,65.96,120.88,33.0,81.09,6.54,1154.72,Cotton,Clay,Suraj
48.35,22.24,41.74,32.37,48.42,6.49,720.91,Potato,Sandy,Kufri Bahar
47.68,23.35,43.93,25.93,51.73,6.26,1018.24,Watermelon,Sandy,Crimson Sweet
107.33,49.98,103.05,18.8,78.78,5.04,1822.64,Tea,Peaty,TV-1
98.3,52.7,83.35,17.77,78.87,5.83,1882.65,Rice,Peaty,Swarna
80.0,45.89,88.66,26.74,36.22,8.43,844.54,Barley,Chalky,BH-902
70.03,58.13,111.94,25.53,51.62,8.03,1128.96,Millet,Chalky,HHB-67
61.41,54.75,95.07,25.81,82.13,6.95,1410.15,Vegetables,Silty,Hybrid-B
54.57,35.06,51.94,23.97,50.43,5.6,725.48,Potato,Sandy,Kufri Jyoti
96.53,55.7,130.37,23.81,63.89,7.08,1697.09,Wheat,Clay,Lok-1
50.63,29.6,49.33,32.29,50.96,6.44,633.21,Millet,Sandy,ICTP-8203
43.28,45.06,118.04,30.72,57.24,7.81,607.09,Wheat,Chalky,Lok-1
54.9,77.91,94.65,24.35,52.98,7.33,960.04,Cotton,Chalky,Suraj
61.89,57.21,134.37,27.33,74.22,6.76,1307.31,Cotton,Clay,Suraj
102.14,68.11,133.73,26.76,61.82,6.28,1272.14,Wheat,Clay,PBW-343
56.27,27.94,70.84,25.15,32.0,6.63,816.53,Groundnut,Sandy,JL-24
46.16,55.42,95.1,26.59,28.59,8.07,862.75,Millet,Chalky,ICTP-8203
95.68,75.05,90.53,23.66,79.78,6.3,1260.28,Rice,Clay,Basmati-370
71.17,29.72,89.88,25.79,74.48,6.75,1384.91,Rice,Silty,Basmati-370
58.35,27.76,41.94,26.67,47.65,6.46,885.43,Groundnut,Sandy,TAG-24
72.2,42.12,103.11,32.89,60.85,6.98,1800.0,Tomato,Loamy,Pusa Ruby
138.58,60.09,112.29,18.0,81.61,6.42,1204.04,Tomato,Clay,Roma
73.99,26.73,102.18,24.53,81.98,7.0,1216.99,Rice,Silty,Swarna
75.74,58.19,90.89,23.32,54.93,6.72,1456.94,Groundnut,Loamy,TAG-24
101.89,41.48,88.72,28.37,71.13,6.49,958.57,Soybean,Loamy,MAUS-71
84.9,30.18,95.95,29.52,73.1,6.77,1035.88,Wheat,Silty,Lok-1
46.29,28.22,63.1,34.24,44.98,6.64,560.29,Potato,Sandy,Kufri Jyoti
52.26,20.86,84.42,29.13,46.57,6.54,607.85,Watermelon,Sandy,Crimson Sweet
83.86,46.04,122.23,25.96,65.5,6.85,1221.79,Tomato,Loamy,Pusa Ruby
73.69,44.53,98.55,27.29,75.87,6.84,856.42,Cotton,Loamy,Suraj
51.02,70.73,76.99,24.47,49.03,8.35,1123.64,Millet,Chalky,ICTP-8203
73.21,41.33,105.79,27.75,64.36,6.5,1616.3,Potato,Silty,Kufri Jyoti
54.04,65.88,74.32,26.68,33.54,7.46,1113.91,Barley,Chalky,RD-2552
77.42,49.34,83.93,24.07,68.29,6.45,1397.17,Maize,Silty,DHM-117
93.23,49.12,62.18,22.68,57.07,7.08,1286.46,Soybean,Loamy,MAUS-71
71.45,28.68,69.54,26.42,67.99,6.17,1756.2,Vegetables,Silty,Hybrid-A
90.44,34.51,61.61,19.25,82.2,5.99,2080.3,Vegetables,Peaty,Local-1
71.83,57.23,79.66,24.29,65.33,7.1,1197.96,Maize,Silty,Pioneer-3396
41.84,67.77,60.35,21.92,69.15,7.86,545.22,Cotton,Chalky,Bt-2
107.06,56.92,108.85,26.95,78.56,7.47,1112.24,Rice,Clay,Basmati-370
45.4,18.94,57.46,24.5,41.58,6.62,724.54,Groundnut,Sandy,TAG-24
91.29,61.86,92.43,27.32,69.73,6.45,2007.5,Rice,Silty,Basmati-370
89.13,52.14,73.68,22.22,67.86,6.69,1470.84,Tomato,Loamy,Roma
64.69,64.31,86.07,27.52,54.13,8.37,482.53,Rice,Chalky,Swarna
47.37,56.72,100.93,23.7,54.36,8.1,986.24,Wheat,Chalky,Lok-1
91.09,45.95,73.0,23.21,58.41,7.34,1448.47,Wheat,Loamy,HD-2967
59.63,62.0,81.56,20.9,76.49,7.34,1287.07,Groundnut,Silty,GG-20
101.31,48.73,107.63,25.2,70.18,7.04,1380.25,Sugarcane,Clay,Co-0238
47.0,51.72,65.94,29.75,48.88,7.97,1126.22,Millet,Chalky,HHB-67
77.3,56.81,82.77,30.32,57.48,6.71,1584.54,Wheat,Silty,Lok-1
46.49,27.26,60.51,22.0,46.58,6.28,917.91,Groundnut,Sandy,GG-20
86.23,75.0,101.37,20.35,79.03,7.06,1361.83,Wheat,Silty,PBW-343
102.38,39.24,120.63,24.89,55.66,6.28,951.63,Soybean,Loamy,MAUS-71
108.78,42.86,118.45,26.2,65.58,6.7,1330.93,Sugarcane,Clay,Co-86032
34.67,30.38,85.0,34.15,50.53,6.26,358.09,Watermelon,Sandy,Crimson Sweet
101.71,46.82,98.02,29.18,68.53,6.96,1522.24,Maize,Loamy,HQPM-1
70.0,40.23,72.46,17.69,76.9,4.92,1969.66,Millet,Peaty,HHB-67
90.66,29.73,82.06,23.29,76.23,5.5,2004.91,Vegetables,Peaty,Hybrid-A
76.62,20.92,107.62,24.24,57.34,6.93,1425.47,Maize,Silty,HQPM-1
95.44,28.4,124.43,24.2,63.99,6.4,1508.55,Vegetables,Clay,Local-1
113.16,44.43,125.68,23.56,73.44,7.05,1296.76,Cotton,Clay,Suraj
82.54,46.67,64.06,24.43,63.58,7.34,1005.0,Tomato,Loamy,Roma
121.46,35.05,49.94,17.95,79.31,4.5,1809.81,Vegetables,Peaty,Hybrid-B
57.46,54.63,74.26,27.56,48.27,7.59,1058.4,Millet,Chalky,ICTP-8203
97.23,62.56,126.21,22.98,68.5,6.75,892.3,Sugarcane,Clay,Co-0238
73.14,25.81,74.69,26.19,57.78,6.36,1211.64,Soybean,Loamy,NRC-37
88.62,43.09,95.31,26.98,59.8,6.91,1368.73,Tomato,Loamy,Arka Vikas
96.28,62.64,106.84,29.44,71.79,6.5,993.41,Rice,Clay,IR64
65.96,19.77,61.65,28.02,43.15,6.28,943.69,Cotton,Sandy,Bt-1
103.86,43.51,122.1,21.46,69.13,6.54,1150.95,Wheat,Silty,HD-2967
90.91,37.62,83.59,22.91,73.81,6.2,1410.96,Soybean,Loamy,MAUS-71
122.99,43.72,65.14,21.3,86.85,5.34,2030.6,Vegetables,Peaty,Local-1
65.24,59.52,88.61,26.65,71.95,6.52,1228.67,Maize,Silty,HQPM-1
20.0,30.46,55.15,29.89,49.69,6.41,785.8,Watermelon,Sandy,Arka Manik
39.26,73.1,85.0,24.41,54.5,8.01,946.48,Cotton,Chalky,Suraj
79.11,36.45,76.61,16.91,77.49,5.02,1779.76,Vegetables,Peaty,Hybrid-A
112.43,48.85,101.89,28.27,78.03,6.97,1905.58,Rice,Clay,IR64
53.84,31.21,78.6,27.7,32.54,5.86,559.98,Watermelon,Sandy,Sugar Baby
38.61,50.66,85.5,30.78,52.44,8.09,570.14,Groundnut,Chalky,GG-20
48.11,29.14,42.15,35.0,60.91,6.37,1098.48,Millet,Sandy,HHB-67
75.9,46.67,39.58,25.59,78.88,4.84,1816.98,Rice,Peaty,IR64
68.03,31.92,74.83,26.26,60.46,6.7,1130.96,Cotton,Loamy,Bt-2
99.57,42.47,59.79,16.1,79.14,5.1,1902.73,Tea,Peaty,TV-1
48.42,35.63,96.66,27.33,43.68,8.36,892.05,Barley,Chalky,RD-2552
120.0,47.91,74.12,23.91,66.93,6.28,1453.09,Sugarcane,Loamy,Co-86032
106.31,24.84,82.04,16.79,82.78,4.83,1787.29,Tea,Peaty,TV-1
99.32,53.64,113.31,25.73,66.16,7.36,1423.72,Wheat,Clay,HD-2967
74.92,52.38,107.52,23.88,64.84,6.8,1150.61,Rice,Silty,Basmati-370
54.78,46.32,81.34,26.34,41.25,7.69,638.47,Cotton,Chalky,Suraj
43.94,69.64,98.17,23.31,42.29,7.97,706.28,Millet,Chalky,ICTP-8203
42.54,39.82,126.69,28.26,44.62,7.72,720.58,Millet,Chalky,ICTP-8203
45.86,72.88,76.71,22.13,55.42,7.87,563.0,Rice,Chalky,IR64
92.96,54.82,107.52,23.81,67.79,6.74,1225.87,Sugarcane,Clay,Co-0238
53.7,67.17,103.79,21.66,45.12,7.82,752.72,Barley,Chalky,RD-2552
29.41,23.84,66.84,25.89,28.4,6.31,899.06,Potato,Sandy,Kufri Jyoti
71.24,58.83,101.04,26.88,40.42,7.93,555.04,Millet,Chalky,HHB-67
93.42,33.61,65.83,21.16,82.97,4.74,1808.47,Vegetables,Peaty,Hybrid-B
107.6,60.61,133.89,24.82,70.16,6.22,1293.47,Rice,Clay,Swarna
62.12,58.9,111.21,24.68,86.43,6.65,1579.77,Sugarcane,Clay,Co-86032
90.65,60.87,70.96,23.43,82.84,7.24,925.08,Wheat,Silty,PBW-343
74.42,61.07,68.46,23.1,62.08,6.25,1071.98,Wheat,Silty,Lok-1
44.16,29.96,60.16,29.57,56.78,6.73,633.05,Watermelon,Sandy,Sugar Baby
36.51,42.02,82.52,20.82,44.5,7.9,953.95,Wheat,Chalky,Lok-1
40.67,32.43,40.0,31.1,50.74,6.26,840.11,Groundnut,Sandy,GG-20
73.34,41.82,89.32,21.88,73.87,7.67,1663.56,Maize,Silty,HQPM-1
81.74,33.64,50.42,21.33,72.93,5.0,1834.48,Rice,Peaty,Basmati-370
98.09,33.31,70.12,21.5,75.16,4.62,1981.44,Rice,Peaty,Swarna
52.04,46.82,94.53,28.94,58.47,8.25,451.49,Cotton,Chalky,Suraj
54.86,34.79,48.62,26.79,45.59,6.5,436.23,Cotton,Sandy,Bt-1
95.74,42.48,107.09,23.79,71.14,6.66,1590.8,Rice,Clay,IR64
56.42,17.13,56.24,32.08,37.07,6.3,655.99,Groundnut,Sandy,GG-20
79.45,46.33,87.46,24.85,69.64,6.5,1530.56,Cotton,Clay,Bt-2
94.55,46.52,106.06,26.05,64.39,6.96,1633.53,Tomato,Loamy,Arka Vikas
70.75,27.0,100.48,26.43,66.48,6.59,1344.59,Sugarcane,Loamy,Co-0118
77.8,53.3,77.34,25.9,62.68,6.79,1446.72,Sugarcane,Loamy,Co-0238
89.73,56.52,105.04,25.74,61.39,7.49,1132.95,Soybean,Loamy,NRC-37
49.85,27.32,55.19,31.54,40.17,6.92,631.24,Potato,Sandy,Kufri Pukhraj
88.41,52.69,85.8,20.94,64.93,7.55,671.44,Wheat,Loamy,HD-2967
31.56,27.5,53.04,35.54,31.19,6.18,885.56,Potato,Sandy,Kufri Bahar
123.39,36.42,75.06,20.52,83.02,5.35,1938.26,Potato,Peaty,Kufri Jyoti
69.58,48.01,111.26,25.09,80.18,7.71,1627.36,Cotton,Clay,Bt-2
69.11,37.18,116.59,26.33,61.08,6.37,1027.56,Wheat,Silty,PBW-343
56.45,74.69,74.95,23.67,38.03,8.19,547.03,Cotton,Chalky,Bt-1
60.5,22.08,35.08,32.9,48.79,6.04,416.38,Groundnut,Sandy,GG-20
33.42,27.03,37.89,26.56,57.66,6.33,708.9,Potato,Sandy,Kufri Jyoti
62.04,24.79,49.81,33.3,31.07,7.13,1074.52,Potato,Sandy,Kufri Bahar
40.48,67.19,109.02,22.29,35.89,7.76,885.89,Wheat,Chalky,HD-2967
73.04,40.27,77.68,28.2,58.32,7.1,1062.65,Cotton,Loamy,Bt-1
105.76,39.49,73.57,26.78,67.07,6.87,1234.84,Sugarcane,Loamy,Co-0118
80.12,63.84,120.18,27.79,68.35,6.98,990.11,Cotton,Clay,Bt-1
82.51,69.7,87.33,18.24,61.16,6.75,1144.38,Cotton,Loamy,Bt-2
77.08,29.74,60.72,17.08,81.88,5.83,2207.34,Barley,Peaty,DWRB-73
58.88,43.06,40.66,26.86,38.25,6.98,845.39,Potato,Sandy,Kufri Jyoti
47.22,24.16,60.54,33.35,47.14,6.54,719.48,Millet,Sandy,HHB-67
68.51,62.22,110.41,22.25,78.94,7.2,1118.91,Rice,Clay,Swarna
85.01,41.27,84.86,29.17,61.75,7.53,1067.75,Maize,Loamy,Pioneer-3396
79.05,57.71,121.0,24.58,68.24,6.99,1566.19,Rice,Clay,Swarna
55.83,24.65,42.26,31.65,38.1,6.16,692.51,Millet,Sandy,ICTP-8203
37.96,25.2,51.48,24.75,32.57,6.5,589.56,Millet,Sandy,ICTP-8203
29.27,67.42,113.28,20.04,37.56,8.38,788.98,Millet,Chalky,HHB-67
76.25,56.56,81.79,22.69,64.95,6.72,1382.44,Vegetables,Loamy,Hybrid-A
63.54,22.01,80.86,22.46,45.0,7.47,1329.16,Tomato,Loamy,Arka Vikas
101.86,46.73,140.32,21.68,63.13,6.21,1566.62,Sugarcane,Clay,Co-0118
71.97,55.18,106.91,22.97,66.99,6.66,1211.92,Wheat,Loamy,Lok-1
74.71,40.39,87.88,20.03,62.97,7.15,1302.84,Rice,Silty,Swarna
65.83,41.66,102.35,22.73,65.37,6.38,1246.72,Maize,Silty,HQPM-1
105.77,48.68,123.37,25.87,60.62,6.71,1089.79,Cotton,Clay,Bt-1
86.97,36.85,30.0,17.43,78.07,5.01,1916.59,Vegetables,Peaty,Local-1
54.75,25.14,39.72,29.7,53.68,5.34,430.36,Watermelon,Sandy,Sugar Baby
106.51,26.16,106.93,25.53,64.48,6.56,1687.33,Maize,Silty,Pioneer-3396
42.48,76.08,54.87,32.45,63.46,7.63,563.44,Rice,Chalky,Basmati-370
95.93,44.34,99.33,18.65,60.75,7.08,1185.39,Maize,Loamy,HQPM-1
40.11,35.95,45.37,29.42,37.22,6.65,813.41,Millet,Sandy,HHB-67
102.48,36.8,67.66,20.69,81.37,4.97,1843.31,Vegetables,Peaty,Local-1
73.0,67.94,80.9,23.86,54.22,7.45,1226.0,Wheat,Silty,Lok-1
68.05,34.79,100.97,20.83,56.37,6.77,1192.2,Maize,Loamy,DHM-117
42.23,55.27,85.89,23.88,42.61,8.11,540.4,Wheat,Chalky,HD-2967
106.39,54.23,89.67,29.64,60.33,6.91,1075.06,Cotton,Loamy,Bt-1
59.42,56.99,103.32,25.06,42.08,8.45,558.14,Cotton,Chalky,Suraj
109.8,42.87,113.1,29.35,74.55,6.7,1098.69,Sugarcane,Clay,Co-0238
63.59,43.31,94.89,23.4,74.91,6.87,1427.93,Tomato,Silty,Arka Vikas
113.22,32.06,63.17,19.22,84.38,5.69,1478.78,Tea,Peaty,TV-1
90.47,46.05,110.65,22.41,50.38,6.94,1392.85,Maize,Loamy,Pioneer-3396
119.66,35.63,107.54,23.93,76.71,7.45,1471.17,Sugarcane,Clay,Co-0238
59.57,50.26,57.85,19.56,84.46,7.0,2100.0,Vegetables,Silty,Local-1
38.84,53.3,68.4,28.65,37.13,8.36,878.8,Groundnut,Chalky,TAG-24
58.98,47.81,128.48,21.59,63.95,7.12,1406.96,Rice,Silty,Swarna
25.87,19.25,71.27,31.24,39.14,6.23,677.16,Potato,Sandy,Kufri Bahar
115.76,81.32,126.84,26.86,68.58,6.48,1515.56,Cotton,Clay,Bt-2
50.32,68.33,94.21,35.0,42.01,8.51,749.16,Tomato,Chalky,Arka Vikas
141.47,41.98,65.0,18.55,87.04,4.0,2493.38,Rice,Peaty,Basmati-370
36.86,57.74,127.89,24.21,33.08,8.15,691.95,Sugarcane,Chalky,Co-86032
53.63,27.63,59.77,26.17,44.92,5.73,738.24,Maize,Sandy,DHM-117
63.33,69.37,97.2,20.1,60.36,6.34,1590.18,Wheat,Clay,HD-2967
75.0,22.52,78.82,32.3,37.09,6.4,801.09,Potato,Sandy,Kufri Bahar
34.64,21.95,20.0,28.52,41.96,6.08,856.06,Potato,Sandy,Kufri Bahar
55.18,28.18,57.88,27.74,42.02,5.73,918.07,Groundnut,Sandy,JL-24
41.96,51.97,91.45,30.07,44.8,7.6,475.73,Rice,Chalky,Basmati-370
68.76,40.31,98.8,25.1,65.34,6.71,1341.06,Potato,Loamy,Kufri Jyoti
40.29,39.23,73.4,22.57,35.7,8.02,1015.65,Wheat,Chalky,PBW-343
77.06,42.86,84.77,24.12,56.3,6.99,1652.64,Maize,Loamy,Pioneer-3396
37.45,26.29,58.12,26.9,39.61,6.15,441.44,Groundnut,Sandy,TAG-24
30.87,19.43,44.74,34.02,46.74,6.2,545.44,Watermelon,Sandy,Crimson Sweet
40.1,20.93,46.42,35.45,46.1,5.97,376.09,Groundnut,Sandy,TAG-24
74.27,47.09,83.33,32.38,63.71,7.62,1103.05,Cotton,Loamy,Suraj
58.95,58.43,74.26,22.06,68.42,6.11,1104.51,Rice,Silty,Swarna
57.2,46.63,87.73,27.93,68.25,6.35,1495.43,Maize,Loamy,Pioneer-3396
82.22,57.44,97.82,18.97,73.5,6.67,1621.87,Tea,Silty,UPASI-9
40.68,30.99,48.92,33.9,47.16,6.46,439.23,Potato,Sandy,Kufri Bahar
41.03,53.08,100.23,31.03,45.78,7.72,1267.27,Barley,Chalky,RD-2552
48.79,64.98,77.4,27.54,49.54,7.32,746.71,Millet,Chalky,HHB-67
98.78,46.76,81.22,15.17,66.07,5.06,1513.51,Vegetables,Peaty,Hybrid-B
66.22,40.83,62.63,20.52,78.71,6.89,874.43,Maize,Silty,Pioneer-3396
44.23,67.04,80.44,23.98,50.2,7.64,1016.04,Millet,Chalky,HHB-67
59.97,24.18,60.67,28.43,43.28,5.28,625.65,Potato,Sandy,Kufri Bahar
55.73,30.74,48.15,33.15,46.58,6.37,652.42,Potato,Sandy,Kufri Pukhraj
76.98,26.45,80.75,34.0,50.24,6.89,1143.95,Soybean,Loamy,NRC-37
97.17,46.99,109.33,25.34,63.48,7.45,1684.42,Sugarcane,Clay,Co-86032
105.5,52.05,88.7,24.53,63.25,7.41,1443.05,Vegetables,Silty,Hybrid-B
50.5,33.31,97.29,26.64,46.5,7.82,463.08,Cotton,Chalky,Bt-1
57.97,17.35,48.69,24.03,41.72,5.86,884.44,Millet,Sandy,ICTP-8203
135.47,47.48,83.71,15.08,80.18,4.86,1367.22,Potato,Peaty,Kufri Pukhraj
84.15,39.77,94.6,23.82,69.49,6.97,1706.83,Wheat,Silty,Lok-1
61.82,57.42,98.47,24.55,56.74,8.21,694.11,Millet,Chalky,ICTP-8203
62.72,49.66,88.8,22.37,66.03,6.93,1274.26,Rice,Silty,Swarna
56.23,50.75,114.81,21.21,43.81,8.01,972.7,Millet,Chalky,ICTP-8203
67.63,24.45,55.75,33.15,43.74,6.05,303.0,Potato,Sandy,Kufri Pukhraj
49.43,30.53,43.68,33.14,50.85,6.62,710.13,Potato,Sandy,Kufri Pukhraj
26.72,65.88,102.48,29.28,50.6,8.36,844.47,Barley,Chalky,DWRB-73
55.96,62.3,76.35,29.64,47.96,8.01,663.23,Barley,Chalky,BH-902
76.12,51.76,114.63,22.89,65.73,6.54,1602.34,Rice,Silty,Basmati-370
48.62,54.33,92.2,25.69,47.57,8.06,880.82,Cotton,Chalky,Bt-1
86.18,24.55,82.83,18.01,69.52,5.5,1786.74,Rice,Peaty,Basmati-370
98.9,39.75,87.56,21.87,67.14,7.13,1346.39,Maize,Silty,HQPM-1
113.65,48.06,87.04,32.55,56.65,7.03,911.76,Maize,Loamy,Pioneer-3396
70.58,51.21,133.51,24.61,62.5,6.78,1553.99,Wheat,Silty,Lok-1
100.45,61.7,132.39,19.64,78.37,7.44,759.55,Rice,Clay,IR64
52.99,31.51,39.18,27.15,46.05,5.89,704.2,Watermelon,Sandy,Arka Manik
58.01,62.92,96.18,27.46,52.5,7.72,644.02,Millet,Chalky,HHB-67
98.8,38.79,103.1,30.26,70.69,6.87,1488.7,Soybean,Loamy,NRC-37
40.05,37.13,63.86,30.89,58.8,5.67,673.74,Millet,Sandy,ICTP-8203
83.12,52.0,105.05,30.4,72.98,6.84,1029.85,Tomato,Loamy,Arka Vikas
48.45,20.86,51.8,30.02,53.77,6.81,621.19,Watermelon,Sandy,Sugar Baby
79.96,62.89,132.83,31.35,74.01,6.77,865.32,Cotton,Clay,Bt-2
62.74,45.22,140.0,27.65,46.88,8.09,947.25,Cotton,Chalky,Bt-2
32.95,62.15,100.89,20.97,40.22,7.96,878.41,Wheat,Chalky,HD-2967
100.31,29.99,81.43,20.62,58.43,6.83,1377.02,Sugarcane,Loamy,Co-0238
99.58,55.27,81.43,26.89,56.06,7.3,949.59,Maize,Loamy,Pioneer-3396
102.31,58.4,105.78,27.08,82.23,6.24,1310.26,Wheat,Clay,PBW-343
101.31,69.05,94.14,24.11,73.59,7.59,1574.53,Watermelon,Clay,Crimson Sweet
124.14,27.49,79.82,19.02,70.9,4.65,2082.25,Tea,Peaty,TV-23
94.65,59.08,105.36,21.94,56.11,6.53,1079.54,Millet,Loamy,ICTP-8203
49.62,28.32,27.27,29.75,39.86,5.8,909.41,Watermelon,Sandy,Crimson Sweet
64.17,33.35,99.31,26.4,60.38,6.98,1209.42,Soybean,Loamy,MAUS-71
134.95,51.39,45.1,17.54,75.43,5.69,1778.31,Rice,Peaty,Swarna
83.97,51.23,68.8,18.16,68.7,6.38,1059.23,Soybean,Loamy,NRC-37
89.9,55.83,109.25,21.6,88.0,6.85,1163.8,Rice,Silty,Swarna
115.48,74.76,94.93,23.73,77.0,6.75,1866.36,Sugarcane,Clay,Co-0238
80.45,34.14,99.42,26.33,68.45,6.5,910.84,Soybean,Loamy,MAUS-71
39.38,28.94,54.39,24.19,45.62,6.52,779.15,Groundnut,Sandy,TAG-24
70.69,40.7,108.79,32.04,69.67,7.53,1040.46,Soybean,Loamy,NRC-37
82.62,48.31,93.9,19.51,45.0,6.89,1003.19,Vegetables,Loamy,Hybrid-B
140.0,39.05,125.73,23.2,84.49,6.49,1367.9,Sugarcane,Clay,Co-0118
98.57,32.23,70.63,14.23,68.39,5.19,2600.0,Vegetables,Peaty,Hybrid-A
60.35,23.46,62.09,30.13,56.47,6.85,707.2,Rice,Sandy,Basmati-370
111.03,33.48,75.62,26.41,86.82,5.1,1959.22,Vegetables,Peaty,Hybrid-A
54.97,27.0,38.25,29.56,45.52,6.35,701.47,Watermelon,Sandy,Crimson Sweet
98.85,54.18,70.67,18.01,86.12,5.63,1942.34,Tea,Peaty,TV-1
47.32,29.85,48.56,28.26,49.33,6.51,618.39,Watermelon,Sandy,Crimson Sweet
30.26,34.38,20.79,28.77,59.16,6.16,689.7,Groundnut,Sandy,TAG-24
136.94,45.72,42.21,16.76,79.24,5.31,2177.94,Vegetables,Peaty,Hybrid-B
113.1,25.0,129.83,28.03,88.16,6.63,1300.0,Rice,Clay,IR64
134.87,23.09,82.58,19.33,73.44,5.42,1744.37,Vegetables,Peaty,Hybrid-B
22.57,40.16,50.66,31.79,34.4,6.1,565.1,Groundnut,Sandy,TAG-24
96.33,48.52,130.0,25.7,64.53,6.93,1350.17,Wheat,Loamy,PBW-343
42.82,33.96,49.96,25.4,32.08,5.57,776.01,Potato,Sandy,Kufri Pukhraj
59.93,46.07,48.66,30.18,47.67,7.93,785.25,Barley,Chalky,RD-2552
106.68,52.2,140.01,22.87,64.66,7.2,872.05,Cotton,Clay,Bt-1
38.94,30.14,56.8,27.54,27.99,6.48,528.26,Groundnut,Sandy,JL-24
80.61,38.66,72.79,24.34,65.71,6.28,986.11,Maize,Loamy,Pioneer-3396
64.35,56.21,78.23,20.91,65.04,7.4,965.83,Wheat,Silty,HD-2967
70.65,31.68,20.0,38.0,30.78,6.21,489.73,Potato,Sandy,Kufri Pukhraj
96.66,56.33,98.54,21.03,67.57,7.3,1240.05,Soybean,Loamy,JS-335
51.61,35.69,95.23,19.06,68.04,7.49,1200.48,Vegetables,Silty,Hybrid-B
83.89,56.42,91.14,22.79,82.84,6.5,1444.76,Cotton,Clay,Bt-1
91.38,26.64,75.24,19.39,80.45,7.12,1486.06,Rice,Silty,Basmati-370
105.74,56.75,103.79,22.24,61.81,6.81,1601.94,Wheat,Clay,HD-2967
54.08,16.45,29.63,29.62,43.38,6.42,568.83,Watermelon,Sandy,Arka Manik
104.25,61.85,131.54,24.78,71.32,6.61,1549.6,Rice,Clay,Basmati-370
94.13,46.37,94.99,25.11,49.22,6.93,1298.87,Watermelon,Loamy,Sugar Baby
48.3,54.67,138.39,27.56,47.83,7.92,698.23,Millet,Chalky,RHB-173
131.11,46.35,85.99,19.99,78.5,5.41,1300.75,Potato,Peaty,Kufri Pukhraj
115.53,35.79,42.61,16.88,74.69,5.04,1438.25,Vegetables,Peaty,Local-1
71.52,47.38,99.53,27.0,71.0,6.58,1059.28,Maize,Loamy,Pioneer-3396
111.3,29.59,57.49,15.59,70.94,4.8,1888.15,Vegetables,Peaty,Hybrid-A
43.82,20.63,34.31,27.87,51.61,6.4,663.69,Groundnut,Sandy,JL-24
56.44,44.56,94.62,21.73,53.16,7.9,853.14,Cotton,Chalky,Suraj
113.16,66.56,94.76,26.56,79.98,6.58,1388.98,Cotton,Clay,Bt-1
83.02,38.07,88.34,28.52,78.84,6.47,1844.09,Wheat,Clay,PBW-343
107.53,38.58,77.88,16.02,79.22,5.72,1852.9,Rice,Peaty,IR64
82.54,39.95,112.01,26.77,60.33,6.67,1165.81,Tomato,Loamy,Roma
41.19,23.35,45.85,29.97,35.15,6.76,651.33,Tomato,Sandy,Pusa Ruby
48.19,40.68,126.54,31.8,25.03,8.19,703.6,Millet,Chalky,ICTP-8203
115.0,41.68,74.84,22.38,89.61,5.34,1340.65,Potato,Peaty,Kufri Pukhraj
131.51,37.91,88.56,19.86,79.88,4.91,1740.58,Tea,Peaty,TV-23
79.07,44.32,98.29,25.71,73.07,7.02,747.68,Rice,Silty,IR64
85.23,34.99,112.09,23.3,77.94,7.0,2010.85,Cotton,Clay,Bt-2
113.06,36.02,74.75,19.03,74.42,5.78,1927.66,Vegetables,Peaty,Hybrid-B
103.46,40.4,99.81,19.99,76.32,7.67,1501.58,Rice,Clay,Swarna
107.09,40.18,84.86,20.26,79.79,5.34,2268.51,Cotton,Peaty,Suraj
100.49,57.32,88.86,27.53,62.43,6.34,1711.87,Soybean,Loamy,MAUS-71
99.39,58.99,151.04,22.76,82.87,6.62,1369.37,Cotton,Clay,Bt-2
46.77,36.61,53.65,27.42,40.43,5.67,529.82,Millet,Sandy,ICTP-8203
45.74,71.71,66.47,24.76,54.43,8.39,778.29,Barley,Chalky,DWRB-73
41.59,40.66,76.22,28.61,39.81,5.61,687.76,Potato,Sandy,Kufri Pukhraj
116.2,45.85,79.9,19.77,77.49,5.23,1159.82,Vegetables,Peaty,Hybrid-B
125.71,30.89,81.65,19.85,87.34,4.84,1769.22,Potato,Peaty,Kufri Pukhraj
34.85,26.18,51.68,33.19,49.73,6.49,609.22,Groundnut,Sandy,TAG-24
28.82,65.45,87.22,19.6,33.38,8.08,901.87,Barley,Chalky,BH-902
59.16,53.36,45.0,18.42,69.39,6.78,1304.54,Vegetables,Silty,Local-1
54.75,41.89,32.13,27.41,43.18,6.12,620.61,Groundnut,Sandy,GG-20
109.07,42.72,68.57,17.43,74.92,5.28,1997.42,Tomato,Peaty,Arka Vikas
37.32,61.7,96.69,23.49,41.05,8.06,767.43,Wheat,Chalky,PBW-343
72.53,40.78,110.68,26.78,64.29,7.05,1256.21,Vegetables,Silty,Local-1
74.26,46.5,67.7,23.31,55.69,6.7,1022.73,Groundnut,Loamy,JL-24
72.26,46.12,74.14,33.27,74.76,7.39,1220.39,Soybean,Loamy,NRC-37
21.02,26.44,54.07,28.96,46.23,5.53,250.0,Millet,Sandy,HHB-67
38.3,49.43,139.5,22.07,28.9,7.75,707.9,Wheat,Chalky,PBW-343
92.71,46.0,73.39,14.2,91.19,5.52,1665.43,Rice,Peaty,IR64
35.56,17.52,56.34,30.62,54.87,6.74,1066.84,Potato,Sandy,Kufri Jyoti
75.76,76.01,114.18,30.22,68.31,7.15,1287.7,Wheat,Clay,HD-2967
76.79,30.18,73.6,26.83,59.14,6.48,1530.09,Wheat,Loamy,Lok-1
75.11,65.16,136.66,26.19,66.17,6.62,1261.05,Sugarcane,Clay,Co-0118
61.43,60.48,75.26,23.12,54.21,7.83,764.9,Millet,Chalky,HHB-67
92.58,40.92,99.1,27.01,62.28,7.24,1047.39,Vegetables,Loamy,Hybrid-B
46.61,74.66,96.39,22.79,57.03,8.4,855.01,Cotton,Chalky,Suraj
53.69,32.91,50.0,27.82,50.03,6.37,442.45,Groundnut,Sandy,TAG-24
102.63,47.0,60.62,23.78,77.75,6.41,2141.63,Potato,Peaty,Kufri Bahar
71.3,45.41,91.89,28.2,58.18,7.14,948.31,Cotton,Loamy,Bt-1
137.09,48.65,84.51,22.74,80.57,5.54,1453.63,Tea,Peaty,UPASI-9
71.81,66.41,138.28,25.17,77.96,5.97,1270.71,Sugarcane,Clay,Co-0238
137.66,55.02,134.9,26.77,75.45,6.58,1346.99,Cotton,Clay,Bt-2
45.62,24.9,51.21,26.89,30.75,6.52,832.6,Watermelon,Sandy,Crimson Sweet
55.28,73.33,72.8,31.29,53.48,8.09,535.02,Barley,Chalky,RD-2552
71.82,40.45,100.07,27.1,75.0,6.61,1257.74,Wheat,Silty,Lok-1
58.47,53.51,80.7,31.46,59.39,8.46,731.51,Barley,Chalky,RD-2552
100.97,29.33,74.15,20.89,61.92,6.81,1203.59,Watermelon,Loamy,Sugar Baby
70.6,52.96,104.07,27.27,74.75,5.91,972.1,Vegetables,Silty,Hybrid-B
127.46,41.99,71.36,12.0,76.72,4.77,1930.23,Tea,Peaty,TV-1
48.01,37.04,75.72,18.83,33.36,7.86,833.21,Wheat,Chalky,PBW-343
113.83,32.86,95.45,23.58,80.0,7.28,1265.1,Wheat,Loamy,HD-2967
94.05,42.44,92.74,18.0,60.23,7.29,1360.31,Tomato,Loamy,Roma
114.11,35.3,75.56,23.91,87.96,5.54,2018.57,Potato,Peaty,Kufri Bahar
86.53,48.68,86.15,25.07,72.78,7.16,1084.69,Wheat,Loamy,HD-2967
32.08,67.55,114.62,22.13,58.0,7.28,827.24,Millet,Chalky,HHB-67
140.0,53.23,118.83,25.2,72.91,6.93,1885.66,Cotton,Clay,Bt-1
88.1,33.43,112.99,25.19,74.65,6.9,1316.96,Tomato,Loamy,Arka Vikas
139.21,36.51,55.29,14.42,80.05,4.76,2395.58,Millet,Peaty,ICTP-8203
75.04,68.53,88.25,29.61,62.96,6.08,1149.18,Maize,Silty,DHM-117
59.33,66.68,112.24,19.6,83.79,7.4,1810.58,Cotton,Clay,Bt-2
86.35,28.65,73.89,23.88,76.91,5.29,2506.63,Vegetables,Peaty,Hybrid-A
33.61,42.15,106.12,29.32,44.14,7.67,1078.26,Barley,Chalky,RD-2552
38.35,66.5,70.05,25.88,53.23,8.18,770.81,Rice,Chalky,Swarna
110.13,41.13,95.41,23.74,76.18,6.95,1436.28,Vegetables,Silty,Hybrid-A
45.83,58.34,85.24,27.84,41.68,8.04,872.33,Millet,Chalky,ICTP-8203
94.07,47.79,113.03,29.3,81.12,6.95,1347.47,Rice,Clay,Swarna
79.32,47.59,85.69,22.86,74.49,6.2,1707.94,Rice,Silty,Swarna
27.86,36.06,49.45,27.75,36.32,6.63,462.76,Watermelon,Sandy,Arka Manik
55.69,16.3,53.16,26.63,42.74,6.05,570.71,Barley,Sandy,RD-2552
80.03,55.96,91.25,29.39,71.25,6.12,697.45,Tomato,Loamy,Pusa Ruby
111.26,33.52,67.71,22.85,72.77,5.25,1762.69,Tea,Peaty,TV-1
50.49,32.66,38.25,26.56,48.44,6.32,764.7,Watermelon,Sandy,Arka Manik
108.43,85.0,87.49,26.96,70.39,6.97,1271.45,Sugarcane,Clay,Co-86032
80.74,42.28,82.44,27.06,54.33,6.85,1350.36,Tomato,Loamy,Roma
46.49,21.88,51.6,33.88,44.08,5.92,594.54,Groundnut,Sandy,JL-24
65.3,52.25,110.92,19.76,69.81,6.7,782.54,Sugarcane,Loamy,Co-0238
78.38,43.57,59.01,17.98,69.07,7.1,1444.09,Wheat,Silty,Lok-1
80.64,29.12,98.46,25.95,62.62,6.74,1066.57,Soybean,Loamy,JS-335
48.12,30.21,59.93,31.5,39.01,6.01,627.83,Wheat,Sandy,PBW-343
106.26,47.52,60.71,19.89,83.87,4.73,1483.85,Vegetables,Peaty,Local-1
76.18,45.59,119.48,20.27,63.95,6.55,1200.04,Soybean,Loamy,JS-335
93.26,31.9,69.52,26.03,63.4,6.95,1098.57,Wheat,Loamy,HD-2967
42.88,50.44,85.75,21.36,41.65,8.13,760.5,Millet,Chalky,HHB-67
59.57,27.59,40.99,28.59,59.83,6.58,846.38,Millet,Sandy,HHB-67
50.11,26.45,53.1,37.24,43.8,6.56,792.49,Groundnut,Sandy,TAG-24
99.99,42.79,61.16,21.61,76.27,6.3,1660.36,Cotton,Peaty,Suraj
73.32,49.61,114.96,26.19,77.63,6.72,1315.83,Maize,Silty,HQPM-1
101.04,28.11,83.89,22.07,68.97,5.12,2207.15,Groundnut,Peaty,GG-20
72.69,50.84,67.21,23.38,77.01,6.34,1298.37,Vegetables,Silty,Hybrid-B
52.93,30.52,48.2,30.82,37.41,6.46,482.95,Potato,Sandy,Kufri Pukhraj
54.59,24.98,61.95,31.17,35.5,6.91,593.15,Tea,Sandy,TV-1
51.67,39.91,57.42,28.81,50.89,6.2,613.16,Cotton,Sandy,Suraj
132.98,42.0,70.49,22.36,74.93,4.92,2227.17,Wheat,Peaty,HD-2967
67.61,70.2,98.79,24.49,55.47,6.45,1608.13,Rice,Silty,Basmati-370
60.16,67.82,90.8,26.05,68.3,7.56,1023.39,Rice,Silty,Basmati-370
103.32,31.93,51.94,18.97,71.25,5.68,1529.65,Vegetables,Peaty,Hybrid-A
102.58,55.89,61.16,16.16,84.68,5.47,1028.74,Potato,Peaty,Kufri Bahar
125.56,37.27,70.53,20.29,78.12,5.09,1462.89,Potato,Peaty,Kufri Pukhraj
41.79,32.14,34.3,28.58,35.71,6.04,879.4,Millet,Sandy,HHB-67
83.69,40.47,91.8,19.97,62.76,6.36,1334.5,Wheat,Silty,PBW-343
97.29,54.88,61.13,25.99,59.88,6.85,1166.51,Maize,Silty,Pioneer-3396
62.67,33.93,101.93,23.44,57.95,6.84,985.11,Soybean,Loamy,JS-335
70.38,48.61,86.74,28.79,65.07,7.29,1092.57,Tomato,Loamy,Arka Vikas
86.99,33.42,71.3,21.54,80.51,5.46,1675.64,Potato,Peaty,Kufri Jyoti
47.68,31.62,60.53,26.93,37.43,8.01,626.77,Barley,Chalky,DWRB-73
70.58,39.67,76.0,23.09,69.14,6.62,986.69,Vegetables,Silty,Hybrid-A
74.15,59.51,99.85,26.64,67.55,7.03,1405.84,Wheat,Clay,HD-2967
89.22,60.18,95.04,30.13,73.13,6.57,1263.43,Sugarcane,Loamy,Co-0238
115.67,30.89,93.92,22.44,76.34,5.93,2197.19,Potato,Peaty,Kufri Pukhraj
144.76,43.35,46.98,17.91,95.0,5.64,1496.95,Rice,Peaty,IR64
94.34,37.36,136.9,30.97,75.19,6.58,1351.61,Rice,Clay,Swarna
65.39,41.41,81.8,29.88,53.37,6.58,1243.97,Tomato,Loamy,Pusa Ruby
64.73,62.07,86.66,28.69,68.37,6.74,1089.46,Wheat,Loamy,HD-2967
107.7,57.93,108.01,24.03,66.63,7.25,1385.75,Cotton,Clay,Bt-2
89.14,54.58,79.76,28.25,63.26,6.3,1738.51,Wheat,Clay,HD-2967
50.79,81.56,126.27,25.33,42.83,8.01,1063.05,Millet,Chalky,HHB-67
62.32,54.87,118.68,27.74,37.11,7.45,1146.03,Millet,Chalky,RHB-173
54.27,49.56,75.87,27.02,70.76,5.94,1260.54,Maize,Silty,Pioneer-3396
123.2,35.19,53.23,21.06,70.39,4.47,1482.13,Vegetables,Peaty,Hybrid-A
117.37,45.47,55.58,19.94,91.88,5.78,1913.39,Cotton,Peaty,Bt-2
49.23,33.77,46.37,25.89,48.79,6.21,477.62,Groundnut,Sandy,JL-24
33.79,17.52,23.33,27.91,50.76,6.18,707.33,Groundnut,Sandy,GG-20
96.43,48.65,75.45,23.95,72.67,7.27,1390.17,Wheat,Loamy,PBW-343
123.58,49.76,43.41,25.04,84.64,5.81,1792.43,Vegetables,Peaty,Hybrid-A
84.6,37.34,40.08,13.08,75.97,4.9,1648.36,Potato,Peaty,Kufri Jyoti
66.48,37.33,42.49,26.55,46.75,5.7,898.01,Potato,Sandy,Kufri Bahar
84.63,44.43,61.51,24.85,60.98,6.59,757.21,Cotton,Loamy,Suraj
143.44,45.58,75.97,13.48,79.2,5.99,2173.58,Potato,Peaty,Kufri Jyoti
62.92,20.0,69.6,27.83,68.5,6.16,1351.99,Tomato,Loamy,Roma
37.09,38.09,63.64,35.0,45.08,6.21,471.08,Millet,Sandy,ICTP-8203
81.78,60.34,102.25,25.01,73.74,7.16,1744.09,Wheat,Clay,Lok-1
117.33,64.63,87.87,25.01,64.13,7.45,1169.19,Cotton,Clay,Bt-1
51.22,61.91,70.56,21.74,44.88,7.84,884.27,Wheat,Chalky,Lok-1
75.17,33.47,77.86,25.07,60.52,6.57,1196.85,Sugarcane,Loamy,Co-86032
50.54,46.9,94.22,22.81,55.4,7.14,1547.28,Wheat,Silty,PBW-343
49.97,49.65,58.25,30.05,37.21,7.94,861.68,Wheat,Chalky,PBW-343
34.44,61.43,108.11,29.17,33.29,7.91,691.97,Cotton,Chalky,Bt-1
64.16,27.09,54.08,28.96,38.16,5.68,778.45,Tomato,Sandy,Roma
48.54,56.14,82.3,30.91,47.82,7.55,646.73,Wheat,Chalky,PBW-343
73.94,53.85,96.44,31.89,70.61,6.46,1253.66,Maize,Silty,DHM-117
67.12,61.9,94.45,24.62,77.76,6.84,1483.83,Vegetables,Silty,Hybrid-B
124.25,48.48,66.99,20.57,85.56,5.15,1670.12,Millet,Peaty,RHB-173
102.54,45.23,108.66,25.34,57.24,6.3,1083.18,Cotton,Loamy,Suraj
65.5,55.41,82.56,25.96,62.16,6.7,1396.49,Rice,Silty,Basmati-370
47.45,85.13,40.0,24.34,50.73,7.51,765.68,Cotton,Chalky,Bt-1
99.58,77.81,123.15,24.16,82.84,7.0,1963.12,Cotton,Clay,Bt-1
69.21,45.02,102.97,21.86,73.24,7.17,1329.07,Wheat,Clay,PBW-343
73.03,48.89,116.9,29.73,68.04,6.26,1414.08,Maize,Silty,HQPM-1
83.13,49.68,134.11,28.66,69.28,6.99,1444.71,Cotton,Clay,Suraj
110.21,29.65,66.48,17.35,70.91,5.61,1374.65,Cotton,Peaty,Bt-1
55.2,18.29,69.62,29.48,44.3,6.31,862.09,Potato,Sandy,Kufri Pukhraj
119.46,43.22,76.29,23.6,70.72,5.19,1088.58,Potato,Peaty,Kufri Pukhraj
85.09,39.21,103.74,23.95,63.54,6.16,1177.21,Rice,Silty,IR64
61.68,32.13,114.56,26.05,79.95,7.14,990.76,Rice,Clay,IR64
114.82,39.03,70.25,13.45,81.14,5.98,1489.81,Vegetables,Peaty,Local-1
60.78,67.26,88.59,22.21,45.23,8.79,823.37,Wheat,Chalky,PBW-343
53.02,25.94,50.27,31.84,43.91,6.18,751.9,Potato,Sandy,Kufri Pukhraj
107.2,40.09,82.47,22.83,71.71,6.27,922.12,Tomato,Loamy,Arka Vikas
82.99,53.0,107.35,28.13,65.54,6.75,1068.71,Potato,Loamy,Kufri Bahar
39.95,22.23,67.46,32.72,49.63,6.69,351.79,Millet,Sandy,HHB-67
119.46,45.0,77.55,19.45,92.24,5.99,1481.91,Rice,Peaty,Swarna
100.22,59.16,130.2,27.54,79.53,6.9,1542.4,Rice,Clay,Basmati-370
51.75,53.19,73.9,25.76,73.61,7.1,1215.65,Vegetables,Silty,Local-1
47.41,24.45,70.79,32.46,47.43,6.16,729.22,Cotton,Sandy,Bt-1
121.27,41.44,47.95,20.4,75.02,5.93,1946.76,Potato,Peaty,Kufri Jyoti
115.68,47.73,160.0,26.3,71.31,6.11,1349.46,Rice,Clay,IR64
38.56,28.1,51.03,38.0,34.65,6.25,442.27,Watermelon,Sandy,Crimson Sweet
86.83,50.2,74.51,23.57,69.79,7.46,1489.83,Sugarcane,Loamy,Co-0238
119.56,55.89,68.62,21.49,80.44,5.77,1958.33,Vegetables,Peaty,Hybrid-B
104.97,50.29,97.72,17.92,76.27,5.51,1334.7,Tea,Peaty,TV-1
97.45,52.03,88.03,22.5,55.31,7.09,905.14,Wheat,Loamy,Lok-1
48.84,30.84,36.69,35.51,50.47,6.18,522.09,Watermelon,Sandy,Sugar Baby
111.77,40.25,109.96,23.33,72.49,7.1,1610.29,Sugarcane,Clay,Co-0238
60.42,52.21,83.99,25.72,58.06,7.15,1269.05,Maize,Loamy,HQPM-1
70.29,53.65,79.52,27.75,62.18,7.18,1150.68,Sugarcane,Loamy,Co-86032
54.65,26.17,25.09,25.26,60.78,5.84,908.27,Potato,Sandy,Kufri Bahar
32.6,27.12,33.38,27.87,36.48,6.93,513.06,Watermelon,Sandy,Arka Manik
84.48,36.24,73.46,27.67,60.02,6.97,1557.92,Vegetables,Loamy,Hybrid-B
58.67,59.05,57.24,29.48,48.15,7.95,827.26,Barley,Chalky,RD-2552
142.96,62.23,56.49,21.4,84.06,5.15,1481.37,Tea,Peaty,UPASI-9
85.63,60.35,123.21,27.29,76.25,6.55,1329.33,Sugarcane,Clay,Co-0238
54.84,34.64,75.12,29.69,42.13,8.14,1105.54,Millet,Chalky,HHB-67
72.62,45.82,81.91,20.68,52.69,7.19,1495.8,Wheat,Loamy,Lok-1
104.14,38.5,66.67,20.44,66.56,6.85,1019.59,Cotton,Loamy,Bt-2
44.71,46.95,65.4,28.93,47.03,7.55,684.5,Wheat,Chalky,HD-2967
79.95,54.81,79.22,20.82,66.91,6.41,941.71,Wheat,Loamy,HD-2967
55.98,38.54,68.0,26.76,46.08,8.07,435.21,Tomato,Chalky,Pusa Ruby
85.93,53.49,104.87,23.1,62.98,7.17,1457.65,Sugarcane,Loamy,Co-0238
134.67,46.14,80.49,14.03,83.03,5.31,1542.25,Potato,Peaty,Kufri Jyoti
31.29,54.68,86.46,29.71,59.06,8.4,500.69,Wheat,Chalky,HD-2967
37.28,34.62,61.04,30.56,44.67,6.01,326.82,Potato,Sandy,Kufri Bahar
53.59,43.35,113.79,21.19,82.13,5.75,1666.19,Tea,Silty,UPASI-9
104.85,34.0,89.93,25.05,65.63,6.84,1110.61,Rice,Loamy,Basmati-370
68.59,50.16,109.86,26.18,68.79,5.96,1280.17,Rice,Silty,Swarna
107.45,43.98,69.93,22.23,85.85,6.24,1984.26,Rice,Peaty,Basmati-370
85.95,43.05,128.11,24.28,66.85,7.14,1582.34,Vegetables,Clay,Hybrid-B
47.18,79.49,105.85,18.98,35.63,7.43,790.77,Millet,Chalky,HHB-67
67.89,30.88,56.28,30.74,35.11,6.7,275.26,Watermelon,Sandy,Sugar Baby
86.76,42.79,76.86,24.67,75.45,6.35,1786.8,Vegetables,Peaty,Local-1
125.07,42.35,60.88,19.04,81.29,4.9,914.95,Potato,Peaty,Kufri Pukhraj
78.21,69.98,97.49,25.3,67.83,5.5,1328.68,Sugarcane,Clay,Co-0238
79.3,32.2,83.15,24.82,73.18,6.94,1819.05,Rice,Silty,Basmati-370
132.16,44.74,77.73,18.05,81.46,5.46,1870.29,Tea,Peaty,UPASI-9
97.97,61.3,95.93,22.95,80.06,6.64,1555.55,Rice,Clay,Basmati-370
65.74,36.87,88.9,22.6,71.78,7.0,1243.92,Rice,Silty,Swarna
99.94,44.16,160.0,27.25,81.46,6.63,1565.1,Cotton,Clay,Bt-2
120.0,42.1,113.65,31.03,66.09,6.81,1221.89,Maize,Loamy,DHM-117
114.97,32.97,66.74,18.71,81.41,5.99,1692.4,Rice,Peaty,Swarna
113.29,39.67,80.95,21.99,85.67,5.24,1618.65,Millet,Peaty,ICTP-8203
108.76,42.44,126.24,31.23,62.14,6.45,999.66,Rice,Clay,Basmati-370
79.68,55.28,89.93,24.63,60.84,7.46,837.67,Sugarcane,Loamy,Co-0238
32.39,73.67,90.26,28.28,50.12,8.24,973.18,Potato,Chalky,Kufri Pukhraj
101.98,40.87,65.31,26.73,60.8,6.1,956.45,Maize,Loamy,HQPM-1
98.12,50.46,113.69,27.94,62.52,7.19,1253.02,Sugarcane,Loamy,Co-0118
46.54,40.18,37.99,32.0,53.91,5.3,742.06,Rice,Sandy,Swarna
72.5,56.82,104.52,24.5,69.77,6.13,1387.25,Rice,Clay,IR64
48.58,28.03,66.67,28.89,47.71,5.88,748.61,Watermelon,Sandy,Sugar Baby
21.33,63.43,88.94,31.36,38.42,8.14,782.72,Wheat,Chalky,Lok-1
27.26,32.91,43.84,26.24,51.29,6.54,712.99,Groundnut,Sandy,TAG-24
104.53,29.79,42.76,22.86,80.11,5.74,1697.87,Tea,Peaty,TV-23
97.43,49.3,89.43,28.26,75.36,7.45,1093.16,Wheat,Clay,Lok-1
71.42,38.76,67.0,23.58,66.47,7.19,1531.94,Cotton,Silty,Bt-1
151.02,41.31,81.44,20.1,81.97,4.84,1563.9,Vegetables,Peaty,Hybrid-B
92.38,35.19,106.29,27.89,74.62,6.99,1106.77,Soybean,Loamy,MAUS-71
76.01,31.44,101.88,22.14,68.4,7.01,1564.64,Vegetables,Silty,Local-1
71.84,40.44,89.0,22.36,69.78,6.72,1297.08,Rice,Silty,IR64
96.6,39.8,89.35,23.95,62.67,7.2,1224.44,Cotton,Loamy,Suraj
80.59,36.8,71.67,20.63,81.89,5.33,2160.93,Tea,Peaty,TV-23
80.88,69.78,114.2,22.83,71.13,7.33,1581.91,Sugarcane,Clay,Co-0118
66.79,65.12,97.57,29.91,47.78,8.27,937.95,Barley,Chalky,DWRB-73
97.06,58.58,98.51,26.27,75.22,6.97,1761.13,Maize,Silty,DHM-117
117.08,27.07,102.35,21.55,68.11,7.42,1240.23,Cotton,Clay,Bt-1
97.51,46.42,100.63,24.32,64.84,6.51,1393.62,Groundnut,Clay,TAG-24
49.73,58.96,86.65,26.37,44.12,8.31,1053.84,Barley,Chalky,RD-2552
58.29,22.21,34.53,33.37,51.96,6.36,614.43,Watermelon,Sandy,Sugar Baby
101.47,41.08,107.32,26.56,74.11,6.81,1669.35,Rice,Clay,Basmati-370
77.64,48.72,82.91,23.62,69.46,6.28,1451.23,Rice,Silty,IR64
51.37,38.04,58.86,24.54,48.49,6.82,638.78,Groundnut,Sandy,JL-24
49.57,60.08,86.15,29.77,57.42,7.83,903.48,Barley,Chalky,DWRB-73
67.98,48.05,65.71,29.4,66.05,7.43,942.32,Tomato,Loamy,Roma
41.6,71.41,107.5,29.78,53.15,7.61,722.41,Millet,Chalky,ICTP-8203
49.17,52.83,120.81,31.53,61.19,6.38,1393.3,Cotton,Loamy,Bt-2
31.04,15.35,68.08,31.42,26.44,6.06,818.94,Millet,Sandy,HHB-67
85.94,25.02,87.49,13.77,89.29,5.13,1870.49,Potato,Peaty,Kufri Pukhraj
30.49,21.96,67.97,30.88,30.28,6.74,586.11,Millet,Sandy,HHB-67
115.78,62.44,109.38,25.84,68.22,6.16,1573.44,Cotton,Clay,Bt-2
40.93,23.27,60.53,35.39,28.53,7.4,708.3,Potato,Sandy,Kufri Pukhraj
86.93,46.89,92.86,20.62,71.01,6.82,1243.24,Wheat,Clay,HD-2967
57.82,27.11,53.76,29.95,36.34,6.02,573.58,Millet,Sandy,HHB-67
56.28,50.89,99.9,22.17,49.59,8.0,938.51,Barley,Chalky,DWRB-73
96.96,42.47,114.67,28.1,68.49,6.3,1675.47,Sugarcane,Clay,Co-0238
52.39,66.51,114.59,24.84,58.57,8.23,534.46,Barley,Chalky,RD-2552
83.61,59.94,88.45,27.12,60.48,6.93,1471.21,Maize,Silty,Pioneer-3396
71.06,53.69,104.77,25.57,68.55,6.18,1563.38,Sugarcane,Clay,Co-0118
35.0,53.42,100.86,28.77,54.28,7.7,1233.85,Wheat,Chalky,HD-2967
94.26,32.57,51.92,21.65,75.02,5.12,1551.49,Vegetables,Peaty,Local-1
76.71,64.73,77.07,21.97,76.87,6.64,1406.56,Rice,Silty,Basmati-370
129.24,34.12,88.54,19.93,76.59,5.69,1878.23,Tea,Peaty,TV-23
45.62,17.99,64.86,22.0,41.57,6.04,699.22,Millet,Sandy,HHB-67
93.61,44.54,74.97,24.48,70.61,7.06,1156.92,Cotton,Loamy,Suraj
67.73,38.67,70.72,23.45,63.43,7.07,1195.7,Maize,Loamy,Pioneer-3396
78.59,63.44,136.33,22.8,71.46,6.52,1760.19,Rice,Clay,Swarna
110.81,25.0,100.98,20.71,80.57,6.54,1472.76,Wheat,Clay,Lok-1
126.28,32.28,54.36,20.87,79.61,5.18,2022.44,Potato,Peaty,Kufri Pukhraj
109.04,54.43,107.91,31.72,80.8,7.16,1458.03,Wheat,Clay,Lok-1
86.45,44.61,77.82,24.26,66.42,6.3,1460.6,Wheat,Silty,HD-2967
47.05,77.29,69.46,22.16,27.58,8.23,376.93,Barley,Chalky,RD-2552
62.87,39.63,92.91,26.69,72.12,6.42,1076.09,Wheat,Loamy,Lok-1
18.49,42.95,93.03,25.8,60.45,7.67,837.02,Millet,Chalky,HHB-67
123.47,25.41,84.43,17.41,82.49,5.7,1877.75,Tea,Peaty,TV-1
125.52,53.29,135.21,26.6,77.26,6.66,1417.79,Rice,Clay,Basmati-370
107.15,43.58,121.86,26.12,78.8,7.79,1615.82,Wheat,Clay,PBW-343
63.01,62.61,87.22,24.44,55.43,7.93,392.21,Vegetables,Chalky,Hybrid-A
115.82,34.79,63.48,19.98,70.27,5.11,1528.9,Rice,Peaty,Swarna
93.09,47.89,92.41,30.56,71.64,6.75,1051.5,Sugarcane,Loamy,Co-0238
104.33,45.47,67.11,17.32,81.48,5.16,2359.94,Tea,Peaty,TV-23
121.03,57.58,87.3,23.29,82.63,4.84,1419.49,Potato,Peaty,Kufri Pukhraj
102.91,67.61,141.75,18.91,71.78,5.94,2200.0,Rice,Clay,Swarna
95.87,52.97,104.18,25.49,69.61,6.4,1045.74,Wheat,Clay,Lok-1
91.37,38.91,66.93,26.49,73.72,6.29,1572.27,Vegetables,Silty,Local-1
81.99,55.04,50.99,21.78,69.21,6.54,1412.49,Rice,Silty,Basmati-370
90.41,48.88,90.16,26.42,71.58,6.43,1378.39,Rice,Loamy,Basmati-370
58.66,23.38,45.31,27.4,36.25,6.52,652.91,Millet,Sandy,RHB-173
57.37,55.13,85.42,26.24,53.93,7.6,629.03,Wheat,Loamy,PBW-343
118.15,70.35,114.83,23.63,67.82,6.22,1183.86,Sugarcane,Clay,Co-0238
83.68,47.25,81.72,24.43,52.15,6.9,1357.5,Maize,Loamy,Pioneer-3396
71.79,27.84,98.91,25.78,65.79,6.25,2044.32,Maize,Silty,DHM-117
80.91,46.96,107.35,28.27,61.47,7.14,1362.76,Rice,Silty,Basmati-370
82.58,27.51,57.04,24.24,94.66,5.8,900.0,Rice,Peaty,Basmati-370
101.43,32.64,35.48,20.17,81.0,5.85,1627.29,Rice,Peaty,Basmati-370
40.23,61.04,94.69,28.72,55.28,8.15,899.94,Vegetables,Chalky,Hybrid-B
74.97,60.73,112.61,23.58,64.67,6.36,1572.97,Rice,Silty,Basmati-370
108.72,32.12,62.53,18.61,78.63,4.57,1614.06,Rice,Peaty,Swarna
45.58,50.61,96.5,24.82,57.61,8.79,815.54,Potato,Chalky,Kufri Jyoti
97.73,48.96,47.34,20.22,84.19,5.4,1719.21,Tea,Peaty,UPASI-9
66.16,57.23,78.09,30.55,60.73,6.84,1560.21,Cotton,Loamy,Bt-2
38.47,61.8,96.31,26.12,43.22,7.64,807.8,Millet,Chalky,ICTP-8203
80.77,55.35,107.01,28.27,76.11,6.36,1614.59,Rice,Silty,Swarna
66.85,52.7,94.08,25.4,50.57,6.21,1115.89,Cotton,Loamy,Bt-2
76.73,44.28,45.0,21.7,87.97,5.71,1053.16,Vegetables,Silty,Hybrid-A
88.83,28.96,76.08,24.78,56.71,7.36,1346.42,Cotton,Loamy,Suraj
81.11,43.04,79.55,28.81,64.83,6.89,1673.26,Soybean,Loamy,NRC-37
57.23,29.27,68.09,23.53,68.7,6.72,1050.49,Vegetables,Silty,Local-1
51.7,40.63,44.15,32.78,53.94,6.6,517.91,Millet,Sandy,HHB-67
86.68,44.7,89.16,19.16,59.98,6.81,1062.75,Maize,Silty,DHM-117
94.08,55.68,76.05,22.9,62.79,6.27,2100.0,Wheat,Silty,HD-2967
125.41,42.87,51.82,24.95,74.7,5.57,900.0,Tea,Peaty,TV-23
48.89,20.75,51.13,29.89,34.5,6.19,553.68,Groundnut,Sandy,JL-24
94.56,58.7,100.85,25.54,61.25,6.84,1072.53,Vegetables,Silty,Local-1
40.23,42.17,113.81,25.56,47.72,8.23,471.64,Cotton,Chalky,Suraj
66.42,32.29,109.86,22.69,63.39,6.96,1918.49,Vegetables,Silty,Hybrid-A
91.14,57.31,127.83,28.45,64.19,6.94,1492.31,Vegetables,Clay,Local-1
57.39,33.63,51.24,34.27,46.76,6.57,721.11,Millet,Sandy,RHB-173
104.18,71.95,107.46,23.05,83.58,6.75,1292.75,Rice,Clay,IR64
43.81,54.64,87.29,32.37,46.3,7.43,701.45,Wheat,Chalky,Lok-1
50.84,62.45,71.9,22.43,41.18,8.03,681.7,Cotton,Chalky,Suraj
80.18,29.85,85.07,31.37,76.38,6.55,989.24,Soybean,Loamy,MAUS-71
150.68,33.13,86.46,20.58,68.98,5.5,1516.25,Tea,Peaty,UPASI-9
128.58,50.41,114.87,27.86,74.55,6.29,916.71,Wheat,Clay,PBW-343
54.12,45.36,73.47,20.94,45.3,8.33,1300.0,Wheat,Chalky,HD-2967
89.51,43.49,74.72,16.1,85.02,4.61,1573.61,Vegetables,Peaty,Local-1
102.93,73.81,130.51,23.75,75.9,6.92,1517.25,Millet,Clay,HHB-67
70.02,39.27,108.19,22.8,64.07,7.01,951.44,Vegetables,Silty,Hybrid-B
134.27,48.03,141.12,22.35,80.44,6.45,1252.77,Wheat,Clay,Lok-1
90.67,57.45,96.54,29.89,60.25,6.71,1391.27,Sugarcane,Clay,Co-86032
112.52,34.76,111.92,25.18,57.3,6.71,1324.25,Rice,Silty,Swarna
100.05,57.73,80.74,21.83,83.51,5.54,1611.55,Potato,Peaty,Kufri Bahar
101.33,28.62,68.01,26.31,76.01,4.93,2060.07,Vegetables,Peaty,Hybrid-B
46.87,17.21,67.97,29.34,53.39,5.71,655.22,Watermelon,Sandy,Arka Manik
53.85,58.99,74.25,24.48,28.3,7.9,904.21,Wheat,Chalky,PBW-343
116.96,40.49,58.99,20.68,79.84,5.68,1887.48,Tea,Peaty,TV-1
102.96,54.52,93.79,27.69,79.75,6.61,1679.54,Wheat,Clay,HD-2967
110.33,35.39,91.2,20.76,78.95,5.18,1749.79,Vegetables,Peaty,Hybrid-A
131.2,30.89,73.92,20.07,73.36,5.05,1592.15,Millet,Peaty,HHB-67
105.14,33.45,94.34,22.4,78.96,5.32,1604.64,Vegetables,Peaty,Hybrid-A
58.21,28.55,56.9,30.16,45.0,5.99,726.73,Millet,Sandy,HHB-67
65.21,71.15,73.41,27.48,57.61,8.19,798.75,Millet,Chalky,RHB-173
39.01,38.57,99.98,24.86,57.23,7.6,814.79,Barley,Chalky,DWRB-73
82.24,37.79,79.45,24.66,49.71,6.93,1226.51,Sugarcane,Loamy,Co-0118
42.37,34.76,31.48,30.35,57.19,5.98,675.35,Millet,Sandy,ICTP-8203
94.21,73.46,99.01,26.42,81.69,7.07,1229.95,Rice,Clay,Basmati-370
89.9,58.58,134.97,21.99,80.97,6.54,1383.1,Rice,Clay,IR64
54.72,19.2,53.29,27.51,42.01,6.79,761.9,Millet,Sandy,HHB-67
103.76,56.96,96.42,28.56,73.15,7.16,1113.83,Wheat,Clay,Lok-1
67.58,45.95,105.97,22.29,42.32,7.8,599.54,Cotton,Chalky,Bt-1
68.38,20.7,53.92,31.11,42.61,5.88,546.7,Potato,Sandy,Kufri Pukhraj
64.68,55.45,76.51,21.66,77.69,7.08,1426.07,Rice,Silty,IR64
43.68,23.0,64.16,32.26,48.23,5.87,552.01,Soybean,Sandy,NRC-37
36.01,19.04,58.88,34.71,45.5,6.54,373.65,Watermelon,Sandy,Arka Manik
52.19,30.62,33.37,30.71,50.66,6.46,778.3,Groundnut,Sandy,TAG-24
77.89,52.59,90.55,24.07,62.85,6.31,1309.83,Maize,Loamy,Pioneer-3396
94.95,36.47,65.56,22.93,87.06,5.2,2241.18,Vegetables,Peaty,Hybrid-A
71.95,55.34,108.58,20.62,63.1,7.11,1235.49,Maize,Silty,HQPM-1
124.01,60.65,85.6,19.83,72.51,5.83,2150.74,Rice,Peaty,Swarna
48.86,58.36,96.56,31.85,59.15,8.0,703.29,Millet,Chalky,RHB-173
58.15,66.22,63.34,26.22,56.5,7.96,844.29,Cotton,Chalky,Bt-2
84.42,37.39,109.28,27.59,75.53,7.07,962.89,Wheat,Silty,PBW-343
71.12,41.0,107.24,27.43,66.8,6.79,1389.89,Maize,Loamy,DHM-117
75.94,42.62,98.99,22.79,72.32,7.02,600.0,Maize,Loamy,Pioneer-3396
113.77,18.59,63.38,17.46,81.2,5.47,2454.42,Vegetables,Peaty,Local-1
87.33,45.48,116.14,24.57,64.12,6.14,869.83,Cotton,Loamy,Suraj
125.95,42.14,84.66,16.5,80.57,5.31,2407.67,Cotton,Peaty,Bt-2
86.2,33.92,94.37,31.9,70.55,6.41,1203.17,Soybean,Loamy,NRC-37
116.66,46.85,58.33,18.83,83.75,5.6,1061.03,Potato,Peaty,Kufri Pukhraj
126.26,52.41,107.89,17.85,79.99,5.73,1770.1,Vegetables,Peaty,Hybrid-B
68.85,69.68,96.88,24.08,73.15,6.23,1716.66,Cotton,Clay,Bt-2
93.31,41.27,130.11,29.79,72.25,6.91,1698.55,Potato,Clay,Kufri Jyoti
70.47,31.05,85.27,21.65,66.92,6.85,806.3,Maize,Silty,DHM-117
102.22,38.41,102.46,31.49,60.23,6.54,1100.95,Wheat,Loamy,HD-2967
43.8,16.96,71.5,33.12,47.7,6.37,900.68,Watermelon,Sandy,Sugar Baby
102.89,65.42,139.32,21.03,70.5,7.52,1715.92,Rice,Clay,Swarna
98.0,42.93,83.58,21.35,78.49,5.29,1814.73,Potato,Peaty,Kufri Pukhraj
139.31,39.32,103.91,21.01,83.15,6.0,2452.04,Tea,Peaty,UPASI-9
82.17,41.09,83.38,20.69,63.18,6.83,1011.66,Cotton,Loamy,Suraj
93.28,72.03,151.88,24.89,75.41,6.94,953.55,Wheat,Clay,HD-2967
121.13,54.16,71.04,15.9,77.23,4.59,1557.27,Rice,Peaty,Swarna
96.48,62.26,82.97,19.78,66.9,7.4,1518.53,Vegetables,Clay,Hybrid-B
29.28,25.18,70.61,29.88,46.37,5.4,746.62,Watermelon,Sandy,Arka Manik
59.12,44.9,97.57,28.15,38.85,7.67,703.5,Vegetables,Chalky,Local-1
109.63,38.0,65.83,18.48,75.25,5.69,2211.96,Vegetables,Peaty,Hybrid-A
72.51,51.89,64.05,30.35,41.74,8.22,911.13,Millet,Chalky,HHB-67
43.2,47.44,44.3,28.64,58.28,8.1,737.21,Millet,Chalky,RHB-173
46.66,16.14,34.41,25.93,37.33,6.47,526.99,Groundnut,Sandy,TAG-24
98.15,43.85,132.33,19.45,77.49,6.35,1812.38,Sugarcane,Clay,Co-86032
77.38,33.62,91.73,23.18,65.72,6.82,912.0,Cotton,Loamy,Bt-2
38.37,23.22,43.58,34.36,59.73,6.35,631.16,Millet,Sandy,ICTP-8203
128.64,30.99,83.58,21.07,72.93,5.23,1784.19,Potato,Peaty,Kufri Pukhraj
69.15,44.15,104.14,21.92,56.73,6.61,1253.37,Rice,Silty,IR64
87.93,35.61,90.8,22.37,81.78,5.05,2308.04,Tea,Peaty,UPASI-9
35.92,27.21,53.98,23.93,44.69,6.67,748.76,Potato,Sandy,Kufri Pukhraj
108.36,59.78,134.64,26.23,76.87,6.5,1670.84,Sugarcane,Clay,Co-86032
24.81,78.44,50.29,29.11,59.27,7.98,754.32,Cotton,Chalky,Bt-2
93.69,78.32,150.8,26.6,70.03,6.93,1066.66,Tea,Clay,TV-23
39.18,28.15,40.43,24.89,51.3,6.1,538.18,Soybean,Sandy,NRC-37
83.37,46.96,90.78,24.08,65.02,6.67,984.18,Wheat,Silty,Lok-1
88.57,40.94,102.53,26.58,62.25,6.81,1538.18,Rice,Loamy,Swarna
84.14,42.74,77.93,20.96,64.6,6.49,1243.4,Wheat,Silty,PBW-343
98.33,42.02,57.81,29.13,56.14,7.48,1464.87,Cotton,Loamy,Bt-2
55.0,46.25,116.99,22.33,64.79,6.55,1549.61,Sugarcane,Clay,Co-0238
88.77,63.94,102.69,27.38,65.59,6.47,1519.82,Rice,Clay,Basmati-370
48.3,21.33,68.36,30.0,43.83,6.55,510.73,Millet,Sandy,HHB-67
98.42,54.08,134.06,30.94,76.8,6.51,1524.78,Cotton,Clay,Suraj
39.72,20.97,56.54,25.78,41.32,5.39,714.3,Millet,Sandy,ICTP-8203
86.31,38.87,51.6,18.95,81.98,4.38,1668.69,Millet,Peaty,HHB-67
111.45,41.52,114.56,27.66,77.02,7.38,1859.11,Wheat,Clay,PBW-343
59.32,51.67,83.66,27.75,57.69,8.14,889.91,Millet,Chalky,RHB-173
72.05,37.95,58.17,20.61,67.49,6.71,1295.75,Rice,Silty,Basmati-370
46.41,28.45,80.23,30.03,53.41,6.05,632.6,Cotton,Sandy,Suraj
66.72,42.9,87.73,25.43,59.83,6.65,1264.94,Rice,Silty,IR64
116.41,74.25,144.27,28.84,73.05,6.94,1560.61,Rice,Clay,Basmati-370
85.18,45.35,89.42,23.05,73.07,7.05,1606.74,Vegetables,Silty,Local-1
48.26,27.93,75.78,26.2,42.07,5.91,505.91,Potato,Sandy,Kufri Bahar
64.79,65.51,105.76,29.93,44.86,8.06,753.37,Sugarcane,Chalky,Co-0118
113.25,68.49,110.51,23.77,71.64,6.32,1441.82,Sugarcane,Clay,Co-86032
62.74,43.88,106.01,27.61,63.74,6.17,1057.73,Wheat,Loamy,Lok-1
91.56,60.2,100.88,31.07,73.8,6.81,1310.79,Wheat,Clay,HD-2967
117.85,48.77,62.71,21.19,76.65,5.17,1551.62,Vegetables,Peaty,Hybrid-A
44.65,80.11,105.84,32.65,41.26,7.96,751.4,Wheat,Chalky,HD-2967
62.38,38.66,68.95,26.72,63.27,6.22,1423.71,Vegetables,Silty,Local-1
41.12,24.86,29.29,27.91,44.94,6.69,548.93,Watermelon,Sandy,Sugar Baby
86.2,48.77,103.74,28.69,60.45,7.17,1120.04,Maize,Loamy,HQPM-1
93.28,65.0,79.67,20.43,90.46,4.44,1669.84,Wheat,Peaty,HD-2967
102.24,34.78,70.55,31.01,64.07,7.06,1128.21,Maize,Loamy,DHM-117
69.51,44.71,94.91,20.15,65.69,6.71,858.04,Maize,Silty,HQPM-1
87.62,62.9,106.26,22.16,63.18,7.47,1490.91,Maize,Silty,Pioneer-3396
51.27,25.45,58.08,29.82,45.1,6.58,556.1,Millet,Sandy,ICTP-8203
54.59,32.57,54.53,29.32,56.77,6.1,738.96,Watermelon,Sandy,Arka Manik
121.07,32.18,71.52,16.38,84.6,6.04,1381.18,Tea,Peaty,TV-1
73.06,62.41,84.66,22.6,65.78,6.66,1234.78,Cotton,Loamy,Suraj
52.58,30.24,48.49,32.42,44.65,6.09,624.02,Watermelon,Sandy,Crimson Sweet
113.22,43.04,85.73,24.52,81.12,4.84,1988.5,Vegetables,Peaty,Local-1
112.4,57.95,106.03,22.77,64.0,6.64,1677.41,Sugarcane,Clay,Co-86032
56.16,23.55,64.97,23.58,59.22,6.5,807.98,Maize,Silty,DHM-117
104.43,44.81,105.48,31.15,68.91,7.58,1330.2,Cotton,Clay,Bt-1
53.0,26.81,50.11,26.37,44.92,6.72,678.26,Groundnut,Sandy,TAG-24
91.82,64.8,73.35,24.83,65.3,7.09,1173.05,Tomato,Loamy,Arka Vikas
39.28,50.5,75.47,27.55,41.48,7.36,680.2,Barley,Chalky,BH-902
43.38,60.46,89.85,27.69,44.12,7.43,924.08,Millet,Chalky,ICTP-8203
84.87,47.35,84.17,15.04,75.2,4.89,2104.1,Vegetables,Peaty,Local-1
119.3,70.28,104.66,30.32,71.18,6.01,1326.98,Rice,Clay,IR64
71.41,55.56,113.1,27.32,70.23,6.98,1422.25,Maize,Loamy,HQPM-1
113.32,47.76,67.37,19.87,77.93,5.25,1587.73,Tea,Peaty,UPASI-9
44.53,37.93,47.05,30.31,53.72,7.19,580.71,Millet,Sandy,ICTP-8203
38.06,29.45,62.64,29.6,55.84,5.97,652.84,Watermelon,Sandy,Crimson Sweet
89.65,68.17,107.53,23.92,75.12,6.13,1641.73,Rice,Clay,IR64
110.49,27.78,64.46,25.53,74.12,4.93,1626.86,Tea,Peaty,UPASI-9
78.82,61.4,80.16,25.13,80.22,5.97,1485.86,Rice,Silty,Swarna
39.48,55.04,81.18,21.77,59.86,7.42,1132.01,Millet,Chalky,HHB-67
81.28,47.52,97.99,26.83,61.35,6.49,1058.59,Sugarcane,Loamy,Co-0238
57.2,60.4,103.09,24.68,75.59,6.16,1311.71,Rice,Silty,IR64
38.79,44.52,84.15,31.57,38.31,7.59,811.27,Barley,Chalky,RD-2552
88.86,42.77,65.58,25.86,69.78,6.24,972.79,Wheat,Loamy,Lok-1
97.21,43.28,60.35,14.78,93.39,5.2,1612.95,Rice,Peaty,Basmati-370
39.13,29.49,85.0,31.69,44.28,6.02,455.41,Millet,Sandy,RHB-173
114.18,47.83,97.21,23.25,76.99,5.47,1673.19,Millet,Peaty,ICTP-8203
62.02,72.67,97.7,27.81,48.84,8.34,637.52,Cotton,Chalky,Bt-2
59.87,33.72,58.08,32.85,50.77,6.11,455.32,Millet,Sandy,RHB-173
88.98,43.66,87.25,23.94,75.7,7.07,1242.71,Millet,Clay,ICTP-8203
98.09,48.98,83.49,22.33,84.36,6.31,1688.93,Rice,Silty,Swarna
41.31,28.22,73.11,26.63,38.85,6.03,607.85,Watermelon,Sandy,Crimson Sweet
57.24,22.84,43.96,34.46,50.93,6.13,657.48,Watermelon,Sandy,Crimson Sweet
48.72,26.4,53.94,31.04,44.56,6.81,880.85,Groundnut,Sandy,GG-20
72.14,39.43,79.97,26.77,78.97,6.61,1176.74,Vegetables,Silty,Hybrid-B
38.98,45.66,87.56,28.87,46.88,7.91,486.59,Millet,Chalky,HHB-67
76.04,43.98,73.33,24.11,54.83,6.93,1281.65,Cotton,Loamy,Bt-1
126.68,50.93,124.55,27.53,74.84,6.7,1691.59,Rice,Clay,Basmati-370
98.22,30.88,83.42,22.96,70.25,6.37,1691.42,Maize,Silty,DHM-117
81.05,46.54,81.05,28.33,73.97,7.31,1681.33,Barley,Clay,DWRB-73
55.0,40.98,128.27,24.3,66.56,7.48,1990.69,Rice,Clay,IR64
117.47,32.58,57.41,18.66,80.47,5.58,1509.04,Rice,Peaty,Swarna
33.28,17.41,60.62,28.96,30.61,6.27,470.87,Potato,Sandy,Kufri Pukhraj
154.36,33.45,72.14,23.31,87.68,5.18,1711.68,Millet,Peaty,ICTP-8203
79.34,55.91,60.68,23.28,73.27,7.39,1763.4,Cotton,Silty,Suraj
102.66,71.93,107.29,21.71,69.72,6.07,1834.87,Rice,Clay,IR64
96.39,46.59,91.18,23.76,59.02,6.88,1189.58,Cotton,Loamy,Suraj
144.48,51.29,54.65,20.01,92.91,5.68,1244.2,Cotton,Peaty,Suraj
58.28,74.49,72.14,25.1,67.83,6.34,1114.06,Maize,Silty,Pioneer-3396
88.79,66.87,122.12,27.92,59.94,6.36,1761.89,Vegetables,Silty,Hybrid-A
46.53,26.24,64.2,32.94,57.04,6.38,657.52,Groundnut,Sandy,TAG-24
115.75,64.32,113.18,25.98,74.9,6.28,979.15,Cotton,Clay,Bt-1
53.43,53.42,119.17,20.37,49.07,7.84,727.77,Wheat,Chalky,Lok-1
51.1,62.45,74.11,23.23,75.38,6.42,1355.18,Rice,Silty,Basmati-370
103.75,32.08,104.42,27.46,71.58,7.35,1468.38,Sugarcane,Clay,Co-86032
110.51,32.0,59.66,22.24,73.14,5.41,1573.14,Potato,Peaty,Kufri Jyoti
39.25,51.69,140.0,28.06,51.88,8.48,892.08,Cotton,Chalky,Bt-1
47.78,62.16,129.84,24.94,49.56,7.86,742.1,Millet,Chalky,HHB-67
52.2,26.78,60.24,30.23,43.54,6.44,602.89,Watermelon,Sandy,Crimson Sweet
56.84,25.44,60.52,30.69,50.54,5.73,651.19,Groundnut,Sandy,JL-24
77.66,41.65,94.54,26.83,62.59,7.37,1694.65,Maize,Silty,HQPM-1
78.12,36.52,97.12,25.96,67.3,6.37,1535.03,Cotton,Silty,Bt-2
79.4,39.83,112.65,26.34,71.64,6.78,939.16,Rice,Silty,Basmati-370
121.43,48.31,75.7,21.75,84.36,4.32,1660.79,Watermelon,Peaty,Sugar Baby
94.57,55.61,93.17,23.36,55.52,6.6,1660.22,Maize,Loamy,DHM-117
59.42,36.0,59.11,33.83,45.06,7.25,796.97,Maize,Sandy,DHM-117
36.59,82.54,109.14,28.01,39.21,8.11,687.29,Millet,Chalky,HHB-67
94.53,60.79,69.56,27.22,67.16,7.54,1166.49,Rice,Silty,Swarna
82.32,46.54,85.0,26.77,73.24,7.0,1528.34,Tea,Silty,TV-23
60.16,88.31,84.04,26.49,53.78,7.98,763.92,Cotton,Chalky,Bt-1
95.57,41.96,84.8,28.33,65.77,6.12,1902.75,Sugarcane,Clay,Co-0238
61.67,23.55,46.53,26.65,37.89,6.12,277.57,Potato,Sandy,Kufri Pukhraj
105.32,44.94,69.14,21.79,93.45,4.22,1834.48,Tea,Peaty,UPASI-9
103.07,58.81,119.35,24.62,84.31,6.45,1930.69,Sugarcane,Clay,Co-0118
43.09,52.78,88.43,27.28,49.93,8.09,494.13,Millet,Chalky,RHB-173
83.5,51.07,103.58,28.12,67.9,6.14,1217.05,Watermelon,Clay,Arka Manik
141.21,37.12,95.86,13.3,70.23,5.21,2077.23,Tea,Peaty,TV-1
43.82,11.64,38.64,31.22,46.83,6.3,588.32,Potato,Sandy,Kufri Pukhraj
44.15,39.44,95.69,23.67,38.55,7.95,1082.09,Millet,Chalky,RHB-173
22.76,50.43,73.77,26.11,52.48,8.79,794.24,Cotton,Chalky,Bt-1
63.06,10.22,49.54,30.54,47.28,6.14,387.84,Millet,Sandy,HHB-67
72.76,25.23,68.55,21.98,71.8,5.3,1982.56,Potato,Peaty,Kufri Pukhraj
81.28,58.46,83.0,24.42,81.88,6.33,1101.33,Wheat,Silty,PBW-343
114.81,42.27,108.23,22.1,73.44,6.98,1837.07,Sugarcane,Clay,Co-0238
86.1,54.19,94.24,21.78,59.35,6.84,1348.41,Cotton,Silty,Bt-2
38.52,52.01,46.25,28.0,54.93,8.03,636.28,Wheat,Chalky,HD-2967
81.03,62.9,95.23,23.28,67.83,7.15,1289.79,Potato,Silty,Kufri Pukhraj
35.49,53.85,81.47,24.68,53.7,8.35,770.97,Cotton,Chalky,Suraj
94.26,51.05,91.87,22.31,70.46,7.03,1414.15,Wheat,Silty,PBW-343
130.24,58.25,49.96,21.2,77.85,5.1,1246.32,Tea,Peaty,TV-23
90.61,34.53,48.77,18.06,77.77,4.83,1886.42,Tea,Peaty,TV-1
121.79,15.0,61.92,22.2,85.8,4.72,1842.55,Tea,Peaty,TV-23
96.16,55.08,73.73,24.76,66.99,6.36,1284.27,Barley,Loamy,DWRB-73
88.58,41.41,87.41,22.93,83.38,6.78,1583.76,Wheat,Silty,Lok-1
104.52,34.57,58.7,17.75,75.5,5.63,1435.98,Cotton,Peaty,Bt-2
84.28,45.47,97.06,26.14,65.64,6.54,1052.64,Cotton,Loamy,Suraj
65.89,68.37,94.06,23.17,46.33,8.22,648.86,Cotton,Chalky,Bt-1
42.98,25.46,73.87,31.95,27.93,6.49,579.91,Potato,Sandy,Kufri Pukhraj
50.35,20.36,41.48,31.96,51.82,5.88,784.62,Potato,Sandy,Kufri Bahar
64.28,66.58,67.18,22.75,36.2,8.24,1010.02,Wheat,Chalky,HD-2967
64.16,62.78,82.07,20.62,63.38,7.04,1180.12,Rice,Silty,IR64
56.01,25.48,45.64,32.2,36.31,6.49,735.89,Watermelon,Sandy,Arka Manik
88.79,58.17,144.14,25.73,70.73,6.8,1462.63,Sugarcane,Clay,Co-0118
125.36,65.0,72.25,14.32,74.12,5.02,1638.9,Rice,Peaty,Basmati-370
48.5,56.67,132.01,24.36,55.45,8.16,596.36,Groundnut,Chalky,JL-24
67.93,51.7,114.47,23.39,73.36,6.77,1363.17,Vegetables,Silty,Local-1
91.72,33.0,93.22,25.32,62.54,6.34,1212.54,Cotton,Loamy,Suraj
46.93,19.95,55.43,29.94,50.72,6.75,750.03,Millet,Sandy,RHB-173
93.57,52.36,107.98,27.51,68.96,7.17,1756.57,Cotton,Clay,Bt-1
52.78,25.27,50.86,31.71,41.49,6.19,658.63,Groundnut,Sandy,GG-20
101.73,33.58,108.07,21.89,66.75,6.69,1508.37,Cotton,Loamy,Bt-2
131.02,76.1,130.53,28.91,75.82,6.54,1924.11,Sugarcane,Clay,Co-0238
80.61,44.51,85.55,19.54,79.34,6.21,1031.82,Maize,Silty,DHM-117
122.53,35.93,67.6,25.12,86.19,5.7,1444.21,Rice,Peaty,IR64
54.51,52.8,67.2,25.01,50.89,8.06,784.83,Millet,Chalky,ICTP-8203
46.3,34.53,51.52,31.83,51.0,6.06,743.54,Potato,Sandy,Kufri Pukhraj
46.72,26.18,41.97,31.33,42.56,6.77,645.52,Potato,Sandy,Kufri Pukhraj
80.55,43.61,104.75,23.61,64.95,5.61,1852.35,Wheat,Clay,Lok-1
49.52,54.73,83.91,26.37,43.13,8.09,1034.43,Millet,Chalky,RHB-173
46.09,33.07,31.19,25.03,27.44,6.63,785.12,Millet,Sandy,ICTP-8203
54.37,26.32,106.42,29.99,51.16,8.02,978.14,Barley,Chalky,DWRB-73
46.41,33.53,59.89,30.53,49.07,6.01,635.1,Millet,Sandy,HHB-67
22.64,30.5,66.89,31.12,49.5,6.13,370.73,Millet,Sandy,ICTP-8203
105.8,43.8,94.39,15.41,85.9,5.72,1837.07,Wheat,Peaty,HD-2967
65.55,51.55,73.62,22.0,62.31,6.78,1223.94,Cotton,Loamy,Bt-2
86.94,59.92,77.31,33.66,59.4,7.57,1661.4,Soybean,Loamy,JS-335
53.01,25.0,107.53,31.64,43.1,7.89,740.41,Millet,Chalky,HHB-67
105.27,43.4,86.5,20.39,79.43,5.06,1665.23,Tea,Peaty,TV-23
53.06,69.93,59.37,25.45,47.33,8.06,788.77,Millet,Chalky,RHB-173
30.83,57.72,82.67,32.58,50.07,8.28,781.05,Barley,Chalky,DWRB-73
92.7,55.44,70.84,18.52,77.32,4.91,1554.03,Rice,Peaty,IR64
113.52,47.55,54.51,17.9,70.13,6.22,1788.46,Vegetables,Peaty,Hybrid-A
81.82,62.96,114.15,23.89,73.33,7.48,1171.41,Sugarcane,Loamy,Co-0238
107.37,46.43,106.63,24.34,77.63,6.94,1859.62,Millet,Clay,HHB-67
73.22,21.96,102.0,24.26,67.38,7.1,1482.94,Vegetables,Silty,Hybrid-A
73.75,48.16,77.17,24.96,46.65,7.91,575.21,Wheat,Chalky,Lok-1
45.89,25.81,31.79,31.19,34.34,5.23,618.77,Groundnut,Sandy,TAG-24
78.57,37.88,118.22,28.3,75.16,6.06,1410.54,Millet,Clay,ICTP-8203
61.37,61.95,85.56,28.85,57.54,6.18,897.01,Maize,Loamy,HQPM-1
55.12,49.78,114.33,23.03,76.62,6.8,747.99,Potato,Loamy,Kufri Jyoti
59.69,75.64,89.41,24.88,43.9,8.24,793.65,Wheat,Chalky,HD-2967
126.98,35.16,134.48,21.93,65.62,6.25,1129.67,Vegetables,Clay,Local-1
43.01,29.61,49.43,32.93,27.68,5.95,547.11,Watermelon,Sandy,Sugar Baby
121.04,48.18,110.46,26.32,82.92,6.89,1568.98,Cotton,Clay,Suraj
36.97,67.73,64.14,33.22,53.38,8.22,696.73,Cotton,Chalky,Bt-2
107.58,46.58,55.42,22.89,82.43,6.05,2125.09,Rice,Peaty,Basmati-370
129.53,37.97,65.86,19.89,79.63,5.55,1841.56,Wheat,Peaty,HD-2967
85.68,47.14,107.3,32.0,60.73,6.7,1014.26,Vegetables,Silty,Hybrid-B
92.46,36.82,121.9,28.2,64.3,6.98,1184.93,Wheat,Silty,PBW-343
88.74,43.33,79.02,23.03,60.89,6.98,1123.85,Soybean,Loamy,NRC-37
41.81,34.71,52.83,31.13,60.54,6.18,678.15,Millet,Sandy,ICTP-8203
66.03,36.76,119.64,21.47,56.99,7.0,1091.54,Wheat,Loamy,Lok-1
46.51,28.38,57.07,38.0,51.55,6.0,833.39,Millet,Sandy,RHB-173
80.27,53.75,123.25,20.9,69.12,6.36,1112.36,Sugarcane,Clay,Co-0238
107.94,39.81,68.5,21.61,81.39,5.26,1651.34,Potato,Peaty,Kufri Bahar
82.29,34.41,131.28,28.38,55.0,5.58,1489.47,Rice,Clay,IR64
48.86,29.29,47.81,32.78,54.91,6.71,629.84,Groundnut,Sandy,TAG-24
25.83,32.95,45.79,24.59,43.78,6.82,468.51,Potato,Sandy,Kufri Pukhraj
79.71,37.3,66.42,19.29,68.65,6.72,1342.67,Rice,Silty,IR64
108.25,47.03,70.07,23.31,79.7,5.23,1731.15,Wheat,Peaty,Lok-1
137.84,41.01,54.05,15.33,78.08,5.08,1898.61,Tea,Peaty,UPASI-9
81.98,30.16,82.66,30.15,52.36,6.67,1063.32,Maize,Loamy,Pioneer-3396
39.5,11.44,60.42,33.41,54.16,6.59,649.82,Millet,Sandy,ICTP-8203
96.97,39.33,99.63,19.94,57.48,7.69,1341.0,Sugarcane,Loamy,Co-0118
91.99,49.61,87.1,28.55,69.24,7.28,1872.81,Wheat,Clay,Lok-1
108.16,36.75,51.22,19.82,83.7,5.38,1629.5,Potato,Peaty,Kufri Bahar
86.25,50.98,58.93,22.06,69.38,6.33,1196.61,Cotton,Loamy,Bt-1
71.22,33.66,55.08,31.33,46.97,6.31,1028.92,Watermelon,Sandy,Crimson Sweet
85.58,33.7,85.36,23.94,73.18,6.53,1713.96,Rice,Silty,IR64
136.16,51.05,83.57,21.28,82.47,5.57,2133.78,Tea,Peaty,TV-23
150.13,43.16,30.0,21.09,88.19,5.1,1421.78,Rice,Peaty,Basmati-370
89.61,56.89,113.65,21.39,67.2,7.01,1436.23,Maize,Clay,Pioneer-3396
82.77,65.31,72.06,29.45,76.1,6.61,668.13,Vegetables,Silty,Local-1
108.41,49.64,78.2,21.19,77.12,5.17,2022.42,Vegetables,Peaty,Hybrid-B
87.06,46.2,70.1,25.54,72.3,6.26,1611.1,Vegetables,Silty,Hybrid-A
32.81,25.07,54.71,28.85,41.26,6.44,922.62,Millet,Sandy,HHB-67
32.92,25.6,79.15,31.26,42.17,6.23,745.18,Potato,Sandy,Kufri Pukhraj
39.82,25.61,33.74,26.84,40.86,6.82,570.47,Watermelon,Sandy,Sugar Baby
98.32,47.97,73.51,20.74,74.04,5.25,1494.27,Potato,Peaty,Kufri Pukhraj
96.47,42.28,67.72,27.83,71.91,6.64,1560.64,Tomato,Loamy,Roma
86.1,24.14,82.86,16.2,90.2,6.21,1408.78,Wheat,Peaty,PBW-343
65.13,61.82,120.64,29.0,50.9,7.88,669.13,Barley,Chalky,DWRB-73
116.69,41.34,131.49,25.46,57.6,6.06,1625.46,Sugarcane,Clay,Co-86032
41.78,23.11,76.41,24.1,47.14,5.79,608.8,Sugarcane,Sandy,Co-0118
46.9,77.24,135.58,22.55,57.98,7.2,250.0,Wheat,Chalky,Lok-1
117.6,46.98,50.4,13.07,76.71,5.52,2204.33,Rice,Peaty,Basmati-370
130.12,36.57,95.86,18.75,80.24,4.96,2067.13,Potato,Peaty,Kufri Jyoti
51.89,21.95,51.57,29.71,27.96,6.21,649.28,Watermelon,Sandy,Arka Manik
48.09,57.57,97.04,23.42,38.23,7.73,783.91,Potato,Chalky,Kufri Jyoti
75.81,73.29,134.75,24.12,76.17,6.81,1348.2,Wheat,Clay,PBW-343
74.82,53.73,121.74,28.11,61.32,7.49,834.94,Cotton,Loamy,Suraj
132.22,40.47,73.21,19.89,79.26,5.34,1384.72,Potato,Peaty,Kufri Pukhraj
84.31,40.65,115.63,28.45,66.54,5.6,1558.56,Maize,Silty,Pioneer-3396
55.13,37.34,41.92,30.73,37.74,6.2,801.23,Wheat,Sandy,PBW-343
87.0,56.38,56.38,23.78,57.83,5.98,1309.59,Rice,Silty,IR64
40.4,22.07,44.6,27.05,41.45,6.56,955.38,Millet,Sandy,ICTP-8203
85.0,63.42,113.36,25.15,76.29,6.43,882.96,Rice,Clay,IR64
112.36,34.04,85.59,20.69,69.62,6.01,1807.78,Wheat,Clay,HD-2967
90.26,53.01,144.53,23.15,83.02,6.68,1903.38,Sugarcane,Clay,Co-86032
40.15,23.83,34.16,28.56,55.01,5.86,891.62,Millet,Sandy,RHB-173
128.74,38.3,102.64,19.99,83.61,4.23,2140.99,Rice,Peaty,Swarna
114.55,46.84,52.38,24.41,77.5,5.09,1918.05,Potato,Peaty,Kufri Bahar
63.95,38.85,108.52,26.9,66.2,6.97,1305.66,Sugarcane,Loamy,Co-0118
44.09,43.49,29.99,26.17,46.67,7.05,708.05,Millet,Sandy,ICTP-8203
75.82,60.54,137.61,23.42,78.39,7.1,1168.23,Wheat,Clay,HD-2967
71.29,39.05,76.21,27.17,50.44,7.73,575.67,Wheat,Chalky,HD-2967
75.22,46.93,89.43,27.54,72.13,6.88,1394.17,Wheat,Loamy,PBW-343
81.11,46.96,102.62,22.86,76.63,6.52,1584.14,Rice,Silty,IR64
65.35,46.71,91.09,19.74,71.43,7.43,1369.77,Vegetables,Silty,Hybrid-A
93.54,36.01,108.7,26.12,66.48,6.39,1773.77,Wheat,Silty,PBW-343
92.75,58.29,133.09,28.08,75.46,5.89,1304.03,Cotton,Clay,Bt-1
78.97,42.83,79.12,27.02,56.16,6.75,1129.3,Sugarcane,Loamy,Co-0118
73.9,56.95,89.93,24.25,75.29,6.53,1052.56,Rice,Silty,Swarna
106.65,52.54,139.95,27.48,77.22,6.07,1477.79,Sugarcane,Clay,Co-0238
82.41,30.52,90.34,22.94,59.64,6.8,991.11,Wheat,Loamy,HD-2967
99.2,43.0,80.89,16.27,81.84,5.67,1888.94,Potato,Peaty,Kufri Jyoti
38.34,68.66,69.13,24.06,45.26,7.75,964.2,Millet,Chalky,ICTP-8203
65.71,69.6,72.13,22.99,50.58,8.19,938.35,Millet,Chalky,ICTP-8203
96.11,32.33,79.33,28.58,58.79,6.77,1091.45,Maize,Loamy,HQPM-1
104.4,51.74,42.87,19.2,83.28,5.11,2029.3,Tea,Peaty,TV-23
56.48,64.27,108.41,28.72,41.15,8.2,623.83,Cotton,Chalky,Suraj
105.65,55.31,136.53,23.18,76.35,7.91,1034.15,Rice,Clay,Basmati-370
77.5,61.76,106.88,21.75,75.1,7.53,1870.41,Rice,Silty,IR64
56.45,24.49,47.17,30.08,49.17,6.29,834.21,Millet,Sandy,HHB-67
41.82,52.04,59.81,26.72,36.75,8.12,874.58,Wheat,Chalky,HD-2967
94.69,56.18,121.28,25.49,70.15,7.4,1417.18,Rice,Clay,Basmati-370
69.1,48.1,72.16,29.94,42.78,8.02,860.81,Wheat,Chalky,HD-2967
110.57,42.87,56.51,26.15,73.16,4.63,1813.65,Rice,Peaty,Basmati-370
139.16,23.11,69.18,24.43,80.42,4.79,1679.26,Rice,Peaty,IR64
77.43,46.81,49.1,23.79,65.94,6.68,1174.38,Sugarcane,Silty,Co-0238
131.68,38.41,81.36,19.66,65.0,6.29,1919.46,Vegetables,Peaty,Hybrid-A
15.0,54.13,71.24,23.62,42.2,7.42,1034.17,Barley,Chalky,BH-902
94.86,43.88,90.16,26.6,72.32,7.11,1239.56,Cotton,Clay,Bt-1
50.53,37.06,110.49,31.62,41.54,7.81,984.01,Cotton,Chalky,Bt-1
117.96,23.59,56.52,25.03,68.87,5.19,1837.0,Rice,Peaty,IR64
84.69,50.72,58.55,22.0,68.53,7.07,1268.94,Tomato,Loamy,Pusa Ruby
21.26,20.79,67.91,22.0,42.33,5.8,806.52,Potato,Sandy,Kufri Bahar
76.54,39.39,80.71,23.42,61.8,6.51,1300.53,Rice,Loamy,IR64
110.79,46.94,111.21,18.0,70.33,7.04,1269.31,Wheat,Clay,HD-2967
133.06,29.05,49.36,19.85,79.79,5.68,2164.49,Tea,Peaty,UPASI-9
89.8,44.61,114.01,26.64,74.45,7.23,1123.4,Rice,Silty,Swarna
97.74,41.52,101.0,25.88,55.16,5.8,1778.67,Soybean,Loamy,JS-335
109.39,37.49,79.74,19.52,83.63,5.6,1400.19,Rice,Peaty,Swarna
28.44,59.6,90.36,29.15,51.22,8.51,998.85,Wheat,Chalky,PBW-343
39.89,59.66,77.19,29.12,49.95,8.05,931.72,Cotton,Chalky,Suraj
50.21,56.85,114.57,27.19,49.56,7.84,541.23,Wheat,Chalky,Lok-1
123.4,68.12,116.78,28.96,69.17,6.29,1495.39,Rice,Clay,IR64
36.84,55.46,66.97,29.82,27.33,7.91,1123.41,Millet,Chalky,RHB-173
61.21,46.49,78.86,23.58,63.34,6.3,1454.49,Cotton,Silty,Bt-1
59.94,55.82,102.42,27.14,71.0,6.69,1465.05,Rice,Clay,Basmati-370
49.26,16.42,56.89,29.83,48.97,6.13,543.99,Groundnut,Sandy,GG-20
75.98,39.22,118.22,25.42,58.81,6.0,989.68,Wheat,Loamy,HD-2967
63.12,47.65,104.31,30.51,51.5,7.04,1058.06,Cotton,Loamy,Suraj
77.71,65.38,148.03,22.99,67.62,6.76,1413.72,Rice,Clay,IR64
95.63,69.34,130.48,25.77,78.82,6.86,1117.08,Sugarcane,Clay,Co-0118
98.22,46.11,63.12,27.36,55.91,6.31,801.29,Wheat,Loamy,Lok-1
84.16,20.0,102.68,29.5,75.32,6.29,1173.31,Wheat,Silty,HD-2967
64.79,44.96,126.95,23.43,67.98,6.73,1131.64,Rice,Silty,Swarna
40.88,54.09,93.06,31.14,53.22,8.06,858.7,Millet,Chalky,ICTP-8203
134.72,41.27,63.16,21.51,74.79,5.85,2123.14,Potato,Peaty,Kufri Bahar
90.66,65.95,75.77,20.51,66.65,7.9,1751.6,Maize,Silty,DHM-117
31.4,25.94,32.27,37.53,32.73,5.86,504.9,Tea,Sandy,TV-1
76.88,49.69,104.84,26.45,84.29,7.55,1151.31,Vegetables,Silty,Hybrid-B
50.52,27.71,46.89,24.44,34.65,6.23,657.3,Watermelon,Sandy,Crimson Sweet
48.09,56.47,109.72,31.28,39.28,8.01,774.71,Wheat,Chalky,Lok-1
38.81,72.65,75.64,29.35,62.4,8.33,1137.07,Millet,Chalky,HHB-67
75.69,62.94,100.12,24.34,62.86,7.32,1317.72,Vegetables,Silty,Hybrid-A
40.68,29.79,41.55,28.09,37.94,5.8,848.96,Groundnut,Sandy,GG-20
112.88,38.02,84.24,22.45,79.41,5.14,1527.31,Tea,Peaty,TV-23
115.0,43.38,97.27,17.87,60.47,6.89,1301.41,Wheat,Silty,PBW-343
30.55,19.08,32.48,27.56,48.38,6.52,720.16,Potato,Sandy,Kufri Bahar
75.87,65.04,76.55,25.35,71.87,7.04,1886.02,Rice,Silty,Swarna
52.38,24.93,38.18,36.3,44.81,6.89,821.07,Groundnut,Sandy,TAG-24
94.21,49.99,87.86,28.56,69.98,6.59,1199.58,Tomato,Loamy,Roma
64.6,55.47,79.62,28.36,35.62,8.09,649.33,Barley,Chalky,RD-2552
112.72,38.71,78.41,17.91,76.3,5.67,2370.7,Potato,Peaty,Kufri Pukhraj
119.54,42.4,80.74,21.67,85.91,4.22,1720.98,Vegetables,Peaty,Hybrid-B
160.0,39.46,84.82,24.6,73.78,4.63,2270.1,Vegetables,Peaty,Hybrid-A
65.85,63.51,114.6,25.46,67.21,7.59,1485.44,Wheat,Loamy,Lok-1
66.84,51.11,89.71,22.74,67.82,7.25,1174.88,Tomato,Loamy,Pusa Ruby
72.38,46.57,144.92,23.84,73.38,6.11,1837.16,Sugarcane,Clay,Co-86032
84.76,59.7,52.79,29.2,63.02,6.63,1381.46,Sugarcane,Silty,Co-86032
124.96,65.97,108.29,20.42,55.97,7.71,1399.91,Barley,Clay,BH-902
52.59,30.59,85.0,31.89,53.7,6.17,512.7,Millet,Sandy,ICTP-8203
128.96,52.1,65.86,16.45,82.99,5.08,1946.58,Vegetables,Peaty,Local-1
108.48,38.79,52.02,16.05,70.19,5.43,1647.27,Potato,Peaty,Kufri Jyoti
59.04,60.12,76.6,23.73,71.57,6.42,1040.3,Tea,Silty,TV-23
120.69,37.84,61.4,14.94,83.36,5.49,2374.44,Vegetables,Peaty,Hybrid-B
56.35,28.3,35.48,30.68,38.92,6.99,412.46,Watermelon,Sandy,Arka Manik
66.25,48.69,97.09,23.38,60.13,6.6,1688.45,Rice,Silty,IR64
49.23,68.49,95.88,29.97,58.14,7.86,1102.55,Cotton,Chalky,Bt-1
34.28,56.5,112.48,23.1,31.86,8.67,801.66,Watermelon,Chalky,Sugar Baby
65.79,42.85,116.28,19.68,56.62,6.87,1176.52,Maize,Silty,Pioneer-3396
43.04,33.15,40.54,30.34,65.0,5.24,713.11,Millet,Sandy,HHB-67
44.59,55.89,77.53,30.2,52.24,7.85,1089.79,Millet,Chalky,ICTP-8203
76.71,63.37,62.24,17.38,76.78,6.39,1365.34,Maize,Silty,DHM-117
79.5,28.6,56.82,19.78,71.88,5.44,2443.48,Wheat,Peaty,HD-2967
48.51,66.37,112.83,28.33,50.22,8.38,507.25,Millet,Chalky,RHB-173
74.15,63.56,120.49,28.84,42.34,8.77,1104.36,Cotton,Chalky,Bt-2
24.61,26.92,57.63,30.69,52.39,6.15,682.97,Potato,Sandy,Kufri Pukhraj
129.12,34.27,51.3,21.58,74.1,5.48,1809.71,Tea,Peaty,TV-23
39.13,32.65,49.94,27.77,50.51,6.7,671.93,Watermelon,Sandy,Sugar Baby
40.0,30.95,53.21,28.1,55.29,6.39,778.11,Cotton,Sandy,Suraj
94.88,55.12,128.09,29.08,81.86,7.01,1449.77,Cotton,Clay,Suraj
100.74,55.9,133.03,20.3,73.16,6.41,1060.97,Wheat,Clay,HD-2967
88.47,54.88,72.63,25.69,51.82,6.53,1140.69,Sugarcane,Loamy,Co-0118
84.01,43.4,101.08,26.72,54.53,6.92,1181.31,Rice,Silty,Swarna
49.43,64.75,69.69,22.0,63.96,8.28,514.55,Tomato,Chalky,Arka Vikas
89.08,67.45,80.67,27.07,68.13,6.24,1549.19,Wheat,Clay,HD-2967
94.09,40.24,81.52,27.1,56.95,6.22,1281.51,Potato,Loamy,Kufri Pukhraj
121.78,25.82,71.46,23.57,77.98,5.8,1207.28,Rice,Peaty,IR64
105.11,48.5,88.58,21.74,83.15,4.98,2413.88,Potato,Peaty,Kufri Bahar
89.48,48.54,119.16,22.22,73.98,6.43,955.44,Sugarcane,Clay,Co-0238
94.29,46.13,122.37,27.78,69.23,6.28,1321.27,Wheat,Clay,Lok-1
107.33,41.62,76.63,18.0,59.77,7.48,1008.96,Sugarcane,Loamy,Co-0238
106.07,31.99,67.54,16.67,87.22,5.48,1748.66,Tea,Peaty,TV-23
73.97,52.23,88.8,26.26,57.76,5.6,1724.58,Rice,Silty,Swarna
66.11,49.67,92.88,20.79,63.62,6.74,1273.05,Potato,Silty,Kufri Jyoti
121.61,53.13,66.06,17.27,76.64,5.83,2286.5,Rice,Peaty,IR64
79.5,64.22,111.13,20.41,82.52,5.5,1426.42,Wheat,Clay,PBW-343
57.11,48.92,91.2,26.12,47.53,8.46,858.29,Cotton,Chalky,Bt-1
59.09,52.26,96.22,23.06,71.17,6.97,1503.45,Sugarcane,Loamy,Co-86032
119.16,62.07,112.18,26.17,74.3,7.72,1474.43,Rice,Clay,Swarna
122.36,39.38,45.18,20.13,77.54,5.38,1470.86,Potato,Peaty,Kufri Jyoti
63.41,43.08,76.95,25.07,51.69,7.11,1680.11,Millet,Loamy,ICTP-8203
54.92,55.51,96.69,28.2,46.2,8.14,916.62,Millet,Chalky,ICTP-8203
115.14,32.59,62.38,18.48,79.15,6.5,1454.81,Rice,Peaty,Basmati-370
37.08,48.33,85.66,30.72,57.03,7.33,859.85,Wheat,Chalky,Lok-1
83.86,34.75,100.3,23.69,83.57,4.69,1522.16,Vegetables,Peaty,Local-1
106.69,71.59,134.02,29.44,78.0,6.49,1778.81,Wheat,Clay,HD-2967
98.16,52.65,85.7,23.91,61.29,6.42,711.86,Maize,Loamy,DHM-117
93.52,74.13,109.33,23.7,69.79,7.27,1504.17,Sugarcane,Clay,Co-86032
63.05,19.49,71.28,35.79,42.18,5.59,448.85,Millet,Sandy,ICTP-8203
96.98,48.98,68.28,19.35,74.63,5.42,1973.28,Soybean,Peaty,JS-335
61.45,64.51,92.5,26.94,41.57,7.85,622.32,Wheat,Chalky,PBW-343
128.12,43.68,70.68,22.42,83.41,5.34,1994.56,Millet,Peaty,ICTP-8203
72.89,34.45,89.48,23.56,71.95,6.46,1040.76,Wheat,Loamy,PBW-343
41.35,20.48,73.08,32.15,52.52,6.49,659.77,Watermelon,Sandy,Arka Manik
39.97,60.53,68.07,28.07,49.34,7.48,694.51,Cotton,Chalky,Suraj
61.08,47.72,70.27,21.76,59.94,6.97,1658.71,Maize,Loamy,Pioneer-3396
50.89,58.77,61.75,33.65,38.0,7.8,954.03,Millet,Chalky,HHB-67
86.89,58.57,99.76,25.45,58.98,7.05,1865.52,Wheat,Clay,PBW-343
119.36,25.0,119.7,28.86,72.32,7.43,1326.72,Sugarcane,Clay,Co-0238
84.87,57.17,90.6,25.43,67.13,8.0,1185.3,Wheat,Clay,HD-2967
76.09,40.94,73.09,20.61,55.57,7.23,1574.6,Maize,Silty,HQPM-1
110.34,58.64,78.72,21.0,75.17,5.99,1851.56,Potato,Peaty,Kufri Pukhraj
92.13,35.65,79.82,26.49,54.62,6.43,1558.18,Tomato,Loamy,Roma
80.0,62.26,107.78,30.73,38.99,8.26,873.09,Millet,Chalky,ICTP-8203
70.26,60.27,85.45,22.95,68.24,6.82,1294.25,Sugarcane,Loamy,Co-0238
82.58,65.58,108.97,23.42,69.08,5.71,1813.78,Sugarcane,Clay,Co-86032
125.73,44.38,71.38,15.48,73.64,5.07,1763.5,Rice,Peaty,Basmati-370
119.02,36.21,64.08,20.68,90.98,5.3,1850.46,Wheat,Peaty,PBW-343
32.12,34.81,135.22,25.53,54.61,7.92,823.61,Cotton,Chalky,Bt-1
33.04,23.87,48.46,31.27,48.55,6.05,751.64,Potato,Sandy,Kufri Bahar
123.73,18.24,77.06,22.56,75.12,5.25,1640.7,Tea,Peaty,UPASI-9
110.54,53.89,98.84,25.05,79.99,7.66,1098.44,Wheat,Clay,HD-2967
106.03,41.12,103.08,23.42,62.64,6.35,1202.5,Sugarcane,Loamy,Co-0238
118.57,33.82,88.38,18.86,85.93,4.93,1954.88,Wheat,Peaty,HD-2967
48.46,65.86,100.76,26.37,52.51,7.84,471.39,Wheat,Chalky,HD-2967
63.18,38.45,94.43,25.52,51.7,8.21,741.08,Wheat,Chalky,HD-2967
38.98,23.31,38.45,31.35,54.2,5.92,721.33,Millet,Sandy,RHB-173
72.63,46.22,92.83,27.1,51.01,6.44,884.81,Sugarcane,Loamy,Co-86032
31.45,40.5,95.92,24.92,63.33,7.62,680.37,Millet,Chalky,ICTP-8203
101.54,41.86,78.1,18.46,67.16,4.88,1323.88,Vegetables,Peaty,Hybrid-B
90.73,59.4,125.92,23.15,66.06,6.79,1006.45,Sugarcane,Clay,Co-0118
88.98,61.61,139.92,22.47,74.22,6.37,1407.7,Wheat,Clay,Lok-1
108.86,59.88,151.25,25.91,67.97,6.67,1613.94,Rice,Clay,Basmati-370
40.8,66.54,82.54,30.14,57.4,7.55,507.88,Wheat,Chalky,HD-2967
81.64,71.72,88.27,27.05,56.15,6.63,1588.36,Wheat,Clay,Lok-1
88.72,44.7,82.57,23.96,69.18,6.21,1651.06,Wheat,Silty,Lok-1
66.27,28.38,62.04,25.52,48.31,5.85,664.78,Wheat,Sandy,Lok-1
77.98,63.78,116.99,25.1,79.34,7.6,999.99,Sugarcane,Clay,Co-0238
73.27,28.34,68.43,28.87,53.38,7.26,1216.11,Maize,Loamy,HQPM-1
92.56,54.94,79.1,28.91,58.99,6.81,1354.79,Tomato,Loamy,Pusa Ruby
117.29,43.62,70.41,20.66,88.11,5.04,1332.04,Vegetables,Peaty,Hybrid-A
84.14,45.89,109.9,29.26,75.29,7.0,1684.0,Cotton,Clay,Suraj
88.3,56.65,89.6,23.15,60.73,6.48,1215.96,Soybean,Loamy,JS-335
35.1,24.01,71.39,31.96,39.62,5.87,680.36,Potato,Sandy,Kufri Pukhraj
133.56,28.77,117.88,22.58,81.77,7.14,1503.63,Rice,Clay,Basmati-370
88.58,55.16,74.15,25.0,65.96,6.8,883.38,Cotton,Loamy,Bt-2
74.58,38.95,82.3,24.91,53.66,6.53,1435.37,Wheat,Loamy,Lok-1
110.21,48.42,70.11,18.3,80.46,5.46,1697.32,Potato,Peaty,Kufri Bahar
134.74,51.35,131.44,30.65,77.17,6.72,1306.39,Wheat,Clay,HD-2967
103.91,74.46,111.33,23.1,87.02,6.57,1220.93,Wheat,Clay,PBW-343
93.55,38.9,100.76,31.16,52.7,6.66,1154.25,Cotton,Loamy,Bt-1
76.67,72.47,86.07,22.6,38.35,7.83,1131.68,Tomato,Chalky,Pusa Ruby
78.09,49.67,93.6,25.76,74.19,6.76,1091.71,Vegetables,Silty,Hybrid-B
110.47,68.91,154.22,26.82,73.29,7.18,1188.07,Rice,Clay,Basmati-370
75.18,42.01,96.39,25.51,65.95,7.16,1037.34,Wheat,Silty,Lok-1
63.66,43.23,89.73,18.93,76.63,6.7,1197.95,Wheat,Silty,PBW-343
119.07,55.87,126.47,26.26,84.66,6.0,1417.17,Cotton,Clay,Bt-1
72.85,37.64,95.22,28.54,71.05,6.74,1147.45,Rice,Loamy,Swarna
140.0,63.86,120.95,28.05,60.93,7.31,1068.42,Cotton,Clay,Suraj
130.72,58.91,112.83,24.8,72.45,6.45,1642.32,Cotton,Clay,Bt-2
40.56,32.82,67.48,29.96,45.93,5.57,557.93,Potato,Sandy,Kufri Jyoti
32.44,63.88,73.35,27.04,44.46,7.68,842.39,Wheat,Chalky,PBW-343
71.25,58.2,85.14,21.39,61.18,6.96,1715.59,Rice,Silty,Swarna
46.99,24.37,43.93,34.76,44.37,6.84,587.83,Millet,Sandy,RHB-173
47.15,83.66,71.04,28.08,54.29,8.34,566.82,Barley,Chalky,BH-902
51.36,73.23,110.5,29.31,45.84,7.79,797.72,Millet,Chalky,HHB-67
38.57,44.95,69.55,34.17,61.39,7.69,708.07,Barley,Chalky,DWRB-73
111.65,58.05,135.16,22.68,60.78,6.56,1456.85,Rice,Clay,Basmati-370
93.67,29.97,123.95,28.34,79.73,6.19,1625.14,Sugarcane,Clay,Co-0118
92.07,52.59,64.08,14.26,90.93,6.5,1923.25,Vegetables,Peaty,Local-1
67.89,25.16,54.16,28.5,57.71,6.26,699.43,Millet,Sandy,ICTP-8203
109.95,66.39,132.41,28.3,64.04,6.34,1054.09,Tea,Clay,TV-23
123.18,48.06,105.77,18.17,73.96,4.69,1733.65,Rice,Peaty,IR64
55.72,48.3,117.3,27.62,68.88,6.81,1224.48,Sugarcane,Loamy,Co-86032
90.19,40.72,106.27,24.16,67.11,7.12,1731.02,Rice,Clay,IR64
61.62,50.28,84.95,23.63,55.78,6.88,1025.96,Cotton,Loamy,Bt-2
58.08,52.65,79.59,22.56,62.7,6.67,849.68,Soybean,Loamy,MAUS-71
65.94,47.43,109.87,23.4,51.03,6.81,1378.02,Maize,Loamy,Pioneer-3396
31.54,40.18,51.25,27.69,53.37,7.2,859.36,Wheat,Chalky,PBW-343
54.92,43.65,89.01,19.26,47.96,7.86,846.53,Barley,Chalky,DWRB-73
83.02,29.7,89.12,27.19,69.95,6.49,1077.93,Wheat,Loamy,HD-2967
82.77,41.75,90.66,23.16,69.78,6.02,1064.06,Rice,Silty,IR64
51.54,43.49,79.39,26.01,72.37,7.41,1235.18,Cotton,Silty,Bt-1
29.71,28.92,43.56,34.04,42.58,5.48,467.73,Potato,Sandy,Kufri Jyoti
21.25,21.81,75.2,35.71,42.99,5.89,720.46,Groundnut,Sandy,GG-20
140.17,46.29,56.31,18.0,78.31,5.29,1660.98,Watermelon,Peaty,Sugar Baby
73.55,53.22,89.89,22.65,76.35,6.63,1255.7,Barley,Silty,RD-2552
108.57,59.61,75.15,21.48,74.84,4.03,1544.2,Rice,Peaty,Swarna
140.33,63.31,48.39,15.18,89.51,5.08,1700.24,Potato,Peaty,Kufri Bahar
39.89,42.96,81.37,18.98,57.38,8.23,654.32,Barley,Chalky,RD-2552
70.33,33.24,97.34,28.1,65.99,6.85,1125.22,Tomato,Loamy,Pusa Ruby
91.34,69.04,111.36,27.07,69.64,6.42,1671.32,Sugarcane,Clay,Co-0238
47.94,39.87,48.88,33.38,37.75,6.48,292.22,Watermelon,Sandy,Crimson Sweet
68.15,53.49,91.56,20.93,71.68,6.92,1290.95,Potato,Loamy,Kufri Bahar
79.33,27.7,80.9,15.22,90.4,5.73,1973.11,Rice,Peaty,Basmati-370
117.67,70.68,93.8,28.38,79.45,6.95,867.35,Sugarcane,Clay,Co-86032
63.36,35.51,47.44,30.57,38.98,5.88,487.62,Millet,Sandy,HHB-67
65.06,46.68,108.82,29.22,33.28,8.24,627.71,Cotton,Chalky,Bt-1
117.74,68.29,99.06,26.78,61.97,5.99,1192.45,Groundnut,Clay,TAG-24
22.97,53.81,69.14,23.12,35.49,8.12,684.28,Barley,Chalky,BH-902
50.58,50.53,94.79,19.54,51.04,8.47,490.35,Barley,Chalky,RD-2552
116.08,54.15,49.98,14.02,82.57,5.15,1378.9,Potato,Peaty,Kufri Bahar
33.27,46.06,121.52,28.0,55.53,7.86,916.22,Barley,Chalky,RD-2552
109.57,47.6,98.7,21.22,86.31,5.67,1625.79,Rice,Peaty,Basmati-370
103.01,51.19,59.67,21.1,84.84,5.15,2025.21,Rice,Peaty,IR64
90.6,62.36,100.76,23.21,75.87,7.31,1450.76,Maize,Clay,DHM-117
83.49,42.3,122.79,29.29,55.5,6.76,1800.0,Maize,Loamy,Pioneer-3396
95.23,45.06,98.62,19.51,85.98,5.14,1691.49,Tea,Peaty,TV-23
88.85,39.17,108.14,26.75,64.27,7.14,1354.32,Tomato,Loamy,Arka Vikas
34.43,32.03,54.33,37.98,56.21,6.6,715.73,Potato,Sandy,Kufri Jyoti
119.37,45.4,83.56,24.07,86.39,5.97,1683.98,Rice,Peaty,Swarna
37.42,55.86,94.14,31.96,51.97,7.8,908.55,Wheat,Chalky,HD-2967
85.75,40.26,86.13,28.68,71.66,7.73,1623.62,Vegetables,Silty,Local-1
123.68,51.91,67.5,18.24,92.11,5.69,2101.73,Rice,Peaty,Basmati-370
75.82,48.73,117.45,23.73,84.62,6.59,1313.43,Maize,Silty,Pioneer-3396
104.71,57.74,85.48,29.44,74.75,7.11,1219.46,Cotton,Clay,Bt-2
70.16,42.84,79.35,26.3,64.59,6.67,864.37,Wheat,Loamy,Lok-1
93.65,51.68,74.43,25.6,75.07,6.49,1292.74,Wheat,Loamy,HD-2967
130.71,43.42,65.47,22.18,75.35,5.74,1671.92,Tea,Peaty,TV-1
57.88,63.38,123.76,24.63,79.41,6.62,1570.74,Cotton,Clay,Bt-1
79.62,54.83,78.21,20.95,68.7,6.55,2100.0,Vegetables,Silty,Local-1
45.34,28.12,49.35,30.68,41.25,7.16,633.81,Groundnut,Sandy,TAG-24
102.49,45.9,65.35,26.83,61.51,7.01,1786.07,Cotton,Silty,Bt-2
61.44,37.99,87.53,26.47,71.39,6.82,1966.25,Rice,Silty,Basmati-370
126.64,40.02,70.36,19.77,88.43,5.71,1957.54,Rice,Peaty,IR64
105.42,43.09,49.74,19.75,73.33,5.05,1813.39,Watermelon,Peaty,Crimson Sweet
89.61,49.91,81.02,20.12,71.97,7.32,1124.98,Maize,Silty,DHM-117
128.42,64.93,116.5,27.25,69.35,6.67,1456.19,Sugarcane,Clay,Co-0118
92.07,36.54,75.56,24.56,57.21,7.05,1408.71,Sugarcane,Loamy,Co-0118
125.1,34.5,75.39,16.75,87.09,5.62,1506.02,Vegetables,Peaty,Hybrid-A
78.38,46.97,93.38,30.93,65.07,6.83,1040.22,Rice,Loamy,Basmati-370
73.57,64.61,89.13,26.31,28.7,7.61,877.59,Barley,Chalky,BH-902
74.04,39.82,68.59,18.0,59.98,6.85,947.21,Sugarcane,Loamy,Co-86032
62.77,56.28,67.88,27.82,43.11,7.78,1108.98,Barley,Chalky,RD-2552
98.2,49.59,82.13,23.83,57.43,7.57,1215.71,Wheat,Loamy,PBW-343
37.16,39.32,36.22,29.39,30.11,6.43,674.61,Millet,Sandy,RHB-173
42.38,25.29,65.03,31.66,55.29,6.23,561.24,Potato,Sandy,Kufri Pukhraj
64.81,57.83,107.56,27.22,83.05,6.93,1515.46,Rice,Clay,Basmati-370
92.55,43.46,73.18,22.47,77.95,5.85,1641.06,Tea,Peaty,TV-1
42.17,29.75,63.02,31.46,28.1,6.59,658.55,Millet,Sandy,HHB-67
105.25,69.39,116.94,22.87,84.22,6.6,1004.15,Cotton,Clay,Bt-1
47.7,28.5,50.12,28.7,42.3,7.36,549.02,Groundnut,Sandy,GG-20
88.55,29.11,92.18,28.04,72.48,7.06,1527.99,Cotton,Loamy,Bt-2
80.49,42.61,105.59,23.01,80.78,5.57,1482.1,Wheat,Clay,HD-2967
41.76,53.69,76.52,27.27,47.36,7.9,524.28,Millet,Chalky,HHB-67
54.83,30.21,55.33,27.25,70.01,7.66,1579.86,Vegetables,Silty,Hybrid-B
71.19,58.08,69.83,32.47,75.13,7.62,1287.85,Wheat,Loamy,Lok-1
48.68,81.67,107.75,22.06,45.58,8.24,1025.53,Wheat,Chalky,PBW-343
124.56,38.59,74.89,20.6,85.78,5.53,1882.14,Potato,Peaty,Kufri Pukhraj
64.02,70.91,84.87,18.0,68.71,7.52,1178.03,Barley,Chalky,RD-2552
98.92,50.17,44.78,17.07,72.99,5.01,1749.41,Tea,Peaty,TV-1
62.11,44.72,73.02,22.35,59.68,6.58,1478.21,Wheat,Silty,PBW-343
95.77,56.21,135.71,24.4,67.87,6.31,1350.69,Potato,Clay,Kufri Bahar
84.54,35.03,78.6,18.81,79.77,4.76,1841.82,Maize,Peaty,Pioneer-3396
32.83,22.32,29.87,30.44,62.41,6.28,691.52,Groundnut,Sandy,GG-20
83.08,53.93,85.35,30.91,65.67,6.5,1342.88,Sugarcane,Loamy,Co-0118
22.34,44.79,101.65,28.94,33.39,8.05,1300.0,Wheat,Chalky,PBW-343
82.63,53.72,124.0,25.37,71.56,6.26,2097.06,Maize,Clay,DHM-117
78.55,54.32,124.82,23.99,73.23,6.92,1351.95,Vegetables,Silty,Local-1
49.39,85.99,105.09,26.99,38.73,8.39,1116.69,Rice,Chalky,Swarna
115.55,55.88,83.2,22.01,78.65,5.14,2237.7,Rice,Peaty,IR64
43.93,28.7,55.95,25.86,37.07,6.37,691.25,Watermelon,Sandy,Crimson Sweet
50.26,65.3,81.63,31.47,43.07,8.24,997.72,Wheat,Chalky,Lok-1
54.98,50.23,89.31,24.38,73.79,6.41,1236.83,Rice,Silty,Basmati-370
106.76,52.03,83.58,28.84,55.76,6.11,1620.4,Maize,Silty,HQPM-1
30.81,52.34,79.69,25.82,49.88,7.57,1115.29,Barley,Chalky,DWRB-73
123.58,37.07,67.0,21.44,88.1,5.87,900.0,Rice,Peaty,Basmati-370
124.84,54.37,95.62,23.46,77.53,4.95,1787.14,Tea,Peaty,UPASI-9
85.43,38.52,90.7,20.92,79.58,6.35,1476.86,Maize,Silty,HQPM-1
83.61,49.52,113.97,25.11,85.83,6.74,1389.5,Wheat,Clay,Lok-1
72.28,52.67,86.39,27.41,69.3,8.06,817.47,Cotton,Chalky,Bt-1
108.99,69.72,112.61,25.68,76.07,6.57,903.05,Sugarcane,Clay,Co-86032
63.81,29.56,20.0,37.45,46.41,6.45,852.63,Groundnut,Sandy,JL-24
51.97,48.03,83.45,25.88,64.02,6.52,951.78,Rice,Loamy,IR64
94.89,40.05,64.37,18.97,55.59,6.29,1280.45,Sugarcane,Loamy,Co-0118
108.29,65.0,49.38,21.47,93.03,4.66,2269.22,Cotton,Peaty,Suraj
93.49,60.04,152.43,24.32,66.31,6.99,2052.35,Rice,Clay,IR64
131.86,45.34,91.77,15.78,83.01,6.01,1646.26,Vegetables,Peaty,Hybrid-A
93.0,46.01,109.51,29.58,67.79,6.46,1622.94,Sugarcane,Clay,Co-0118
101.99,69.7,120.27,22.84,72.97,6.39,1493.56,Cotton,Clay,Suraj
91.15,47.65,87.64,26.91,66.89,6.44,1678.32,Maize,Silty,Pioneer-3396
124.51,45.51,57.3,24.21,89.27,4.76,1714.4,Tea,Peaty,TV-23
30.47,28.79,35.45,29.12,46.2,6.75,541.02,Groundnut,Sandy,GG-20
104.03,37.2,92.21,27.85,75.85,7.35,1583.62,Cotton,Clay,Bt-1
74.61,45.7,84.94,23.13,61.01,6.29,906.5,Tomato,Loamy,Pusa Ruby
102.02,58.08,86.76,25.8,62.34,6.14,1355.82,Wheat,Silty,HD-2967
74.07,62.12,94.32,26.63,76.41,6.83,1367.1,Vegetables,Silty,Hybrid-A
77.56,71.71,102.28,22.25,74.03,6.73,1305.73,Rice,Clay,IR64
76.05,30.88,92.24,28.0,71.64,6.59,1593.66,Rice,Silty,Basmati-370
64.88,51.94,70.73,28.22,59.55,6.94,980.12,Sugarcane,Loamy,Co-86032
41.5,28.41,38.33,27.81,56.91,5.62,645.06,Rice,Sandy,Basmati-370
88.09,36.39,72.63,27.26,69.49,7.44,1183.67,Tea,Silty,TV-1
59.68,42.0,68.51,33.34,46.74,5.94,686.86,Wheat,Sandy,Lok-1
41.84,49.58,79.81,30.55,48.6,8.24,879.46,Cotton,Chalky,Bt-2
108.89,43.21,86.52,14.97,79.4,5.26,2328.47,Vegetables,Peaty,Hybrid-B
94.24,54.97,106.68,30.53,64.47,7.28,1574.81,Cotton,Loamy,Suraj
91.23,48.75,74.9,32.03,63.53,6.36,899.46,Soybean,Loamy,JS-335
49.9,77.72,77.42,30.86,43.51,7.82,808.16,Millet,Chalky,ICTP-8203
49.01,39.99,93.34,25.63,65.68,8.06,787.12,Cotton,Chalky,Bt-1
79.57,46.96,78.84,27.23,66.64,7.01,1165.13,Tomato,Loamy,Arka Vikas
148.22,49.47,93.28,18.06,78.78,4.84,1787.48,Sugarcane,Peaty,Co-0238
39.29,27.39,52.03,25.97,46.3,6.31,765.73,Potato,Sandy,Kufri Bahar
116.73,56.04,94.42,23.92,67.37,6.07,1178.25,Sugarcane,Clay,Co-0238
30.09,40.91,44.47,29.58,41.94,6.53,964.78,Watermelon,Sandy,Arka Manik
41.31,37.06,70.05,30.17,33.47,7.27,738.3,Groundnut,Sandy,TAG-24
54.88,42.83,64.64,25.14,48.44,6.78,871.6,Potato,Sandy,Kufri Bahar
126.27,45.33,62.72,20.39,77.95,5.67,1885.05,Tea,Peaty,TV-1
54.66,27.55,101.42,25.02,59.59,6.96,1516.46,Wheat,Silty,Lok-1
83.8,45.58,96.68,22.78,66.78,6.09,1045.88,Cotton,Loamy,Bt-1
93.34,64.52,123.55,30.85,72.54,6.56,1302.03,Sugarcane,Clay,Co-0238
52.98,22.03,61.99,28.22,51.55,6.33,923.62,Groundnut,Sandy,GG-20
76.36,55.78,147.65,23.59,69.22,7.03,1190.43,Cotton,Clay,Bt-2
95.01,71.13,88.86,25.59,64.08,6.48,1718.23,Rice,Clay,Basmati-370
95.93,33.2,98.06,18.99,81.09,5.14,1953.95,Tea,Peaty,UPASI-9
64.43,50.22,87.62,21.75,64.39,6.82,1079.92,Rice,Silty,Swarna
47.65,57.15,115.92,30.46,50.54,8.14,781.63,Barley,Chalky,DWRB-73
118.28,64.55,99.26,27.23,69.16,6.88,1492.65,Wheat,Clay,PBW-343
76.79,35.13,68.34,23.11,69.16,6.97,1496.58,Wheat,Silty,Lok-1
102.02,54.0,114.44,29.54,72.86,6.74,1251.93,Watermelon,Clay,Crimson Sweet
124.61,59.02,98.68,24.24,64.8,5.84,1114.77,Wheat,Clay,PBW-343
90.53,43.63,70.42,18.1,80.67,5.29,1922.2,Vegetables,Peaty,Hybrid-B
113.82,38.34,55.44,18.52,77.92,5.77,1300.68,Potato,Peaty,Kufri Pukhraj
126.29,55.06,93.3,20.1,84.24,5.5,1794.82,Potato,Peaty,Kufri Pukhraj
68.45,36.22,100.78,23.02,78.72,6.52,1265.53,Vegetables,Silty,Hybrid-A
87.35,38.27,94.54,22.89,74.54,6.77,975.77,Cotton,Clay,Bt-1
66.77,42.11,86.87,25.7,48.42,7.82,567.46,Millet,Chalky,RHB-173
60.35,41.99,76.05,23.66,78.59,6.22,1452.87,Wheat,Silty,PBW-343
36.21,38.34,111.29,22.87,51.07,7.76,1030.46,Millet,Chalky,HHB-67
132.31,71.1,129.44,26.29,65.85,6.67,1328.14,Wheat,Clay,HD-2967
133.94,34.19,128.49,25.89,74.14,6.19,1563.89,Rice,Clay,Swarna
100.87,36.8,63.81,17.92,76.86,5.2,1267.57,Rice,Peaty,Basmati-370
138.08,46.28,70.66,19.06,89.81,4.9,1267.04,Rice,Peaty,Swarna
75.48,58.41,129.19,24.58,62.88,6.62,988.83,Wheat,Silty,PBW-343
40.16,64.95,102.28,22.72,38.94,8.22,558.14,Cotton,Chalky,Suraj
41.51,26.31,53.26,32.74,44.24,6.47,586.47,Potato,Sandy,Kufri Bahar
105.33,39.09,88.24,12.0,82.24,5.14,1537.94,Rice,Peaty,Swarna
41.58,30.63,32.99,29.09,45.77,6.26,804.27,Groundnut,Sandy,JL-24
37.05,65.66,90.42,29.71,54.3,8.19,963.9,Cotton,Chalky,Bt-2
106.99,60.1,103.65,26.18,67.99,7.3,1057.39,Cotton,Loamy,Suraj
81.19,34.41,126.03,21.41,64.57,6.46,1271.78,Vegetables,Silty,Hybrid-A
51.06,11.49,56.58,30.12,45.33,6.4,670.31,Wheat,Sandy,PBW-343
107.12,55.63,67.64,16.59,79.71,6.06,1472.77,Rice,Peaty,Basmati-370
70.5,35.75,100.71,25.52,72.01,7.12,1095.64,Maize,Silty,DHM-117
116.58,57.49,98.49,19.41,73.44,7.47,1188.32,Wheat,Clay,PBW-343
115.33,77.27,144.09,29.52,72.68,6.92,968.22,Rice,Clay,IR64
94.93,54.74,141.24,24.86,74.26,6.44,1813.7,Sugarcane,Clay,Co-0238
90.16,28.6,40.96,14.44,86.58,5.02,1734.59,Rice,Peaty,IR64
92.98,50.4,104.38,21.65,77.41,7.31,1508.04,Maize,Silty,Pioneer-3396
37.39,51.73,108.01,31.27,44.61,7.73,591.86,Barley,Chalky,RD-2552
63.97,35.27,52.11,26.45,56.81,6.15,494.34,Millet,Sandy,ICTP-8203
119.06,24.09,83.59,22.08,75.24,5.44,1737.95,Potato,Peaty,Kufri Bahar
115.79,45.65,56.66,17.73,70.57,5.5,1761.55,Vegetables,Peaty,Hybrid-B
65.18,30.82,52.0,23.25,29.44,6.35,616.47,Groundnut,Sandy,JL-24
84.37,59.25,71.57,26.36,62.55,6.74,1111.71,Cotton,Loamy,Bt-1
44.25,36.75,98.1,23.81,46.19,7.85,770.85,Cotton,Chalky,Bt-2
61.14,60.88,60.15,20.73,56.46,8.08,707.81,Millet,Chalky,HHB-67
97.66,71.34,82.0,29.33,80.98,6.75,1569.22,Rice,Clay,IR64
16.42,68.48,66.29,24.05,51.57,8.25,767.29,Millet,Chalky,RHB-173
113.93,41.63,70.35,21.31,88.24,5.72,2324.06,Vegetables,Peaty,Hybrid-A
109.75,49.79,95.88,25.18,89.26,5.35,2088.44,Vegetables,Peaty,Hybrid-A
64.14,70.36,121.03,27.04,56.5,8.27,807.53,Millet,Chalky,HHB-67
68.64,83.1,88.91,31.38,29.31,7.92,902.62,Millet,Chalky,RHB-173
40.18,58.47,50.72,28.66,59.9,7.43,989.65,Cotton,Chalky,Bt-2
79.85,54.88,59.2,16.87,78.83,5.58,1660.01,Cotton,Peaty,Bt-2
86.04,37.15,112.97,25.44,67.71,6.56,1220.95,Cotton,Loamy,Bt-1
118.11,47.09,138.05,28.21,69.37,7.43,1781.38,Rice,Clay,Basmati-370
50.57,70.22,110.09,28.46,52.8,7.68,807.49,Wheat,Chalky,PBW-343
115.5,33.81,103.75,22.6,76.28,6.68,1350.03,Cotton,Clay,Suraj
66.89,60.81,84.29,22.93,40.83,8.28,618.67,Barley,Chalky,RD-2552
69.9,28.19,68.54,17.87,81.05,6.72,1084.72,Rice,Silty,IR64
39.67,54.54,120.76,27.13,40.64,7.55,743.83,Cotton,Chalky,Bt-1
120.95,43.78,65.13,23.49,84.74,5.72,1852.02,Vegetables,Peaty,Local-1
107.65,27.24,60.4,21.14,73.25,5.28,1851.43,Sugarcane,Peaty,Co-0118
135.22,56.07,63.31,20.54,77.54,4.79,1761.15,Potato,Peaty,Kufri Bahar
40.0,45.63,101.74,20.99,76.79,6.48,1285.84,Groundnut,Silty,TAG-24
109.68,71.04,126.93,24.05,77.48,7.37,1786.41,Rice,Clay,IR64
108.83,45.31,69.59,20.0,71.78,5.23,2061.69,Rice,Peaty,IR64
35.94,17.76,74.03,30.84,47.92,6.17,646.74,Watermelon,Sandy,Sugar Baby
57.85,58.63,98.04,23.87,78.4,7.05,1095.97,Cotton,Clay,Suraj
81.9,45.16,61.23,23.8,62.0,6.66,1123.97,Maize,Loamy,Pioneer-3396
42.11,55.03,74.22,22.84,61.0,7.68,722.54,Cotton,Chalky,Suraj
108.59,40.35,129.45,23.91,70.44,6.43,1915.52,Wheat,Clay,Lok-1
67.04,55.95,79.36,29.7,46.56,8.28,619.37,Cotton,Chalky,Bt-2
79.2,37.29,81.17,30.83,55.02,6.51,1800.0,Cotton,Loamy,Suraj
49.57,33.58,63.13,29.9,31.95,6.2,671.74,Groundnut,Sandy,JL-24
104.16,54.46,113.43,22.8,77.01,6.89,1231.84,Sugarcane,Clay,Co-86032
36.36,51.82,98.79,18.23,40.92,7.73,815.52,Millet,Chalky,RHB-173
47.5,18.64,57.83,30.21,43.34,6.04,669.34,Potato,Sandy,Kufri Jyoti
29.11,20.39,56.48,29.58,45.58,6.74,480.92,Watermelon,Sandy,Crimson Sweet
115.33,48.73,76.74,20.09,84.26,4.94,2114.03,Vegetables,Peaty,Local-1
38.0,33.32,41.38,30.83,36.18,7.4,757.32,Potato,Sandy,Kufri Pukhraj
59.09,21.5,61.79,31.7,49.74,7.08,539.55,Groundnut,Sandy,JL-24
97.09,56.23,113.83,28.85,68.01,6.35,1143.75,Cotton,Clay,Bt-1
47.3,27.22,42.06,29.82,39.11,6.37,636.38,Watermelon,Sandy,Sugar Baby
96.69,36.38,67.44,17.88,76.75,4.68,1645.1,Potato,Peaty,Kufri Jyoti
87.22,55.07,86.33,32.6,52.78,6.54,1232.33,Sugarcane,Loamy,Co-86032
72.26,40.01,93.33,22.86,58.43,7.01,1194.5,Soybean,Loamy,JS-335
77.58,46.74,112.14,25.65,65.05,6.65,2100.0,Cotton,Silty,Suraj
94.76,45.5,83.45,23.84,71.16,7.9,1320.11,Rice,Silty,Basmati-370
45.33,65.52,108.37,24.68,45.35,8.2,970.19,Sugarcane,Chalky,Co-86032
61.36,57.18,91.97,23.84,72.7,6.53,1239.76,Wheat,Silty,Lok-1
73.06,47.4,70.14,30.29,67.14,6.49,1236.4,Vegetables,Silty,Hybrid-A
82.97,46.27,84.62,28.42,74.25,6.29,1381.23,Maize,Silty,HQPM-1
98.99,40.71,97.54,17.6,62.52,6.86,1878.69,Vegetables,Silty,Local-1
42.83,16.91,41.68,33.94,45.58,6.49,632.27,Watermelon,Sandy,Sugar Baby
97.93,53.66,101.75,26.75,74.71,6.33,1569.64,Rice,Clay,Basmati-370
71.26,39.83,75.06,28.62,55.88,6.87,1113.65,Soybean,Loamy,NRC-37
63.17,44.18,97.95,23.83,69.48,6.66,846.31,Wheat,Loamy,Lok-1
36.11,53.05,74.23,33.23,51.1,7.73,768.47,Barley,Chalky,DWRB-73
73.07,57.35,99.29,22.68,85.09,6.07,1207.25,Rice,Silty,IR64
93.73,49.89,105.71,23.27,63.84,6.75,1350.85,Soybean,Loamy,NRC-37
127.87,44.56,71.15,20.75,83.79,4.96,1857.27,Tea,Peaty,TV-23
107.95,52.95,96.06,25.46,81.97,6.31,1463.69,Wheat,Clay,Lok-1
51.29,21.48,24.31,31.25,48.99,6.22,487.36,Watermelon,Sandy,Sugar Baby
85.87,45.08,94.86,22.91,75.12,6.4,1179.11,Wheat,Silty,PBW-343
104.66,61.94,104.16,24.54,78.91,7.23,1348.53,Cotton,Clay,Suraj
110.55,51.31,104.55,21.1,65.1,6.7,1043.05,Wheat,Loamy,HD-2967
59.36,50.52,93.22,23.75,59.82,7.58,576.97,Barley,Chalky,DWRB-73
51.07,70.74,119.27,23.99,60.55,8.06,970.39,Barley,Chalky,DWRB-73
112.75,33.47,63.91,18.14,88.04,5.25,1957.53,Tea,Peaty,TV-1
150.82,40.16,64.25,16.99,76.35,4.48,1603.44,Rice,Peaty,IR64
76.75,27.53,104.5,18.26,62.29,7.07,1517.71,Soybean,Loamy,NRC-37
45.67,65.02,69.88,25.77,62.26,7.82,847.58,Millet,Chalky,ICTP-8203
102.49,53.58,121.17,25.95,88.35,6.87,1482.45,Cotton,Clay,Bt-2
85.06,39.85,64.19,28.83,66.26,6.9,1369.82,Wheat,Silty,PBW-343
108.01,68.03,126.69,24.99,66.33,6.32,1395.27,Cotton,Clay,Suraj
61.31,30.34,42.19,32.48,62.24,6.21,764.97,Millet,Sandy,ICTP-8203
53.35,54.47,106.06,27.14,58.47,8.25,820.91,Cotton,Chalky,Bt-2
121.82,77.55,124.12,26.23,75.52,7.68,1600.18,Sugarcane,Clay,Co-0118
93.5,46.25,82.83,28.29,64.57,7.05,964.06,Wheat,Loamy,PBW-343
70.0,45.57,30.0,20.72,82.94,5.08,1825.04,Vegetables,Peaty,Hybrid-A
85.88,48.16,76.65,28.17,61.22,6.03,1390.9,Tomato,Loamy,Arka Vikas
74.37,41.81,106.94,27.51,71.86,6.79,1491.51,Vegetables,Silty,Hybrid-B
112.5,37.77,57.96,20.12,74.43,4.61,1926.78,Potato,Peaty,Kufri Jyoti
73.05,21.28,36.71,30.82,32.4,5.88,837.64,Watermelon,Sandy,Crimson Sweet
96.01,58.73,99.86,24.64,63.84,6.54,1778.32,Wheat,Clay,HD-2967
78.14,42.12,101.46,25.03,65.85,7.7,974.09,Cotton,Loamy,Bt-2
66.48,39.51,82.61,26.77,61.41,6.94,1303.99,Soybean,Loamy,JS-335
93.44,48.95,48.6,16.0,80.64,6.79,1326.52,Rice,Silty,Swarna
80.85,34.22,124.57,33.34,61.1,6.97,1091.26,Wheat,Loamy,HD-2967
84.0,51.33,87.57,22.87,73.26,6.44,1408.26,Wheat,Silty,PBW-343
56.9,29.96,53.2,33.46,42.47,6.04,899.36,Potato,Sandy,Kufri Jyoti
102.79,56.29,137.75,26.11,62.92,6.18,1381.02,Wheat,Clay,PBW-343
115.89,50.44,61.53,23.09,79.4,5.14,1802.74,Tea,Peaty,TV-23
35.4,33.68,46.6,30.87,40.34,6.84,578.43,Potato,Sandy,Kufri Jyoti
75.92,56.38,93.95,26.18,61.27,6.7,918.47,Maize,Loamy,Pioneer-3396
32.45,36.17,54.37,28.45,41.85,6.29,709.07,Watermelon,Sandy,Arka Manik
40.51,28.46,30.32,32.11,47.49,6.28,611.19,Groundnut,Sandy,GG-20
111.74,48.95,105.06,24.85,76.96,6.73,1293.55,Cotton,Clay,Bt-1
52.42,26.14,70.32,34.28,46.2,6.05,888.47,Rice,Sandy,IR64
157.34,34.22,59.72,27.54,77.73,5.08,1808.88,Potato,Peaty,Kufri Jyoti
101.56,53.02,114.36,29.43,81.55,6.63,1797.15,Wheat,Clay,PBW-343
75.98,43.41,81.08,26.13,71.14,6.39,1399.04,Wheat,Loamy,HD-2967
116.48,53.29,80.08,26.73,65.74,7.35,1480.17,Soybean,Loamy,NRC-37
90.36,52.96,90.78,28.73,52.64,6.81,1364.54,Tomato,Loamy,Pusa Ruby
96.63,33.54,30.0,22.08,84.73,5.67,1737.93,Potato,Peaty,Kufri Jyoti
48.35,26.58,41.9,23.98,55.96,6.21,604.79,Watermelon,Sandy,Sugar Baby
98.45,60.21,92.49,23.02,56.57,7.33,770.32,Tomato,Loamy,Roma
96.89,41.07,68.88,24.65,79.85,5.25,1354.73,Rice,Peaty,Basmati-370
104.92,41.5,88.3,21.93,87.28,5.44,1612.92,Sugarcane,Peaty,Co-0118
36.79,55.86,95.39,26.55,63.11,8.25,1047.62,Cotton,Chalky,Suraj
105.7,58.01,133.57,25.64,66.76,6.97,1499.14,Wheat,Clay,Lok-1
46.29,32.99,35.25,30.84,51.04,5.52,630.77,Millet,Sandy,ICTP-8203
72.28,39.43,90.55,21.26,66.38,5.85,1283.73,Tomato,Loamy,Pusa Ruby
52.67,49.41,90.44,24.31,70.35,6.34,1041.95,Potato,Loamy,Kufri Jyoti
118.49,49.64,121.34,23.36,76.43,7.07,966.02,Wheat,Clay,HD-2967
101.82,28.64,71.63,21.8,71.93,6.56,1124.61,Soybean,Loamy,JS-335
62.18,25.37,49.37,33.05,54.42,6.02,565.71,Watermelon,Sandy,Arka Manik
50.76,23.57,56.87,27.08,42.45,5.9,443.98,Millet,Sandy,ICTP-8203
37.01,64.01,97.89,25.67,57.26,8.03,331.04,Cotton,Chalky,Bt-2
59.75,46.64,91.7,21.04,71.57,6.41,1242.79,Maize,Silty,DHM-117
16.39,44.49,80.38,18.0,58.83,8.04,798.45,Cotton,Chalky,Bt-2
47.71,38.53,61.01,28.63,43.82,7.99,820.52,Cotton,Chalky,Bt-1
88.17,45.88,134.11,24.24,70.58,7.47,1801.09,Wheat,Silty,PBW-343
45.05,52.91,98.38,21.58,66.0,7.19,928.47,Barley,Loamy,BH-902
67.87,53.62,87.44,28.94,60.08,6.8,1236.07,Soybean,Loamy,JS-335
71.19,46.52,112.04,24.17,80.0,7.11,1415.11,Wheat,Silty,PBW-343
113.8,29.67,94.98,20.92,76.98,4.87,1624.26,Vegetables,Peaty,Hybrid-B
96.55,32.51,81.16,13.28,89.83,5.48,1627.79,Vegetables,Peaty,Hybrid-B
36.21,52.02,96.06,27.76,49.39,7.81,1222.57,Rice,Chalky,Basmati-370
43.41,56.22,79.46,30.14,38.76,7.87,562.18,Barley,Chalky,DWRB-73
66.94,33.63,84.82,23.07,65.18,6.44,1393.56,Vegetables,Silty,Hybrid-B
97.68,37.89,55.26,15.32,92.04,5.64,1782.4,Watermelon,Peaty,Arka Manik
46.8,78.97,114.77,29.11,53.7,8.19,677.1,Barley,Chalky,BH-902
102.19,32.26,93.15,23.46,62.79,7.18,804.84,Wheat,Loamy,PBW-343
140.0,65.43,101.92,24.77,70.06,6.81,1010.4,Rice,Clay,Swarna
63.07,49.08,66.15,22.26,70.91,7.08,1364.57,Wheat,Silty,PBW-343
73.21,39.55,91.62,32.0,67.11,7.31,1326.2,Vegetables,Silty,Local-1
31.25,19.83,51.96,32.67,51.94,6.57,554.44,Watermelon,Sandy,Arka Manik
29.34,45.25,134.99,23.75,49.79,8.27,712.41,Wheat,Chalky,Lok-1
50.58,43.6,39.28,24.16,54.9,5.95,671.62,Millet,Sandy,RHB-173
89.85,43.56,76.76,25.78,59.53,6.92,995.54,Soybean,Loamy,JS-335
77.35,57.5,127.53,23.97,69.06,7.13,1943.33,Cotton,Clay,Bt-1
70.7,32.87,109.99,27.3,59.31,6.59,1241.44,Soybean,Loamy,MAUS-71
70.0,55.84,87.42,24.55,85.2,5.05,1692.46,Tea,Peaty,TV-23
66.83,50.56,58.23,24.79,74.0,7.17,1570.4,Wheat,Silty,HD-2967
111.64,47.53,80.53,15.33,84.96,5.32,1979.0,Tea,Peaty,TV-23
37.61,61.0,100.97,22.53,53.26,8.13,643.0,Cotton,Chalky,Suraj
91.86,42.74,107.94,24.81,69.41,6.43,853.08,Cotton,Loamy,Suraj
74.02,37.32,101.73,21.2,77.67,7.14,1452.04,Sugarcane,Clay,Co-0118
44.79,16.78,51.59,23.64,42.33,6.4,690.86,Wheat,Sandy,PBW-343
48.8,57.21,84.02,26.72,41.68,8.14,679.24,Barley,Chalky,BH-902
65.65,46.45,96.7,21.87,63.79,6.21,1938.92,Maize,Silty,DHM-117
97.3,44.24,120.77,23.21,66.08,8.0,2009.57,Wheat,Clay,PBW-343
118.66,29.59,107.4,23.49,64.6,7.55,998.22,Barley,Clay,BH-902
70.78,46.03,100.95,27.97,72.43,6.37,1034.71,Wheat,Silty,PBW-343
68.14,26.99,68.61,24.3,79.93,7.38,1481.53,Vegetables,Silty,Local-1
133.59,35.65,83.54,18.84,74.83,5.31,1805.61,Cotton,Peaty,Bt-1
85.58,49.67,85.69,23.8,65.06,6.44,1530.48,Maize,Silty,HQPM-1
109.57,53.84,86.23,18.14,78.01,4.36,1956.56,Tea,Peaty,UPASI-9
118.67,24.6,73.55,17.54,68.95,5.44,1355.1,Vegetables,Peaty,Local-1
57.83,63.56,97.12,26.06,77.28,7.19,1608.29,Wheat,Loamy,HD-2967
34.08,43.9,93.12,25.55,42.24,8.27,939.67,Barley,Chalky,RD-2552
96.08,49.32,145.71,29.21,67.37,7.06,1664.58,Sugarcane,Clay,Co-0118
41.84,54.64,97.31,28.77,37.86,8.22,992.83,Cotton,Chalky,Bt-1
130.15,25.75,71.08,25.1,78.37,4.59,2103.64,Potato,Peaty,Kufri Bahar
115.59,45.37,107.73,29.04,79.59,6.46,1319.04,Rice,Clay,Basmati-370
74.4,30.61,63.83,24.05,63.22,6.85,1234.23,Wheat,Loamy,PBW-343
40.22,49.21,114.94,27.24,55.07,8.71,615.2,Cotton,Chalky,Bt-1
54.01,17.72,46.89,34.65,36.73,6.67,595.77,Watermelon,Sandy,Sugar Baby
63.34,87.29,95.77,25.15,55.35,7.78,656.49,Barley,Chalky,RD-2552
88.66,46.87,115.92,25.43,56.18,6.48,1494.36,Rice,Silty,IR64
75.81,50.18,102.07,27.19,67.21,6.79,1120.94,Wheat,Silty,Lok-1
110.09,40.89,79.51,21.05,70.78,4.66,1617.8,Potato,Peaty,Kufri Bahar
38.96,25.12,46.35,25.51,39.99,6.41,881.93,Potato,Sandy,Kufri Bahar
99.12,31.41,43.28,27.0,73.06,5.75,1198.12,Rice,Peaty,Basmati-370
97.38,57.33,79.83,23.93,79.24,5.99,1311.57,Rice,Silty,Basmati-370
88.61,30.2,123.53,26.11,67.41,7.0,1021.59,Rice,Silty,IR64
75.29,53.21,98.06,25.5,63.99,7.47,1327.75,Sugarcane,Loamy,Co-0118
42.38,47.9,96.61,29.22,38.8,7.45,808.08,Millet,Chalky,ICTP-8203
51.14,48.49,94.22,27.13,40.76,7.56,1014.69,Wheat,Chalky,Lok-1
113.51,36.29,47.88,23.2,73.73,5.61,1554.68,Vegetables,Peaty,Hybrid-B
67.7,46.59,96.64,29.44,74.03,6.65,1242.41,Soybean,Loamy,NRC-37
108.55,20.46,73.22,21.45,76.44,5.69,2151.67,Potato,Peaty,Kufri Bahar
119.82,41.11,61.34,19.25,76.97,5.31,1247.81,Potato,Peaty,Kufri Bahar
139.73,40.53,93.73,24.46,82.31,4.82,1869.81,Potato,Peaty,Kufri Pukhraj
111.17,31.72,74.46,14.37,79.43,4.61,1533.9,Barley,Peaty,BH-902
101.66,48.68,68.82,19.95,66.95,6.25,707.94,Wheat,Silty,PBW-343
69.45,37.56,50.0,23.92,67.32,6.83,1140.32,Cotton,Loamy,Bt-2
57.44,24.13,56.35,30.6,42.17,5.93,605.15,Groundnut,Sandy,TAG-24
110.55,52.11,89.17,24.39,72.4,7.36,1256.35,Rice,Silty,Swarna
49.42,21.37,62.81,32.83,50.04,6.62,630.71,Watermelon,Sandy,Arka Manik
140.18,34.61,60.68,22.05,80.47,6.06,1985.26,Vegetables,Peaty,Hybrid-B
49.45,33.98,55.91,28.27,50.37,6.35,675.22,Groundnut,Sandy,GG-20
90.53,45.15,122.45,19.73,60.96,5.75,1055.23,Wheat,Silty,PBW-343
97.72,43.1,97.3,21.11,72.31,4.87,1465.7,Rice,Peaty,Swarna
53.51,22.36,81.1,29.66,35.99,5.88,862.59,Potato,Sandy,Kufri Jyoti
40.0,37.75,127.09,26.02,64.6,6.91,1573.25,Maize,Silty,Pioneer-3396
82.68,43.35,107.21,20.94,70.64,6.43,1709.93,Vegetables,Silty,Hybrid-A
65.78,25.75,87.69,28.51,58.59,6.87,918.3,Wheat,Loamy,Lok-1
108.08,45.45,60.47,20.29,81.79,4.33,1192.97,Rice,Peaty,IR64
106.01,25.92,91.91,22.31,85.81,4.69,1586.58,Potato,Peaty,Kufri Bahar
113.84,41.36,89.15,17.87,82.1,5.7,1731.01,Rice,Peaty,Basmati-370
119.48,53.6,115.44,32.31,67.52,6.67,1157.81,Wheat,Clay,HD-2967
77.56,20.0,98.2,28.04,65.98,6.98,1158.14,Tomato,Loamy,Roma
127.67,51.32,76.96,20.67,78.27,6.41,1737.98,Rice,Peaty,Swarna
62.53,48.9,74.35,21.42,65.3,7.03,961.21,Watermelon,Silty,Sugar Baby
106.85,70.42,114.14,27.84,70.96,7.01,1553.22,Millet,Clay,ICTP-8203
47.7,44.54,51.72,24.61,44.18,8.65,663.44,Millet,Chalky,RHB-173
59.59,45.0,46.68,28.72,49.53,6.01,651.96,Potato,Sandy,Kufri Bahar
52.38,27.91,55.96,31.92,32.06,6.75,539.91,Watermelon,Sandy,Crimson Sweet
63.39,57.42,91.12,26.42,68.08,6.32,1058.07,Soybean,Loamy,NRC-37
44.47,79.36,98.7,27.75,35.46,8.19,650.48,Wheat,Chalky,Lok-1
44.67,71.52,97.44,23.27,34.51,8.29,986.17,Cotton,Chalky,Suraj
58.82,29.74,37.71,28.5,51.82,5.79,662.14,Watermelon,Sandy,Arka Manik
77.91,57.63,72.06,23.42,64.51,6.78,1450.06,Wheat,Silty,HD-2967
100.49,41.41,86.04,20.81,80.37,4.39,1684.55,Tea,Peaty,UPASI-9
38.77,50.5,78.47,24.68,43.86,8.12,963.2,Wheat,Chalky,HD-2967
38.55,64.34,82.77,22.4,51.86,8.07,614.12,Millet,Chalky,ICTP-8203
96.66,49.66,60.4,16.28,91.55,6.14,1989.84,Potato,Peaty,Kufri Pukhraj
42.58,55.37,40.0,26.84,53.51,8.29,675.25,Cotton,Chalky,Suraj
69.39,32.88,77.07,20.36,60.04,6.89,1578.68,Rice,Silty,Basmati-370
37.73,53.75,112.7,20.76,45.76,8.45,850.96,Barley,Chalky,DWRB-73
63.92,33.51,69.86,34.47,44.03,6.46,801.61,Potato,Sandy,Kufri Jyoti
120.16,66.27,104.78,25.83,71.2,6.11,1513.58,Wheat,Clay,PBW-343
85.56,58.17,70.0,23.95,72.96,7.95,1451.28,Sugarcane,Clay,Co-0118
67.48,66.89,60.74,24.9,67.7,6.16,1305.31,Wheat,Silty,PBW-343
101.56,45.2,108.21,30.68,61.96,6.72,1232.41,Tomato,Loamy,Pusa Ruby
84.25,45.92,91.97,28.64,69.73,7.42,1506.52,Maize,Silty,DHM-117
59.07,80.77,87.63,29.37,47.08,8.1,578.02,Cotton,Chalky,Bt-1
68.24,19.23,40.92,34.57,36.86,5.74,595.53,Watermelon,Sandy,Sugar Baby
96.0,43.53,78.49,24.55,84.91,5.76,1799.8,Rice,Peaty,IR64
89.64,51.67,120.19,23.57,59.07,6.39,1415.18,Sugarcane,Clay,Co-86032
104.73,32.95,43.57,24.43,81.75,4.77,1926.65,Maize,Peaty,DHM-117
27.87,36.08,60.3,32.77,49.29,6.23,501.22,Groundnut,Sandy,TAG-24
109.7,85.0,117.93,23.64,59.67,6.07,1231.53,Sugarcane,Clay,Co-0118
104.64,53.52,124.3,23.63,76.79,6.34,1590.61,Rice,Clay,Swarna
109.66,38.71,63.09,19.27,83.0,5.51,1896.02,Vegetables,Peaty,Hybrid-A
38.76,32.33,53.92,26.14,43.69,6.88,949.06,Potato,Sandy,Kufri Jyoti
45.59,40.58,105.01,24.58,35.05,8.2,730.17,Barley,Chalky,DWRB-73
114.8,33.81,53.11,19.27,84.62,4.44,1590.45,Potato,Peaty,Kufri Bahar
98.05,33.8,59.04,19.59,74.16,7.28,1673.56,Maize,Silty,HQPM-1
81.64,48.86,84.59,24.06,68.91,6.72,1627.16,Wheat,Clay,HD-2967
68.53,48.49,102.77,22.66,74.68,7.35,1610.97,Wheat,Silty,Lok-1
107.71,65.96,88.96,30.54,67.24,6.58,1275.43,Wheat,Clay,PBW-343
107.72,33.67,133.02,17.35,69.5,6.13,1825.55,Vegetables,Silty,Hybrid-A
57.73,52.45,109.12,29.85,67.22,6.94,969.74,Tomato,Loamy,Arka Vikas
97.11,40.56,100.04,26.82,59.53,7.3,1369.87,Maize,Loamy,HQPM-1
72.23,55.35,92.05,21.53,65.11,6.18,1389.29,Sugarcane,Clay,Co-0238
21.97,31.86,33.85,30.16,44.08,6.79,645.8,Millet,Sandy,HHB-67
81.82,31.48,64.34,23.84,55.2,6.9,784.91,Sugarcane,Loamy,Co-0238
65.39,51.89,77.97,24.75,41.94,7.46,796.58,Barley,Chalky,BH-902
100.45,46.81,64.8,31.12,61.45,5.93,830.86,Tomato,Loamy,Pusa Ruby
66.66,48.35,73.96,28.37,75.48,7.52,1218.84,Rice,Silty,Basmati-370
115.77,35.21,79.69,23.62,86.48,5.5,1503.58,Millet,Peaty,HHB-67
84.44,45.17,92.97,25.99,53.85,6.63,1216.73,Tea,Loamy,UPASI-9
97.65,40.36,69.4,23.37,86.73,5.31,1628.15,Rice,Peaty,Basmati-370
125.96,30.16,87.0,21.63,82.3,5.26,1578.8,Potato,Peaty,Kufri Pukhraj
118.74,60.37,47.58,26.06,79.18,4.49,1096.08,Vegetables,Peaty,Local-1
40.6,26.64,50.36,26.03,42.97,6.87,713.8,Watermelon,Sandy,Crimson Sweet
100.35,42.2,89.56,22.58,60.48,7.54,1374.41,Tomato,Loamy,Pusa Ruby
106.47,43.95,137.31,24.81,87.83,6.88,1613.13,Wheat,Clay,HD-2967
43.09,30.33,69.96,29.68,56.36,6.46,737.23,Millet,Sandy,HHB-67
50.67,72.49,65.9,25.28,60.54,7.6,864.97,Barley,Chalky,BH-902
40.52,67.46,69.4,22.07,43.79,8.28,478.19,Rice,Chalky,Basmati-370
65.02,60.58,79.68,23.68,65.68,7.02,1183.55,Tomato,Loamy,Pusa Ruby
74.65,28.71,102.82,27.8,36.5,8.71,969.25,Barley,Chalky,DWRB-73
98.07,42.96,106.66,25.56,73.31,5.96,1652.0,Wheat,Clay,HD-2967
97.56,60.46,109.28,26.86,75.57,6.58,1573.29,Wheat,Clay,PBW-343
61.69,71.97,90.56,25.34,40.66,8.11,404.97,Millet,Chalky,ICTP-8203
40.54,49.72,101.41,23.41,41.85,8.02,900.7,Wheat,Chalky,PBW-343
83.2,72.81,132.45,24.66,71.26,6.81,1400.14,Sugarcane,Clay,Co-86032
47.79,41.22,88.57,21.2,33.42,7.8,822.23,Millet,Chalky,RHB-173
134.88,15.0,68.92,15.46,83.19,6.03,1911.41,Vegetables,Peaty,Hybrid-B
84.8,45.9,53.49,17.68,74.01,5.54,1489.29,Tea,Peaty,TV-1
121.09,31.33,65.62,24.56,69.5,4.64,1799.42,Rice,Peaty,Swarna
60.18,51.52,87.17,28.01,70.51,6.83,1591.95,Vegetables,Silty,Local-1
92.92,54.53,95.5,26.85,65.21,7.17,870.87,Maize,Loamy,Pioneer-3396
104.4,52.2,93.97,28.31,64.17,7.85,1105.13,Wheat,Clay,PBW-343
110.48,58.22,103.96,23.75,86.17,7.26,1706.59,Cotton,Clay,Bt-1
91.07,52.12,98.05,24.39,65.79,7.14,1301.22,Maize,Silty,HQPM-1
86.95,34.86,108.35,25.36,73.78,6.96,1654.83,Tomato,Loamy,Pusa Ruby
109.83,48.28,110.05,31.04,63.06,7.03,1775.39,Rice,Clay,Basmati-370
69.7,51.75,69.79,28.1,83.29,6.85,1544.69,Rice,Silty,Basmati-370
122.52,45.1,111.48,25.5,66.75,6.27,1560.22,Cotton,Clay,Suraj
59.05,28.21,54.17,24.91,38.08,6.76,335.76,Millet,Sandy,RHB-173
118.95,37.74,109.82,22.99,61.82,7.32,1283.63,Cotton,Clay,Suraj
56.09,26.02,59.27,29.44,50.52,5.62,937.22,Potato,Sandy,Kufri Pukhraj
123.96,39.85,73.09,22.33,81.28,4.74,1579.52,Rice,Peaty,Basmati-370
75.58,48.14,102.9,20.38,71.48,7.0,1368.85,Vegetables,Silty,Hybrid-B
56.03,40.48,70.01,30.17,37.49,8.46,541.16,Barley,Chalky,RD-2552
41.36,28.37,43.04,28.98,30.49,6.14,842.32,Groundnut,Sandy,TAG-24
95.66,49.03,123.48,27.66,52.77,7.21,1591.75,Tomato,Loamy,Arka Vikas
49.03,22.58,49.0,27.37,57.53,6.31,703.9,Groundnut,Sandy,JL-24
122.07,32.46,63.62,21.12,79.34,5.18,1975.91,Tomato,Peaty,Arka Vikas
67.23,50.38,110.41,25.85,55.72,7.14,1597.63,Millet,Loamy,ICTP-8203
103.37,61.87,133.73,24.2,60.36,6.75,1696.62,Wheat,Clay,PBW-343
95.28,48.58,71.16,19.48,62.76,6.76,1138.2,Wheat,Loamy,PBW-343
67.72,54.45,83.41,20.97,66.04,7.62,1049.9,Vegetables,Silty,Hybrid-B
87.52,22.84,78.44,25.21,55.22,6.15,974.45,Maize,Loamy,HQPM-1
51.75,65.21,107.77,21.91,40.72,8.15,848.83,Cotton,Chalky,Bt-1
82.8,40.07,76.58,20.02,79.25,5.19,1464.06,Tea,Peaty,TV-23
84.1,53.53,125.63,21.46,75.56,6.94,1125.36,Wheat,Clay,PBW-343
106.52,43.65,50.05,17.22,86.11,4.18,1638.95,Rice,Peaty,IR64
56.17,32.53,50.43,28.55,57.3,6.55,611.06,Potato,Sandy,Kufri Bahar
143.01,15.0,57.15,18.85,80.96,4.59,1931.48,Potato,Peaty,Kufri Jyoti
46.58,25.43,43.08,26.82,35.43,5.92,663.45,Potato,Sandy,Kufri Pukhraj
63.69,63.37,90.17,22.48,69.25,6.62,1049.77,Tomato,Loamy,Roma
91.6,68.09,129.11,23.5,64.8,6.35,1660.78,Sugarcane,Clay,Co-0238
98.27,55.43,121.28,25.19,90.0,6.59,1097.32,Tomato,Clay,Arka Vikas
86.51,47.33,99.07,24.53,70.89,6.97,902.96,Soybean,Loamy,MAUS-71
107.45,49.35,54.43,20.84,76.94,5.69,2245.69,Rice,Peaty,IR64
45.27,54.6,81.24,31.16,54.65,7.55,433.29,Millet,Chalky,ICTP-8203
60.98,26.13,74.97,27.59,46.58,5.76,976.84,Potato,Sandy,Kufri Bahar
67.57,78.42,94.42,32.75,49.98,8.14,776.12,Wheat,Chalky,PBW-343
70.77,40.49,56.56,27.12,68.69,7.22,1327.91,Maize,Silty,HQPM-1
86.33,38.17,84.39,24.8,72.47,6.14,1098.68,Rice,Silty,Swarna
56.0,43.07,86.63,23.13,44.35,7.41,1008.99,Millet,Chalky,ICTP-8203
131.56,33.58,79.89,23.38,82.11,5.25,1700.18,Potato,Peaty,Kufri Pukhraj
78.37,52.99,100.93,27.67,62.34,6.65,954.14,Tomato,Loamy,Roma
67.68,38.58,90.03,27.41,80.45,7.44,1244.38,Rice,Silty,Basmati-370
86.58,49.63,70.63,13.78,87.85,5.46,2051.27,Tea,Peaty,TV-1
126.15,60.19,118.77,31.37,59.33,6.71,1236.17,Sugarcane,Clay,Co-0238
97.05,39.71,112.33,28.73,72.77,6.45,1242.89,Barley,Clay,BH-902
119.68,41.65,47.8,17.89,79.92,5.15,1379.11,Rice,Peaty,IR64
91.28,52.48,145.07,27.11,61.35,6.6,1650.91,Rice,Clay,IR64
36.89,17.93,50.14,31.26,32.38,6.6,799.78,Groundnut,Sandy,JL-24
73.47,29.92,74.0,28.64,67.62,6.51,1054.22,Sugarcane,Loamy,Co-0118
52.37,25.56,78.51,33.85,55.07,6.58,605.91,Groundnut,Sandy,JL-24
61.73,49.52,108.56,29.8,40.73,8.25,1192.14,Millet,Chalky,ICTP-8203
69.28,41.94,91.76,26.48,64.42,6.54,1359.55,Wheat,Loamy,Lok-1
125.01,34.28,106.91,23.05,79.06,6.55,1318.88,Rice,Clay,Swarna
50.6,69.81,102.83,29.62,38.57,7.83,776.15,Barley,Chalky,BH-902
45.23,33.74,58.4,30.89,43.93,6.15,824.92,Watermelon,Sandy,Sugar Baby
48.34,17.96,81.95,29.91,47.96,6.47,614.91,Millet,Sandy,HHB-67
27.28,27.19,71.45,33.45,40.5,5.71,750.16,Millet,Sandy,RHB-173
64.32,28.57,52.15,27.97,49.48,6.5,677.4,Wheat,Sandy,HD-2967
82.98,51.35,115.25,23.61,75.84,5.71,1341.56,Sugarcane,Silty,Co-0118
64.11,40.57,105.97,22.75,60.66,7.04,1045.3,Rice,Silty,Swarna
78.73,53.87,53.66,28.27,56.9,6.83,1487.24,Sugarcane,Loamy,Co-0118
53.86,23.81,50.34,24.0,42.44,6.3,702.58,Millet,Sandy,ICTP-8203
63.23,29.91,101.11,24.89,53.85,7.87,898.39,Barley,Chalky,RD-2552
63.62,68.16,68.03,20.59,47.74,7.98,448.72,Cotton,Chalky,Bt-2
81.57,58.16,76.83,23.04,64.09,7.08,1037.75,Rice,Loamy,IR64
81.07,47.29,72.91,23.87,74.49,6.75,1006.72,Soybean,Loamy,MAUS-71
71.33,33.74,85.21,17.52,62.88,6.53,1709.14,Tomato,Silty,Roma
97.1,43.1,95.13,18.58,82.1,5.75,1844.38,Potato,Peaty,Kufri Bahar
117.51,25.09,68.51,17.15,88.68,4.83,1313.6,Tea,Peaty,TV-1
114.14,48.27,62.69,16.69,78.2,4.19,1807.75,Vegetables,Peaty,Hybrid-B
36.98,20.47,44.77,26.82,32.97,6.39,713.35,Millet,Sandy,RHB-173
105.94,49.41,124.05,25.19,70.69,6.72,1960.95,Cotton,Clay,Suraj
44.02,48.82,106.51,28.8,31.92,8.49,664.2,Cotton,Chalky,Suraj
59.81,25.44,66.31,31.32,42.36,6.5,727.38,Groundnut,Sandy,TAG-24
83.62,84.88,75.34,20.42,79.92,7.18,1553.94,Cotton,Clay,Bt-1
37.16,34.35,42.92,31.08,44.45,5.85,575.44,Tea,Sandy,TV-1
120.53,44.47,60.97,16.95,71.9,4.6,1623.7,Tea,Peaty,UPASI-9
91.47,46.62,102.75,22.01,57.53,7.06,1282.35,Wheat,Silty,PBW-343
39.69,23.35,41.86,26.68,42.69,5.79,729.77,Maize,Sandy,Pioneer-3396
52.91,50.56,109.83,23.86,66.71,6.87,1648.06,Rice,Silty,Swarna
127.9,30.47,41.14,18.93,81.59,5.17,1359.21,Vegetables,Peaty,Hybrid-B
111.89,53.08,106.56,22.28,73.08,7.27,1082.38,Sugarcane,Clay,Co-0238
80.57,58.33,139.89,27.05,71.04,7.01,1366.43,Sugarcane,Clay,Co-0118
118.01,38.92,57.29,17.2,82.74,4.93,1441.82,Tea,Peaty,UPASI-9
64.3,36.04,60.27,22.8,67.0,7.2,1284.48,Vegetables,Silty,Hybrid-A
75.27,38.86,38.68,19.61,66.08,4.72,1929.24,Tea,Peaty,TV-1
102.62,63.38,117.54,23.91,83.62,6.54,1663.99,Rice,Clay,Basmati-370
79.24,47.97,149.02,23.86,81.61,6.26,1489.88,Rice,Clay,Swarna
70.4,20.38,55.71,27.04,42.62,7.06,598.71,Potato,Sandy,Kufri Bahar
106.85,55.75,86.05,23.56,76.82,4.62,2214.75,Rice,Peaty,Swarna
122.38,35.37,86.62,24.02,70.03,5.25,1962.63,Sugarcane,Peaty,Co-0238
68.36,21.08,38.37,29.42,39.09,6.3,700.4,Watermelon,Sandy,Sugar Baby
133.14,50.29,48.93,13.92,78.24,5.13,1752.55,Rice,Peaty,Basmati-370
60.9,66.63,80.87,25.91,52.23,8.11,749.5,Maize,Chalky,HQPM-1
69.85,56.82,112.16,28.9,51.55,7.79,736.43,Wheat,Chalky,HD-2967
44.79,25.21,65.46,33.88,53.34,6.23,325.23,Groundnut,Sandy,JL-24
99.87,28.75,61.94,19.14,78.62,5.12,1842.67,Vegetables,Peaty,Hybrid-B
81.67,45.93,85.16,27.39,61.89,6.89,1797.73,Maize,Silty,Pioneer-3396
127.16,45.62,98.09,21.28,78.65,5.24,2449.01,Potato,Peaty,Kufri Pukhraj
63.89,51.45,81.43,25.39,56.58,6.62,1418.76,Wheat,Silty,HD-2967
62.11,57.3,126.48,28.45,63.96,6.6,891.88,Vegetables,Silty,Hybrid-B
72.98,58.9,108.61,25.9,52.49,6.41,659.03,Cotton,Loamy,Bt-1
95.42,39.42,125.79,23.36,62.04,6.29,1510.13,Sugarcane,Clay,Co-86032
111.84,52.43,103.84,28.31,78.7,7.36,1569.88,Sugarcane,Clay,Co-0118
63.61,56.35,77.35,30.9,66.03,6.39,1683.4,Sugarcane,Loamy,Co-0238
108.13,52.58,99.89,21.17,74.67,7.18,1302.7,Sugarcane,Clay,Co-86032
114.68,54.76,117.32,25.89,68.01,6.34,1394.26,Tea,Clay,UPASI-9
107.24,38.47,78.83,23.39,77.69,5.78,1726.05,Cotton,Peaty,Bt-2
84.43,27.71,104.64,31.68,60.82,6.45,1399.44,Tomato,Loamy,Arka Vikas
39.2,69.21,77.84,26.95,46.87,7.56,1064.6,Wheat,Chalky,PBW-343
65.39,50.8,140.0,30.02,56.09,8.0,1011.38,Cotton,Chalky,Bt-2
84.7,50.08,79.14,25.73,67.09,6.96,1775.46,Rice,Silty,Swarna
64.34,61.06,106.53,20.75,46.15,8.32,629.62,Wheat,Chalky,Lok-1
107.35,43.04,107.45,24.24,81.92,5.58,2122.34,Sugarcane,Clay,Co-0238
39.1,57.99,120.86,24.93,32.56,7.64,716.98,Barley,Chalky,DWRB-73
92.11,59.63,92.83,16.64,84.29,5.14,1093.92,Tea,Peaty,TV-1
102.83,36.03,73.31,23.59,82.12,5.11,1357.58,Vegetables,Peaty,Hybrid-A
36.62,44.25,85.74,31.9,54.27,8.25,853.79,Millet,Chalky,ICTP-8203
82.09,62.93,99.63,26.74,80.43,6.89,2086.98,Wheat,Clay,HD-2967
42.52,26.46,42.9,30.02,42.86,6.04,934.88,Millet,Sandy,RHB-173
61.68,40.89,61.64,22.83,64.63,6.93,1127.72,Sugarcane,Loamy,Co-0238
101.53,78.83,142.6,25.74,73.3,7.09,1538.66,Rice,Clay,Swarna
55.1,52.82,113.62,24.9,69.12,7.01,784.28,Maize,Silty,Pioneer-3396
33.06,54.39,108.83,24.72,48.87,8.37,1258.09,Barley,Chalky,DWRB-73
72.52,40.26,96.53,18.03,69.53,4.93,1520.59,Potato,Peaty,Kufri Jyoti
49.96,16.64,57.73,31.68,44.04,5.79,962.37,Potato,Sandy,Kufri Bahar
27.93,74.34,106.57,30.76,47.12,8.35,793.9,Maize,Chalky,Pioneer-3396
104.54,50.17,50.64,15.93,79.94,5.29,1556.03,Rice,Peaty,IR64
52.66,20.24,32.15,28.93,50.88,7.01,802.85,Millet,Sandy,RHB-173
64.88,61.81,117.76,24.04,53.58,8.3,763.64,Barley,Chalky,BH-902
32.54,37.42,51.54,30.49,40.83,6.11,546.34,Watermelon,Sandy,Arka Manik
124.79,69.15,109.33,24.85,83.22,7.36,1730.6,Rice,Clay,Swarna
75.94,43.45,101.86,20.49,53.42,6.54,1235.62,Wheat,Loamy,PBW-343
37.64,61.28,69.54,23.8,59.92,8.52,962.45,Barley,Chalky,DWRB-73
76.83,53.04,89.02,23.28,86.54,6.63,1657.32,Maize,Silty,DHM-117
35.68,34.7,87.45,28.01,55.53,8.23,967.97,Millet,Chalky,HHB-67
116.81,50.04,80.56,19.09,81.21,5.37,2058.48,Potato,Peaty,Kufri Bahar
63.81,58.4,94.2,23.6,74.25,7.32,1677.19,Millet,Silty,ICTP-8203
52.69,52.07,94.1,23.7,41.33,7.82,603.29,Cotton,Chalky,Bt-1
59.93,53.38,89.3,21.35,41.61,8.21,719.63,Cotton,Chalky,Bt-2
82.3,70.75,119.35,26.74,72.05,6.45,1321.51,Wheat,Clay,PBW-343
89.88,44.88,56.12,24.49,65.42,6.79,1244.29,Tomato,Loamy,Roma
56.56,30.59,51.05,27.19,44.13,6.81,411.06,Millet,Sandy,RHB-173
71.15,46.42,120.39,28.13,73.13,6.98,1287.19,Rice,Silty,Basmati-370
81.38,42.0,114.03,23.35,87.72,6.62,1578.42,Rice,Clay,Swarna
78.36,47.91,76.94,25.93,71.35,6.74,1072.39,Tomato,Loamy,Roma
68.94,40.83,77.18,29.08,72.61,7.54,1003.85,Wheat,Loamy,Lok-1
56.71,39.3,65.86,32.76,65.0,6.34,627.75,Groundnut,Sandy,GG-20
63.78,44.35,86.79,21.16,59.07,7.01,857.71,Sugarcane,Loamy,Co-0238
86.83,47.88,53.21,18.81,65.29,6.93,1276.14,Vegetables,Silty,Local-1
94.75,45.98,95.72,24.23,57.2,6.04,1542.64,Wheat,Loamy,HD-2967
33.68,48.98,140.0,28.06,48.55,7.92,1022.17,Wheat,Chalky,Lok-1
60.39,75.02,105.56,31.38,48.13,8.29,574.2,Barley,Chalky,DWRB-73
43.86,35.34,59.89,31.86,42.91,5.91,604.24,Maize,Sandy,HQPM-1
82.21,41.98,99.11,25.75,60.98,7.36,1222.7,Wheat,Loamy,Lok-1
117.32,28.79,99.22,18.06,68.9,7.01,1073.81,Cotton,Loamy,Bt-2
39.78,24.83,68.6,29.54,30.93,6.12,684.5,Watermelon,Sandy,Crimson Sweet
91.78,24.48,62.02,16.13,86.26,4.79,1617.23,Potato,Peaty,Kufri Pukhraj
69.96,44.99,74.13,22.82,76.16,6.9,1970.17,Vegetables,Silty,Hybrid-A
36.42,37.15,58.4,27.02,48.92,6.02,680.46,Maize,Sandy,HQPM-1
54.65,54.76,68.6,22.51,45.56,8.32,656.66,Cotton,Chalky,Suraj
56.34,26.73,74.71,30.74,47.08,5.92,743.41,Groundnut,Sandy,GG-20
39.81,25.32,67.8,26.04,29.87,7.22,726.06,Wheat,Sandy,Lok-1
45.17,29.53,64.79,22.0,38.6,6.37,658.84,Cotton,Sandy,Suraj
79.47,61.94,112.4,26.65,79.22,5.96,1364.73,Wheat,Clay,PBW-343
119.75,36.52,87.53,20.38,70.91,5.87,1410.8,Potato,Peaty,Kufri Pukhraj
98.4,52.5,105.63,26.41,59.85,7.52,1626.52,Sugarcane,Clay,Co-86032
111.22,26.47,52.68,18.69,87.65,4.35,1863.66,Vegetables,Peaty,Hybrid-B
115.89,46.07,85.46,17.95,81.07,5.36,1538.46,Vegetables,Peaty,Hybrid-B
53.24,43.18,86.72,24.88,47.39,8.1,698.33,Cotton,Chalky,Bt-1
116.74,33.08,64.19,13.21,83.21,5.15,1580.44,Potato,Peaty,Kufri Jyoti
36.45,44.91,75.5,24.76,57.23,7.36,1009.69,Barley,Chalky,DWRB-73
41.88,23.65,60.45,22.63,51.13,5.51,443.64,Groundnut,Sandy,GG-20
104.17,75.18,70.0,30.83,89.73,5.91,1463.8,Wheat,Clay,Lok-1
117.25,50.01,110.0,16.71,72.87,6.03,1731.2,Rice,Peaty,Swarna
79.27,62.97,115.5,23.74,76.18,6.52,1496.65,Wheat,Silty,HD-2967
77.76,37.08,80.47,25.39,78.17,7.22,1472.39,Maize,Silty,HQPM-1
54.17,56.85,99.69,25.73,69.95,6.79,1405.14,Wheat,Silty,Lok-1
62.98,43.04,84.14,27.8,58.76,7.2,645.93,Wheat,Chalky,HD-2967
46.52,21.78,53.65,26.3,37.05,5.68,500.62,Groundnut,Sandy,GG-20
112.63,19.07,65.69,24.92,77.44,4.74,2390.8,Vegetables,Peaty,Local-1
28.04,64.62,85.27,32.73,53.36,8.01,855.14,Barley,Chalky,RD-2552
77.72,55.41,113.08,23.2,64.29,7.59,1306.04,Maize,Loamy,Pioneer-3396
71.83,65.66,122.13,27.14,43.1,7.71,691.38,Millet,Chalky,ICTP-8203
76.38,40.97,94.51,26.01,65.91,6.76,1066.21,Tomato,Loamy,Pusa Ruby
47.68,19.14,51.0,30.01,36.85,6.43,831.56,Potato,Sandy,Kufri Pukhraj
57.35,26.28,92.45,26.33,60.43,6.19,1901.62,Maize,Silty,DHM-117
60.22,44.21,86.03,29.38,66.85,6.81,1315.46,Vegetables,Loamy,Local-1
66.59,56.32,52.38,31.15,51.47,6.34,1269.01,Tomato,Loamy,Pusa Ruby
100.87,28.18,75.17,22.83,64.24,7.25,1316.11,Maize,Loamy,Pioneer-3396
76.59,39.96,70.69,24.71,58.47,6.71,1817.08,Maize,Silty,Pioneer-3396
85.02,46.59,91.21,19.17,62.87,7.57,1084.93,Rice,Silty,Basmati-370
84.77,61.83,142.89,29.62,68.93,6.89,1666.56,Sugarcane,Clay,Co-86032
137.43,41.06,76.09,19.49,88.04,5.69,1394.56,Vegetables,Peaty,Local-1
75.57,60.81,72.34,24.1,67.86,6.93,1251.28,Vegetables,Silty,Hybrid-B
112.11,64.9,119.5,24.55,69.84,6.23,1502.07,Wheat,Clay,HD-2967
62.24,13.75,82.95,28.8,54.93,6.76,603.65,Potato,Sandy,Kufri Jyoti
61.22,19.83,47.1,30.3,60.32,6.12,566.13,Potato,Sandy,Kufri Jyoti
120.19,44.81,109.91,24.5,89.53,4.51,1859.51,Rice,Peaty,Swarna
54.92,43.9,102.89,23.14,57.94,7.51,1098.04,Maize,Silty,HQPM-1
131.26,31.36,53.1,20.62,80.75,5.55,1910.7,Potato,Peaty,Kufri Jyoti
80.32,38.8,98.37,29.26,64.7,6.46,1047.46,Sugarcane,Loamy,Co-0118
109.01,40.76,126.02,22.02,76.13,7.28,1536.46,Potato,Clay,Kufri Jyoti
43.4,25.48,69.78,28.91,40.13,7.09,667.21,Watermelon,Sandy,Crimson Sweet
122.74,60.99,59.03,24.98,75.03,5.51,2097.14,Potato,Peaty,Kufri Jyoti
45.51,63.99,47.79,21.83,47.15,8.23,512.55,Wheat,Chalky,HD-2967
33.6,34.79,48.0,23.22,40.21,6.69,550.55,Groundnut,Sandy,JL-24
120.0,48.02,70.41,29.96,54.07,6.93,985.56,Soybean,Loamy,NRC-37
58.24,63.37,59.12,29.13,65.37,7.99,960.21,Cotton,Chalky,Bt-2
73.98,25.57,57.02,27.45,25.0,5.97,1064.15,Groundnut,Sandy,GG-20
31.48,82.34,56.77,22.0,43.43,8.28,893.49,Millet,Chalky,ICTP-8203
68.6,24.26,73.96,25.85,61.5,7.01,1394.35,Maize,Loamy,Pioneer-3396
60.64,25.73,41.19,30.61,43.44,6.95,730.68,Watermelon,Sandy,Arka Manik
98.17,55.87,66.24,18.36,81.12,5.36,1728.97,Vegetables,Peaty,Local-1
38.41,55.43,73.41,27.27,52.02,8.23,825.89,Tomato,Chalky,Arka Vikas
89.52,60.23,110.67,20.62,74.83,7.91,1760.12,Rice,Clay,IR64
94.99,53.61,118.86,28.32,69.8,6.42,1559.3,Wheat,Silty,Lok-1
93.5,48.5,67.55,23.55,62.52,6.73,1701.46,Maize,Silty,Pioneer-3396
43.33,28.11,68.0,32.08,32.52,6.56,693.27,Potato,Sandy,Kufri Pukhraj
32.59,40.49,79.3,27.07,52.88,8.24,600.47,Rice,Chalky,IR64
59.06,32.77,70.24,31.87,46.29,6.82,660.14,Watermelon,Sandy,Sugar Baby
84.87,58.48,93.05,24.48,75.44,6.57,1048.89,Tomato,Loamy,Roma
69.51,41.86,107.58,21.72,72.17,6.82,1622.5,Wheat,Silty,Lok-1
72.66,31.91,86.88,23.62,70.68,6.57,1855.56,Rice,Silty,IR64
34.44,51.22,114.3,23.67,51.6,8.34,614.77,Millet,Chalky,ICTP-8203
89.28,37.28,105.88,24.41,80.0,6.16,1695.56,Soybean,Loamy,MAUS-71
84.91,63.13,77.56,30.12,73.54,7.17,1642.02,Wheat,Silty,Lok-1
118.33,73.52,119.44,23.22,72.22,6.69,1961.26,Cotton,Clay,Suraj
117.71,45.48,50.54,20.16,79.85,5.14,1610.38,Potato,Peaty,Kufri Jyoti
70.18,48.13,80.38,24.94,65.27,7.39,1408.55,Rice,Silty,IR64
117.07,41.33,50.29,21.98,74.32,5.33,2385.0,Rice,Peaty,IR64
43.65,25.25,52.96,26.72,27.82,6.4,349.89,Millet,Sandy,HHB-67
46.17,17.54,50.15,28.32,49.44,6.34,507.94,Watermelon,Sandy,Arka Manik
60.2,29.45,48.05,31.03,25.0,6.46,250.0,Millet,Sandy,ICTP-8203
51.85,39.13,89.79,18.96,80.95,7.28,1630.55,Maize,Silty,Pioneer-3396
60.38,20.87,68.51,29.86,57.25,6.3,340.32,Rice,Sandy,Basmati-370
119.06,25.77,84.05,17.92,76.31,5.77,1806.86,Tea,Peaty,TV-23
52.37,31.96,62.46,30.0,47.95,6.23,390.2,Millet,Sandy,HHB-67
76.31,54.43,93.95,31.92,69.91,7.32,923.27,Cotton,Loamy,Suraj
86.35,37.46,103.46,24.91,83.95,6.35,1432.21,Cotton,Clay,Bt-2
87.32,44.55,100.97,26.05,79.68,6.91,1753.03,Potato,Clay,Kufri Bahar
106.99,57.85,119.63,26.89,68.43,7.47,1452.35,Cotton,Clay,Bt-1
52.36,31.01,41.02,28.99,40.98,5.8,405.03,Potato,Sandy,Kufri Pukhraj
30.07,23.29,58.77,25.82,42.27,6.42,547.13,Rice,Sandy,Basmati-370
59.44,27.13,37.6,28.21,37.18,6.67,794.72,Potato,Sandy,Kufri Pukhraj
95.05,46.52,142.28,28.83,66.13,7.14,1311.51,Wheat,Clay,PBW-343
126.73,17.13,71.53,20.7,78.72,5.64,2072.0,Sugarcane,Peaty,Co-0238
83.4,39.69,78.73,25.52,77.05,7.51,1169.95,Vegetables,Silty,Hybrid-A
57.59,40.09,68.44,28.95,61.85,7.16,1538.24,Cotton,Loamy,Bt-2
33.22,25.4,43.17,32.68,54.06,6.75,551.55,Millet,Sandy,RHB-173
22.37,62.97,59.31,23.19,51.64,7.62,585.63,Wheat,Chalky,HD-2967
52.19,30.41,40.29,24.94,47.02,6.09,975.49,Potato,Sandy,Kufri Pukhraj
41.98,64.4,125.78,30.83,55.37,7.96,1106.79,Wheat,Chalky,Lok-1
51.05,27.88,74.13,23.5,47.9,5.99,289.89,Watermelon,Sandy,Sugar Baby
38.61,29.34,51.25,31.76,35.54,6.45,853.43,Millet,Sandy,ICTP-8203
93.35,38.96,98.29,26.63,61.15,6.38,1753.93,Wheat,Clay,Lok-1
94.43,56.57,88.46,25.89,66.73,6.8,1599.13,Rice,Loamy,Swarna
64.28,38.14,88.36,27.64,66.87,6.93,1385.56,Tomato,Loamy,Pusa Ruby
93.22,71.45,107.58,24.14,59.87,6.65,1178.94,Wheat,Clay,HD-2967
46.76,35.45,60.37,31.8,38.13,6.67,902.41,Millet,Sandy,RHB-173
71.39,42.25,103.86,24.0,85.89,6.51,1507.14,Wheat,Silty,Lok-1
50.16,28.42,36.86,29.72,46.7,6.12,730.2,Watermelon,Sandy,Arka Manik
49.6,30.79,49.26,30.19,45.83,6.39,801.28,Vegetables,Sandy,Hybrid-B
31.64,66.33,56.83,21.13,56.14,8.28,675.28,Barley,Chalky,RD-2552
111.25,33.08,71.31,17.31,88.02,4.42,2143.24,Rice,Peaty,Basmati-370
55.76,38.07,68.52,35.99,49.77,6.4,448.61,Potato,Sandy,Kufri Jyoti
31.09,30.55,46.88,26.69,40.73,6.75,773.56,Barley,Sandy,RD-2552
36.02,67.85,96.63,22.39,59.23,7.97,740.53,Wheat,Chalky,HD-2967
126.21,45.89,81.9,18.16,79.04,5.8,1595.83,Barley,Peaty,BH-902
105.2,56.0,125.86,21.83,67.49,6.08,1044.17,Wheat,Clay,PBW-343
66.57,42.65,62.26,25.17,69.91,7.31,1367.02,Wheat,Silty,PBW-343
103.08,25.0,108.86,25.75,56.64,7.07,1474.77,Cotton,Clay,Bt-2
124.86,49.02,64.21,19.08,72.15,5.02,2539.35,Vegetables,Peaty,Hybrid-B
60.71,40.48,100.73,25.47,69.47,6.65,1589.92,Sugarcane,Clay,Co-86032
75.86,22.42,71.09,27.96,61.82,6.64,624.1,Sugarcane,Loamy,Co-0238
116.71,53.45,104.58,24.4,73.08,6.4,1624.86,Cotton,Clay,Suraj
46.03,64.29,91.0,29.81,56.61,7.71,848.21,Cotton,Chalky,Bt-2
102.97,59.27,142.65,22.55,69.67,6.59,1812.79,Cotton,Clay,Suraj
99.02,48.44,64.29,19.37,80.46,5.0,1392.92,Vegetables,Peaty,Hybrid-A
86.82,33.47,61.39,24.11,78.09,6.9,1443.32,Wheat,Loamy,PBW-343
58.89,31.38,89.48,26.77,51.79,7.83,744.68,Potato,Chalky,Kufri Bahar
56.74,27.1,65.78,29.4,44.81,6.06,673.85,Millet,Sandy,HHB-67
83.5,39.5,91.74,24.14,57.44,6.8,1067.38,Cotton,Loamy,Suraj
58.69,28.06,31.48,31.08,40.7,5.93,487.86,Potato,Sandy,Kufri Jyoti
41.9,25.62,65.2,26.64,37.74,6.55,603.22,Groundnut,Sandy,JL-24
94.67,62.22,65.29,25.16,73.78,6.75,1775.44,Rice,Silty,Basmati-370
59.72,53.35,117.73,24.86,50.57,8.01,522.33,Cotton,Chalky,Suraj
119.76,49.79,122.43,23.78,78.87,6.7,2046.12,Sugarcane,Clay,Co-86032
72.05,53.17,74.17,23.13,63.75,7.14,1107.07,Soybean,Loamy,JS-335
59.64,67.96,108.37,27.7,48.8,7.79,374.92,Millet,Chalky,RHB-173
81.01,58.52,114.25,24.8,62.51,6.39,1174.65,Cotton,Clay,Suraj
59.48,35.39,66.42,30.08,38.29,7.11,814.97,Potato,Sandy,Kufri Jyoti
35.33,62.09,93.24,31.46,57.93,7.61,566.46,Millet,Chalky,ICTP-8203
67.12,24.59,57.83,33.14,54.19,6.86,630.54,Groundnut,Sandy,GG-20
91.89,33.33,82.34,26.6,85.91,5.6,2206.02,Tea,Peaty,TV-1
94.57,33.27,95.36,22.71,64.23,6.22,1178.29,Sugarcane,Loamy,Co-86032
57.26,38.62,87.34,28.13,67.6,7.02,1175.73,Rice,Silty,IR64
91.16,48.24,99.87,26.64,65.38,6.66,1675.63,Maize,Silty,Pioneer-3396
93.96,44.56,95.57,28.96,67.29,7.27,1737.33,Sugarcane,Loamy,Co-0238
27.14,38.45,39.39,34.25,49.13,5.89,726.0,Potato,Sandy,Kufri Jyoti
67.37,59.9,116.26,29.21,77.22,6.4,962.24,Cotton,Clay,Bt-2
90.4,40.64,71.6,23.03,68.23,6.02,1441.22,Soybean,Loamy,MAUS-71
75.58,68.95,112.37,24.14,73.28,6.33,1397.02,Sugarcane,Clay,Co-0118
85.86,67.05,104.4,23.6,62.16,7.32,1478.5,Sugarcane,Silty,Co-86032
50.48,50.99,88.29,27.62,70.48,6.51,1417.92,Sugarcane,Loamy,Co-0238
92.48,52.04,119.18,25.76,66.29,6.3,1426.48,Wheat,Clay,HD-2967
67.46,49.28,121.32,23.58,68.83,6.4,1490.5,Sugarcane,Clay,Co-0238
110.23,49.34,88.29,18.72,79.91,6.25,1814.3,Rice,Peaty,IR64
84.13,61.17,106.48,24.55,62.96,5.86,1239.19,Vegetables,Silty,Local-1
48.0,45.79,106.66,28.17,56.05,8.36,470.94,Barley,Chalky,DWRB-73
90.41,56.23,85.89,23.02,73.89,6.1,1806.83,Rice,Clay,IR64
78.75,61.59,74.34,21.2,59.27,7.8,1392.44,Wheat,Loamy,PBW-343
60.86,50.67,88.52,20.31,65.21,7.06,1006.86,Rice,Silty,Basmati-370
86.17,58.6,130.29,24.71,78.99,6.88,1423.06,Wheat,Clay,HD-2967
110.73,41.66,86.71,20.65,84.63,4.67,1930.6,Rice,Peaty,IR64
51.89,38.76,96.8,26.38,70.09,6.0,1530.2,Vegetables,Silty,Hybrid-B
66.08,44.45,133.15,29.24,60.95,8.02,704.75,Millet,Chalky,HHB-67
91.54,47.06,99.24,29.64,59.44,6.55,810.37,Soybean,Loamy,MAUS-71
33.57,58.79,78.26,29.29,42.03,8.32,800.06,Barley,Chalky,DWRB-73
69.16,40.9,96.09,25.48,56.57,6.54,1104.49,Wheat,Loamy,PBW-343
133.63,39.22,53.77,21.2,90.26,4.92,1722.83,Rice,Peaty,IR64
145.89,33.1,76.37,16.13,76.37,4.97,1842.68,Tea,Peaty,TV-1
128.73,36.84,40.27,14.55,75.1,5.39,1887.83,Vegetables,Peaty,Hybrid-B
82.13,50.17,95.03,26.14,69.62,7.06,1158.14,Wheat,Loamy,Lok-1
67.16,41.89,94.01,24.05,65.88,6.89,1223.63,Wheat,Silty,Lok-1
98.05,36.76,126.55,24.5,71.72,7.27,1491.59,Maize,Silty,Pioneer-3396
54.79,52.15,91.11,21.96,48.4,7.14,1079.64,Wheat,Loamy,Lok-1
105.42,37.37,93.96,27.57,65.45,6.69,1515.76,Maize,Loamy,Pioneer-3396
32.18,54.55,83.49,29.96,46.49,7.77,382.46,Cotton,Chalky,Bt-2
77.45,63.76,82.75,28.21,64.97,6.6,1699.06,Wheat,Silty,Lok-1
71.08,30.42,98.76,30.71,66.57,6.9,921.11,Maize,Loamy,DHM-117
36.34,23.78,54.47,28.26,51.02,6.22,512.76,Groundnut,Sandy,GG-20
66.68,27.16,67.5,23.14,72.28,7.57,1230.05,Rice,Silty,Basmati-370
109.22,58.81,104.96,29.14,76.28,6.34,1204.06,Rice,Clay,Basmati-370
88.85,43.63,82.98,29.56,74.36,7.01,1576.18,Sugarcane,Clay,Co-86032
110.29,54.0,71.19,16.71,78.42,4.94,2180.73,Potato,Peaty,Kufri Jyoti
21.75,56.29,68.83,21.36,58.77,8.22,783.19,Cotton,Chalky,Bt-2
80.16,60.8,75.09,28.22,69.26,6.92,1172.88,Tomato,Loamy,Roma
79.69,43.56,102.53,24.78,80.51,6.34,1176.66,Wheat,Silty,Lok-1
121.53,21.67,93.09,22.65,73.87,5.21,1640.87,Potato,Peaty,Kufri Bahar
66.38,34.28,45.08,26.91,34.47,6.92,547.8,Groundnut,Sandy,TAG-24
82.24,62.35,126.33,21.02,57.76,6.6,1720.4,Wheat,Loamy,Lok-1
46.72,53.75,90.87,26.85,41.42,7.84,594.16,Wheat,Chalky,PBW-343
94.5,62.87,89.59,30.61,56.33,6.79,1052.04,Vegetables,Loamy,Local-1
76.53,39.93,66.38,24.31,66.77,6.88,789.18,Vegetables,Silty,Local-1
58.45,52.28,81.93,25.3,65.17,6.86,1581.23,Wheat,Silty,HD-2967
48.94,50.32,127.68,22.23,34.61,7.77,541.66,Millet,Chalky,RHB-173
66.54,41.82,107.58,24.4,67.02,6.15,1114.47,Wheat,Loamy,HD-2967
42.71,58.18,113.88,28.67,48.74,8.19,1030.88,Wheat,Chalky,Lok-1
20.83,74.35,80.64,33.61,43.54,7.94,889.39,Wheat,Chalky,Lok-1
41.35,30.57,62.3,37.0,55.82,6.38,529.29,Millet,Sandy,HHB-67
116.19,34.12,45.05,24.19,83.5,5.86,1583.68,Tea,Peaty,TV-23
73.64,37.43,109.84,27.46,68.46,7.34,1654.66,Rice,Silty,IR64
97.78,48.38,116.76,27.03,68.24,7.87,1010.79,Rice,Clay,Basmati-370
102.65,36.61,86.15,19.03,72.33,5.01,1916.14,Rice,Peaty,Basmati-370
84.06,39.45,128.97,24.52,62.21,6.57,1253.47,Sugarcane,Loamy,Co-0118
99.32,55.53,108.87,24.75,78.49,6.4,1726.85,Rice,Clay,Swarna
90.53,41.05,85.46,32.23,60.11,7.03,1144.99,Cotton,Loamy,Bt-1
118.55,43.46,127.88,27.45,66.12,6.57,1449.28,Soybean,Clay,MAUS-71
61.95,46.63,78.79,21.97,57.47,6.79,1637.31,Barley,Silty,RD-2552
47.04,49.09,101.35,24.35,41.36,8.22,691.88,Barley,Chalky,BH-902
56.94,31.58,49.98,33.18,42.75,6.4,624.14,Millet,Sandy,RHB-173
82.97,48.02,85.1,26.18,78.34,6.36,1261.93,Rice,Clay,Basmati-370
64.96,69.02,83.7,28.97,51.85,8.3,814.22,Wheat,Chalky,Lok-1
86.7,37.05,80.5,24.16,71.75,6.95,1595.53,Maize,Silty,Pioneer-3396
82.97,54.36,83.48,19.69,66.72,6.81,1089.32,Maize,Loamy,Pioneer-3396
57.76,64.73,90.83,24.78,45.82,8.12,699.99,Wheat,Chalky,HD-2967
88.06,34.68,107.86,24.36,71.14,6.59,1259.26,Vegetables,Silty,Hybrid-B
93.52,38.08,84.68,29.02,65.66,7.29,1531.35,Tomato,Loamy,Arka Vikas
102.25,49.16,109.86,24.39,68.72,7.12,1621.39,Rice,Silty,Basmati-370
74.47,33.25,90.37,27.81,62.61,6.73,1206.31,Soybean,Loamy,JS-335
101.33,67.02,130.82,26.74,62.21,6.34,1393.05,Millet,Clay,ICTP-8203
70.53,51.26,98.34,24.99,55.59,6.91,1689.2,Tomato,Loamy,Pusa Ruby
114.28,44.9,57.98,22.3,75.94,5.38,1661.93,Potato,Peaty,Kufri Bahar
46.56,19.06,50.35,25.42,50.75,6.48,629.71,Millet,Sandy,ICTP-8203
91.97,54.66,79.24,22.81,83.07,6.75,1611.94,Cotton,Clay,Suraj
109.75,52.33,150.36,27.14,70.96,6.56,1747.68,Sugarcane,Clay,Co-0238
55.08,36.7,72.81,30.63,49.42,6.24,761.31,Watermelon,Sandy,Crimson Sweet
107.59,29.64,71.97,17.47,84.85,5.58,2335.59,Rice,Peaty,IR64
92.89,46.39,95.3,25.87,49.06,7.44,1115.12,Soybean,Loamy,JS-335
37.77,90.0,119.68,27.04,51.02,8.47,822.4,Wheat,Chalky,HD-2967
88.41,42.95,98.81,19.13,64.49,5.98,1136.1,Vegetables,Silty,Hybrid-A
70.86,59.85,110.66,24.42,47.52,8.23,535.6,Cotton,Chalky,Bt-1
58.74,46.7,73.45,29.91,49.02,8.28,499.05,Barley,Chalky,RD-2552
73.58,49.85,80.64,22.93,57.89,5.69,1926.26,Wheat,Silty,HD-2967
122.96,36.61,60.28,25.55,86.94,4.49,1466.23,Potato,Peaty,Kufri Pukhraj
104.51,57.93,121.73,24.7,64.98,6.0,1621.8,Wheat,Clay,PBW-343
102.3,23.89,66.02,18.28,74.92,4.6,1828.23,Potato,Peaty,Kufri Jyoti
38.71,76.13,102.37,25.53,35.62,7.91,560.41,Barley,Chalky,RD-2552
57.68,63.93,53.95,28.02,80.4,6.9,1543.91,Maize,Silty,HQPM-1
47.1,22.66,60.13,29.87,46.28,6.45,486.27,Rice,Sandy,IR64
93.38,47.47,85.64,25.78,68.65,6.99,1035.47,Wheat,Loamy,PBW-343
71.38,48.71,79.23,24.34,61.82,6.23,725.43,Millet,Loamy,ICTP-8203
106.72,53.44,142.32,26.99,61.23,7.23,1260.16,Cotton,Clay,Bt-1
36.73,71.77,100.97,18.0,59.84,8.0,767.48,Maize,Chalky,Pioneer-3396
106.25,66.28,120.88,31.0,80.01,7.02,1247.28,Rice,Clay,IR64
113.67,39.69,77.84,18.57,83.02,4.78,2054.03,Vegetables,Peaty,Hybrid-B
56.23,40.22,117.43,25.01,62.08,6.62,1537.96,Wheat,Loamy,HD-2967
89.96,32.94,71.37,29.6,66.21,6.75,1640.27,Wheat,Loamy,PBW-343
49.06,67.66,102.16,23.28,42.31,8.13,958.21,Wheat,Chalky,Lok-1
51.61,23.87,62.34,27.85,37.05,5.56,419.16,Potato,Sandy,Kufri Jyoti
119.87,21.71,78.05,19.19,77.62,5.25,2380.52,Vegetables,Peaty,Hybrid-B
136.68,40.12,77.38,19.02,78.12,5.28,1915.14,Wheat,Peaty,HD-2967
83.32,33.79,89.85,23.74,72.33,7.14,1171.78,Barley,Loamy,RD-2552
69.22,32.27,90.11,24.62,69.83,6.66,1167.27,Maize,Silty,DHM-117
123.77,20.74,59.05,22.84,80.93,5.33,1358.14,Vegetables,Peaty,Hybrid-B
89.39,55.47,100.41,29.74,63.66,6.35,1327.86,Cotton,Clay,Bt-2
33.77,63.02,75.3,19.62,46.08,8.14,581.13,Cotton,Chalky,Suraj
87.46,20.11,94.68,27.65,72.77,6.74,663.83,Maize,Silty,HQPM-1
51.97,25.15,42.42,31.7,48.28,6.06,856.35,Watermelon,Sandy,Arka Manik
70.0,25.56,86.06,18.2,85.89,4.81,1663.98,Tea,Peaty,TV-1
117.1,50.17,125.3,29.83,63.27,6.17,1454.89,Rice,Clay,Swarna
76.08,43.22,102.21,21.44,69.21,7.37,1034.95,Maize,Silty,HQPM-1
83.75,47.35,97.7,26.95,72.4,7.15,1534.44,Vegetables,Silty,Hybrid-A
80.29,34.3,100.33,23.43,61.28,6.69,1508.04,Vegetables,Silty,Hybrid-B
95.06,69.81,89.92,26.95,62.79,7.93,951.12,Wheat,Clay,PBW-343
48.79,64.51,90.53,27.77,49.2,7.89,954.32,Wheat,Chalky,Lok-1
69.95,41.03,125.27,29.52,50.43,6.77,1042.68,Sugarcane,Silty,Co-0238
50.9,54.28,117.66,25.04,44.88,8.34,603.85,Millet,Chalky,HHB-67
36.1,63.94,78.85,28.82,44.01,7.89,562.9,Millet,Chalky,ICTP-8203
102.33,58.16,94.92,23.41,70.46,6.9,1850.51,Cotton,Clay,Suraj
77.36,46.56,116.34,22.25,69.62,7.42,1916.68,Cotton,Clay,Suraj
47.41,23.83,68.11,28.34,42.75,5.63,558.35,Groundnut,Sandy,GG-20
27.06,52.56,97.29,23.3,43.3,7.82,903.51,Cotton,Chalky,Bt-1
63.99,56.23,107.77,27.02,73.93,6.41,1109.12,Rice,Silty,Swarna
34.83,33.35,59.25,30.84,45.84,6.68,792.47,Millet,Sandy,RHB-173
96.71,64.46,142.43,25.46,68.32,6.06,1636.45,Sugarcane,Clay,Co-0238
63.74,28.73,37.19,25.79,57.7,7.03,645.66,Millet,Sandy,ICTP-8203
82.62,46.27,84.33,16.0,81.37,6.03,1627.0,Vegetables,Silty,Local-1
103.72,69.61,131.73,23.59,72.51,6.05,1299.15,Rice,Clay,Swarna
116.68,47.21,77.25,25.32,80.94,5.93,1954.15,Barley,Peaty,RD-2552
98.8,31.09,100.44,21.13,68.94,7.23,1626.45,Wheat,Silty,HD-2967
96.03,66.42,79.12,24.37,74.33,7.27,1969.2,Wheat,Clay,PBW-343
56.5,32.54,38.63,33.01,44.32,5.88,893.45,Cotton,Sandy,Bt-1
77.04,54.39,115.61,24.86,80.51,6.99,1416.81,Wheat,Clay,HD-2967
49.52,71.66,102.8,26.93,43.18,8.07,1030.7,Millet,Chalky,RHB-173
75.66,75.0,66.63,28.85,77.02,7.06,1242.41,Vegetables,Silty,Hybrid-B
117.32,35.47,83.89,17.26,76.85,4.93,1647.85,Potato,Peaty,Kufri Bahar
52.69,33.23,61.57,32.42,47.79,6.27,575.56,Millet,Sandy,HHB-67
139.3,54.04,83.08,21.26,88.47,5.41,1952.13,Vegetables,Peaty,Local-1
67.95,33.53,83.53,32.0,59.28,7.14,1162.68,Maize,Silty,HQPM-1
39.13,20.81,49.47,33.85,28.33,6.79,526.01,Groundnut,Sandy,TAG-24
77.24,52.67,89.48,25.97,62.9,5.91,850.32,Wheat,Loamy,HD-2967
56.47,22.89,40.2,28.04,45.77,6.21,791.1,Potato,Sandy,Kufri Pukhraj
82.95,42.59,107.2,26.01,64.38,7.8,1198.14,Wheat,Loamy,PBW-343
89.59,35.24,114.2,23.68,75.73,6.5,945.0,Sugarcane,Clay,Co-0238
41.52,43.8,86.93,29.0,46.26,7.72,765.51,Wheat,Chalky,HD-2967
105.5,32.45,75.74,17.74,69.06,5.16,2541.46,Rice,Peaty,Swarna
69.83,15.16,58.77,29.22,40.07,6.18,784.09,Watermelon,Sandy,Crimson Sweet
87.66,34.94,94.63,19.78,64.56,7.03,1248.28,Vegetables,Silty,Hybrid-A
90.25,42.56,49.79,25.99,74.86,7.01,1245.01,Tomato,Silty,Arka Vikas
83.55,45.0,87.82,18.21,66.87,7.3,1265.03,Maize,Silty,Pioneer-3396
42.92,41.73,43.98,29.56,38.0,6.01,893.74,Watermelon,Sandy,Crimson Sweet
53.13,32.41,59.39,34.84,52.67,7.4,1100.0,Watermelon,Sandy,Arka Manik
116.41,64.93,120.45,24.2,73.37,6.69,1485.86,Rice,Clay,Basmati-370
35.17,39.94,52.28,29.75,41.88,6.8,589.2,Millet,Sandy,RHB-173
120.0,53.23,97.86,28.75,53.51,6.55,966.39,Cotton,Loamy,Bt-1
116.65,21.42,49.48,22.39,81.28,5.95,1880.13,Tea,Peaty,TV-23
48.89,29.24,72.06,28.89,37.76,6.11,748.94,Groundnut,Sandy,GG-20
88.85,68.8,92.91,23.85,74.39,6.2,1183.7,Cotton,Clay,Bt-2
96.65,38.8,90.49,24.29,64.51,6.82,1252.76,Vegetables,Loamy,Local-1
84.52,69.97,110.18,27.27,72.43,5.91,1665.44,Maize,Clay,Pioneer-3396
65.2,34.49,99.54,26.2,60.84,6.2,1369.69,Vegetables,Silty,Local-1
75.06,44.7,88.19,27.25,56.03,6.87,942.43,Sugarcane,Loamy,Co-0118
43.7,41.56,109.11,28.1,42.29,7.76,931.15,Vegetables,Chalky,Hybrid-B
69.17,39.52,66.7,27.17,51.58,6.57,747.34,Groundnut,Sandy,JL-24
93.01,68.87,82.27,22.49,59.72,6.91,1792.16,Wheat,Clay,PBW-343
76.29,49.69,88.63,28.57,67.07,6.16,1374.87,Vegetables,Silty,Local-1
61.33,29.28,80.96,32.88,42.3,6.07,878.24,Watermelon,Sandy,Sugar Baby
82.65,46.21,58.14,22.71,77.41,5.8,1833.21,Tea,Peaty,UPASI-9
51.43,44.67,54.09,28.59,43.21,5.68,911.85,Tomato,Sandy,Pusa Ruby
72.01,54.2,92.56,21.64,71.02,7.56,1701.35,Maize,Silty,HQPM-1
90.06,48.31,49.25,24.19,73.44,6.21,1138.82,Vegetables,Silty,Hybrid-B
63.37,35.73,99.29,25.07,69.98,6.92,1213.03,Cotton,Loamy,Suraj
132.74,48.82,54.04,20.08,81.85,5.77,1529.69,Vegetables,Peaty,Local-1
86.17,57.32,120.77,20.58,73.56,6.82,1664.99,Wheat,Clay,PBW-343
61.24,25.6,44.6,29.45,50.83,6.2,593.8,Watermelon,Sandy,Sugar Baby
65.73,54.65,120.47,17.83,53.26,6.21,1251.97,Rice,Silty,IR64
50.9,55.26,100.61,26.31,45.21,8.23,1189.43,Barley,Chalky,BH-902
70.13,49.41,73.4,25.5,65.51,5.88,1076.69,Soybean,Loamy,NRC-37
55.44,45.38,126.35,23.79,49.79,7.94,561.95,Cotton,Chalky,Bt-1
117.35,53.63,100.19,24.24,65.56,6.99,1151.5,Watermelon,Clay,Sugar Baby
88.23,61.17,101.16,22.72,69.4,7.21,1601.27,Rice,Silty,Basmati-370
83.14,68.71,114.69,26.6,71.6,7.34,1550.2,Rice,Clay,Swarna
119.98,53.37,60.31,20.71,73.08,5.21,1244.81,Tea,Peaty,TV-1
90.65,38.31,73.09,27.6,70.39,5.83,1061.53,Wheat,Silty,PBW-343
113.26,47.61,128.7,29.66,73.71,6.73,1421.62,Sugarcane,Clay,Co-0118
86.55,43.67,62.59,22.29,71.73,6.83,1562.37,Maize,Silty,HQPM-1
41.66,52.34,97.04,24.62,52.13,8.19,905.19,Vegetables,Chalky,Hybrid-B
81.51,50.33,103.44,32.62,54.72,6.54,1083.12,Maize,Loamy,Pioneer-3396
130.44,31.39,46.74,23.34,82.36,4.78,1475.7,Tea,Peaty,TV-1
82.07,46.2,87.93,21.22,66.22,6.75,1323.67,Wheat,Silty,PBW-343
90.76,44.32,84.87,25.85,62.3,7.77,863.65,Sugarcane,Loamy,Co-86032
83.57,37.46,87.7,23.08,67.95,7.02,1195.06,Tomato,Loamy,Pusa Ruby
47.72,28.86,45.17,28.48,45.13,5.47,919.55,Potato,Sandy,Kufri Bahar
83.8,34.65,86.64,22.89,62.82,6.4,1188.33,Rice,Silty,Swarna
95.38,40.54,80.08,22.32,59.29,6.58,1296.98,Rice,Silty,Basmati-370
107.71,60.23,83.85,18.45,77.16,5.34,1774.95,Rice,Peaty,Swarna
95.99,31.94,100.99,32.05,71.92,6.83,1447.5,Cotton,Clay,Suraj
98.55,36.22,78.55,18.99,78.11,5.24,1292.83,Vegetables,Peaty,Hybrid-A
95.45,50.05,88.6,16.42,68.07,5.28,1693.21,Tea,Peaty,UPASI-9
42.2,36.66,96.84,22.61,70.19,6.92,1260.17,Wheat,Silty,HD-2967
70.99,32.59,66.41,29.26,44.99,6.6,592.32,Potato,Sandy,Kufri Pukhraj
40.94,29.8,91.54,25.07,38.26,8.0,811.24,Wheat,Chalky,HD-2967
36.51,20.07,48.15,31.05,43.6,6.51,666.95,Groundnut,Sandy,JL-24
35.46,24.53,46.57,27.93,42.57,6.8,707.57,Watermelon,Sandy,Sugar Baby
147.18,37.62,30.0,19.26,80.04,5.88,1734.07,Tea,Peaty,TV-23
55.48,49.42,83.88,23.36,70.3,7.14,736.97,Soybean,Loamy,MAUS-71
97.61,42.68,43.72,20.93,74.8,5.59,1783.07,Vegetables,Peaty,Hybrid-A
83.33,31.22,116.45,29.19,67.56,5.93,1209.44,Sugarcane,Loamy,Co-0118
84.98,43.62,82.52,25.99,69.3,6.21,948.91,Cotton,Silty,Bt-2
59.24,22.29,52.13,25.56,45.24,5.81,482.04,Groundnut,Sandy,JL-24
33.99,64.96,108.7,28.62,48.75,8.25,647.94,Barley,Chalky,RD-2552
51.78,29.27,54.09,35.35,33.97,7.08,644.57,Rice,Sandy,Basmati-370
85.55,55.55,123.37,25.44,60.65,6.98,1015.46,Cotton,Clay,Bt-2
70.31,47.27,86.41,24.91,77.99,6.59,1379.29,Maize,Silty,Pioneer-3396
114.56,32.71,114.06,24.12,68.3,6.69,1226.69,Sugarcane,Loamy,Co-86032
33.06,40.38,81.44,32.39,59.49,8.01,905.8,Barley,Chalky,DWRB-73
122.59,43.56,66.93,21.78,74.8,5.34,1218.93,Vegetables,Peaty,Hybrid-B
114.03,31.4,97.64,18.26,53.41,7.14,1208.3,Wheat,Loamy,PBW-343
84.84,31.44,111.3,31.76,65.47,7.28,985.45,Wheat,Silty,HD-2967
143.46,30.55,49.73,19.19,95.0,5.65,1913.34,Potato,Peaty,Kufri Pukhraj
87.26,54.35,122.91,28.33,78.79,6.89,1466.05,Vegetables,Clay,Hybrid-A
79.38,34.76,92.45,23.77,53.05,7.0,1557.06,Maize,Loamy,HQPM-1
61.96,59.53,132.95,30.03,56.63,7.83,719.46,Barley,Chalky,DWRB-73
71.46,40.46,52.61,24.9,71.77,7.09,1762.97,Vegetables,Silty,Local-1
32.45,26.15,65.57,29.91,37.47,5.73,637.4,Potato,Sandy,Kufri Bahar
95.92,48.87,98.49,27.02,68.96,7.3,1133.84,Soybean,Loamy,NRC-37
105.58,38.98,110.26,24.18,74.63,6.47,1109.11,Cotton,Loamy,Suraj
89.89,47.73,109.26,25.33,60.89,6.28,1810.83,Sugarcane,Clay,Co-86032
88.81,43.19,86.79,31.91,64.35,6.86,1888.44,Maize,Silty,DHM-117
40.01,30.26,51.47,25.77,51.52,6.1,935.25,Potato,Sandy,Kufri Pukhraj
129.19,36.33,69.02,19.51,78.55,6.26,1787.82,Vegetables,Peaty,Hybrid-A
125.85,36.59,66.56,17.03,73.64,4.99,2171.27,Maize,Peaty,Pioneer-3396
79.83,58.09,88.0,18.0,68.52,6.62,1136.72,Sugarcane,Loamy,Co-0238
60.17,58.89,128.73,25.21,64.35,6.41,1329.82,Wheat,Silty,HD-2967
86.05,54.68,67.23,25.97,67.29,6.44,1155.5,Groundnut,Loamy,JL-24
110.81,46.32,119.8,25.48,79.07,6.75,700.0,Maize,Clay,DHM-117
78.82,58.11,131.96,23.2,68.31,5.93,1070.33,Sugarcane,Clay,Co-0238
54.21,55.03,85.56,25.49,38.06,8.28,551.7,Millet,Chalky,HHB-67
62.19,65.74,58.6,25.25,56.11,7.5,788.85,Cotton,Chalky,Bt-2
126.17,65.0,75.81,15.13,83.98,5.4,1913.28,Vegetables,Peaty,Hybrid-A
18.82,45.24,73.23,30.66,62.16,8.07,680.15,Cotton,Chalky,Bt-1
67.41,26.36,57.67,29.29,45.58,6.3,748.28,Millet,Sandy,HHB-67
42.57,18.23,57.05,27.87,40.47,6.24,614.17,Potato,Sandy,Kufri Bahar
75.1,52.17,127.8,23.69,78.63,6.9,1510.47,Rice,Clay,Swarna
108.89,63.97,104.71,30.77,70.85,7.02,1645.2,Rice,Clay,IR64
116.49,38.3,76.71,17.75,86.43,5.88,2166.61,Tea,Peaty,TV-1
57.66,26.66,53.97,22.0,41.98,6.44,751.06,Potato,Sandy,Kufri Bahar
140.93,34.89,95.27,17.59,81.22,5.66,900.0,Cotton,Peaty,Bt-1
113.97,61.08,119.11,26.96,63.15,6.51,1149.93,Rice,Clay,Swarna
44.97,24.51,56.17,31.71,60.12,6.62,935.51,Potato,Sandy,Kufri Bahar
91.41,59.89,134.94,25.48,76.23,6.59,1331.04,Rice,Clay,Swarna
105.68,47.5,77.39,22.5,80.69,5.48,1416.43,Vegetables,Peaty,Hybrid-A
81.89,64.8,110.34,28.64,73.42,6.51,1539.07,Vegetables,Silty,Local-1
137.39,49.15,84.97,17.76,86.69,5.61,1066.04,Vegetables,Peaty,Hybrid-A
59.6,50.72,109.68,23.65,64.88,6.43,891.76,Vegetables,Silty,Hybrid-A
80.64,59.85,106.59,26.42,45.0,6.55,1223.63,Maize,Loamy,HQPM-1
85.09,50.57,107.11,25.18,64.68,7.08,992.75,Maize,Silty,DHM-117
47.73,33.89,73.08,31.6,47.76,7.4,708.84,Potato,Sandy,Kufri Pukhraj
85.03,51.87,97.66,25.35,76.27,6.7,1392.56,Wheat,Silty,HD-2967
72.98,38.0,78.24,20.83,75.99,6.63,1001.9,Cotton,Loamy,Bt-2
79.34,61.86,80.99,21.04,68.11,6.96,1477.31,Maize,Loamy,HQPM-1
127.11,39.76,97.51,21.94,75.92,5.47,1799.44,Potato,Peaty,Kufri Bahar
98.53,42.02,81.91,25.62,79.35,5.06,1725.9,Vegetables,Peaty,Local-1
68.85,38.33,95.94,27.32,58.63,6.9,1521.05,Soybean,Silty,JS-335
70.44,45.99,115.66,23.49,70.42,6.28,1389.95,Sugarcane,Clay,Co-86032
98.8,35.86,89.29,26.76,68.56,6.16,690.09,Wheat,Loamy,HD-2967
73.3,45.76,102.3,16.0,61.83,7.2,1417.88,Wheat,Silty,Lok-1
90.7,41.89,54.48,23.33,76.61,6.35,1676.51,Wheat,Silty,Lok-1
83.39,50.16,110.27,28.84,62.98,6.74,1291.12,Cotton,Clay,Bt-2
99.87,78.48,93.48,26.99,64.27,7.5,1534.55,Sugarcane,Clay,Co-0118
47.46,28.98,49.39,28.17,57.47,5.83,787.2,Cotton,Sandy,Suraj
93.34,41.96,132.87,25.38,59.11,5.99,1749.29,Wheat,Clay,HD-2967
50.63,34.17,42.16,29.99,51.68,5.48,665.59,Vegetables,Sandy,Local-1
105.9,62.65,93.03,25.38,65.09,6.74,1772.16,Potato,Clay,Kufri Pukhraj
59.37,26.87,38.61,33.66,49.81,5.77,965.5,Potato,Sandy,Kufri Jyoti
66.37,65.19,86.81,24.45,72.09,5.6,1119.61,Maize,Silty,HQPM-1
108.98,39.27,51.62,19.49,78.63,4.96,1666.08,Vegetables,Peaty,Hybrid-A
85.79,31.72,79.7,29.27,72.04,6.92,1292.87,Maize,Silty,HQPM-1
80.52,45.54,104.49,20.05,69.03,6.87,1528.65,Cotton,Silty,Bt-2
61.28,28.75,27.1,29.96,47.4,6.18,760.87,Wheat,Sandy,Lok-1
94.03,54.11,77.58,24.69,63.48,6.54,1804.19,Wheat,Silty,Lok-1
80.52,55.28,84.18,23.36,68.18,6.34,1269.01,Rice,Silty,Basmati-370
90.64,28.0,75.15,21.8,72.97,6.06,1441.86,Tea,Peaty,TV-1
85.64,52.19,103.67,20.51,63.2,6.18,1447.12,Maize,Silty,HQPM-1
43.32,33.73,55.68,25.44,51.55,6.3,586.37,Watermelon,Sandy,Arka Manik
77.28,50.39,101.1,26.1,77.75,7.64,1337.76,Rice,Silty,IR64
26.94,57.44,80.42,30.87,57.38,8.63,717.44,Wheat,Chalky,PBW-343
99.25,36.78,87.66,25.08,63.24,6.34,1462.48,Cotton,Clay,Bt-1
53.67,66.32,107.39,28.3,55.79,7.89,735.94,Barley,Chalky,DWRB-73
93.98,38.13,55.44,18.23,80.1,5.97,1907.79,Rice,Peaty,IR64
71.72,43.86,65.53,24.34,58.67,7.61,1061.4,Wheat,Loamy,PBW-343
52.38,28.81,25.57,30.64,47.82,6.84,567.89,Potato,Sandy,Kufri Bahar
82.55,34.98,45.04,22.31,69.43,5.29,1504.9,Vegetables,Peaty,Local-1
83.4,62.61,106.89,29.21,75.08,7.14,1108.61,Groundnut,Silty,JL-24
28.94,17.74,59.21,29.32,39.65,6.09,434.58,Millet,Sandy,RHB-173
88.21,36.57,122.17,25.73,71.67,7.18,1200.9,Sugarcane,Clay,Co-0118
95.92,37.08,47.76,17.65,91.19,4.99,1875.14,Vegetables,Peaty,Hybrid-A
82.97,52.13,117.62,28.19,69.71,6.79,1496.38,Tomato,Loamy,Pusa Ruby
145.96,19.92,54.49,20.18,87.78,5.63,1483.7,Rice,Peaty,IR64
30.51,69.82,82.28,28.67,29.41,8.28,945.48,Cotton,Chalky,Suraj
39.96,48.66,84.45,30.85,49.63,8.18,797.09,Barley,Chalky,DWRB-73
78.85,47.21,105.94,24.51,60.79,7.81,1496.18,Groundnut,Silty,GG-20
75.56,24.11,79.6,24.05,64.5,6.5,1072.84,Maize,Loamy,HQPM-1
94.62,46.79,69.86,21.95,86.19,6.89,1982.16,Vegetables,Silty,Hybrid-B
55.86,57.81,80.23,30.07,57.64,6.99,1052.24,Soybean,Loamy,MAUS-71
83.58,45.04,58.56,27.61,60.47,7.18,1684.77,Maize,Silty,HQPM-1
109.92,44.4,52.64,14.15,72.95,5.14,1156.28,Sugarcane,Peaty,Co-0238
67.46,42.26,123.69,22.2,70.29,6.63,1361.28,Maize,Silty,DHM-117
84.23,51.59,83.75,20.38,47.16,6.44,1319.38,Cotton,Loamy,Suraj
87.7,35.27,57.57,16.67,76.46,5.16,1831.8,Tea,Peaty,UPASI-9
44.27,17.36,70.9,32.29,42.35,6.85,571.96,Groundnut,Sandy,JL-24
64.85,90.0,108.86,20.2,33.47,8.09,592.95,Wheat,Chalky,HD-2967
61.56,53.23,113.69,25.17,62.06,6.18,1726.34,Cotton,Clay,Bt-2
66.24,45.75,76.89,18.66,36.75,7.91,717.0,Millet,Chalky,ICTP-8203
86.42,36.03,91.85,24.27,78.09,7.12,1277.87,Watermelon,Silty,Arka Manik
69.54,38.12,76.47,26.47,71.94,7.01,697.62,Sugarcane,Loamy,Co-86032
31.55,44.86,89.59,25.99,36.4,7.84,790.87,Cotton,Chalky,Bt-2
124.39,41.88,63.0,16.45,84.62,4.0,1603.63,Tea,Peaty,TV-23
63.97,52.17,115.31,27.68,70.8,7.8,1393.24,Sugarcane,Loamy,Co-0118
73.83,38.59,96.52,30.95,65.18,7.1,1007.95,Soybean,Loamy,MAUS-71
52.37,46.74,117.8,26.3,39.59,7.96,777.04,Cotton,Chalky,Bt-2
85.52,79.69,89.15,22.11,67.08,6.39,1527.69,Rice,Clay,Basmati-370
58.63,27.07,77.78,30.14,37.88,6.82,778.11,Millet,Sandy,RHB-173
90.44,49.46,106.17,27.55,61.72,6.67,1305.06,Sugarcane,Loamy,Co-0238
45.09,74.63,66.57,27.36,46.66,8.5,966.56,Wheat,Chalky,HD-2967
93.99,48.12,94.01,24.88,62.85,6.52,1026.16,Soybean,Loamy,MAUS-71
68.91,67.96,129.11,28.81,81.55,6.84,1525.16,Tomato,Clay,Arka Vikas
57.5,80.78,118.43,25.98,76.1,7.97,1324.44,Sugarcane,Clay,Co-0118
76.44,42.82,88.45,19.6,53.88,6.88,1420.06,Wheat,Silty,Lok-1
94.51,41.54,102.37,30.27,57.94,7.72,1035.55,Wheat,Loamy,HD-2967
69.02,51.61,81.96,21.2,73.43,6.94,1207.66,Cotton,Silty,Bt-1
91.95,35.91,124.73,23.51,80.29,6.49,1267.82,Cotton,Clay,Bt-2
91.36,71.58,130.17,25.15,58.7,6.9,1090.44,Cotton,Clay,Bt-1
55.72,27.34,46.41,29.28,43.78,6.85,1100.0,Groundnut,Sandy,GG-20
67.22,50.96,92.05,24.94,65.86,6.75,1167.75,Tomato,Loamy,Arka Vikas
108.76,39.41,54.57,22.86,80.15,5.37,1656.9,Potato,Peaty,Kufri Jyoti
112.87,46.83,68.36,16.83,85.87,4.85,2162.41,Potato,Peaty,Kufri Bahar
41.8,35.23,22.57,27.58,32.03,5.95,715.48,Groundnut,Sandy,GG-20
126.7,47.03,73.53,15.12,84.72,6.14,1445.28,Vegetables,Peaty,Hybrid-B
77.99,46.72,64.02,25.03,66.32,7.36,1701.18,Vegetables,Silty,Hybrid-B
74.4,57.47,123.49,26.11,76.2,6.81,1669.84,Wheat,Clay,HD-2967
120.7,33.8,128.84,26.65,73.51,6.19,1209.91,Rice,Clay,Basmati-370
128.28,41.12,70.75,22.31,76.77,5.22,1553.54,Rice,Peaty,Swarna
32.72,25.41,53.25,26.18,34.32,6.38,551.13,Millet,Sandy,HHB-67
82.36,35.49,106.04,27.44,62.66,6.44,1560.91,Wheat,Silty,Lok-1
82.42,40.62,84.53,24.92,68.63,6.77,1513.69,Vegetables,Loamy,Hybrid-B
50.21,41.54,102.85,30.46,42.86,7.85,643.5,Vegetables,Chalky,Hybrid-A
45.51,24.64,65.99,33.69,43.69,5.4,775.9,Watermelon,Sandy,Arka Manik
70.82,31.59,81.28,26.79,50.4,6.63,1340.95,Maize,Loamy,Pioneer-3396
37.88,61.6,82.45,28.34,61.07,7.66,725.03,Cotton,Chalky,Bt-2
87.12,54.49,95.81,27.69,82.77,6.65,1538.49,Rice,Clay,IR64
50.91,61.08,105.45,25.51,48.77,8.15,957.73,Maize,Chalky,HQPM-1
65.82,40.48,88.38,25.44,63.67,6.47,1573.19,Rice,Silty,IR64
48.54,26.28,65.88,36.86,46.38,6.3,716.82,Watermelon,Sandy,Crimson Sweet
20.0,27.03,42.23,31.22,29.84,6.03,751.87,Potato,Sandy,Kufri Jyoti
122.58,44.14,66.85,21.78,73.14,4.87,1403.49,Rice,Peaty,Basmati-370
102.62,35.94,92.58,24.24,60.53,7.04,1122.72,Soybean,Loamy,NRC-37
65.82,48.12,86.62,21.59,73.23,7.27,1461.52,Wheat,Silty,Lok-1
48.17,23.68,75.89,29.05,32.65,5.99,471.23,Watermelon,Sandy,Arka Manik
86.87,46.52,93.97,24.35,72.17,6.23,1063.74,Cotton,Loamy,Bt-2
72.03,29.41,72.18,26.44,62.81,6.48,1088.07,Maize,Loamy,Pioneer-3396
75.64,40.0,115.08,22.54,69.24,6.72,1518.53,Wheat,Silty,HD-2967
44.47,63.21,75.91,19.09,54.95,8.06,598.42,Millet,Chalky,RHB-173
106.87,42.6,56.7,15.93,77.58,5.66,1584.41,Vegetables,Peaty,Local-1
52.6,23.41,31.89,29.12,55.19,6.49,1004.83,Potato,Sandy,Kufri Bahar
63.45,56.02,83.82,23.39,66.26,7.6,1531.24,Vegetables,Silty,Hybrid-A
108.84,41.79,93.88,22.23,53.94,6.53,1348.36,Tea,Loamy,TV-23
46.55,31.06,61.82,30.62,43.9,5.69,772.94,Groundnut,Sandy,JL-24
122.06,35.34,68.66,22.4,83.47,4.26,1809.56,Potato,Peaty,Kufri Bahar
83.97,50.58,98.9,22.81,62.44,6.89,1212.02,Maize,Loamy,Pioneer-3396
73.51,56.04,112.28,32.31,68.87,7.25,1741.05,Cotton,Clay,Suraj
70.27,51.25,88.75,24.07,60.42,7.65,1481.45,Maize,Loamy,DHM-117
73.17,45.75,84.65,27.25,66.16,5.9,1509.54,Vegetables,Silty,Hybrid-B
42.88,21.13,76.73,30.16,31.63,6.44,872.16,Groundnut,Sandy,JL-24
39.96,31.45,54.95,24.73,59.62,5.69,743.57,Potato,Sandy,Kufri Pukhraj
63.49,34.35,85.4,28.34,60.79,6.67,1291.6,Cotton,Loamy,Bt-1
98.28,52.08,105.06,26.03,65.83,6.09,1584.35,Maize,Silty,HQPM-1
121.26,45.75,59.61,19.87,84.45,6.01,1450.86,Vegetables,Peaty,Hybrid-A
72.24,32.72,122.13,24.82,73.15,6.45,1292.15,Barley,Silty,BH-902
116.04,69.23,117.52,31.45,73.78,7.25,1421.13,Soybean,Clay,NRC-37
103.43,60.4,131.42,26.65,81.66,6.95,1982.8,Cotton,Clay,Bt-1
101.54,36.55,66.46,20.97,81.99,5.01,1916.66,Vegetables,Peaty,Hybrid-B
60.09,10.0,44.8,33.15,42.56,5.68,496.22,Millet,Sandy,HHB-67
45.17,76.21,99.39,24.32,49.0,7.82,1073.71,Vegetables,Chalky,Hybrid-B
85.28,64.59,116.91,23.88,67.51,6.88,1685.63,Wheat,Clay,Lok-1
131.62,48.65,84.46,25.37,75.8,5.16,1461.54,Potato,Peaty,Kufri Jyoti
75.82,33.93,100.64,23.5,62.58,7.71,1227.11,Maize,Loamy,HQPM-1
51.17,59.48,88.87,28.42,49.47,8.02,1010.51,Wheat,Chalky,HD-2967
84.44,51.0,80.41,21.05,70.81,6.7,1609.03,Wheat,Silty,PBW-343
93.73,34.51,89.02,23.29,68.06,6.95,1357.7,Wheat,Loamy,HD-2967
50.06,23.37,70.64,28.64,45.25,6.41,573.71,Groundnut,Sandy,TAG-24
54.07,34.8,44.88,29.36,43.44,6.53,804.53,Groundnut,Sandy,JL-24
95.6,38.74,73.06,25.13,57.3,7.28,1057.75,Tomato,Loamy,Pusa Ruby
93.12,51.7,92.95,25.2,61.01,6.62,1107.6,Cotton,Loamy,Suraj
101.92,29.85,118.11,23.74,64.25,6.61,933.23,Potato,Loamy,Kufri Jyoti
101.14,48.56,75.36,18.67,66.71,4.56,2312.2,Vegetables,Peaty,Hybrid-A
91.02,66.27,90.77,25.19,57.39,7.32,1072.96,Potato,Silty,Kufri Pukhraj
15.56,57.78,83.18,25.43,55.78,7.58,987.88,Wheat,Chalky,HD-2967
41.59,19.79,29.1,26.15,45.86,6.71,583.4,Groundnut,Sandy,TAG-24
83.42,34.27,59.53,19.1,78.49,5.01,1685.72,Millet,Peaty,RHB-173
84.19,43.73,111.46,28.49,60.24,6.64,1420.99,Soybean,Loamy,NRC-37
118.64,75.25,132.38,18.0,57.37,6.75,1401.92,Wheat,Clay,HD-2967
59.73,50.0,93.58,28.95,51.82,7.49,761.58,Wheat,Chalky,Lok-1
35.33,69.8,118.47,26.34,66.04,8.08,732.74,Barley,Chalky,BH-902
92.48,48.88,110.2,27.36,69.8,6.59,1664.39,Barley,Clay,BH-902
124.26,33.57,87.6,24.88,77.93,5.66,2104.98,Rice,Peaty,IR64
64.93,41.08,63.42,34.74,33.16,5.7,622.44,Groundnut,Sandy,JL-24
80.81,31.01,76.09,24.17,51.49,6.64,1815.71,Vegetables,Silty,Hybrid-A
114.22,56.69,61.41,18.6,68.43,5.54,1984.46,Rice,Peaty,Basmati-370
87.53,60.21,73.02,26.58,65.17,6.56,1472.75,Sugarcane,Clay,Co-86032
123.36,45.04,80.81,23.16,68.1,4.88,1744.19,Tea,Peaty,UPASI-9
116.14,47.0,85.13,24.85,56.01,6.97,1085.8,Wheat,Loamy,PBW-343
96.0,67.43,126.18,20.73,73.64,6.21,1319.8,Cotton,Clay,Bt-2
50.01,23.5,34.42,30.22,40.93,6.4,678.57,Potato,Sandy,Kufri Jyoti
27.75,31.27,59.15,36.06,32.82,6.98,583.55,Groundnut,Sandy,TAG-24
46.54,19.18,51.15,27.71,47.94,5.73,677.4,Millet,Sandy,HHB-67
59.42,70.34,81.45,26.53,47.23,8.44,700.35,Wheat,Chalky,HD-2967
78.61,63.68,110.46,29.65,59.13,6.57,776.73,Wheat,Loamy,Lok-1
41.94,20.07,44.75,30.03,46.81,5.97,660.14,Watermelon,Sandy,Sugar Baby
51.52,47.67,85.7,23.15,40.0,7.49,717.47,Cotton,Chalky,Bt-2
39.27,39.95,48.1,32.39,26.4,6.84,915.09,Cotton,Sandy,Bt-1
43.17,53.76,69.0,26.61,50.31,8.06,778.99,Cotton,Chalky,Bt-2
59.03,65.24,116.15,25.35,52.13,8.41,650.21,Cotton,Chalky,Suraj
43.72,23.83,62.61,29.53,53.08,5.81,666.93,Millet,Sandy,ICTP-8203
56.22,57.83,112.36,24.25,61.07,6.11,1375.86,Sugarcane,Loamy,Co-0118
107.88,85.0,137.58,30.89,60.09,7.27,1176.0,Wheat,Clay,PBW-343
61.9,62.76,65.62,28.98,53.26,8.59,652.15,Potato,Chalky,Kufri Pukhraj
95.89,48.65,72.52,21.96,90.45,5.34,1880.02,Rice,Peaty,Basmati-370
50.8,35.28,60.11,22.95,47.34,6.33,742.66,Groundnut,Sandy,GG-20
46.78,65.22,90.54,25.65,43.72,8.04,778.82,Millet,Chalky,RHB-173
93.34,56.55,112.99,26.48,73.03,6.6,1397.61,Sugarcane,Clay,Co-0118
68.85,22.39,52.39,26.43,35.01,5.93,516.36,Cotton,Sandy,Suraj
87.0,46.17,90.03,26.33,69.43,6.43,1165.74,Sugarcane,Loamy,Co-86032
87.18,33.56,91.54,26.96,57.9,7.5,1414.3,Wheat,Silty,HD-2967
28.28,29.36,78.18,31.41,50.28,6.13,635.06,Potato,Sandy,Kufri Pukhraj
101.38,50.24,91.99,21.47,82.26,6.04,1322.98,Cotton,Clay,Suraj
89.01,31.32,83.2,22.03,73.19,6.85,1196.08,Rice,Silty,IR64
47.03,62.65,75.51,26.74,49.1,7.48,851.31,Cotton,Chalky,Bt-2
95.63,28.88,68.51,20.43,83.0,5.48,1755.72,Tea,Peaty,TV-23
74.06,71.78,117.34,23.83,72.57,7.4,835.25,Wheat,Clay,PBW-343
47.71,45.75,140.0,26.53,40.14,8.66,425.25,Cotton,Chalky,Bt-1
94.01,32.96,69.21,25.02,80.99,5.7,1463.49,Vegetables,Peaty,Hybrid-B
86.94,40.37,103.29,26.32,74.99,6.78,1147.41,Vegetables,Silty,Hybrid-A
34.94,28.71,35.6,26.31,36.99,6.11,828.16,Sugarcane,Sandy,Co-0238
88.48,39.6,128.03,27.35,79.14,6.23,1485.2,Rice,Clay,Swarna
44.05,11.76,74.94,31.84,40.11,5.83,843.06,Groundnut,Sandy,TAG-24
46.96,19.83,48.89,31.78,49.4,6.2,785.63,Watermelon,Sandy,Crimson Sweet
112.82,37.84,118.24,23.13,58.98,6.71,1116.99,Wheat,Clay,HD-2967
43.76,62.47,107.07,26.06,70.0,8.18,801.01,Barley,Chalky,DWRB-73
69.64,38.09,57.32,27.65,36.44,6.8,717.95,Watermelon,Sandy,Sugar Baby
49.67,58.94,62.22,25.27,40.72,7.96,385.42,Millet,Chalky,HHB-67
98.35,48.66,99.95,22.34,50.36,6.78,1518.18,Vegetables,Loamy,Hybrid-A
41.95,68.77,96.15,24.7,57.12,8.43,491.7,Barley,Chalky,BH-902
130.49,46.89,77.02,23.42,79.7,5.4,1527.31,Potato,Peaty,Kufri Jyoti
129.99,53.02,62.39,19.89,85.11,4.88,2055.89,Sugarcane,Peaty,Co-0118
85.9,46.12,114.19,23.86,51.9,6.36,1053.78,Tomato,Loamy,Pusa Ruby
97.38,51.57,100.47,31.27,60.28,6.59,1118.4,Soybean,Loamy,NRC-37
112.65,37.32,59.8,15.52,86.11,4.87,2046.28,Vegetables,Peaty,Local-1
131.12,58.79,140.33,22.53,72.13,6.67,1292.13,Cotton,Clay,Bt-1
140.0,50.26,136.25,27.08,72.54,6.64,1129.12,Cotton,Clay,Suraj
63.06,57.9,119.62,18.46,73.68,6.69,1323.59,Wheat,Silty,PBW-343
133.35,39.32,70.5,22.82,69.66,5.56,1143.09,Vegetables,Peaty,Local-1
126.72,63.54,133.27,23.83,74.15,5.83,1609.95,Rice,Clay,Basmati-370
118.07,53.83,119.64,26.6,66.14,7.66,1442.19,Sugarcane,Clay,Co-0118
61.01,30.27,37.46,27.58,46.78,6.59,595.24,Rice,Sandy,IR64
29.49,17.8,66.37,34.17,39.27,6.03,775.73,Rice,Sandy,Swarna
55.38,22.02,43.66,30.58,51.95,5.81,642.64,Watermelon,Sandy,Crimson Sweet
123.56,47.27,95.96,20.39,75.81,5.68,1670.04,Vegetables,Peaty,Hybrid-B
49.89,69.78,80.18,26.54,26.11,8.05,353.63,Barley,Chalky,DWRB-73
87.6,30.93,82.61,25.1,62.83,6.24,985.89,Sugarcane,Loamy,Co-86032
101.68,56.67,83.54,20.56,81.75,5.14,1527.22,Maize,Peaty,HQPM-1
84.72,35.63,98.98,25.79,64.55,6.55,726.66,Wheat,Silty,HD-2967
131.7,28.91,46.75,23.07,78.08,5.26,1805.55,Rice,Peaty,IR64
101.56,36.35,108.89,26.52,57.48,6.89,1243.9,Sugarcane,Loamy,Co-0238
122.38,47.66,97.11,18.66,87.85,4.99,1554.09,Potato,Peaty,Kufri Bahar
43.9,31.58,44.13,32.07,45.24,6.21,870.2,Potato,Sandy,Kufri Jyoti
46.49,24.35,44.63,31.44,46.5,6.57,696.56,Watermelon,Sandy,Arka Manik
64.55,52.08,95.34,29.22,52.46,7.83,516.24,Barley,Chalky,RD-2552
21.84,21.95,51.12,32.26,41.03,5.95,793.86,Groundnut,Sandy,TAG-24
86.11,71.06,152.64,25.63,77.38,6.3,1279.76,Sugarcane,Clay,Co-86032
71.9,48.73,125.52,23.17,69.03,6.28,1186.03,Maize,Silty,DHM-117
113.88,49.31,64.8,24.99,76.91,5.22,1755.22,Potato,Peaty,Kufri Bahar
77.16,46.05,96.65,22.08,60.83,6.82,1605.47,Maize,Silty,DHM-117
71.1,37.04,89.8,22.95,66.32,6.37,1024.92,Wheat,Silty,HD-2967
103.85,75.56,117.45,24.17,71.44,6.62,1608.3,Wheat,Clay,HD-2967
129.8,36.22,57.96,20.8,86.54,5.24,1691.25,Tea,Peaty,TV-1
51.75,23.8,51.31,28.2,48.07,5.74,768.5,Potato,Sandy,Kufri Bahar
82.78,52.25,141.97,25.09,75.96,6.07,1853.37,Cotton,Clay,Bt-1
109.42,32.82,60.22,20.78,78.43,5.07,1364.83,Potato,Peaty,Kufri Bahar
95.27,49.08,130.0,30.53,55.24,6.6,758.32,Maize,Loamy,DHM-117
110.92,47.8,83.37,23.93,80.76,4.99,1948.62,Rice,Peaty,IR64
44.39,56.85,109.77,27.7,51.66,8.15,979.3,Cotton,Chalky,Bt-1
118.23,42.26,53.24,22.65,79.03,5.18,2033.57,Sugarcane,Peaty,Co-0118
106.51,57.94,81.8,30.43,56.36,6.72,786.12,Groundnut,Loamy,GG-20
93.05,35.61,94.43,19.05,70.82,5.39,2182.42,Rice,Peaty,IR64
87.71,34.45,78.01,12.0,84.69,5.79,2338.59,Vegetables,Peaty,Hybrid-A
65.16,43.95,88.44,26.06,60.23,8.28,560.08,Barley,Chalky,RD-2552
39.31,65.29,85.47,28.47,43.07,8.1,995.14,Millet,Chalky,HHB-67
96.75,76.87,98.97,28.07,79.56,7.1,2025.9,Rice,Clay,IR64
75.19,50.6,129.94,23.16,70.02,6.76,823.2,Maize,Silty,HQPM-1
93.13,60.7,131.91,18.57,68.89,6.37,1542.36,Wheat,Silty,HD-2967
120.26,49.15,54.82,18.63,73.86,4.99,2082.58,Rice,Peaty,Basmati-370
124.09,47.4,74.99,19.7,81.45,4.13,2211.28,Vegetables,Peaty,Local-1
47.23,60.37,98.94,26.3,38.63,7.86,334.72,Millet,Chalky,RHB-173
77.81,48.41,102.13,19.39,64.22,6.99,1239.03,Maize,Loamy,DHM-117
110.57,64.52,111.26,20.63,89.38,6.75,1475.23,Sugarcane,Clay,Co-0238
51.19,50.48,116.24,22.1,40.52,8.02,568.27,Watermelon,Chalky,Crimson Sweet
95.7,44.61,88.56,19.67,77.8,4.89,1635.23,Tea,Peaty,TV-23
92.24,38.61,79.86,32.02,56.9,7.34,1293.36,Sugarcane,Loamy,Co-0118
55.7,47.92,80.25,25.95,71.13,6.83,1548.37,Maize,Loamy,DHM-117
76.06,54.2,79.56,25.65,62.06,6.85,1293.24,Wheat,Silty,HD-2967
93.35,33.15,84.18,25.93,67.8,6.67,1344.14,Wheat,Silty,Lok-1
108.57,55.24,101.3,21.69,85.21,6.72,1347.61,Rice,Clay,Basmati-370
45.81,48.28,113.05,21.48,52.48,8.01,828.95,Wheat,Chalky,PBW-343
86.01,64.85,119.15,23.84,68.81,6.61,1479.46,Cotton,Clay,Suraj
119.94,39.8,100.19,18.42,87.35,4.89,1653.86,Tea,Peaty,TV-23
54.21,43.67,105.27,18.85,70.3,6.36,1382.43,Rice,Silty,IR64
54.82,43.01,104.7,27.98,53.15,7.96,863.75,Barley,Chalky,RD-2552
92.21,58.15,71.91,29.44,67.17,6.87,1552.31,Tomato,Loamy,Roma
90.86,52.82,102.23,30.73,62.17,7.0,1030.03,Sugarcane,Loamy,Co-0118
92.87,31.67,60.98,18.92,75.0,4.89,2174.06,Sugarcane,Peaty,Co-0118
85.1,64.63,107.51,27.85,71.58,6.27,1631.79,Rice,Clay,Basmati-370
123.34,44.13,57.82,22.55,83.45,5.34,1890.21,Potato,Peaty,Kufri Pukhraj
82.02,58.59,113.15,22.88,73.53,6.72,717.19,Wheat,Clay,Lok-1
80.95,34.56,76.6,30.69,68.4,6.31,1097.92,Soybean,Loamy,MAUS-71
96.62,48.74,92.62,24.63,76.38,6.14,1379.57,Vegetables,Silty,Local-1
53.11,66.11,81.87,31.93,40.24,8.56,803.06,Wheat,Chalky,Lok-1
51.75,48.02,124.24,29.94,50.66,8.08,783.47,Barley,Chalky,DWRB-73
93.47,48.17,78.47,19.08,84.43,5.54,1659.68,Vegetables,Peaty,Hybrid-B
61.97,52.01,100.74,27.78,55.33,8.25,909.38,Watermelon,Chalky,Arka Manik
134.88,44.32,67.81,22.43,78.47,5.82,1354.82,Potato,Peaty,Kufri Pukhraj
100.4,46.72,84.73,19.74,76.32,5.82,1452.41,Potato,Peaty,Kufri Bahar
79.12,52.97,123.79,32.0,64.62,7.13,1147.74,Wheat,Silty,Lok-1
131.15,29.57,88.56,18.85,78.72,5.14,1384.46,Tea,Peaty,UPASI-9
124.9,45.28,80.34,18.75,72.36,4.92,2038.78,Rice,Peaty,Basmati-370
58.1,37.1,53.57,24.89,30.81,6.41,578.23,Potato,Sandy,Kufri Bahar
54.9,23.57,60.1,22.71,42.03,6.79,647.05,Potato,Sandy,Kufri Bahar
75.72,55.1,73.18,20.92,64.88,7.01,1664.75,Vegetables,Silty,Local-1
119.07,40.04,66.19,22.48,76.15,5.4,1656.7,Potato,Peaty,Kufri Bahar
144.43,35.14,43.67,16.51,73.65,5.37,1602.66,Rice,Peaty,Basmati-370
31.13,74.98,113.11,21.95,61.13,7.62,1300.0,Millet,Chalky,ICTP-8203
72.46,25.12,47.24,30.37,52.59,6.06,571.86,Millet,Sandy,HHB-67
141.21,32.02,72.21,27.97,75.74,4.55,1823.96,Tea,Peaty,TV-23
60.57,71.55,104.38,26.38,25.0,8.21,1248.4,Wheat,Chalky,HD-2967
53.56,24.29,45.83,25.86,40.6,6.8,689.86,Millet,Sandy,RHB-173
130.4,36.21,55.98,17.06,80.29,5.07,1751.48,Vegetables,Peaty,Local-1
111.22,73.06,130.73,18.84,74.1,6.68,862.77,Wheat,Clay,HD-2967
64.81,46.52,117.9,29.39,65.93,6.9,1170.51,Wheat,Loamy,Lok-1
58.94,38.53,94.99,27.83,63.87,6.12,1654.73,Maize,Silty,HQPM-1
119.88,31.48,94.58,26.88,65.97,6.77,1181.71,Cotton,Loamy,Bt-1
115.83,66.82,124.96,29.49,66.23,6.94,2127.48,Wheat,Clay,PBW-343
109.19,54.91,91.07,27.83,65.29,6.29,1634.01,Vegetables,Silty,Hybrid-A
95.86,49.4,87.01,27.13,64.17,6.35,1059.99,Wheat,Loamy,Lok-1
121.68,40.83,38.64,22.91,91.31,5.13,1590.42,Watermelon,Peaty,Crimson Sweet
54.0,47.45,127.88,32.25,66.36,7.31,1501.58,Tomato,Loamy,Pusa Ruby
92.21,37.5,101.94,19.14,63.99,7.52,1255.7,Cotton,Silty,Bt-2
103.38,65.25,100.3,27.13,64.69,6.66,1417.67,Rice,Clay,IR64
73.72,58.12,108.88,23.26,76.49,6.73,1390.88,Wheat,Clay,PBW-343
93.42,51.81,98.93,22.08,70.14,6.39,1175.53,Watermelon,Loamy,Crimson Sweet
117.53,54.34,95.7,18.2,90.16,5.79,1522.18,Rice,Peaty,Basmati-370
33.76,26.77,48.33,25.58,46.15,6.26,868.25,Watermelon,Sandy,Sugar Baby
93.01,82.82,116.38,28.81,72.72,6.83,1416.77,Sugarcane,Clay,Co-86032
39.05,48.64,85.32,28.34,37.98,7.81,568.51,Cotton,Chalky,Bt-2
112.77,37.36,33.86,22.41,70.64,5.02,1470.02,Rice,Peaty,Swarna
78.76,45.49,84.15,19.57,69.3,6.97,1416.88,Wheat,Clay,Lok-1
132.68,52.51,70.13,22.8,75.81,5.41,2096.38,Tea,Peaty,TV-1
73.78,27.46,100.55,18.77,68.18,7.09,1446.61,Rice,Silty,Basmati-370
83.16,58.78,71.71,23.73,69.28,6.89,1554.64,Wheat,Silty,HD-2967
48.23,39.94,65.58,25.45,25.89,7.58,900.76,Millet,Chalky,RHB-173
108.23,49.61,109.02,30.43,78.12,7.01,2122.92,Sugarcane,Clay,Co-86032
86.5,26.03,63.81,25.46,65.31,7.04,1035.58,Wheat,Silty,Lok-1
66.57,67.69,98.36,26.35,39.91,8.36,1014.6,Cotton,Chalky,Bt-2
61.84,80.12,78.89,27.55,54.56,8.48,749.81,Wheat,Chalky,PBW-343
84.8,67.55,108.65,24.32,70.08,6.92,1121.21,Wheat,Silty,Lok-1
61.32,23.74,33.91,26.6,48.0,5.95,714.5,Groundnut,Sandy,JL-24
116.61,65.97,148.43,23.19,66.27,7.02,1371.03,Sugarcane,Clay,Co-0118
72.67,62.29,123.68,29.7,52.67,7.53,1025.2,Wheat,Chalky,HD-2967
81.28,55.06,110.12,24.48,63.14,6.72,995.3,Wheat,Silty,Lok-1
68.25,26.65,51.98,34.7,40.78,5.74,715.91,Tomato,Sandy,Pusa Ruby
84.7,28.58,48.27,17.41,82.91,5.07,1843.99,Rice,Peaty,Basmati-370
87.3,48.79,74.77,27.22,61.3,7.13,975.04,Maize,Loamy,HQPM-1
99.45,53.08,76.8,20.31,86.28,4.87,1546.47,Tea,Peaty,UPASI-9
60.09,81.89,93.25,23.9,58.47,8.02,671.19,Sugarcane,Chalky,Co-86032
77.5,44.89,115.16,26.61,65.9,6.56,1251.52,Tomato,Loamy,Arka Vikas
56.79,26.18,66.86,33.7,55.62,6.49,1060.79,Potato,Sandy,Kufri Pukhraj
78.85,76.02,116.4,26.69,75.62,6.74,1485.1,Rice,Clay,Swarna
43.42,57.47,82.47,26.38,37.49,8.13,894.34,Tomato,Chalky,Arka Vikas
51.57,16.96,71.5,28.53,53.08,6.25,774.97,Potato,Sandy,Kufri Bahar
84.58,51.55,90.29,22.12,68.04,7.41,2086.66,Cotton,Silty,Bt-1
83.18,44.01,86.38,24.1,56.19,6.69,1304.03,Millet,Loamy,ICTP-8203
28.61,51.47,54.38,27.78,54.53,8.12,1172.12,Barley,Chalky,BH-902
35.59,42.47,126.21,26.3,48.25,7.83,464.14,Wheat,Chalky,Lok-1
87.85,64.58,93.47,27.78,56.57,6.74,1181.15,Tomato,Loamy,Roma
68.4,45.49,63.62,21.76,73.62,6.53,1152.35,Vegetables,Silty,Hybrid-B
38.51,33.14,39.39,29.18,47.66,6.98,673.48,Millet,Sandy,ICTP-8203
80.84,74.5,104.85,22.63,69.59,6.77,1493.79,Sugarcane,Clay,Co-86032
52.46,25.31,39.14,25.61,32.15,7.05,313.3,Potato,Sandy,Kufri Bahar
50.48,76.08,103.37,23.58,68.29,8.43,514.22,Wheat,Chalky,Lok-1
57.4,43.33,74.52,25.52,43.93,8.04,624.11,Millet,Chalky,RHB-173
83.45,57.9,103.82,25.91,76.28,7.8,1089.2,Wheat,Loamy,Lok-1
65.15,43.68,69.9,25.5,55.56,7.09,1299.97,Cotton,Loamy,Bt-1
41.82,43.24,100.44,25.09,46.14,8.21,932.28,Wheat,Chalky,HD-2967
131.49,54.23,103.84,29.48,66.85,7.66,1316.28,Wheat,Clay,Lok-1
97.76,19.37,71.06,20.84,78.14,4.2,1575.91,Potato,Peaty,Kufri Bahar
96.72,69.58,101.79,25.38,60.02,6.52,1737.65,Sugarcane,Clay,Co-86032
81.92,68.7,99.91,30.87,67.36,6.57,1395.07,Vegetables,Clay,Local-1
49.62,10.0,48.24,32.01,43.18,6.6,536.05,Tea,Sandy,TV-1
104.45,16.4,58.37,15.74,71.31,4.91,2521.56,Rice,Peaty,Basmati-370
41.67,53.62,85.92,25.45,37.64,7.98,815.18,Barley,Chalky,BH-902
52.52,26.57,37.59,28.64,40.21,6.18,787.98,Groundnut,Sandy,TAG-24
60.78,27.7,49.45,27.4,49.79,5.96,513.93,Millet,Sandy,HHB-67
55.0,57.63,96.14,23.57,68.16,7.2,1595.56,Rice,Clay,IR64
126.58,50.0,123.63,26.87,70.91,7.29,1533.15,Cotton,Clay,Bt-1
45.21,37.96,102.1,25.05,42.46,7.41,839.8,Wheat,Chalky,PBW-343
20.34,25.38,51.37,25.82,56.64,6.05,636.18,Wheat,Sandy,PBW-343
46.99,23.94,39.23,30.26,53.21,6.35,575.32,Watermelon,Sandy,Sugar Baby
70.47,33.2,80.49,31.35,62.26,7.1,1451.9,Tomato,Loamy,Pusa Ruby
118.13,42.13,107.96,23.85,82.58,5.2,2005.25,Cotton,Peaty,Suraj
44.32,25.99,38.04,24.26,39.84,6.15,439.41,Watermelon,Sandy,Arka Manik
84.61,50.97,102.28,22.72,79.3,6.33,798.71,Sugarcane,Clay,Co-86032
98.08,30.07,63.5,18.21,69.07,5.65,2089.23,Vegetables,Peaty,Hybrid-A
90.43,37.71,127.49,27.15,67.5,6.35,1590.95,Rice,Clay,IR64
39.97,51.76,105.32,18.66,37.3,8.39,762.04,Cotton,Chalky,Suraj
85.78,35.98,102.94,23.85,59.9,6.61,1359.11,Wheat,Loamy,Lok-1
39.32,61.18,110.22,26.16,39.44,7.91,607.27,Barley,Chalky,DWRB-73
95.42,45.15,132.48,25.99,83.3,6.53,2068.57,Wheat,Clay,HD-2967
104.41,37.66,103.83,22.62,64.53,7.19,1438.34,Wheat,Silty,PBW-343
91.06,67.72,56.78,22.26,60.11,7.37,1174.71,Tomato,Loamy,Roma
64.13,60.14,107.74,23.73,76.91,6.14,1482.34,Sugarcane,Clay,Co-0238
109.23,29.52,129.09,24.95,69.98,6.42,1430.79,Sugarcane,Clay,Co-0118
87.28,55.36,80.17,18.0,75.68,5.67,1835.76,Millet,Peaty,HHB-67
77.58,41.48,86.92,23.19,66.47,6.95,1132.33,Millet,Silty,HHB-67
123.76,15.0,63.23,24.42,76.75,5.49,1825.57,Tea,Peaty,TV-23
109.32,60.89,71.58,22.12,65.61,6.39,1286.75,Rice,Silty,Swarna
97.85,31.12,130.34,22.89,64.88,7.09,1365.45,Vegetables,Silty,Hybrid-B
66.2,20.0,82.27,26.13,71.99,6.81,1130.65,Maize,Silty,Pioneer-3396
117.79,44.05,85.58,21.54,81.9,5.52,1564.48,Potato,Peaty,Kufri Jyoti
34.65,26.36,40.79,29.15,25.31,5.82,914.3,Watermelon,Sandy,Sugar Baby
54.97,67.65,93.67,26.13,48.99,7.76,656.67,Maize,Chalky,Pioneer-3396
75.99,42.77,99.53,23.62,58.64,6.87,1508.88,Wheat,Loamy,PBW-343
88.23,43.5,63.96,28.0,76.61,5.05,1776.49,Vegetables,Peaty,Hybrid-B
136.46,28.19,50.91,16.83,65.0,5.0,1137.58,Vegetables,Peaty,Hybrid-B
32.59,23.56,46.18,36.28,34.85,6.48,715.6,Millet,Sandy,RHB-173
60.18,27.33,42.6,23.39,52.33,5.99,487.44,Groundnut,Sandy,TAG-24
52.93,26.25,37.5,31.77,41.72,6.4,654.57,Groundnut,Sandy,GG-20
80.82,40.87,129.77,25.21,66.33,6.64,1267.75,Rice,Clay,Basmati-370
69.84,42.09,54.72,22.43,67.77,6.93,952.11,Potato,Loamy,Kufri Bahar
107.37,43.02,62.65,17.68,86.04,4.95,2188.41,Rice,Peaty,Swarna
46.79,41.52,69.08,24.32,42.59,5.79,954.7,Potato,Sandy,Kufri Bahar
71.77,34.7,98.25,23.27,60.43,7.8,1691.3,Cotton,Loamy,Bt-2
84.85,41.91,94.19,23.57,65.38,7.33,1231.76,Vegetables,Silty,Hybrid-A
77.43,43.19,98.68,19.4,62.22,6.34,1370.9,Rice,Silty,Basmati-370
104.92,61.79,103.56,27.34,65.13,6.87,1482.24,Wheat,Clay,PBW-343
57.0,38.46,40.37,27.27,55.28,6.22,904.47,Cotton,Sandy,Suraj
55.98,41.16,102.42,25.64,44.84,7.55,441.96,Barley,Chalky,BH-902
67.8,38.51,96.8,22.76,63.53,6.29,1201.43,Maize,Loamy,DHM-117
61.41,41.34,130.81,22.8,50.51,7.68,1024.21,Barley,Chalky,RD-2552
56.01,49.2,83.62,32.91,42.31,8.2,974.2,Cotton,Chalky,Suraj
81.29,40.39,79.47,24.95,69.7,6.94,1412.43,Vegetables,Silty,Local-1
85.38,44.62,97.53,23.9,74.74,6.5,1626.93,Maize,Silty,Pioneer-3396
75.27,38.13,99.45,22.98,73.05,5.84,1385.27,Rice,Silty,IR64
45.34,19.79,35.07,31.69,47.2,6.34,719.25,Millet,Sandy,RHB-173
52.1,29.78,47.18,25.51,33.11,7.4,916.62,Watermelon,Sandy,Sugar Baby
104.97,32.83,61.43,18.14,85.31,4.56,1864.79,Rice,Peaty,IR64
86.87,45.89,105.82,29.28,58.98,6.44,623.28,Rice,Loamy,Basmati-370
96.36,38.42,74.93,23.49,67.65,7.09,1012.77,Rice,Silty,IR64
84.67,66.96,122.9,24.31,71.59,6.88,1554.03,Sugarcane,Clay,Co-0238
45.45,45.73,61.48,24.76,41.98,7.88,682.05,Barley,Chalky,RD-2552
45.82,73.5,79.21,28.66,39.03,8.01,831.99,Cotton,Chalky,Suraj
106.74,37.83,68.38,12.11,76.37,5.25,2182.62,Vegetables,Peaty,Hybrid-A
64.85,53.95,101.98,27.06,70.75,6.58,1216.97,Soybean,Loamy,JS-335
26.13,68.65,93.54,20.51,49.39,7.45,1195.62,Barley,Chalky,RD-2552
99.48,40.94,111.32,25.56,66.38,7.48,1360.59,Sugarcane,Clay,Co-0238
81.72,42.54,77.5,20.81,61.81,6.47,1202.98,Rice,Silty,Basmati-370
129.0,39.36,72.92,15.71,78.44,5.0,2077.58,Vegetables,Peaty,Hybrid-B
144.94,17.54,50.43,19.79,83.71,4.92,1716.76,Potato,Peaty,Kufri Jyoti
26.15,26.32,72.62,29.64,49.95,7.3,741.05,Potato,Sandy,Kufri Bahar
96.19,42.47,80.6,23.19,59.06,7.14,851.62,Potato,Loamy,Kufri Pukhraj
113.14,34.03,42.84,14.58,70.35,5.84,1535.07,Tea,Peaty,TV-23
47.67,38.34,62.18,24.31,51.53,7.07,1100.0,Potato,Sandy,Kufri Pukhraj
45.38,50.09,116.26,20.93,51.96,8.19,563.99,Cotton,Chalky,Bt-1
45.2,31.86,62.99,24.54,44.29,6.49,683.5,Potato,Sandy,Kufri Pukhraj
65.8,37.78,57.41,30.42,33.06,6.21,967.99,Millet,Sandy,RHB-173
74.14,40.47,101.05,22.32,54.82,6.53,983.49,Cotton,Loamy,Bt-2
95.94,46.3,86.5,29.03,65.99,6.21,1240.04,Wheat,Loamy,PBW-343
78.17,38.04,116.78,29.52,84.69,5.97,1466.89,Rice,Silty,Swarna
50.72,19.84,39.7,29.71,48.87,6.75,774.23,Potato,Sandy,Kufri Pukhraj
101.79,51.6,99.24,25.54,60.81,6.52,1201.45,Sugarcane,Loamy,Co-86032
95.34,41.61,108.39,28.73,80.52,6.49,1601.01,Rice,Clay,IR64
29.19,73.29,55.92,19.1,35.13,7.87,456.41,Wheat,Chalky,HD-2967
53.04,30.28,20.0,29.07,51.16,6.36,698.91,Groundnut,Sandy,TAG-24
87.36,58.64,104.58,22.25,69.15,6.98,1055.83,Soybean,Loamy,JS-335
46.51,23.04,44.22,26.28,52.53,6.33,533.97,Millet,Sandy,ICTP-8203
65.03,62.79,92.26,24.42,65.7,6.23,1785.34,Vegetables,Silty,Hybrid-B
37.27,35.34,50.69,28.12,42.74,5.97,459.09,Tea,Sandy,UPASI-9
140.2,33.65,82.13,19.56,88.84,5.38,1475.12,Rice,Peaty,Basmati-370
54.81,37.97,68.68,25.5,53.39,7.6,636.14,Barley,Chalky,DWRB-73
125.29,50.27,110.25,23.65,72.75,6.9,1251.81,Soybean,Clay,JS-335
68.0,41.68,101.51,27.94,68.17,8.35,456.68,Cotton,Chalky,Suraj
85.3,43.72,90.82,25.27,61.66,6.31,1616.83,Rice,Silty,Basmati-370
97.82,59.16,72.34,21.33,62.92,7.23,1282.98,Wheat,Loamy,Lok-1
107.03,55.91,118.56,24.65,79.75,7.04,1499.86,Wheat,Clay,PBW-343
112.45,48.88,68.72,25.13,92.79,5.35,1638.98,Potato,Peaty,Kufri Bahar
54.7,60.29,90.75,26.19,50.64,7.71,789.41,Millet,Chalky,HHB-67
57.37,25.58,50.25,29.9,53.51,6.43,502.17,Groundnut,Sandy,GG-20
101.69,42.82,132.7,23.99,76.47,6.65,2004.09,Wheat,Clay,HD-2967
107.96,38.6,53.2,16.8,78.44,5.07,1690.92,Vegetables,Peaty,Hybrid-A
113.98,64.76,98.06,23.22,62.07,6.84,1655.06,Cotton,Clay,Bt-2
59.14,24.22,53.56,33.84,39.57,6.54,639.18,Watermelon,Sandy,Arka Manik
54.25,42.56,80.03,27.75,36.93,7.8,866.61,Cotton,Chalky,Bt-1
43.51,14.6,38.35,32.96,28.77,5.98,609.66,Millet,Sandy,ICTP-8203
61.88,47.85,83.76,27.1,38.89,8.16,453.57,Barley,Chalky,DWRB-73
83.93,40.29,106.38,29.51,60.42,7.8,1023.12,Millet,Loamy,ICTP-8203
148.82,43.2,68.43,19.69,79.59,4.91,2185.8,Vegetables,Peaty,Local-1
65.91,56.17,58.11,22.74,70.57,7.24,1220.1,Vegetables,Silty,Local-1
70.03,51.58,58.3,23.98,61.59,6.52,1760.64,Vegetables,Silty,Hybrid-A
130.78,43.14,30.0,18.05,85.15,5.52,2444.77,Cotton,Peaty,Bt-2
103.76,47.9,105.46,21.47,73.13,6.81,1377.68,Wheat,Clay,Lok-1
88.34,39.82,70.11,27.55,61.38,6.86,1381.0,Vegetables,Silty,Hybrid-B
45.68,35.44,59.49,25.49,36.52,5.95,535.27,Potato,Sandy,Kufri Bahar
84.48,38.15,63.72,24.59,62.2,6.72,1133.69,Rice,Silty,Basmati-370
36.11,42.63,73.4,33.72,54.43,7.85,1241.1,Barley,Chalky,BH-902
77.43,29.6,103.68,23.97,68.46,7.04,1110.32,Watermelon,Silty,Crimson Sweet
54.47,57.62,135.55,28.85,47.57,8.32,892.66,Wheat,Chalky,Lok-1
41.79,27.13,54.18,28.1,44.01,5.87,1058.44,Maize,Sandy,DHM-117
97.54,57.59,124.47,22.93,69.55,6.44,1545.82,Cotton,Clay,Bt-2
79.01,45.06,100.74,27.95,67.35,7.04,1407.32,Wheat,Loamy,HD-2967
93.17,44.43,77.18,24.1,67.08,6.46,1200.62,Wheat,Loamy,HD-2967
81.2,66.19,139.21,22.03,87.05,5.5,1322.0,Wheat,Clay,Lok-1
38.57,87.17,133.16,32.17,65.67,7.73,518.7,Tea,Chalky,UPASI-9
87.0,52.32,94.01,28.17,71.99,6.2,1212.66,Cotton,Clay,Bt-1
140.0,62.3,116.19,28.04,77.73,6.43,949.1,Wheat,Clay,PBW-343
33.99,27.97,39.05,27.69,48.05,6.54,573.3,Millet,Sandy,HHB-67
58.21,59.3,75.46,25.68,63.79,7.11,1402.63,Millet,Silty,ICTP-8203
50.92,30.76,52.43,25.91,50.6,6.28,864.9,Potato,Sandy,Kufri Jyoti
39.58,48.02,99.8,30.86,46.86,8.51,709.25,Wheat,Chalky,HD-2967
110.52,35.15,129.94,28.5,87.3,6.63,1489.97,Wheat,Clay,Lok-1
99.54,20.0,110.75,16.85,68.54,6.14,1222.32,Wheat,Silty,PBW-343
35.02,20.91,61.19,27.59,38.12,6.13,837.29,Cotton,Sandy,Suraj
102.42,34.62,92.46,19.05,86.15,5.31,1896.34,Tea,Peaty,TV-23
61.21,21.46,52.79,33.66,47.38,6.14,396.11,Millet,Sandy,RHB-173
29.09,29.31,55.13,31.12,49.43,6.93,742.65,Potato,Sandy,Kufri Jyoti
110.36,46.31,69.07,14.21,84.56,4.18,1796.28,Vegetables,Peaty,Local-1
42.21,56.37,116.09,28.3,46.56,7.89,1056.32,Wheat,Chalky,Lok-1
97.0,58.85,97.5,23.97,82.78,6.87,1267.57,Maize,Silty,DHM-117
86.86,37.88,122.84,32.07,59.09,7.7,1416.36,Maize,Loamy,HQPM-1
97.75,33.77,82.85,22.7,75.36,5.03,1692.42,Potato,Peaty,Kufri Pukhraj
57.39,30.15,58.26,30.99,43.55,6.0,722.21,Millet,Sandy,ICTP-8203
90.42,53.61,107.48,30.89,62.77,6.8,1540.28,Wheat,Clay,PBW-343
92.49,57.57,121.24,23.07,61.4,6.97,1390.38,Cotton,Clay,Suraj
74.84,40.16,90.49,24.45,56.19,6.53,959.96,Tomato,Loamy,Roma
39.59,21.9,76.2,34.34,44.08,6.36,569.37,Watermelon,Sandy,Crimson Sweet
116.66,42.96,39.51,17.5,86.39,4.94,1740.49,Vegetables,Peaty,Hybrid-A
60.74,33.91,80.88,24.51,51.95,8.0,905.65,Rice,Chalky,IR64
50.46,34.26,57.14,27.34,41.15,6.06,644.52,Millet,Sandy,ICTP-8203
34.75,27.58,68.37,31.42,46.37,6.08,685.93,Watermelon,Sandy,Crimson Sweet
114.39,79.88,110.13,25.96,58.01,7.22,1722.37,Sugarcane,Clay,Co-0238
94.85,41.66,81.19,31.58,62.7,6.54,856.09,Maize,Loamy,HQPM-1
106.22,51.87,142.8,19.43,68.02,6.97,1434.97,Cotton,Clay,Bt-1
108.2,15.71,68.55,22.03,80.14,4.0,1611.23,Rice,Peaty,IR64
70.0,44.4,88.15,23.29,84.43,5.65,1648.94,Rice,Peaty,Basmati-370
82.0,40.04,86.28,27.63,74.72,6.61,1800.98,Maize,Silty,Pioneer-3396
118.24,23.38,64.1,20.82,81.68,5.17,2001.46,Potato,Peaty,Kufri Bahar
49.35,25.73,83.07,34.02,39.45,6.18,639.98,Watermelon,Sandy,Arka Manik
82.47,44.34,69.68,32.2,66.11,6.88,1055.89,Cotton,Loamy,Bt-1
43.19,35.64,77.12,26.84,35.62,8.09,495.85,Barley,Chalky,DWRB-73
104.96,42.33,69.06,19.54,61.05,6.53,1254.58,Sugarcane,Loamy,Co-0118
57.68,32.05,78.08,27.71,54.76,7.79,753.69,Rice,Chalky,Basmati-370
57.47,20.87,46.81,25.73,34.15,6.23,555.74,Watermelon,Sandy,Crimson Sweet
98.13,44.11,121.28,24.95,77.49,6.62,1314.81,Sugarcane,Clay,Co-0238
94.95,53.53,75.44,24.39,69.46,7.51,1214.6,Wheat,Loamy,PBW-343
63.97,30.74,114.54,27.17,42.83,7.84,1126.93,Wheat,Chalky,Lok-1
111.03,42.55,68.85,29.33,62.95,7.02,683.56,Tomato,Loamy,Pusa Ruby
93.03,37.01,100.62,34.0,58.66,7.8,1313.22,Barley,Loamy,BH-902
66.51,42.6,118.12,22.09,54.71,7.9,1253.27,Vegetables,Silty,Hybrid-B
86.83,52.85,96.88,28.84,72.19,6.86,1574.99,Rice,Clay,Swarna
39.32,34.78,26.19,29.37,41.39,6.48,437.28,Groundnut,Sandy,GG-20
135.57,40.3,68.48,23.99,70.2,5.58,1278.68,Tea,Peaty,TV-23
53.43,31.24,79.04,24.97,56.83,6.04,1480.28,Cotton,Silty,Suraj
86.17,55.24,90.45,22.84,57.9,6.37,1250.26,Sugarcane,Loamy,Co-0118
47.38,37.89,52.53,28.01,49.52,5.95,762.2,Maize,Sandy,Pioneer-3396
45.29,29.83,67.73,32.78,49.08,6.16,649.05,Groundnut,Sandy,GG-20
108.8,49.57,105.96,26.09,63.93,6.91,1214.12,Rice,Clay,IR64
92.07,27.95,81.86,22.82,69.94,4.63,1445.62,Vegetables,Peaty,Local-1
69.16,58.94,116.63,27.21,59.64,8.02,718.17,Barley,Chalky,BH-902
127.59,35.23,112.11,28.05,60.62,6.23,1090.36,Rice,Clay,Swarna
38.39,46.05,77.86,20.89,59.64,7.53,1236.07,Cotton,Chalky,Bt-1
63.95,57.15,71.61,20.94,58.41,8.1,814.25,Wheat,Chalky,HD-2967
160.0,33.51,87.79,24.28,87.58,5.37,1983.95,Rice,Peaty,Swarna
83.89,47.89,118.12,25.01,71.33,8.0,1302.05,Cotton,Clay,Bt-2
93.17,68.62,122.77,24.38,80.0,6.44,1357.65,Sugarcane,Clay,Co-0238
43.33,20.09,62.68,25.97,41.14,6.1,871.93,Watermelon,Sandy,Arka Manik
44.74,34.37,40.16,31.65,52.36,6.31,626.2,Sugarcane,Sandy,Co-86032
124.93,60.26,120.39,27.47,65.55,6.58,1628.15,Wheat,Clay,Lok-1
104.79,49.49,123.73,23.98,71.96,6.62,1457.57,Wheat,Clay,PBW-343
21.81,63.52,96.5,23.97,46.95,8.41,860.94,Maize,Chalky,HQPM-1
68.69,66.06,95.38,21.92,52.51,8.65,1038.0,Wheat,Chalky,PBW-343
79.93,57.73,133.06,27.14,70.37,6.89,1926.62,Maize,Clay,DHM-117
37.51,34.29,43.92,27.04,39.52,6.07,741.15,Wheat,Sandy,Lok-1
42.29,32.95,54.32,30.29,49.13,6.05,897.94,Potato,Sandy,Kufri Jyoti
123.97,37.36,63.52,17.02,80.48,5.97,1494.12,Potato,Peaty,Kufri Jyoti
104.77,46.11,132.47,28.23,65.83,7.14,1407.42,Millet,Clay,HHB-67
76.32,56.33,74.23,21.79,31.5,8.48,550.4,Cotton,Chalky,Suraj
124.66,38.44,87.48,24.49,67.11,6.18,2049.89,Potato,Peaty,Kufri Jyoti
88.14,55.52,131.76,23.01,76.05,5.59,1815.05,Soybean,Clay,MAUS-71
85.63,51.28,56.05,24.74,81.12,7.04,1645.38,Wheat,Silty,Lok-1
58.02,29.77,90.05,17.33,56.1,6.96,1799.97,Maize,Silty,HQPM-1
119.35,49.18,84.07,20.93,80.55,5.71,1411.26,Soybean,Peaty,MAUS-71
77.54,56.72,103.14,27.78,64.16,6.0,1945.57,Wheat,Silty,Lok-1
94.95,62.49,93.45,30.16,59.28,7.08,1054.59,Tomato,Loamy,Roma
47.94,37.03,34.86,37.24,33.17,5.44,665.37,Watermelon,Sandy,Crimson Sweet
87.33,31.67,44.52,20.65,85.35,5.04,2160.07,Vegetables,Peaty,Hybrid-B
96.25,45.31,118.87,26.98,66.22,6.92,1823.66,Potato,Clay,Kufri Jyoti
118.24,46.45,43.34,17.49,91.03,5.36,1377.76,Vegetables,Peaty,Local-1
74.14,42.15,96.77,17.46,75.12,7.22,1376.31,Maize,Silty,Pioneer-3396
114.99,48.57,99.06,22.73,61.03,6.83,1052.94,Cotton,Loamy,Suraj
49.94,35.55,53.44,29.48,53.43,6.55,794.62,Potato,Sandy,Kufri Bahar
82.88,61.81,85.9,23.84,79.32,6.58,1223.94,Vegetables,Silty,Hybrid-B
96.7,61.45,112.49,28.43,74.93,6.07,715.2,Sugarcane,Clay,Co-0118
134.95,34.38,72.08,21.26,78.73,4.81,1832.23,Rice,Peaty,IR64
97.92,52.1,71.41,19.86,74.81,5.13,2056.24,Tea,Peaty,TV-23
99.49,44.91,72.44,24.09,90.66,5.31,1891.33,Rice,Peaty,Swarna
80.0,64.29,100.38,22.25,42.74,8.15,837.98,Potato,Chalky,Kufri Jyoti
76.89,68.72,74.89,26.2,70.79,7.05,1383.8,Cotton,Loamy,Bt-2
114.5,55.7,118.64,26.32,73.16,7.02,1558.63,Tomato,Clay,Arka Vikas
99.93,45.85,113.81,29.48,84.2,6.13,1809.21,Wheat,Clay,Lok-1
97.14,35.2,63.96,25.57,66.0,6.62,1498.37,Tomato,Loamy,Pusa Ruby
64.88,58.66,108.67,19.34,55.57,7.65,718.96,Rice,Chalky,IR64
47.37,42.68,77.61,29.29,45.07,7.77,933.15,Barley,Chalky,DWRB-73
84.5,49.38,108.76,21.07,65.5,7.16,1350.85,Wheat,Silty,Lok-1
114.66,37.57,65.96,19.6,81.35,5.15,1099.79,Tea,Peaty,UPASI-9
39.19,64.09,73.07,23.73,48.95,8.08,880.54,Barley,Chalky,BH-902
94.18,29.45,112.31,21.89,75.98,6.91,1454.38,Rice,Clay,Swarna
98.74,44.48,63.75,20.77,69.78,5.45,1784.21,Potato,Peaty,Kufri Bahar
138.83,28.17,47.6,17.41,75.36,5.08,1387.66,Rice,Peaty,Basmati-370
110.86,30.61,82.63,22.29,84.4,6.25,1752.64,Potato,Peaty,Kufri Jyoti
63.74,30.61,49.38,34.27,57.04,6.52,548.28,Watermelon,Sandy,Sugar Baby
35.42,62.36,102.54,22.31,44.42,8.47,1161.7,Cotton,Chalky,Bt-2
39.58,68.99,114.24,23.34,44.81,7.75,646.86,Tea,Chalky,TV-23
72.93,57.77,95.41,26.83,69.14,7.04,1138.6,Cotton,Loamy,Bt-2
106.72,51.75,121.72,28.62,69.62,7.47,1551.66,Sugarcane,Clay,Co-0118
53.49,46.87,87.08,26.35,40.9,8.0,460.72,Barley,Chalky,BH-902
38.07,51.97,112.84,29.12,46.58,8.31,931.8,Millet,Chalky,RHB-173
71.24,35.27,89.27,21.86,57.69,6.71,1102.64,Maize,Loamy,HQPM-1
97.25,48.37,94.77,26.93,48.63,6.42,1095.76,Maize,Loamy,Pioneer-3396
124.59,68.96,135.72,22.27,71.98,6.14,1432.7,Wheat,Clay,Lok-1
47.29,27.06,60.42,28.31,36.48,6.13,680.49,Watermelon,Sandy,Crimson Sweet
98.23,56.95,97.61,26.02,69.86,7.39,1680.19,Wheat,Clay,Lok-1
85.63,46.59,131.18,22.97,81.25,5.96,1505.48,Cotton,Clay,Suraj
131.57,54.49,117.84,25.8,59.27,6.79,1743.16,Cotton,Clay,Suraj
77.77,48.26,124.93,20.7,66.49,6.53,1731.31,Sugarcane,Clay,Co-0238
112.09,56.68,96.88,26.86,68.45,7.16,1596.87,Rice,Clay,Basmati-370
47.6,22.01,36.1,28.19,55.2,6.66,516.43,Watermelon,Sandy,Arka Manik
37.5,56.01,119.28,32.44,46.44,7.5,722.24,Barley,Chalky,RD-2552
75.51,33.42,110.18,25.08,46.2,7.01,1099.84,Sugarcane,Loamy,Co-0238
52.64,32.93,70.96,31.14,52.11,6.17,596.82,Groundnut,Sandy,TAG-24
23.95,57.48,90.17,25.05,60.13,7.98,743.21,Cotton,Chalky,Suraj
67.98,46.42,70.07,27.58,55.92,6.48,1286.65,Sugarcane,Loamy,Co-0118
131.77,45.3,56.55,18.46,83.34,5.04,2011.61,Wheat,Peaty,Lok-1
83.28,49.8,75.68,28.75,70.1,6.61,1335.27,Soybean,Loamy,NRC-37
97.6,48.09,108.75,24.16,72.57,5.84,1747.02,Rice,Clay,IR64
67.43,45.15,135.0,24.62,70.05,6.94,896.48,Rice,Silty,IR64
52.09,23.34,60.96,27.44,52.02,6.33,740.47,Millet,Sandy,RHB-173
27.18,30.71,52.49,30.12,52.39,5.47,352.35,Groundnut,Sandy,GG-20
61.05,20.26,40.96,26.42,46.93,6.33,599.09,Groundnut,Sandy,GG-20
87.55,55.96,75.24,23.49,66.94,7.34,1063.27,Soybean,Loamy,JS-335
66.49,40.76,116.32,22.69,62.27,7.04,1219.08,Sugarcane,Loamy,Co-0238
66.04,54.96,105.83,25.65,72.19,7.09,1521.36,Maize,Loamy,Pioneer-3396
58.33,69.91,70.39,27.46,43.31,8.23,733.3,Watermelon,Chalky,Sugar Baby
119.14,63.44,103.01,24.39,90.0,6.14,1242.33,Rice,Clay,IR64
63.41,44.61,103.87,29.0,64.3,6.64,1177.98,Sugarcane,Loamy,Co-0238
88.32,38.16,87.75,17.27,65.62,7.15,1225.74,Vegetables,Silty,Local-1
79.89,41.49,71.71,29.27,58.76,6.4,1153.55,Vegetables,Silty,Hybrid-A
123.56,40.93,59.88,18.48,78.95,5.29,2286.63,Potato,Peaty,Kufri Jyoti
84.38,33.64,74.14,24.84,52.97,6.92,1512.25,Wheat,Loamy,Lok-1
87.18,48.49,83.1,19.31,63.15,6.32,2097.94,Vegetables,Silty,Hybrid-B
123.33,55.82,70.04,24.71,80.55,4.64,2114.01,Tea,Peaty,TV-23
129.11,40.67,76.15,23.51,76.05,5.13,1524.64,Rice,Peaty,IR64
46.39,26.97,50.15,30.78,50.79,5.78,503.26,Rice,Sandy,IR64
57.47,36.64,39.56,28.92,52.04,6.25,594.35,Tomato,Sandy,Pusa Ruby
85.19,38.61,51.47,23.07,86.02,4.7,1929.5,Groundnut,Peaty,GG-20
46.94,68.12,118.97,24.32,40.25,8.17,534.88,Wheat,Chalky,Lok-1
44.95,19.56,48.16,31.75,46.45,6.35,709.6,Millet,Sandy,RHB-173
54.91,18.37,42.57,34.01,51.46,6.93,630.59,Potato,Sandy,Kufri Pukhraj
80.74,68.52,114.48,24.87,77.71,6.81,1626.92,Cotton,Clay,Suraj
96.96,56.29,129.61,28.03,70.04,7.25,1320.52,Sugarcane,Clay,Co-0238
88.47,62.93,123.15,24.02,74.6,6.71,1162.33,Cotton,Clay,Bt-2
110.85,47.65,80.99,22.9,51.74,6.48,1375.2,Sugarcane,Loamy,Co-86032
36.95,52.6,105.46,27.2,56.26,8.19,1059.44,Wheat,Chalky,HD-2967
141.25,30.47,63.21,15.64,82.68,5.17,2015.12,Tea,Peaty,UPASI-9
44.63,25.59,75.93,28.79,47.65,6.06,578.62,Watermelon,Sandy,Sugar Baby
76.3,34.75,108.77,27.64,49.97,6.54,1374.84,Sugarcane,Loamy,Co-0118
92.1,35.33,136.36,25.77,79.01,6.62,1221.17,Rice,Clay,IR64
99.68,23.68,88.13,21.13,84.65,5.47,1436.38,Soybean,Peaty,JS-335
65.32,69.2,85.77,30.91,36.44,7.8,308.93,Tomato,Chalky,Roma
71.67,37.7,96.16,24.74,68.76,7.17,1137.55,Cotton,Loamy,Bt-2
84.58,33.96,52.72,31.62,61.0,6.56,1076.49,Cotton,Loamy,Suraj
38.87,84.84,130.51,23.38,47.96,8.07,649.63,Vegetables,Chalky,Local-1
115.16,46.34,103.33,24.58,52.11,7.35,940.59,Cotton,Loamy,Bt-2
37.43,50.5,112.36,26.66,46.3,8.51,1058.29,Cotton,Chalky,Bt-2
90.33,29.22,128.89,22.55,69.2,6.24,1614.33,Rice,Clay,Basmati-370
140.0,45.71,118.73,26.4,68.93,7.43,2083.73,Wheat,Clay,Lok-1
48.07,12.99,41.06,31.25,47.98,5.81,700.9,Groundnut,Sandy,JL-24
80.7,43.32,94.82,22.83,72.05,6.72,983.01,Rice,Silty,Basmati-370
57.44,53.83,111.11,26.58,67.11,7.28,1237.18,Rice,Clay,IR64
49.78,47.43,87.69,25.66,47.43,8.28,603.28,Wheat,Chalky,HD-2967
122.17,45.27,103.13,19.53,81.86,5.81,1741.81,Vegetables,Peaty,Hybrid-A
88.37,39.33,45.0,24.63,61.36,6.97,1818.5,Rice,Silty,Swarna
78.71,43.35,72.74,27.8,65.21,6.74,879.61,Wheat,Loamy,PBW-343
95.63,54.01,90.11,24.22,78.7,7.42,1395.1,Cotton,Clay,Bt-1
80.85,61.03,124.29,22.76,85.38,6.89,1485.83,Rice,Clay,Basmati-370
89.34,44.95,90.03,21.51,79.56,7.43,1311.15,Tomato,Silty,Roma
85.46,37.83,103.69,25.86,50.0,7.3,1412.23,Cotton,Silty,Suraj
51.57,47.85,84.77,26.77,67.21,6.95,1145.46,Potato,Silty,Kufri Pukhraj
102.99,44.15,94.76,25.36,61.65,6.87,1593.06,Wheat,Loamy,PBW-343
78.25,59.54,91.73,28.85,68.86,6.08,1127.78,Vegetables,Silty,Local-1
80.54,41.5,128.88,28.66,67.5,6.19,1196.78,Sugarcane,Clay,Co-0118
103.35,34.53,81.2,22.88,61.89,6.88,1291.36,Rice,Clay,Basmati-370
73.04,49.91,92.25,29.22,56.9,6.89,1347.29,Sugarcane,Loamy,Co-0118
100.61,40.11,83.39,27.0,72.46,7.67,1699.94,Wheat,Silty,HD-2967
63.21,58.71,102.75,27.73,57.85,7.18,1671.33,Cotton,Loamy,Bt-2
57.97,43.11,104.06,24.33,74.12,6.47,1260.13,Wheat,Silty,Lok-1
73.3,74.67,80.84,21.87,69.76,6.18,1701.18,Vegetables,Silty,Hybrid-B
99.5,66.01,97.32,22.22,81.58,6.44,989.06,Maize,Silty,DHM-117
84.19,39.28,92.36,22.88,61.43,7.0,1193.38,Maize,Silty,HQPM-1
95.85,45.13,67.53,20.42,74.43,4.88,1595.38,Wheat,Peaty,HD-2967
88.14,59.93,111.14,28.88,82.31,6.59,2016.23,Wheat,Silty,HD-2967
109.39,45.38,129.54,22.65,78.15,6.04,1902.23,Rice,Clay,Basmati-370
60.84,59.49,72.37,25.55,37.81,7.54,927.11,Soybean,Chalky,MAUS-71
148.15,42.01,99.27,19.53,81.16,5.2,1422.2,Potato,Peaty,Kufri Jyoti
82.87,29.21,108.15,26.91,56.02,7.03,1750.44,Vegetables,Silty,Hybrid-A
107.39,36.17,66.04,19.57,77.0,5.37,2243.73,Sugarcane,Peaty,Co-0238
132.65,36.69,45.01,19.06,82.62,4.1,2141.1,Tea,Peaty,TV-23
46.7,65.9,86.37,28.78,48.62,8.24,910.51,Millet,Chalky,RHB-173
37.15,63.3,68.5,27.36,40.35,8.28,598.69,Millet,Chalky,RHB-173
104.35,39.73,98.69,26.49,62.11,6.32,1460.77,Cotton,Clay,Suraj
56.77,23.84,27.93,26.0,45.08,5.51,626.43,Potato,Sandy,Kufri Bahar
82.56,60.55,133.8,24.44,70.0,5.81,1174.74,Cotton,Clay,Suraj
41.89,58.9,82.01,21.33,48.16,7.82,652.02,Millet,Chalky,ICTP-8203
25.11,26.31,70.67,25.64,32.7,6.39,901.79,Potato,Sandy,Kufri Pukhraj
47.92,32.73,30.48,32.66,46.36,6.57,737.12,Watermelon,Sandy,Arka Manik
93.93,57.18,83.7,27.57,80.59,5.08,1468.78,Rice,Peaty,IR64
48.75,59.4,87.38,31.09,36.91,7.57,633.91,Barley,Chalky,BH-902
117.4,51.13,74.42,24.38,77.15,5.21,1252.59,Potato,Peaty,Kufri Pukhraj
101.21,44.79,96.33,23.96,73.23,7.1,1649.96,Maize,Silty,DHM-117
48.94,31.26,79.45,23.05,72.4,6.93,1548.94,Rice,Silty,IR64
82.13,45.26,101.87,24.31,62.85,7.41,1267.19,Vegetables,Silty,Hybrid-B
56.91,24.94,49.25,31.87,43.55,6.2,676.73,Millet,Sandy,RHB-173
69.17,26.23,37.63,29.82,47.03,5.76,740.74,Millet,Sandy,HHB-67
97.94,45.53,115.58,29.95,56.76,6.92,842.93,Cotton,Loamy,Bt-2
79.02,65.09,88.03,21.48,40.95,8.21,905.52,Sugarcane,Chalky,Co-86032
81.03,41.29,77.19,27.17,77.28,6.86,1443.22,Wheat,Silty,HD-2967
82.26,49.1,106.89,18.47,70.13,6.61,1315.37,Soybean,Loamy,JS-335
120.0,50.34,81.53,26.63,66.75,7.03,1314.47,Sugarcane,Loamy,Co-0118
46.63,52.38,85.64,22.53,44.89,8.09,594.48,Cotton,Chalky,Bt-2
99.71,52.8,50.14,23.12,89.15,5.08,1832.64,Maize,Peaty,Pioneer-3396
75.41,34.35,55.95,26.26,61.1,7.0,1203.02,Sugarcane,Loamy,Co-0118
41.61,52.43,84.67,25.74,55.87,8.28,686.21,Maize,Chalky,HQPM-1
65.09,54.37,91.79,26.13,72.06,7.12,1519.04,Wheat,Silty,HD-2967
24.73,47.16,72.24,26.34,59.08,8.15,838.64,Barley,Chalky,RD-2552
64.98,41.14,62.83,25.24,58.62,6.65,880.16,Vegetables,Loamy,Hybrid-B
134.7,47.74,79.04,23.33,81.35,4.72,2552.84,Rice,Peaty,IR64
45.09,22.44,48.83,26.11,46.65,6.24,764.77,Groundnut,Sandy,JL-24
90.2,37.38,112.69,20.76,66.32,6.92,1152.28,Sugarcane,Loamy,Co-0238
92.35,50.89,83.11,19.92,85.01,4.97,1381.77,Rice,Peaty,Basmati-370
49.17,32.73,62.59,25.02,27.71,6.72,869.15,Groundnut,Sandy,JL-24
70.33,61.55,94.28,24.92,66.98,6.39,1395.48,Rice,Silty,Basmati-370
98.1,52.4,100.4,29.26,65.7,5.98,1532.82,Wheat,Loamy,PBW-343
39.58,22.3,64.63,26.27,47.32,6.37,832.0,Millet,Sandy,HHB-67
85.61,36.27,64.69,24.71,64.38,6.96,1193.34,Groundnut,Loamy,JL-24
48.34,53.93,96.74,19.25,64.75,6.87,1481.43,Vegetables,Silty,Hybrid-A
76.03,55.11,108.33,26.5,62.72,6.14,1528.39,Tomato,Loamy,Pusa Ruby
54.72,64.67,107.58,19.82,63.63,8.16,687.6,Barley,Chalky,RD-2552
37.03,74.0,126.99,30.27,57.25,7.68,739.96,Barley,Chalky,RD-2552
84.88,70.27,105.97,21.31,52.99,6.82,1178.37,Watermelon,Silty,Arka Manik
36.19,23.1,57.85,29.42,47.53,6.45,890.88,Wheat,Sandy,Lok-1
71.97,58.58,89.08,28.57,28.75,8.09,812.91,Cotton,Chalky,Bt-1
89.92,39.02,90.72,23.84,63.12,6.48,1331.24,Rice,Silty,Basmati-370
99.28,57.8,86.78,26.8,70.3,7.14,1753.17,Wheat,Silty,HD-2967
143.46,35.65,57.08,24.13,76.39,4.73,1384.74,Tea,Peaty,TV-1
99.06,63.5,94.49,19.71,86.59,6.73,1604.01,Cotton,Clay,Bt-1
101.54,42.46,93.67,23.81,86.97,5.07,1443.41,Tea,Peaty,TV-23
98.72,44.67,88.17,28.38,79.53,6.91,1544.94,Wheat,Clay,PBW-343
88.3,44.54,103.88,29.64,62.24,6.61,1596.32,Maize,Loamy,HQPM-1
56.01,57.15,68.21,22.86,68.41,6.85,1246.44,Wheat,Silty,HD-2967
92.71,63.01,127.64,20.77,75.47,6.44,1158.99,Rice,Clay,Swarna
81.47,60.56,82.87,21.13,78.63,7.06,1059.96,Wheat,Silty,Lok-1
71.65,54.47,104.83,23.15,57.06,7.01,1426.12,Tomato,Loamy,Pusa Ruby
50.29,32.5,113.05,27.4,72.24,7.25,1075.05,Vegetables,Silty,Local-1
82.46,49.1,97.76,24.74,55.71,7.05,759.68,Wheat,Loamy,Lok-1
74.19,45.7,81.55,27.51,51.27,6.25,1678.95,Wheat,Silty,Lok-1
35.88,50.68,101.19,31.33,50.93,7.64,735.62,Wheat,Chalky,Lok-1
115.63,48.41,88.07,24.61,71.66,7.99,1449.88,Cotton,Clay,Bt-2
71.49,65.63,100.89,31.71,42.36,8.17,612.07,Cotton,Chalky,Bt-1
80.33,21.87,78.9,26.41,69.79,6.74,1206.88,Sugarcane,Loamy,Co-0238
43.15,54.29,40.75,24.92,45.85,7.73,921.11,Barley,Chalky,RD-2552
95.56,31.11,88.72,26.97,61.49,6.66,1210.35,Vegetables,Clay,Hybrid-A
47.57,56.98,82.65,27.14,46.78,7.77,686.98,Barley,Chalky,BH-902
103.33,46.15,111.94,25.39,79.92,6.55,1168.56,Wheat,Clay,HD-2967
52.76,62.51,79.95,20.04,77.15,7.14,1838.84,Rice,Silty,Basmati-370
82.86,47.29,103.78,18.85,61.65,6.73,1185.17,Soybean,Loamy,JS-335
105.61,35.04,40.96,21.3,83.71,5.04,1904.46,Watermelon,Peaty,Crimson Sweet
81.41,63.52,105.46,24.79,77.19,6.38,860.34,Maize,Loamy,Pioneer-3396
101.9,50.59,67.96,25.16,64.07,7.09,1049.82,Cotton,Loamy,Bt-1
59.6,50.41,123.52,25.16,56.76,7.94,1283.82,Barley,Chalky,DWRB-73
34.5,55.93,99.66,21.58,42.77,7.94,812.42,Cotton,Chalky,Suraj
46.42,24.5,59.48,30.47,47.12,6.86,737.45,Watermelon,Sandy,Crimson Sweet
66.67,49.13,80.65,31.79,35.46,8.43,752.18,Millet,Chalky,RHB-173
58.13,58.09,116.28,25.32,39.49,8.58,468.72,Millet,Chalky,RHB-173
43.35,28.44,42.29,26.47,37.77,6.03,484.82,Groundnut,Sandy,JL-24
31.24,19.53,46.03,29.83,58.61,6.53,525.91,Watermelon,Sandy,Crimson Sweet
32.3,47.01,105.28,31.79,39.73,8.14,674.2,Wheat,Chalky,PBW-343
74.57,54.35,64.5,26.01,71.87,6.66,1149.7,Soybean,Silty,MAUS-71
43.71,22.42,50.38,32.56,49.16,6.19,811.93,Potato,Sandy,Kufri Bahar
108.56,42.23,65.26,22.95,87.98,5.87,2253.62,Rice,Peaty,Basmati-370
91.16,50.16,65.86,23.59,71.76,7.06,876.69,Rice,Silty,Swarna
42.81,60.75,75.98,22.86,42.31,7.6,892.25,Millet,Chalky,HHB-67
38.11,39.11,57.06,30.05,48.08,6.47,978.57,Potato,Sandy,Kufri Jyoti
119.3,41.73,68.44,17.18,75.62,5.44,2391.46,Potato,Peaty,Kufri Jyoti
76.45,39.26,114.66,26.54,65.71,6.56,1542.55,Rice,Silty,Basmati-370
84.34,54.75,61.3,24.14,59.01,6.9,1327.57,Vegetables,Loamy,Local-1
90.74,34.07,57.04,18.67,82.24,5.34,1805.22,Rice,Peaty,Swarna
49.56,29.64,93.05,24.25,40.35,7.9,405.31,Wheat,Chalky,Lok-1
102.06,59.3,123.36,30.82,65.96,6.77,1658.04,Rice,Clay,Basmati-370
108.94,68.92,97.92,30.58,66.73,6.66,1297.42,Rice,Clay,IR64
84.01,54.02,92.66,21.44,80.07,7.03,1124.68,Wheat,Silty,PBW-343
52.29,45.0,56.56,25.99,43.49,5.89,610.29,Groundnut,Sandy,GG-20
60.5,43.12,92.95,23.48,61.7,6.77,1187.1,Wheat,Loamy,Lok-1
142.79,41.95,49.22,22.18,72.37,5.48,1615.57,Cotton,Peaty,Bt-2
70.11,45.57,99.09,23.97,56.33,6.47,1122.03,Maize,Silty,Pioneer-3396
95.75,49.36,68.73,28.02,75.69,6.99,1360.39,Wheat,Silty,HD-2967
109.45,56.76,81.32,24.74,62.17,6.92,1610.15,Wheat,Clay,HD-2967
42.13,60.37,113.91,29.52,42.48,8.34,530.43,Barley,Chalky,RD-2552
27.58,46.03,117.8,28.67,45.94,7.99,1006.24,Cotton,Chalky,Suraj
34.57,29.18,75.27,24.92,35.15,6.12,589.9,Potato,Sandy,Kufri Bahar
117.47,49.62,100.82,25.49,75.43,6.9,1605.46,Wheat,Clay,HD-2967
97.58,64.81,101.34,24.74,83.72,7.05,1725.22,Sugarcane,Clay,Co-0118
126.16,36.27,78.95,19.75,85.88,5.64,1680.54,Tea,Peaty,UPASI-9
70.18,53.28,91.19,26.47,69.38,6.49,1080.15,Soybean,Loamy,JS-335
84.9,42.51,94.36,25.42,74.75,7.42,1198.1,Vegetables,Silty,Hybrid-A
47.94,27.09,61.3,26.85,52.82,6.5,459.73,Wheat,Sandy,HD-2967
66.86,64.17,69.31,27.38,51.68,7.36,836.67,Wheat,Chalky,Lok-1
109.98,63.07,118.28,29.01,63.99,6.66,848.02,Cotton,Clay,Suraj
98.02,35.6,80.17,15.4,83.5,4.96,2087.01,Rice,Peaty,IR64
76.4,49.23,86.67,22.96,61.66,7.85,1655.79,Maize,Silty,Pioneer-3396
62.14,41.53,107.26,26.02,71.08,6.46,1650.84,Wheat,Silty,HD-2967
87.89,26.57,73.23,24.83,86.63,5.43,1066.96,Rice,Peaty,Swarna
102.79,52.04,86.11,31.42,69.02,6.07,1481.97,Sugarcane,Clay,Co-0238
82.14,48.08,96.13,28.84,68.68,7.0,1548.5,Cotton,Loamy,Bt-2
160.0,32.63,76.53,22.9,76.36,4.82,1750.1,Potato,Peaty,Kufri Pukhraj
56.75,20.89,41.81,30.33,58.28,5.49,720.5,Millet,Sandy,ICTP-8203
48.73,79.26,109.31,29.55,55.29,8.59,892.67,Wheat,Chalky,HD-2967
122.08,42.27,102.24,30.04,63.71,6.92,1902.38,Tomato,Clay,Arka Vikas
116.58,40.12,79.97,18.53,71.46,5.7,1566.47,Potato,Peaty,Kufri Jyoti
96.13,49.61,116.73,27.65,66.43,7.83,1749.34,Sugarcane,Clay,Co-0118
68.37,21.59,45.0,23.86,70.34,6.66,1384.8,Vegetables,Silty,Local-1
113.6,51.38,93.7,28.42,74.57,6.18,1063.37,Sugarcane,Clay,Co-0118
93.07,38.26,72.22,28.77,70.81,6.29,1227.38,Rice,Silty,Basmati-370
56.76,66.63,115.68,26.83,36.58,8.31,832.21,Cotton,Chalky,Bt-2
77.82,44.25,111.42,19.93,65.5,7.22,1179.53,Tomato,Loamy,Pusa Ruby
48.99,58.13,79.85,23.95,51.35,8.07,759.23,Cotton,Chalky,Bt-1
85.52,28.82,97.37,23.25,58.14,7.25,696.19,Tomato,Loamy,Pusa Ruby
124.59,49.8,73.24,18.81,86.32,6.19,1263.21,Groundnut,Peaty,TAG-24
109.88,43.74,66.04,16.28,70.38,5.82,2011.44,Rice,Peaty,IR64
122.71,41.19,62.81,15.81,76.14,5.03,2140.62,Rice,Peaty,Swarna
77.79,43.65,130.0,23.27,53.72,6.44,1253.57,Tomato,Loamy,Arka Vikas
66.93,29.72,106.06,26.34,64.68,7.06,1638.08,Vegetables,Silty,Hybrid-A
85.12,47.04,88.71,24.39,56.89,7.19,1254.82,Sugarcane,Loamy,Co-0118
79.93,52.88,78.84,20.52,74.76,7.57,1791.8,Wheat,Silty,PBW-343
104.15,46.55,122.88,28.02,69.79,6.96,1322.96,Wheat,Clay,PBW-343
50.56,57.3,83.55,24.22,32.09,8.15,856.13,Millet,Chalky,ICTP-8203
98.03,34.61,75.68,31.37,62.03,6.55,958.81,Soybean,Loamy,JS-335
102.66,20.26,62.09,18.38,73.82,5.47,1523.58,Tea,Peaty,TV-23
47.33,52.76,81.0,31.75,56.75,7.59,729.13,Wheat,Chalky,HD-2967
83.58,36.13,133.42,25.73,73.7,5.82,1281.32,Cotton,Clay,Bt-2
83.49,47.71,92.28,19.19,84.29,5.42,2132.13,Potato,Peaty,Kufri Pukhraj
66.25,35.55,82.49,24.25,69.89,6.9,1077.1,Soybean,Loamy,NRC-37
86.68,52.78,76.98,27.16,71.27,5.62,1128.89,Cotton,Clay,Bt-1
42.73,26.39,65.54,32.45,52.86,5.2,958.36,Groundnut,Sandy,JL-24
77.81,67.07,94.73,20.04,70.85,6.33,1578.14,Maize,Silty,HQPM-1
118.54,38.1,89.82,15.46,81.23,5.99,1791.67,Rice,Peaty,Basmati-370
43.7,59.63,84.1,23.77,46.54,8.35,500.19,Wheat,Chalky,HD-2967
74.83,22.56,87.56,32.26,50.34,7.0,1561.78,Maize,Loamy,Pioneer-3396
97.81,42.84,94.65,23.75,77.48,5.39,1863.76,Tea,Peaty,TV-23
102.82,48.44,114.71,24.71,67.44,6.87,1265.79,Cotton,Clay,Bt-1
93.12,33.41,115.81,31.53,66.31,6.84,1156.75,Cotton,Loamy,Bt-2
38.84,55.53,98.05,21.66,53.8,8.02,878.88,Barley,Chalky,DWRB-73
46.68,26.17,38.57,29.29,32.75,5.91,712.07,Watermelon,Sandy,Crimson Sweet
95.19,50.29,103.6,27.39,66.23,6.52,1617.77,Sugarcane,Loamy,Co-86032
104.64,41.48,70.0,25.85,76.75,6.65,1640.56,Potato,Clay,Kufri Pukhraj
92.05,68.51,112.65,27.24,74.37,6.56,1690.32,Rice,Clay,Basmati-370
39.75,64.95,57.2,22.35,33.04,8.34,993.91,Barley,Chalky,DWRB-73
29.97,63.18,79.31,25.59,52.57,8.38,506.88,Watermelon,Chalky,Sugar Baby
125.68,62.4,134.81,25.01,62.44,6.11,1942.48,Wheat,Clay,Lok-1
138.76,43.4,72.93,20.87,74.15,5.38,1581.67,Potato,Peaty,Kufri Pukhraj
124.89,69.19,106.31,26.07,80.66,6.44,1234.31,Sugarcane,Clay,Co-86032
117.19,46.15,110.07,29.28,78.47,6.34,1138.8,Wheat,Clay,PBW-343
108.08,68.53,81.24,24.76,72.38,6.61,1052.35,Rice,Clay,IR64
68.38,30.01,105.11,24.64,62.67,7.09,1280.15,Maize,Silty,DHM-117
45.9,22.48,36.87,31.57,48.01,5.54,654.95,Watermelon,Sandy,Arka Manik
121.96,35.08,69.03,23.24,75.45,5.45,1471.84,Potato,Peaty,Kufri Bahar
86.14,48.41,127.7,25.72,67.7,6.86,1358.98,Tomato,Loamy,Arka Vikas
122.03,39.55,74.03,20.95,78.63,5.21,1858.98,Tea,Peaty,UPASI-9
62.62,29.23,63.17,32.21,49.79,6.45,636.94,Potato,Sandy,Kufri Pukhraj
75.72,34.11,109.59,24.69,60.29,7.2,1674.03,Maize,Loamy,HQPM-1
71.42,61.38,86.04,23.69,48.46,8.13,1043.29,Millet,Chalky,HHB-67
61.48,47.23,98.06,21.15,76.55,7.54,1193.74,Wheat,Silty,HD-2967
99.07,48.73,64.61,16.15,78.75,5.21,1589.58,Potato,Peaty,Kufri Jyoti
91.98,56.38,83.78,29.11,71.45,7.49,1315.83,Cotton,Loamy,Bt-2
81.32,49.31,72.96,15.89,84.0,5.09,2355.89,Soybean,Peaty,MAUS-71
130.24,53.94,62.64,16.88,74.46,5.54,1649.58,Tea,Peaty,UPASI-9
34.08,18.41,59.09,24.53,55.86,6.37,667.83,Maize,Sandy,DHM-117
60.44,67.82,71.63,25.74,52.85,7.7,427.91,Wheat,Chalky,PBW-343
123.26,59.16,110.1,24.7,74.95,7.08,1112.84,Wheat,Clay,Lok-1
82.03,44.65,92.8,24.17,59.62,6.66,1125.39,Tomato,Loamy,Pusa Ruby
55.0,42.11,160.0,25.95,55.0,7.89,1064.61,Wheat,Clay,HD-2967
103.83,32.3,55.98,18.49,91.88,4.82,1950.66,Soybean,Peaty,NRC-37
53.39,29.71,59.25,32.26,39.3,6.61,913.43,Groundnut,Sandy,JL-24
69.45,58.95,86.36,24.19,64.16,6.64,1257.55,Maize,Silty,Pioneer-3396
78.92,47.07,119.53,28.6,75.68,7.14,1404.47,Vegetables,Silty,Local-1
38.48,36.1,72.9,30.6,42.67,6.96,515.04,Millet,Sandy,HHB-67
68.6,45.01,90.71,17.76,65.85,7.16,1321.38,Vegetables,Silty,Hybrid-A
49.33,24.04,28.64,25.59,41.41,6.25,584.18,Watermelon,Sandy,Arka Manik
56.96,75.85,105.96,28.47,49.67,8.08,993.82,Millet,Chalky,ICTP-8203
44.9,62.72,79.11,27.32,46.57,8.14,846.46,Barley,Chalky,RD-2552
94.43,37.59,75.25,16.67,78.27,4.56,1639.48,Potato,Peaty,Kufri Pukhraj
54.32,49.69,69.74,31.13,39.59,8.15,957.88,Barley,Chalky,DWRB-73
56.93,17.6,61.7,29.94,36.86,5.42,652.69,Potato,Sandy,Kufri Jyoti
143.35,60.02,71.15,24.73,76.64,5.0,2292.09,Vegetables,Peaty,Local-1
119.45,38.73,41.48,15.88,83.9,5.83,1808.65,Vegetables,Peaty,Hybrid-B
113.92,46.33,99.6,17.36,69.47,6.74,1659.18,Rice,Silty,Basmati-370
75.42,59.76,112.98,27.98,73.48,6.92,1324.46,Cotton,Clay,Bt-2
54.41,34.9,38.39,24.77,44.97,7.4,881.98,Millet,Sandy,RHB-173
67.68,31.66,111.95,22.71,64.28,6.62,1111.01,Vegetables,Silty,Hybrid-A
73.25,57.1,100.94,24.66,69.93,6.48,1193.32,Tomato,Loamy,Arka Vikas
121.92,27.73,60.37,16.35,73.64,5.06,1523.67,Tea,Peaty,TV-23
74.13,29.2,101.73,28.46,60.26,6.79,1226.47,Maize,Loamy,Pioneer-3396
54.32,25.75,58.31,30.72,46.39,6.28,803.58,Watermelon,Sandy,Sugar Baby
79.96,23.43,73.31,21.92,76.93,6.51,874.65,Maize,Silty,Pioneer-3396
97.46,47.31,95.36,25.59,69.61,6.45,1980.4,Vegetables,Silty,Hybrid-B
61.8,39.78,37.3,28.99,45.33,7.05,594.43,Groundnut,Sandy,TAG-24
52.36,61.79,105.32,29.17,72.24,6.88,1720.39,Wheat,Silty,HD-2967
41.19,63.85,92.97,22.4,60.6,7.94,948.44,Wheat,Chalky,HD-2967
54.17,36.35,59.63,30.72,53.41,7.35,630.9,Watermelon,Sandy,Arka Manik
99.35,45.24,57.78,22.29,63.7,6.95,835.23,Sugarcane,Loamy,Co-0118
71.0,44.09,77.39,29.24,58.61,6.72,996.88,Maize,Loamy,Pioneer-3396
87.05,46.65,107.92,22.92,66.75,7.13,1642.01,Vegetables,Silty,Local-1
85.27,50.41,102.67,21.93,58.63,6.35,1616.02,Rice,Silty,Basmati-370
49.61,16.99,59.29,33.15,38.98,5.82,322.57,Watermelon,Sandy,Sugar Baby
104.82,57.57,89.6,15.36,87.88,6.01,1710.55,Potato,Peaty,Kufri Jyoti
55.29,63.06,98.17,31.39,35.38,8.03,474.53,Cotton,Chalky,Suraj
32.76,55.16,118.04,32.37,45.49,7.98,731.68,Barley,Chalky,RD-2552
47.83,25.16,67.84,27.38,47.41,6.33,420.54,Potato,Sandy,Kufri Pukhraj
48.85,35.24,25.6,36.21,41.73,6.36,768.41,Groundnut,Sandy,JL-24
60.94,11.71,48.87,29.06,53.87,6.96,437.95,Watermelon,Sandy,Arka Manik
37.33,71.56,86.11,23.63,53.74,8.48,737.54,Millet,Chalky,RHB-173
56.88,19.61,53.29,34.12,35.19,6.79,939.67,Groundnut,Sandy,TAG-24
43.01,61.22,103.39,28.14,44.56,8.26,697.5,Millet,Chalky,RHB-173
50.02,70.84,88.7,27.75,32.23,8.06,895.51,Maize,Chalky,DHM-117
44.79,68.42,87.26,27.57,46.57,7.64,657.51,Tomato,Chalky,Roma
53.89,70.82,69.97,24.11,55.94,7.9,617.18,Barley,Chalky,DWRB-73
58.21,20.43,61.91,32.0,35.93,6.26,730.71,Millet,Sandy,RHB-173
87.67,55.38,113.63,26.1,57.01,7.39,951.32,Soybean,Loamy,JS-335
88.08,57.16,67.14,26.58,64.12,6.87,1322.94,Maize,Silty,Pioneer-3396
93.33,52.69,122.71,25.32,70.11,7.05,1029.25,Rice,Silty,Basmati-370
89.83,62.61,106.25,25.18,83.77,6.93,1294.3,Wheat,Clay,HD-2967
74.97,47.64,96.74,27.45,74.11,6.96,1117.46,Cotton,Loamy,Bt-1
124.17,56.49,103.32,25.39,68.83,7.69,1690.86,Wheat,Clay,Lok-1
97.23,36.35,123.7,23.13,64.0,5.91,1006.12,Rice,Clay,IR64
87.23,49.81,120.16,23.6,70.64,6.4,1337.52,Maize,Silty,HQPM-1
120.39,31.92,69.84,21.7,82.34,4.81,1132.85,Vegetables,Peaty,Hybrid-A
81.8,53.15,108.69,21.88,63.69,7.02,1654.42,Sugarcane,Clay,Co-0118
116.87,62.66,91.23,23.9,79.76,6.48,1686.28,Rice,Clay,Basmati-370
45.12,47.12,96.57,22.38,51.71,8.36,671.63,Cotton,Chalky,Suraj
141.65,52.91,59.15,17.53,77.47,5.93,1875.09,Vegetables,Peaty,Hybrid-A
31.08,29.26,52.08,28.49,45.65,7.4,811.41,Watermelon,Sandy,Crimson Sweet
120.79,45.01,75.56,19.6,83.1,5.56,2077.8,Potato,Peaty,Kufri Jyoti
94.98,38.81,75.5,16.23,74.72,4.8,1688.69,Potato,Peaty,Kufri Jyoti
65.02,63.55,80.21,26.79,55.99,7.46,884.15,Potato,Chalky,Kufri Pukhraj
54.11,50.81,118.03,30.3,49.78,7.81,501.43,Barley,Chalky,RD-2552
23.69,66.53,73.29,26.74,37.14,8.31,561.91,Cotton,Chalky,Bt-2
64.9,55.67,114.61,25.23,53.66,7.43,1582.19,Sugarcane,Loamy,Co-86032
45.02,31.82,52.61,31.18,38.72,7.18,580.25,Watermelon,Sandy,Crimson Sweet
57.05,36.22,69.21,21.68,73.07,5.93,1308.39,Maize,Loamy,Pioneer-3396
64.67,29.92,58.28,32.44,35.33,6.57,555.01,Groundnut,Sandy,TAG-24
46.04,69.71,136.81,26.52,47.83,8.53,1263.07,Cotton,Chalky,Bt-1
125.62,51.63,59.83,17.39,77.76,5.3,1922.27,Rice,Peaty,IR64
75.84,59.7,76.82,18.86,65.4,6.48,1785.83,Vegetables,Silty,Hybrid-B
71.48,27.58,79.36,23.05,73.8,7.67,1188.28,Maize,Loamy,HQPM-1
41.32,27.44,44.9,31.92,42.85,5.89,629.54,Groundnut,Sandy,GG-20
86.7,38.06,107.32,26.49,69.71,6.85,1917.87,Wheat,Clay,Lok-1
75.55,43.14,50.93,24.59,70.87,6.6,947.88,Wheat,Loamy,Lok-1
36.96,56.81,74.09,28.81,54.62,8.17,929.19,Cotton,Chalky,Bt-2
124.86,56.06,116.35,28.47,77.23,5.85,1273.33,Rice,Clay,IR64
20.7,16.16,71.94,26.83,42.15,6.58,917.3,Millet,Sandy,ICTP-8203
83.36,38.01,99.4,25.8,82.1,6.38,1262.81,Wheat,Clay,HD-2967
51.9,68.97,97.34,27.11,62.02,7.54,535.45,Barley,Chalky,RD-2552
58.99,33.79,34.17,35.03,52.43,6.24,480.2,Potato,Sandy,Kufri Pukhraj
55.68,40.97,133.59,23.48,25.0,7.61,1300.0,Maize,Chalky,DHM-117
42.27,33.07,33.0,29.8,40.66,6.01,745.08,Millet,Sandy,HHB-67
89.3,61.6,101.25,23.65,81.98,7.12,1361.59,Sugarcane,Clay,Co-0238
92.65,36.04,90.66,20.33,61.63,6.69,1121.78,Tomato,Loamy,Pusa Ruby
97.55,48.03,112.78,25.31,68.24,7.14,1848.17,Sugarcane,Clay,Co-0238
91.08,61.26,127.18,25.41,57.96,7.06,1906.96,Cotton,Clay,Bt-2
55.21,69.14,104.06,29.92,52.03,7.69,608.84,Barley,Chalky,DWRB-73
86.92,48.79,82.53,22.79,78.8,6.89,1762.36,Maize,Silty,HQPM-1
75.91,44.81,78.47,24.56,72.56,6.65,1532.99,Wheat,Silty,HD-2967
88.23,30.07,42.18,28.0,71.71,5.67,1502.66,Cotton,Peaty,Suraj
108.91,41.98,81.03,22.35,79.97,6.99,1522.34,Rice,Silty,Basmati-370
70.03,35.52,97.46,31.76,51.22,8.45,1050.0,Barley,Chalky,BH-902
52.04,35.12,51.51,29.38,47.87,5.44,762.75,Potato,Sandy,Kufri Jyoti
86.34,37.5,58.12,27.19,56.63,7.04,1153.47,Tomato,Loamy,Roma
56.5,52.73,92.27,23.77,69.06,6.55,1066.22,Maize,Loamy,HQPM-1
62.8,37.34,29.04,31.69,44.07,5.86,717.79,Potato,Sandy,Kufri Jyoti
99.53,43.38,74.6,15.28,66.02,4.6,1650.77,Tea,Peaty,TV-23
60.64,46.48,75.28,30.36,57.45,7.69,563.63,Barley,Chalky,DWRB-73
103.87,76.81,93.99,21.04,67.52,7.02,1326.51,Rice,Clay,Basmati-370
47.81,27.71,51.03,33.74,25.0,6.47,930.24,Watermelon,Sandy,Arka Manik
88.58,41.75,98.38,24.89,72.76,6.8,1758.59,Wheat,Loamy,PBW-343
160.0,27.11,81.47,23.83,81.04,4.75,1496.9,Potato,Peaty,Kufri Bahar
112.46,45.23,92.59,20.38,72.3,4.77,1827.74,Tea,Peaty,TV-1
38.16,32.81,38.74,29.27,44.12,6.97,617.02,Watermelon,Sandy,Sugar Baby
96.9,41.03,96.75,29.3,68.24,7.14,1226.19,Soybean,Loamy,JS-335
105.43,50.45,95.48,16.94,76.82,7.06,1554.41,Maize,Silty,DHM-117
103.44,30.59,88.48,25.21,87.39,4.13,1946.81,Tea,Peaty,TV-23
90.81,50.42,119.51,24.94,63.72,6.98,1377.58,Maize,Silty,Pioneer-3396
49.58,19.26,46.73,31.81,49.58,5.99,701.43,Potato,Sandy,Kufri Bahar
53.95,34.09,82.05,26.68,63.66,7.27,1145.3,Tomato,Loamy,Arka Vikas
73.47,56.99,50.6,31.94,53.49,6.99,1298.63,Soybean,Loamy,NRC-37
33.38,60.78,77.28,24.96,50.99,8.18,677.53,Rice,Chalky,IR64
69.31,41.87,86.66,26.59,65.77,6.58,1474.56,Vegetables,Silty,Hybrid-B
70.15,48.83,114.53,24.65,73.05,6.51,600.0,Millet,Loamy,RHB-173
89.17,58.43,99.68,31.68,66.24,7.0,1356.76,Wheat,Loamy,PBW-343
82.67,45.79,74.1,24.56,72.4,4.76,2055.68,Vegetables,Peaty,Hybrid-B
69.12,60.3,110.41,27.25,80.35,6.74,1777.04,Cotton,Clay,Bt-1
96.56,34.69,70.41,15.31,77.37,5.26,1800.46,Vegetables,Peaty,Local-1
33.47,31.17,55.94,32.43,42.49,5.91,825.2,Groundnut,Sandy,GG-20
90.92,45.27,111.0,25.91,69.13,7.45,1784.44,Sugarcane,Clay,Co-86032
55.33,31.79,56.76,24.51,45.64,6.06,465.8,Watermelon,Sandy,Sugar Baby
86.28,52.69,99.57,19.1,61.65,6.33,1496.72,Rice,Loamy,IR64
110.0,43.53,67.16,22.29,86.67,4.95,1816.76,Sugarcane,Peaty,Co-0238
61.01,17.89,73.05,29.93,47.44,6.13,402.5,Watermelon,Sandy,Sugar Baby
72.31,63.42,85.97,21.66,71.54,6.38,1440.48,Vegetables,Silty,Hybrid-B
91.43,36.93,89.71,24.08,68.64,6.35,998.72,Vegetables,Silty,Hybrid-B
36.39,32.54,41.36,34.01,49.07,5.82,588.52,Groundnut,Sandy,JL-24
120.64,25.04,62.49,17.51,88.41,4.24,2377.14,Rice,Peaty,Basmati-370
83.31,57.62,117.4,16.0,59.32,6.82,1452.26,Rice,Silty,Swarna
107.61,43.95,87.86,19.67,83.9,4.5,1571.47,Rice,Peaty,Swarna
82.91,67.85,118.12,27.79,61.14,6.45,1489.29,Cotton,Clay,Bt-2
108.25,50.86,101.11,29.3,67.29,5.83,1030.75,Sugarcane,Clay,Co-0238
111.2,60.96,112.55,23.3,79.43,7.04,1334.78,Cotton,Clay,Bt-2
64.56,36.87,88.89,27.58,66.66,7.16,1175.02,Maize,Loamy,DHM-117
68.99,70.1,84.44,26.69,54.82,8.26,959.62,Cotton,Chalky,Bt-2
104.15,44.8,120.46,24.88,68.53,7.74,1190.91,Sugarcane,Clay,Co-0118
55.84,33.03,65.69,30.43,65.0,6.75,728.1,Watermelon,Sandy,Sugar Baby
125.94,54.96,64.01,20.17,89.04,5.17,1720.48,Rice,Peaty,IR64
134.97,48.17,48.43,20.31,86.0,5.19,1745.13,Sugarcane,Peaty,Co-0238
115.5,53.98,132.1,25.3,67.87,5.95,1529.36,Wheat,Clay,PBW-343
140.0,43.28,39.5,20.95,69.25,4.9,2299.35,Potato,Peaty,Kufri Pukhraj
105.03,41.31,68.01,23.39,82.25,5.53,1739.11,Vegetables,Peaty,Hybrid-B
93.29,54.67,94.5,21.83,72.78,6.49,1451.32,Cotton,Clay,Bt-2
93.59,65.01,130.68,27.94,68.47,6.59,1264.88,Wheat,Clay,HD-2967
30.71,22.4,31.15,31.94,65.0,6.14,402.55,Watermelon,Sandy,Arka Manik
65.11,26.89,44.41,29.16,33.64,6.9,610.75,Millet,Sandy,ICTP-8203
101.67,54.17,108.06,27.25,62.79,6.46,1599.43,Tomato,Clay,Pusa Ruby
112.24,48.84,92.2,26.52,77.42,5.96,1249.46,Soybean,Loamy,NRC-37
51.29,40.46,83.67,25.41,60.91,6.82,1551.04,Maize,Loamy,HQPM-1
116.95,33.78,94.76,16.31,77.59,5.95,2053.86,Tea,Peaty,UPASI-9
32.98,29.71,54.73,28.1,44.83,6.04,499.82,Millet,Sandy,HHB-67
28.75,53.44,95.52,27.11,41.0,7.85,471.2,Wheat,Chalky,Lok-1
93.61,59.07,109.37,20.87,87.06,7.11,1721.33,Cotton,Clay,Bt-1
112.63,36.56,85.46,21.98,79.77,4.81,1232.45,Rice,Peaty,IR64
120.49,39.08,65.31,20.2,76.15,4.56,2264.46,Tea,Peaty,TV-23
71.7,63.91,75.6,20.66,69.18,6.52,1300.41,Maize,Loamy,Pioneer-3396
119.25,60.05,77.11,21.65,91.3,5.7,1804.64,Rice,Peaty,Basmati-370
75.93,44.47,67.66,32.77,62.21,7.43,1123.11,Cotton,Loamy,Suraj
86.06,27.94,103.23,19.34,63.57,6.89,1031.9,Tomato,Silty,Arka Vikas
20.0,27.93,64.15,29.44,41.46,6.19,765.26,Potato,Sandy,Kufri Jyoti
122.21,47.43,70.47,22.92,84.71,4.81,1431.14,Vegetables,Peaty,Hybrid-B
59.05,22.39,62.22,28.8,47.69,6.1,683.17,Millet,Sandy,HHB-67
81.56,49.49,98.08,23.34,61.06,6.84,1334.48,Sugarcane,Loamy,Co-86032
35.11,30.95,78.43,34.57,33.42,6.07,743.89,Watermelon,Sandy,Arka Manik
99.63,51.2,102.06,23.91,57.56,6.76,1384.61,Tomato,Loamy,Arka Vikas
108.05,54.42,133.68,24.16,82.97,7.08,1520.39,Wheat,Clay,PBW-343
59.17,31.66,117.03,22.84,68.17,6.55,1146.26,Groundnut,Clay,JL-24
79.42,48.15,50.0,26.01,64.03,6.74,846.71,Wheat,Loamy,Lok-1
26.89,83.37,77.58,26.66,50.41,8.27,870.87,Millet,Chalky,ICTP-8203
62.48,52.24,106.51,26.91,50.12,6.69,1301.06,Wheat,Loamy,PBW-343
103.5,47.01,117.34,22.92,80.91,6.77,1753.81,Cotton,Clay,Bt-2
53.24,29.26,56.95,29.36,39.6,6.16,399.87,Groundnut,Sandy,GG-20
110.59,32.18,116.6,29.04,67.85,6.37,1966.99,Vegetables,Silty,Hybrid-B
82.52,37.8,92.4,24.47,62.34,7.27,1041.36,Cotton,Loamy,Bt-1
66.66,45.63,76.43,25.78,76.05,6.13,1120.62,Vegetables,Silty,Local-1
118.63,46.41,80.11,12.0,90.19,6.02,2159.43,Cotton,Peaty,Suraj
82.01,60.18,81.07,30.8,58.15,7.02,1371.22,Rice,Silty,Basmati-370
99.3,50.2,88.68,25.75,60.14,6.97,1160.7,Potato,Loamy,Kufri Pukhraj
36.1,18.84,72.29,27.16,36.97,6.28,660.26,Millet,Sandy,RHB-173
73.8,41.25,102.9,27.2,62.38,6.46,1077.53,Cotton,Loamy,Suraj
104.32,54.77,88.98,23.44,56.26,6.84,1564.49,Cotton,Clay,Bt-2
83.31,54.17,88.97,30.05,68.13,6.89,1142.38,Tomato,Loamy,Arka Vikas
85.59,37.43,91.05,23.78,50.0,6.12,1676.07,Vegetables,Silty,Local-1
86.76,48.26,78.7,25.0,59.31,7.77,1435.43,Tomato,Loamy,Arka Vikas
62.45,34.1,71.82,25.11,63.71,6.94,791.02,Wheat,Loamy,Lok-1
32.76,38.22,56.24,29.31,50.83,6.5,720.06,Groundnut,Sandy,JL-24
73.12,24.3,35.99,23.12,43.12,6.17,568.54,Watermelon,Sandy,Arka Manik
81.74,59.22,105.06,24.28,80.68,7.21,1162.43,Cotton,Clay,Suraj
39.1,29.52,50.58,31.36,49.63,6.76,489.94,Potato,Sandy,Kufri Pukhraj
98.01,49.76,101.03,26.42,69.02,7.04,2183.89,Wheat,Clay,PBW-343
104.95,64.39,96.56,26.81,78.56,6.42,700.0,Cotton,Clay,Suraj
79.9,41.4,97.18,23.55,60.05,5.89,1343.66,Wheat,Silty,PBW-343
55.92,42.75,72.83,21.69,60.56,6.67,1474.59,Maize,Silty,Pioneer-3396
58.56,39.53,78.24,24.3,55.19,8.07,655.93,Millet,Chalky,HHB-67
45.68,53.79,89.19,29.03,60.29,8.06,618.79,Wheat,Chalky,HD-2967
96.69,42.75,103.42,25.98,57.63,6.95,1734.64,Sugarcane,Clay,Co-0118
105.73,47.13,106.67,17.38,73.18,5.63,2017.84,Potato,Peaty,Kufri Jyoti
69.13,54.02,119.94,31.28,68.45,6.69,1936.81,Rice,Clay,IR64
90.01,59.53,100.3,19.84,57.68,7.09,1107.65,Soybean,Loamy,JS-335
108.94,35.73,74.18,22.91,61.62,6.04,869.28,Barley,Loamy,BH-902
44.03,48.37,42.75,26.61,60.96,8.16,744.79,Cotton,Chalky,Suraj
44.16,20.09,60.82,30.04,51.83,6.63,442.6,Cotton,Sandy,Bt-1
43.34,56.51,54.33,26.37,56.92,8.02,980.82,Millet,Chalky,RHB-173
102.01,31.84,99.15,19.94,90.12,4.91,2093.84,Potato,Peaty,Kufri Bahar
46.88,47.18,107.51,20.45,54.45,7.83,683.86,Wheat,Chalky,Lok-1
90.79,61.62,89.72,20.93,76.98,7.14,1500.19,Rice,Silty,Basmati-370
76.81,36.46,74.34,23.05,78.22,6.96,1349.02,Rice,Silty,IR64
91.53,49.01,108.54,24.89,67.09,6.65,1473.23,Rice,Silty,Swarna
72.14,57.21,69.0,20.88,84.79,5.84,2115.81,Vegetables,Peaty,Local-1
117.6,30.94,145.93,29.75,68.7,7.24,1487.53,Rice,Clay,IR64
44.39,53.26,84.65,27.61,76.04,6.31,1799.7,Vegetables,Silty,Hybrid-B
45.34,35.89,27.08,30.79,40.67,6.54,726.83,Millet,Sandy,RHB-173
101.44,45.65,112.88,29.05,74.87,7.17,1619.04,Maize,Silty,HQPM-1
83.62,50.53,89.57,24.5,73.59,7.06,1501.63,Maize,Silty,DHM-117
93.22,58.49,121.14,23.46,63.32,7.68,1459.77,Rice,Clay,Basmati-370
66.52,36.17,42.57,27.92,38.63,5.97,919.0,Groundnut,Sandy,JL-24
115.0,49.01,82.56,24.04,62.97,6.01,1333.73,Rice,Silty,Basmati-370
103.22,54.75,125.9,25.5,63.52,6.22,1623.56,Cotton,Clay,Suraj
127.72,54.61,110.97,25.48,67.12,7.47,1250.38,Wheat,Clay,Lok-1
120.14,73.97,126.23,22.98,64.0,6.0,1634.37,Rice,Clay,Basmati-370
58.44,73.94,52.75,25.69,43.36,7.68,799.86,Wheat,Chalky,HD-2967
81.1,42.1,55.6,24.51,63.39,7.0,1186.43,Vegetables,Silty,Hybrid-B
44.35,79.48,80.37,27.43,43.71,7.43,761.77,Millet,Chalky,ICTP-8203
86.27,48.81,99.84,28.32,61.35,7.61,1520.1,Cotton,Loamy,Bt-1
73.59,48.13,89.25,19.51,42.19,8.24,755.29,Cotton,Chalky,Suraj
96.98,39.09,118.15,23.19,69.68,6.02,1381.17,Rice,Clay,Swarna
78.53,57.91,110.36,26.6,58.94,7.22,1574.53,Soybean,Loamy,NRC-37
97.45,30.82,109.11,32.09,75.38,6.67,1273.62,Rice,Clay,IR64
80.53,45.5,89.33,27.17,74.21,6.34,1463.62,Potato,Loamy,Kufri Jyoti
101.55,52.9,110.34,25.02,71.92,6.85,1512.42,Sugarcane,Clay,Co-86032
73.98,37.78,67.48,26.18,56.62,7.03,1189.15,Wheat,Loamy,PBW-343
107.7,31.63,57.8,18.65,78.57,5.33,1760.23,Rice,Peaty,IR64
97.65,54.19,73.86,27.62,72.23,6.44,999.47,Soybean,Loamy,JS-335
45.93,27.47,55.22,33.41,47.09,5.71,583.08,Groundnut,Sandy,JL-24
88.03,67.61,139.63,23.97,64.63,6.1,1566.82,Rice,Clay,Swarna
100.46,27.22,62.65,18.0,74.57,5.15,1332.84,Potato,Peaty,Kufri Bahar
32.53,35.06,67.45,30.99,56.51,6.75,786.75,Potato,Sandy,Kufri Bahar
45.22,33.15,29.28,28.89,41.05,6.97,745.58,Millet,Sandy,ICTP-8203
113.52,34.91,115.51,25.1,61.01,7.27,1492.59,Cotton,Clay,Bt-1
73.44,51.35,88.83,21.63,60.24,6.84,1106.15,Vegetables,Silty,Hybrid-B
55.3,57.65,105.98,26.83,34.0,8.14,963.99,Cotton,Chalky,Bt-2
76.09,34.04,103.95,30.63,55.15,6.87,1096.41,Cotton,Loamy,Bt-2
36.69,50.14,103.69,24.1,32.28,8.36,490.87,Millet,Chalky,RHB-173
98.01,52.27,117.56,23.76,65.62,6.21,1421.15,Sugarcane,Clay,Co-86032
123.23,38.99,93.49,22.74,83.0,5.16,1633.63,Vegetables,Peaty,Hybrid-B
55.88,67.36,114.3,26.74,62.16,7.61,964.66,Wheat,Chalky,Lok-1
34.23,51.09,93.94,19.53,53.52,7.69,967.77,Cotton,Chalky,Bt-1
38.72,16.23,48.1,25.08,45.11,5.97,355.55,Millet,Sandy,HHB-67
109.49,41.1,81.93,21.05,83.51,4.38,1421.53,Potato,Peaty,Kufri Pukhraj
35.64,37.34,62.61,30.29,26.26,5.88,787.42,Watermelon,Sandy,Crimson Sweet
39.32,69.69,100.7,20.54,30.52,7.21,868.78,Wheat,Chalky,Lok-1
67.32,21.47,96.42,20.45,71.33,6.59,960.41,Wheat,Loamy,HD-2967
107.52,56.25,116.95,22.67,72.29,6.56,1350.66,Tomato,Clay,Pusa Ruby
119.78,45.95,71.47,16.88,95.0,5.0,1898.73,Tea,Peaty,UPASI-9
57.01,62.04,52.83,26.04,42.07,7.69,631.7,Sugarcane,Chalky,Co-0238
87.2,46.36,108.13,21.39,57.12,6.96,1260.91,Wheat,Loamy,Lok-1
72.58,47.5,106.77,28.44,62.87,7.28,1160.65,Maize,Silty,DHM-117
68.04,45.24,103.7,26.94,69.08,7.29,1352.91,Groundnut,Loamy,JL-24
95.46,72.24,94.48,28.91,68.73,6.69,1573.18,Cotton,Clay,Suraj
29.78,50.8,87.19,23.66,53.85,8.01,547.99,Barley,Chalky,BH-902
57.42,53.61,89.38,25.72,47.73,7.84,898.51,Wheat,Chalky,PBW-343
47.08,48.61,63.11,32.77,41.68,7.72,1009.89,Millet,Chalky,ICTP-8203
100.59,41.91,108.38,22.58,66.57,7.14,1457.58,Sugarcane,Clay,Co-0238
87.31,67.59,155.18,23.68,73.44,6.56,1749.44,Sugarcane,Clay,Co-0238
100.83,49.3,131.43,24.48,76.49,6.96,1465.64,Wheat,Clay,Lok-1
103.47,28.69,65.93,17.91,81.18,5.0,1624.61,Tea,Peaty,TV-1
144.4,39.81,65.71,20.11,80.42,6.26,1892.58,Vegetables,Peaty,Hybrid-B
104.54,70.0,82.43,22.32,60.71,7.22,1485.9,Maize,Loamy,Pioneer-3396
102.69,32.07,114.25,26.89,58.58,7.11,1414.02,Cotton,Clay,Bt-2
51.93,31.49,95.5,25.59,59.02,7.21,996.05,Soybean,Loamy,MAUS-71
93.72,59.39,136.11,20.6,82.03,7.0,1380.59,Cotton,Clay,Bt-2
40.29,28.74,50.32,28.49,42.2,5.96,645.6,Groundnut,Sandy,GG-20
94.44,43.1,117.32,27.47,71.04,6.32,1517.49,Sugarcane,Clay,Co-0118
89.35,46.98,64.09,27.68,73.81,7.9,1267.48,Potato,Silty,Kufri Jyoti
36.97,15.24,54.31,29.08,34.42,6.33,626.79,Millet,Sandy,RHB-173
101.55,28.88,83.58,17.18,76.26,5.5,1643.25,Rice,Peaty,Swarna
81.54,46.84,103.2,23.21,67.19,7.04,1225.15,Sugarcane,Silty,Co-0118
52.42,50.56,93.46,27.27,41.97,8.12,611.85,Wheat,Chalky,HD-2967
107.94,45.38,109.63,27.01,71.65,6.52,1045.39,Rice,Clay,Basmati-370
80.0,40.13,91.68,28.34,50.2,7.86,645.34,Barley,Chalky,BH-902
84.72,51.88,117.81,28.42,79.6,6.9,1441.52,Rice,Clay,Swarna
76.59,54.72,74.17,23.87,63.22,6.51,1096.86,Rice,Silty,Swarna
87.29,48.07,75.61,22.46,60.46,5.93,1664.64,Wheat,Silty,HD-2967
51.41,24.18,76.69,30.04,54.93,6.41,810.09,Potato,Sandy,Kufri Jyoti
68.54,68.82,115.34,26.75,73.98,6.43,1137.83,Wheat,Clay,Lok-1
92.2,44.12,114.43,23.54,59.05,7.24,1459.45,Cotton,Clay,Suraj
63.9,46.35,91.81,24.95,72.58,6.78,1350.9,Maize,Silty,DHM-117
118.07,43.07,61.9,19.38,83.35,5.76,1747.2,Potato,Peaty,Kufri Jyoti
52.56,27.43,36.31,34.76,45.59,6.18,753.65,Groundnut,Sandy,TAG-24
48.96,30.54,48.82,29.25,58.13,7.4,478.13,Watermelon,Sandy,Sugar Baby
77.39,50.84,108.7,26.22,55.27,6.75,1380.2,Millet,Silty,HHB-67
70.95,35.44,108.51,31.04,50.44,7.02,1398.22,Wheat,Loamy,HD-2967
27.72,31.93,43.15,32.13,39.69,6.28,587.13,Maize,Sandy,Pioneer-3396
77.93,46.25,94.25,19.95,63.83,6.84,1604.77,Wheat,Loamy,PBW-343
81.38,50.96,91.64,27.89,59.8,6.94,1218.22,Cotton,Loamy,Suraj
107.83,37.75,50.17,20.46,68.73,4.71,1948.75,Rice,Peaty,IR64
48.76,29.64,42.7,29.62,40.31,7.27,660.33,Watermelon,Sandy,Sugar Baby
57.31,44.82,43.12,28.44,42.65,6.09,529.52,Millet,Sandy,HHB-67
65.06,34.88,59.05,21.91,72.94,6.66,1378.4,Wheat,Silty,PBW-343
108.78,44.26,123.93,22.74,77.29,7.34,1658.6,Wheat,Clay,Lok-1
89.08,35.51,73.52,27.65,55.65,7.03,1406.69,Sugarcane,Loamy,Co-86032
93.92,39.49,111.97,25.37,61.15,6.69,1426.52,Tomato,Loamy,Roma
82.42,57.94,97.22,25.89,68.24,6.81,1292.67,Wheat,Loamy,HD-2967
96.21,48.74,51.24,22.01,68.14,5.11,2061.8,Rice,Peaty,IR64
108.57,42.63,94.49,29.68,73.85,5.75,1240.27,Millet,Silty,ICTP-8203
101.23,42.65,83.74,23.22,62.76,6.82,1371.18,Tomato,Loamy,Arka Vikas
58.47,36.99,63.79,23.74,61.46,7.12,1164.16,Sugarcane,Loamy,Co-0118
94.13,54.88,88.93,24.9,55.93,6.96,1329.05,Maize,Loamy,Pioneer-3396
106.82,52.3,102.86,22.49,80.34,4.85,2158.73,Vegetables,Peaty,Hybrid-A
66.06,44.87,76.85,20.87,70.75,6.36,704.78,Maize,Silty,DHM-117
97.05,55.04,113.4,21.99,75.87,6.14,1778.21,Rice,Clay,Basmati-370
89.2,22.53,66.71,32.44,62.84,6.42,1256.05,Tomato,Loamy,Arka Vikas
120.24,36.45,66.06,21.84,74.92,4.66,2107.75,Rice,Peaty,Swarna
43.34,28.44,67.78,31.17,54.39,6.02,540.5,Potato,Sandy,Kufri Pukhraj
112.96,45.12,100.07,27.22,82.55,4.22,1355.37,Vegetables,Peaty,Local-1
99.48,44.09,102.94,26.14,49.68,6.95,1565.03,Soybean,Loamy,JS-335
15.0,48.68,82.5,25.77,49.32,7.99,1021.57,Wheat,Chalky,HD-2967
52.76,60.14,77.33,29.48,56.39,8.03,793.55,Wheat,Chalky,HD-2967
47.97,60.79,82.17,28.06,55.01,8.3,677.29,Millet,Chalky,HHB-67
70.0,34.05,71.86,23.43,94.22,4.86,1915.33,Tea,Peaty,TV-1
62.36,44.11,83.74,26.31,78.21,6.45,2071.57,Maize,Silty,Pioneer-3396
107.07,33.23,86.33,19.46,89.49,5.63,1445.68,Potato,Peaty,Kufri Pukhraj
74.03,37.92,92.17,29.47,70.56,6.37,1156.85,Rice,Loamy,IR64
87.63,63.73,75.88,28.07,53.99,7.06,803.28,Soybean,Loamy,JS-335
41.73,20.85,44.29,25.7,43.94,6.57,546.67,Groundnut,Sandy,TAG-24
56.63,42.08,77.01,26.29,65.01,7.21,1361.87,Rice,Silty,Basmati-370
80.01,62.42,113.69,25.75,69.45,6.62,1191.88,Wheat,Clay,Lok-1
92.57,35.39,107.25,22.77,63.79,7.32,1681.8,Sugarcane,Clay,Co-86032
51.87,52.18,124.07,25.01,67.87,8.16,735.37,Wheat,Chalky,PBW-343
76.32,41.89,121.36,25.59,71.08,6.63,1212.46,Wheat,Silty,HD-2967
143.96,52.06,30.0,17.93,82.23,5.41,1485.49,Rice,Peaty,Basmati-370
95.39,33.55,114.94,23.98,68.36,6.68,1370.34,Wheat,Silty,Lok-1
31.96,27.25,48.52,26.39,42.15,6.16,574.2,Watermelon,Sandy,Sugar Baby
101.96,45.78,100.98,25.21,66.02,6.92,1191.11,Wheat,Loamy,Lok-1
87.66,56.37,74.88,34.0,58.04,6.94,1200.62,Sugarcane,Loamy,Co-0118
77.15,52.59,102.29,25.59,69.98,7.9,1043.02,Wheat,Silty,PBW-343
95.8,60.22,73.89,23.74,70.85,4.08,1477.46,Vegetables,Peaty,Local-1
50.89,29.11,72.22,26.72,44.58,6.78,881.7,Groundnut,Sandy,JL-24
63.16,28.28,48.7,27.42,50.41,6.82,666.73,Groundnut,Sandy,TAG-24
94.22,55.27,76.58,26.06,74.2,7.22,1653.13,Wheat,Silty,PBW-343
42.04,34.91,60.95,31.72,43.02,6.54,569.8,Groundnut,Sandy,GG-20
63.63,29.63,52.68,27.13,50.68,6.04,568.3,Millet,Sandy,ICTP-8203
80.98,43.53,113.48,32.75,70.93,6.91,822.17,Maize,Loamy,HQPM-1
121.67,28.47,73.69,13.54,78.0,5.05,1900.42,Wheat,Peaty,PBW-343
74.55,51.41,99.21,21.98,71.47,6.34,1208.01,Vegetables,Silty,Local-1
56.3,60.77,76.29,24.88,54.98,7.96,1201.7,Cotton,Chalky,Suraj
100.26,58.23,127.24,29.97,76.45,5.75,1507.01,Rice,Clay,Swarna
114.76,55.95,120.06,26.35,84.54,5.75,1413.13,Sugarcane,Clay,Co-86032
47.15,69.73,86.67,23.79,57.26,7.8,471.19,Wheat,Chalky,HD-2967
59.62,19.07,49.2,27.14,42.94,6.98,442.46,Millet,Sandy,ICTP-8203
117.3,53.93,75.61,23.5,78.15,5.58,1890.16,Vegetables,Peaty,Local-1
89.95,61.76,123.98,20.63,82.37,7.05,1495.27,Cotton,Clay,Bt-2
107.95,48.85,61.54,24.45,80.49,5.74,2042.98,Potato,Peaty,Kufri Pukhraj
106.92,29.55,49.38,13.96,85.93,5.43,2513.73,Potato,Peaty,Kufri Jyoti
91.98,54.91,79.01,19.85,50.21,6.9,1555.43,Cotton,Loamy,Bt-1
103.61,45.0,127.73,23.79,70.91,6.2,1454.88,Cotton,Clay,Bt-1
27.79,62.64,127.13,30.33,55.42,8.51,913.55,Tea,Chalky,TV-23
31.99,45.55,105.16,23.64,59.19,7.77,1002.48,Wheat,Chalky,HD-2967
55.8,33.36,42.44,24.44,56.87,6.41,394.75,Millet,Sandy,HHB-67
49.54,35.12,23.2,34.89,47.89,6.76,475.6,Millet,Sandy,HHB-67
39.9,25.72,47.27,32.5,44.13,5.91,646.85,Groundnut,Sandy,GG-20
46.36,70.5,112.04,23.07,46.81,7.84,1031.92,Barley,Chalky,RD-2552
74.59,59.22,160.0,26.06,74.74,6.38,1147.58,Sugarcane,Clay,Co-86032
30.81,62.52,88.89,18.91,60.66,7.69,797.51,Wheat,Chalky,Lok-1
119.1,23.56,81.61,20.03,72.37,5.27,1502.28,Tea,Peaty,TV-23
94.57,64.42,88.14,24.32,71.04,6.52,1357.33,Tomato,Clay,Roma
78.64,72.7,96.13,23.85,58.63,6.91,1350.98,Wheat,Silty,HD-2967
71.18,49.42,116.61,24.52,66.48,5.6,1780.41,Cotton,Clay,Bt-2
28.98,24.38,63.42,30.61,57.0,6.62,760.65,Millet,Sandy,RHB-173
58.59,28.64,51.04,34.09,47.54,6.65,791.92,Potato,Sandy,Kufri Bahar
99.69,41.43,67.32,19.4,77.05,5.74,1343.0,Watermelon,Peaty,Sugar Baby
66.17,52.53,66.34,26.9,72.47,7.2,1190.91,Rice,Silty,Swarna
55.42,49.79,93.4,30.48,48.25,8.02,699.81,Cotton,Chalky,Bt-1
37.59,33.68,48.27,33.27,36.36,6.01,737.27,Groundnut,Sandy,JL-24
54.29,80.43,123.28,26.06,50.5,7.66,828.51,Barley,Chalky,BH-902
101.76,53.11,102.8,26.09,70.18,7.4,1386.47,Sugarcane,Loamy,Co-0118
88.12,45.73,77.95,31.63,74.6,7.17,1316.0,Maize,Silty,DHM-117
43.15,36.67,39.49,22.58,57.39,7.38,608.75,Rice,Sandy,Swarna
58.64,45.28,90.99,28.62,74.9,6.65,1420.17,Vegetables,Silty,Hybrid-A
113.79,25.08,61.42,21.91,80.48,5.57,1613.85,Tea,Peaty,TV-1
30.39,21.1,61.89,29.86,51.42,6.26,580.09,Watermelon,Sandy,Arka Manik
48.72,33.86,54.21,33.78,45.06,6.25,848.97,Groundnut,Sandy,JL-24
74.35,35.41,48.89,28.39,25.0,6.75,803.58,Potato,Sandy,Kufri Bahar
61.5,43.93,77.19,26.28,56.2,6.34,677.86,Maize,Loamy,Pioneer-3396
105.01,31.34,98.59,26.53,76.78,6.66,1471.44,Rice,Clay,Swarna
96.22,48.19,46.02,20.6,82.98,4.61,2151.54,Maize,Peaty,DHM-117
111.92,46.94,107.02,24.07,77.83,7.22,1592.38,Sugarcane,Clay,Co-86032
103.05,67.54,91.12,21.5,62.8,5.89,1146.88,Potato,Clay,Kufri Jyoti
90.49,38.63,115.55,27.04,55.74,7.42,1079.23,Soybean,Loamy,MAUS-71
85.98,60.77,93.38,26.26,58.49,6.99,1154.98,Cotton,Loamy,Bt-1
41.77,21.12,85.0,27.8,45.77,5.67,694.04,Potato,Sandy,Kufri Bahar
40.82,35.24,52.86,30.91,43.37,5.2,489.18,Potato,Sandy,Kufri Bahar
73.2,41.08,80.14,28.35,57.43,5.94,1213.46,Maize,Loamy,Pioneer-3396
102.19,28.51,82.86,25.92,70.36,7.55,1102.61,Soybean,Loamy,NRC-37
45.04,66.5,48.63,28.9,38.33,8.19,685.73,Millet,Chalky,RHB-173
32.11,23.31,61.81,28.84,47.74,5.99,685.65,Groundnut,Sandy,TAG-24
83.83,73.17,117.94,25.37,77.61,6.84,1778.95,Sugarcane,Clay,Co-0238
30.59,54.41,72.96,28.59,53.59,7.68,971.3,Barley,Chalky,RD-2552
40.98,18.18,35.22,31.91,44.97,6.1,611.75,Watermelon,Sandy,Arka Manik
62.8,46.13,114.15,23.3,62.54,6.91,1624.42,Vegetables,Silty,Hybrid-B
97.11,40.87,71.75,20.87,75.25,6.67,905.45,Rice,Silty,Swarna
100.59,37.79,159.36,23.02,64.59,6.72,1192.55,Sugarcane,Clay,Co-0238
40.13,31.85,52.62,29.26,38.37,6.1,645.94,Millet,Sandy,HHB-67
32.86,24.81,49.15,24.7,51.3,5.84,919.1,Millet,Sandy,ICTP-8203
46.5,55.05,76.31,29.3,48.99,8.55,768.4,Wheat,Chalky,HD-2967
72.23,20.89,89.39,22.45,66.83,6.08,1029.38,Sugarcane,Loamy,Co-0118
129.27,48.96,58.27,17.04,79.77,4.6,1396.45,Potato,Peaty,Kufri Jyoti
105.52,20.56,92.81,26.52,89.08,5.08,1969.25,Rice,Peaty,Swarna
46.87,55.21,89.27,26.31,70.72,7.21,1698.56,Vegetables,Silty,Hybrid-A
99.64,47.23,84.53,24.69,57.45,6.34,1678.17,Soybean,Loamy,JS-335
104.46,69.15,78.45,25.0,65.19,7.19,1859.73,Cotton,Clay,Bt-2
98.5,37.71,78.58,26.28,65.75,6.73,1267.49,Sugarcane,Loamy,Co-0118
49.85,54.8,69.66,25.18,52.13,8.22,475.79,Cotton,Chalky,Bt-2
100.32,47.42,118.13,23.07,72.91,7.34,1441.98,Rice,Clay,Basmati-370
35.99,30.22,38.6,32.28,39.9,5.79,588.72,Groundnut,Sandy,GG-20
88.98,32.4,103.77,19.27,89.23,5.51,1740.2,Potato,Peaty,Kufri Pukhraj
51.95,82.52,90.09,26.42,49.95,8.56,1092.58,Rice,Chalky,IR64
87.6,35.16,89.03,22.65,79.91,5.13,1507.5,Wheat,Peaty,PBW-343
51.84,24.34,35.07,32.16,53.6,6.17,613.34,Groundnut,Sandy,TAG-24
60.94,39.31,96.4,26.74,71.29,6.86,1665.68,Rice,Silty,Basmati-370
99.31,68.96,160.0,26.96,78.61,6.88,1636.91,Sugarcane,Clay,Co-86032
89.45,40.17,104.74,26.32,77.0,6.66,1758.13,Sugarcane,Clay,Co-86032
88.43,33.54,87.38,27.81,56.31,6.75,950.45,Wheat,Silty,Lok-1
78.22,52.74,128.77,24.94,80.48,7.63,1193.77,Vegetables,Clay,Hybrid-B
40.84,10.0,60.61,26.81,48.59,6.89,677.74,Groundnut,Sandy,GG-20
101.64,65.53,75.38,19.57,79.63,5.81,1661.62,Vegetables,Silty,Hybrid-A
64.97,51.45,92.24,25.87,45.71,7.91,1090.75,Barley,Chalky,BH-902
99.98,41.42,115.09,18.76,68.0,5.6,1634.23,Rice,Silty,IR64
33.57,53.18,90.71,21.62,54.21,8.36,905.2,Cotton,Chalky,Bt-2
98.56,41.57,76.68,21.11,66.63,7.18,1240.68,Wheat,Silty,HD-2967
66.58,49.17,107.67,24.25,83.15,7.2,1040.87,Wheat,Silty,PBW-343
95.02,37.13,88.17,28.38,66.31,6.89,1525.03,Wheat,Silty,Lok-1
53.76,21.12,48.78,29.5,41.55,6.64,779.83,Potato,Sandy,Kufri Jyoti
21.85,60.5,81.14,27.55,49.76,8.22,558.36,Barley,Chalky,BH-902
78.36,52.69,79.35,23.27,61.09,5.78,1309.09,Wheat,Silty,Lok-1
120.39,47.37,82.55,23.72,80.93,4.45,1918.74,Potato,Peaty,Kufri Bahar
124.46,42.62,47.07,21.05,79.53,5.14,1324.23,Potato,Peaty,Kufri Bahar
70.67,20.0,86.36,25.29,54.71,6.22,1067.38,Soybean,Loamy,MAUS-71
79.16,58.5,88.85,21.93,57.16,7.46,1553.65,Maize,Loamy,HQPM-1
50.43,24.17,59.42,28.21,49.77,6.49,665.04,Potato,Sandy,Kufri Pukhraj
75.05,54.82,115.19,28.2,59.83,6.43,1330.77,Tomato,Loamy,Roma
88.51,57.25,118.29,26.12,70.05,7.05,1195.12,Cotton,Loamy,Suraj
102.73,36.28,95.36,28.17,70.76,7.16,1409.27,Rice,Clay,Basmati-370
71.74,41.95,111.27,27.43,56.52,6.6,1525.28,Maize,Loamy,DHM-117
80.55,53.57,110.68,24.84,70.72,5.88,1682.4,Cotton,Clay,Suraj
39.49,26.41,76.12,34.26,47.73,6.29,812.99,Millet,Sandy,RHB-173
81.8,29.34,109.1,22.01,63.03,7.02,1227.66,Cotton,Loamy,Bt-2
42.56,33.34,44.11,28.53,38.85,6.44,864.28,Millet,Sandy,RHB-173
51.83,35.97,66.73,28.26,33.55,5.74,624.04,Millet,Sandy,ICTP-8203
48.3,50.88,62.49,28.0,75.72,7.68,1291.63,Rice,Silty,Basmati-370
71.48,55.69,66.46,24.45,62.26,6.98,1351.74,Tomato,Loamy,Roma
99.3,55.92,92.83,23.8,74.24,6.71,1424.18,Wheat,Clay,HD-2967
38.58,20.63,48.42,30.19,31.4,6.51,885.45,Millet,Sandy,RHB-173
85.41,33.62,72.92,25.39,81.37,6.96,1379.3,Wheat,Silty,Lok-1
105.72,56.65,120.12,26.5,68.96,6.6,1712.17,Wheat,Clay,Lok-1
43.0,67.26,63.34,25.64,58.07,8.1,574.97,Millet,Chalky,ICTP-8203
78.53,38.34,105.58,22.18,54.41,6.55,1136.37,Maize,Silty,Pioneer-3396
119.56,17.53,74.34,17.01,85.32,5.19,1829.53,Tea,Peaty,UPASI-9
134.76,19.81,81.06,16.15,78.83,5.02,2113.45,Sugarcane,Peaty,Co-86032
86.17,58.61,93.28,28.1,73.67,6.53,1619.53,Cotton,Clay,Suraj
39.98,59.92,81.88,30.33,46.93,7.73,457.17,Tomato,Chalky,Arka Vikas
43.64,16.96,68.55,34.31,38.03,6.16,526.94,Millet,Sandy,ICTP-8203
86.42,65.24,81.56,18.81,63.15,7.27,1100.55,Wheat,Silty,Lok-1
101.73,49.83,81.0,21.59,72.21,5.22,2045.14,Vegetables,Peaty,Hybrid-A
87.79,61.72,106.39,30.04,73.9,7.34,1599.35,Rice,Clay,IR64
47.68,71.65,92.75,21.77,53.5,7.87,668.81,Cotton,Chalky,Bt-2
77.86,46.07,86.94,27.56,69.52,7.12,1092.31,Tea,Loamy,UPASI-9
43.2,24.39,67.94,29.87,45.61,6.11,750.66,Watermelon,Sandy,Arka Manik
60.68,48.61,118.6,27.46,70.48,6.61,998.95,Wheat,Loamy,HD-2967
44.33,22.85,85.0,28.67,43.53,6.15,629.76,Watermelon,Sandy,Sugar Baby
84.3,38.05,119.69,29.53,72.0,6.76,1448.21,Wheat,Clay,Lok-1
88.7,49.32,73.97,30.79,55.03,6.9,1104.18,Maize,Loamy,Pioneer-3396
71.46,40.61,62.97,30.87,68.06,6.86,1081.7,Vegetables,Silty,Hybrid-A
116.81,53.58,110.93,30.96,67.72,6.67,1545.47,Sugarcane,Clay,Co-86032
28.49,81.94,116.98,20.89,44.41,7.73,535.58,Wheat,Chalky,Lok-1
124.86,58.35,67.16,13.53,76.84,5.32,1843.25,Rice,Peaty,Swarna
64.38,42.26,98.66,18.06,79.1,7.3,1097.71,Maize,Silty,HQPM-1
43.48,51.6,56.32,22.97,42.92,7.94,840.58,Cotton,Chalky,Suraj
74.56,35.04,103.9,26.37,80.92,6.49,1533.24,Rice,Silty,Swarna
46.83,32.42,41.92,26.69,46.73,6.55,729.36,Tea,Sandy,TV-23
30.31,25.57,45.8,34.73,46.42,5.42,460.84,Potato,Sandy,Kufri Bahar
65.91,53.14,95.69,23.17,61.43,8.26,661.78,Wheat,Chalky,HD-2967
74.76,34.36,111.5,27.85,77.33,7.23,1392.95,Cotton,Clay,Suraj
80.43,38.65,99.63,28.27,60.44,6.68,957.53,Maize,Loamy,HQPM-1
83.89,38.14,83.46,24.77,60.85,7.48,1682.37,Soybean,Loamy,NRC-37
50.22,46.94,80.38,18.06,47.88,7.79,445.45,Millet,Chalky,RHB-173
46.34,33.5,53.32,26.47,51.31,5.61,721.22,Millet,Sandy,ICTP-8203
86.96,41.89,71.14,27.05,75.06,6.81,1430.46,Sugarcane,Loamy,Co-86032
56.36,46.36,92.95,27.91,53.11,7.96,556.58,Millet,Chalky,HHB-67
61.34,44.15,61.82,33.35,58.2,6.41,931.68,Cotton,Sandy,Bt-2
96.12,64.72,124.42,25.94,69.38,6.0,1016.68,Rice,Clay,Basmati-370
107.05,35.26,62.24,17.32,74.2,5.01,1770.87,Vegetables,Peaty,Local-1
53.22,35.8,28.54,32.45,53.19,6.02,1100.0,Millet,Sandy,HHB-67
85.23,46.75,60.59,23.79,57.55,6.57,953.11,Sugarcane,Loamy,Co-86032
47.11,63.07,94.07,25.7,71.71,6.47,1519.45,Vegetables,Silty,Hybrid-B
54.05,66.4,84.17,26.82,46.82,7.61,835.83,Millet,Chalky,RHB-173
109.67,36.18,134.03,26.44,70.61,6.61,1150.57,Watermelon,Clay,Crimson Sweet
92.7,41.66,97.24,19.72,58.7,6.95,1238.16,Sugarcane,Loamy,Co-0238
124.76,66.13,120.93,29.29,76.76,7.28,1484.23,Sugarcane,Clay,Co-0118
101.97,60.2,125.08,25.93,70.18,6.45,1424.49,Rice,Clay,Swarna
51.47,42.39,84.68,28.92,37.44,8.16,935.82,Millet,Chalky,RHB-173
129.56,44.99,62.62,23.0,78.44,4.87,1687.66,Rice,Peaty,Swarna
103.6,48.98,107.27,23.18,56.5,7.0,1191.14,Sugarcane,Loamy,Co-0118
36.46,24.63,20.0,29.63,43.69,6.65,366.66,Potato,Sandy,Kufri Pukhraj
97.27,58.85,130.91,25.18,78.5,7.25,1329.68,Tomato,Clay,Roma
59.06,36.04,62.7,28.32,48.8,6.51,541.68,Tea,Sandy,TV-23
77.22,39.82,95.14,28.95,79.28,6.5,1270.56,Wheat,Silty,Lok-1
105.86,66.74,104.65,20.5,84.78,6.25,1296.01,Cotton,Clay,Bt-2
42.98,23.66,30.31,34.3,52.45,7.32,447.87,Tomato,Sandy,Pusa Ruby
126.82,30.07,38.6,19.58,85.99,4.7,1331.4,Rice,Peaty,Basmati-370
92.58,58.81,85.97,21.81,59.92,6.36,955.34,Vegetables,Silty,Local-1
42.12,49.29,112.64,29.99,39.39,8.06,554.72,Cotton,Chalky,Suraj
101.74,62.91,111.58,21.65,63.86,6.31,1493.0,Wheat,Silty,HD-2967
79.21,41.73,135.0,21.68,73.09,7.9,1681.34,Wheat,Silty,PBW-343
62.16,58.75,83.81,21.07,56.79,6.63,1146.11,Maize,Silty,DHM-117
35.43,25.92,48.52,25.2,50.0,6.59,847.3,Groundnut,Sandy,GG-20
61.14,15.82,54.75,28.2,42.15,5.92,647.28,Millet,Sandy,HHB-67
39.56,51.77,61.02,25.25,45.29,7.7,911.77,Barley,Chalky,BH-902
44.34,66.66,57.94,30.01,39.72,8.31,1018.96,Cotton,Chalky,Bt-2
128.06,73.68,95.1,27.17,62.49,6.79,816.62,Wheat,Clay,Lok-1
80.74,62.25,114.51,24.48,67.21,7.03,1597.69,Cotton,Clay,Bt-1
119.25,52.0,130.47,23.54,70.19,6.94,1353.45,Rice,Clay,IR64
42.18,83.48,63.16,24.0,36.82,7.92,573.5,Wheat,Chalky,Lok-1
37.36,62.48,86.57,27.68,42.58,7.94,774.87,Potato,Chalky,Kufri Pukhraj
30.71,47.57,70.89,22.93,51.4,8.29,513.25,Cotton,Chalky,Bt-2
87.33,50.82,120.46,22.98,80.0,6.68,929.96,Wheat,Loamy,PBW-343
74.22,65.9,103.36,24.32,71.24,7.17,1433.35,Rice,Clay,Swarna
84.95,53.16,73.98,21.76,62.67,6.57,1678.55,Cotton,Loamy,Suraj
120.94,52.26,144.05,23.76,71.56,6.79,1181.05,Rice,Clay,IR64
107.35,51.4,132.2,19.06,67.55,6.97,1576.98,Sugarcane,Clay,Co-86032
65.21,56.73,84.1,27.4,51.59,7.88,831.94,Cotton,Chalky,Bt-2
31.0,52.08,93.33,31.07,42.31,7.63,827.43,Cotton,Chalky,Suraj
85.71,53.86,78.09,25.81,68.97,6.57,1275.46,Maize,Silty,Pioneer-3396
55.48,45.87,111.72,24.06,34.2,7.87,841.21,Wheat,Chalky,PBW-343
58.39,29.53,45.8,30.41,50.61,6.8,653.37,Potato,Sandy,Kufri Bahar
47.94,27.09,28.28,30.23,51.51,6.2,866.94,Wheat,Sandy,PBW-343
121.6,51.95,106.93,25.49,69.88,7.32,1993.88,Rice,Clay,Swarna
125.79,37.09,69.97,19.42,80.04,4.67,2067.69,Tea,Peaty,TV-23
64.11,72.46,97.61,19.96,45.88,8.29,961.91,Barley,Chalky,DWRB-73
120.75,36.61,68.52,23.0,72.74,4.95,2142.45,Potato,Peaty,Kufri Pukhraj
24.69,49.17,83.85,27.2,45.85,7.86,673.79,Barley,Chalky,BH-902
149.64,38.15,110.0,16.5,83.39,4.91,2285.97,Rice,Peaty,Swarna
37.14,34.41,33.61,33.28,43.73,6.26,395.79,Tomato,Sandy,Roma
47.53,57.13,97.9,22.47,46.31,8.04,936.54,Rice,Chalky,IR64
41.55,20.69,76.15,31.44,49.4,6.67,801.03,Millet,Sandy,HHB-67
32.87,49.49,71.64,26.75,48.45,8.0,656.03,Wheat,Chalky,PBW-343
93.92,49.55,94.05,22.66,63.92,6.3,1217.83,Tomato,Loamy,Arka Vikas
92.64,73.98,140.01,27.73,70.62,5.74,1399.71,Cotton,Clay,Bt-1
114.72,59.26,99.51,23.91,77.64,7.38,1082.58,Sugarcane,Clay,Co-86032
58.41,26.25,50.78,31.29,47.65,6.55,766.75,Watermelon,Sandy,Crimson Sweet
86.0,39.87,89.88,25.54,57.77,7.51,1090.05,Maize,Loamy,Pioneer-3396
85.02,50.5,58.56,29.59,54.09,6.88,1612.55,Soybean,Loamy,JS-335
78.8,55.56,112.87,24.58,68.57,7.1,1863.87,Wheat,Silty,PBW-343
101.64,49.53,106.23,26.12,64.07,6.79,1049.39,Rice,Clay,Basmati-370
35.48,45.28,115.14,26.11,35.14,7.69,438.26,Barley,Chalky,BH-902
122.13,36.66,81.03,21.54,84.97,5.0,1677.96,Tea,Peaty,UPASI-9
133.64,37.1,119.0,22.8,82.95,6.48,1740.91,Sugarcane,Clay,Co-0238
95.08,42.04,95.63,23.04,71.72,6.68,1451.07,Wheat,Loamy,PBW-343
111.92,33.35,129.15,26.03,73.84,6.35,1386.88,Cotton,Clay,Bt-1
42.39,56.33,107.17,27.23,55.34,8.26,784.0,Barley,Chalky,BH-902
48.57,28.2,38.52,30.31,36.19,6.8,1100.0,Millet,Sandy,HHB-67
107.58,38.92,85.04,23.05,69.97,4.39,2100.4,Barley,Peaty,DWRB-73
159.39,46.94,44.57,20.77,81.67,6.5,1860.52,Tea,Peaty,UPASI-9
83.36,38.91,88.07,27.1,64.91,6.94,1527.38,Wheat,Silty,PBW-343
53.67,55.9,62.75,31.4,48.35,8.14,637.14,Barley,Chalky,RD-2552
38.49,42.5,64.94,32.99,45.22,6.21,640.77,Potato,Sandy,Kufri Jyoti
92.0,55.27,69.09,18.83,77.18,6.7,2100.0,Barley,Silty,RD-2552
64.13,57.43,91.7,26.22,54.66,6.5,687.61,Maize,Loamy,Pioneer-3396
125.04,34.24,109.91,16.7,83.17,5.0,2146.8,Groundnut,Peaty,TAG-24
46.34,24.32,52.52,31.12,48.72,6.43,660.16,Groundnut,Sandy,JL-24
39.12,59.44,75.67,24.11,49.36,7.63,933.27,Wheat,Chalky,PBW-343
72.98,53.3,71.01,28.64,61.94,6.71,1378.24,Vegetables,Silty,Hybrid-A
82.15,35.42,101.47,27.77,53.82,6.72,1354.06,Wheat,Silty,HD-2967
85.71,44.39,80.44,23.24,62.15,6.49,1386.76,Sugarcane,Loamy,Co-0238
49.93,27.9,44.49,35.21,36.92,6.48,622.65,Watermelon,Sandy,Arka Manik
53.7,51.67,85.64,21.32,62.7,7.02,1153.69,Wheat,Loamy,PBW-343
82.05,47.28,76.47,23.49,75.13,7.14,1474.71,Rice,Silty,IR64
68.71,43.27,131.6,28.95,66.72,7.29,1103.65,Vegetables,Clay,Local-1
57.65,17.3,62.86,31.25,32.65,6.29,734.59,Vegetables,Sandy,Local-1
71.12,42.19,84.69,21.87,67.26,6.78,1454.96,Vegetables,Silty,Hybrid-B
107.92,39.45,59.56,25.59,70.15,4.44,1889.59,Vegetables,Peaty,Hybrid-B
85.81,37.1,67.34,23.86,74.74,6.98,1407.2,Sugarcane,Silty,Co-86032
123.31,40.2,61.59,17.79,80.11,4.99,1561.39,Rice,Peaty,Basmati-370
68.57,28.34,43.65,29.07,45.69,6.38,746.72,Groundnut,Sandy,JL-24
92.92,56.07,80.86,22.73,72.8,6.24,1433.13,Soybean,Loamy,JS-335
54.16,36.84,81.0,22.34,42.79,8.38,574.66,Millet,Chalky,RHB-173
67.77,47.24,90.47,22.29,64.29,7.03,1570.33,Wheat,Silty,HD-2967
79.87,44.17,113.2,29.7,68.63,6.23,1309.49,Rice,Silty,Basmati-370
59.48,69.3,68.2,26.04,30.15,8.16,1205.15,Cotton,Chalky,Bt-2
76.16,37.77,113.93,20.13,71.15,6.65,1183.47,Wheat,Loamy,PBW-343
88.7,40.78,95.87,28.73,53.56,6.39,1166.86,Soybean,Loamy,JS-335
48.06,72.14,71.05,24.04,39.97,8.14,445.57,Millet,Chalky,HHB-67
39.75,57.85,90.45,24.75,43.78,7.97,879.55,Barley,Chalky,BH-902
96.04,45.91,101.77,29.19,75.09,6.87,1465.83,Wheat,Clay,Lok-1
102.79,66.13,89.57,22.93,69.23,6.28,1516.29,Sugarcane,Clay,Co-86032
79.54,51.46,87.68,25.22,82.98,5.69,1379.99,Rice,Silty,Basmati-370
72.47,58.83,70.79,21.27,66.21,6.76,1148.55,Wheat,Loamy,HD-2967
115.05,58.64,110.59,21.63,73.42,7.34,1808.79,Wheat,Clay,PBW-343
102.26,63.63,118.46,22.95,73.19,6.23,1794.81,Rice,Clay,Basmati-370
125.98,58.26,110.61,21.41,64.75,6.72,1995.98,Rice,Clay,IR64
49.99,35.68,72.7,32.4,47.21,6.62,566.01,Potato,Sandy,Kufri Pukhraj
53.89,47.55,93.63,23.83,63.4,6.73,1609.67,Vegetables,Silty,Hybrid-A
62.88,77.53,111.47,26.08,68.3,6.61,1496.63,Wheat,Clay,Lok-1
102.34,15.0,59.34,20.79,74.82,5.47,2042.21,Potato,Peaty,Kufri Jyoti
63.25,49.65,104.47,25.38,55.5,6.81,1169.27,Wheat,Silty,PBW-343
131.18,36.13,57.9,17.78,89.85,5.21,2096.8,Potato,Peaty,Kufri Bahar
63.67,32.23,60.98,27.47,66.52,7.03,990.19,Sugarcane,Loamy,Co-0238
86.41,60.23,116.17,25.22,67.44,7.86,1791.19,Wheat,Clay,Lok-1
101.73,45.11,88.73,21.3,66.72,6.78,1678.8,Millet,Silty,RHB-173
111.42,28.92,69.39,19.91,80.42,5.52,2341.47,Vegetables,Peaty,Hybrid-B
127.07,36.6,53.29,18.15,82.53,5.12,1472.72,Rice,Peaty,Basmati-370
90.4,62.52,98.98,25.28,75.87,7.22,1614.49,Sugarcane,Clay,Co-0118
90.05,51.16,95.67,17.61,69.48,6.75,1667.71,Wheat,Silty,Lok-1
123.68,45.8,58.96,20.93,81.1,6.19,2077.45,Vegetables,Peaty,Hybrid-B
35.06,59.24,103.21,29.63,41.92,8.43,1013.21,Millet,Chalky,ICTP-8203
112.23,35.68,104.11,30.09,67.97,6.71,1850.33,Wheat,Clay,PBW-343
45.43,62.51,94.2,22.91,32.24,7.74,626.45,Barley,Chalky,RD-2552
31.58,38.01,34.97,28.93,34.85,5.99,677.2,Millet,Sandy,HHB-67
70.55,47.66,105.47,26.9,67.28,6.77,1275.09,Rice,Clay,Basmati-370
102.26,42.61,113.16,25.79,64.75,6.67,1236.82,Soybean,Loamy,JS-335
57.02,41.94,57.87,22.84,57.18,7.2,656.87,Wheat,Chalky,Lok-1
120.0,55.75,104.34,31.01,63.12,6.75,1512.87,Maize,Loamy,HQPM-1
52.15,15.32,58.37,36.99,49.92,6.92,704.9,Groundnut,Sandy,GG-20
51.13,54.69,80.83,30.6,58.34,8.59,785.86,Millet,Chalky,HHB-67
82.87,60.5,111.33,22.3,77.31,6.99,1548.2,Cotton,Clay,Suraj
51.62,64.69,132.08,22.54,54.04,7.99,859.97,Wheat,Chalky,PBW-343
114.69,42.82,39.5,19.48,79.07,5.34,2029.5,Rice,Peaty,Swarna
74.43,48.65,77.04,22.19,65.58,6.88,1823.6,Maize,Silty,Pioneer-3396
121.87,56.35,111.05,24.97,68.46,6.81,1648.33,Rice,Clay,Basmati-370
45.65,77.44,109.34,27.26,38.34,7.94,595.94,Wheat,Chalky,PBW-343
104.9,25.23,53.44,19.03,83.55,5.13,1354.47,Vegetables,Peaty,Hybrid-A
94.19,31.17,90.54,25.64,52.96,6.94,1697.15,Cotton,Loamy,Bt-2
85.97,56.85,135.94,27.92,69.44,7.23,1359.12,Rice,Clay,Swarna
83.64,46.21,123.15,18.99,73.64,6.77,1170.15,Rice,Clay,Basmati-370
140.19,40.71,93.42,15.88,80.75,4.68,2325.08,Rice,Peaty,Swarna
90.86,49.25,119.72,22.78,64.66,6.72,1288.14,Cotton,Clay,Suraj
98.15,54.31,100.56,25.66,67.28,7.23,1340.02,Cotton,Loamy,Bt-2
66.71,44.69,89.39,24.72,56.5,6.65,1091.62,Sugarcane,Loamy,Co-86032
72.73,47.36,78.72,21.39,57.32,6.94,992.5,Rice,Silty,IR64
59.57,35.65,121.29,23.07,52.99,8.14,896.5,Millet,Chalky,HHB-67
65.88,72.19,100.5,31.16,57.67,7.96,853.26,Wheat,Chalky,Lok-1
39.55,40.12,85.46,22.45,58.96,8.07,709.27,Barley,Chalky,BH-902
60.08,41.3,38.62,32.22,25.0,6.58,369.3,Potato,Sandy,Kufri Pukhraj
111.41,37.96,92.47,20.49,94.53,4.85,2088.82,Tea,Peaty,TV-1
59.4,26.94,57.57,28.54,38.49,6.73,738.34,Groundnut,Sandy,JL-24
43.66,18.75,46.25,31.01,44.34,6.33,794.65,Groundnut,Sandy,TAG-24
76.11,68.17,80.91,27.27,68.06,6.56,1238.16,Watermelon,Loamy,Sugar Baby
115.03,38.89,93.69,27.76,60.54,7.33,1325.82,Wheat,Loamy,Lok-1
38.03,48.65,62.19,22.83,39.38,7.83,1041.96,Barley,Chalky,RD-2552
98.67,36.55,95.26,33.09,58.3,6.8,1318.5,Sugarcane,Loamy,Co-86032
114.19,43.97,82.26,18.85,73.83,4.59,1420.41,Potato,Peaty,Kufri Bahar
73.11,39.27,118.61,34.0,70.24,7.4,1608.79,Wheat,Loamy,HD-2967
96.69,49.34,89.61,21.07,63.79,7.03,1437.09,Vegetables,Silty,Local-1
121.73,42.62,92.61,23.63,82.48,5.12,2194.62,Rice,Peaty,Basmati-370
60.63,47.45,80.2,21.34,60.13,7.29,1478.78,Rice,Loamy,IR64
128.71,44.65,70.85,15.7,89.81,5.17,1625.72,Tea,Peaty,UPASI-9
94.44,35.52,80.66,20.02,86.23,4.85,1667.19,Rice,Peaty,IR64
121.72,33.72,68.16,22.07,72.11,4.76,1283.86,Rice,Peaty,IR64
128.6,34.16,67.61,23.7,80.41,4.91,1816.73,Potato,Peaty,Kufri Jyoti
36.75,23.53,79.52,29.22,39.31,6.79,520.09,Potato,Sandy,Kufri Pukhraj
129.75,43.86,95.24,26.48,72.86,6.4,1099.03,Wheat,Clay,HD-2967
114.2,28.59,121.18,27.76,62.75,6.04,1737.92,Cotton,Clay,Bt-1
55.36,60.27,66.85,28.01,55.58,8.52,736.39,Millet,Chalky,RHB-173
71.04,43.21,82.36,24.5,65.82,7.0,1448.02,Tomato,Loamy,Roma
82.01,47.56,115.84,22.8,74.28,6.58,1639.78,Sugarcane,Clay,Co-0118
105.57,52.45,119.97,25.9,62.48,6.58,1515.59,Rice,Clay,Swarna
142.29,37.3,71.87,21.56,79.3,5.31,1827.47,Tea,Peaty,TV-23
41.85,61.89,85.46,26.61,48.5,7.94,491.62,Millet,Chalky,ICTP-8203
103.54,47.51,66.43,17.79,74.43,4.93,1453.73,Vegetables,Peaty,Hybrid-B
46.68,15.24,66.54,36.35,45.62,5.4,774.53,Groundnut,Sandy,GG-20
70.89,23.94,41.54,29.71,31.48,5.68,1023.05,Millet,Sandy,RHB-173
89.86,44.1,60.98,20.91,71.95,6.85,1498.6,Wheat,Silty,HD-2967
72.54,32.9,74.56,28.12,72.07,7.08,1161.48,Wheat,Loamy,PBW-343
99.9,49.35,114.39,26.71,68.55,7.17,1618.02,Cotton,Clay,Suraj
130.22,29.39,63.7,20.92,86.4,5.69,1588.87,Vegetables,Peaty,Local-1
99.45,56.92,112.86,22.38,65.91,7.29,1690.61,Cotton,Clay,Suraj
41.83,37.0,70.98,27.16,49.48,6.63,1100.0,Watermelon,Sandy,Crimson Sweet
85.09,53.86,89.33,29.65,72.23,6.63,1721.73,Groundnut,Silty,GG-20
89.84,43.1,89.67,33.31,68.35,7.16,1800.0,Tomato,Loamy,Pusa Ruby
53.4,48.1,90.19,29.64,56.05,7.86,958.41,Wheat,Chalky,Lok-1
57.9,23.27,42.14,34.03,55.31,6.52,600.61,Watermelon,Sandy,Arka Manik
102.72,26.26,74.78,17.88,70.78,5.39,2600.0,Rice,Peaty,IR64
48.83,55.56,102.81,28.1,53.46,7.96,705.75,Wheat,Chalky,Lok-1
92.67,50.65,81.03,21.92,72.2,6.67,1569.24,Maize,Silty,Pioneer-3396
58.43,26.25,23.09,29.7,48.62,6.61,531.05,Potato,Sandy,Kufri Bahar
67.68,39.78,91.26,26.87,55.45,6.85,1292.04,Cotton,Loamy,Bt-1
114.38,41.55,70.75,20.72,82.49,6.18,1978.74,Tea,Peaty,TV-23
67.92,59.87,90.22,19.56,72.37,6.98,1054.54,Maize,Silty,Pioneer-3396
75.58,52.29,99.15,24.85,74.82,6.51,874.84,Potato,Loamy,Kufri Jyoti
84.72,52.48,111.9,28.67,80.05,6.9,1526.53,Rice,Clay,Swarna
57.56,57.26,78.84,33.19,51.08,7.7,759.28,Millet,Chalky,HHB-67
111.67,34.1,94.82,23.89,67.47,6.91,1489.51,Wheat,Loamy,PBW-343
64.2,37.77,100.69,25.53,82.45,6.76,1418.36,Vegetables,Silty,Hybrid-B
36.73,31.08,53.92,30.57,60.01,5.76,670.52,Watermelon,Sandy,Crimson Sweet
106.05,64.41,131.72,22.3,65.51,6.72,1417.91,Rice,Clay,IR64
95.41,46.76,101.61,22.82,66.37,6.3,1517.75,Wheat,Clay,PBW-343
63.09,56.15,75.5,26.11,65.81,6.8,628.12,Maize,Loamy,HQPM-1
52.7,34.63,45.3,28.68,36.74,6.08,594.48,Wheat,Sandy,HD-2967
103.84,27.42,62.95,24.77,73.23,5.6,1945.67,Vegetables,Peaty,Local-1
71.02,36.04,86.48,19.7,62.75,7.35,1071.58,Maize,Silty,DHM-117
117.65,64.57,115.59,24.75,72.5,7.09,1465.26,Sugarcane,Clay,Co-86032
50.99,41.31,50.44,25.5,38.79,7.94,637.29,Millet,Chalky,RHB-173
38.92,16.63,43.32,23.8,37.17,6.81,740.97,Potato,Sandy,Kufri Pukhraj
77.62,45.88,113.01,24.78,69.66,7.62,1153.7,Potato,Silty,Kufri Pukhraj
80.68,51.39,84.86,26.44,58.72,7.67,1474.9,Cotton,Loamy,Bt-2
39.67,27.22,60.24,31.22,39.1,5.96,836.55,Watermelon,Sandy,Crimson Sweet
123.42,24.03,58.19,22.17,76.9,4.62,1661.15,Vegetables,Peaty,Hybrid-A
124.42,43.85,72.01,13.45,78.43,4.41,1588.61,Rice,Peaty,IR64
73.51,51.4,101.0,29.31,63.82,6.91,1140.58,Wheat,Silty,HD-2967
38.8,44.21,101.65,30.35,42.39,8.16,984.91,Maize,Chalky,DHM-117
111.68,23.27,58.21,22.26,75.54,6.4,1587.7,Tea,Peaty,UPASI-9
51.99,27.63,70.0,30.02,39.09,6.2,455.27,Groundnut,Sandy,GG-20
103.9,31.05,104.36,20.23,70.08,6.5,700.0,Wheat,Clay,PBW-343
78.01,53.72,69.19,20.88,80.86,6.57,1659.14,Rice,Silty,Basmati-370
62.94,47.79,138.66,26.24,69.87,7.02,1551.86,Sugarcane,Clay,Co-86032
73.59,68.21,91.14,23.58,61.73,6.75,1241.57,Vegetables,Silty,Local-1
113.19,30.59,83.99,24.45,76.35,5.19,1862.56,Vegetables,Peaty,Hybrid-A
82.08,39.96,90.21,30.41,64.92,7.63,1250.68,Maize,Loamy,Pioneer-3396
92.93,54.83,95.55,21.96,69.16,7.25,1559.47,Maize,Silty,Pioneer-3396
20.77,45.0,66.66,29.39,39.47,6.72,755.98,Watermelon,Sandy,Sugar Baby
70.04,44.82,111.68,21.8,62.16,6.14,1105.29,Soybean,Loamy,NRC-37
93.67,58.32,131.63,25.6,78.89,7.16,1500.53,Cotton,Clay,Bt-2
36.41,26.44,54.36,32.6,42.99,6.14,629.38,Potato,Sandy,Kufri Jyoti
68.09,65.01,80.76,22.16,65.63,6.63,1261.2,Maize,Silty,Pioneer-3396
67.21,44.26,104.0,22.08,69.67,6.93,1446.62,Soybean,Silty,MAUS-71
49.57,35.62,59.12,32.3,41.44,6.21,655.59,Watermelon,Sandy,Crimson Sweet
92.77,48.79,112.07,21.2,71.47,7.01,1463.3,Wheat,Silty,PBW-343
69.02,53.22,105.65,27.83,72.5,6.02,1130.96,Rice,Silty,Basmati-370
74.93,49.66,79.06,29.0,61.7,6.69,1203.87,Cotton,Loamy,Suraj
94.25,38.85,53.89,22.96,79.44,4.68,1508.51,Potato,Peaty,Kufri Jyoti
59.03,28.18,81.58,30.98,44.25,6.54,619.89,Watermelon,Sandy,Sugar Baby
99.82,43.8,79.78,27.54,81.02,6.94,956.53,Wheat,Clay,HD-2967
64.2,30.83,64.67,33.82,53.69,6.56,772.81,Millet,Sandy,HHB-67
137.59,31.38,58.65,23.51,81.59,6.11,2040.35,Tea,Peaty,UPASI-9
67.16,49.92,96.66,22.87,62.42,7.12,997.75,Maize,Loamy,Pioneer-3396
96.35,43.73,84.45,31.98,72.76,6.54,1218.95,Sugarcane,Clay,Co-0118
61.81,29.33,105.19,19.9,69.69,6.53,1109.11,Rice,Silty,IR64
61.69,56.15,117.53,23.95,69.25,7.11,1178.88,Sugarcane,Loamy,Co-86032
37.76,30.07,52.29,34.22,47.23,6.26,900.49,Watermelon,Sandy,Arka Manik
80.27,48.6,83.11,22.35,80.32,6.82,1506.13,Vegetables,Silty,Hybrid-B
92.59,50.91,100.44,23.98,61.15,6.83,1122.53,Maize,Loamy,DHM-117
91.9,41.01,83.27,25.27,54.12,5.85,1467.62,Tomato,Loamy,Pusa Ruby
112.48,45.52,122.68,31.32,73.46,6.73,1324.32,Sugarcane,Clay,Co-0238
62.95,50.3,76.62,23.77,75.74,7.63,1233.87,Sugarcane,Loamy,Co-86032
48.31,46.69,96.28,27.98,37.94,8.18,879.69,Maize,Chalky,DHM-117
90.71,37.47,56.6,22.78,79.55,5.68,2283.47,Vegetables,Peaty,Hybrid-A
70.15,68.29,123.94,26.2,68.05,6.32,1146.21,Rice,Clay,Basmati-370
41.42,65.78,85.51,23.66,50.5,7.36,506.82,Cotton,Chalky,Bt-1
77.26,47.22,93.59,25.77,63.21,6.92,993.14,Sugarcane,Loamy,Co-0118
76.62,50.25,97.16,27.62,69.21,6.93,980.45,Maize,Silty,HQPM-1
46.08,65.89,91.51,25.67,44.12,7.87,815.78,Wheat,Chalky,Lok-1
116.72,40.1,97.62,23.86,72.0,6.77,1236.53,Wheat,Clay,PBW-343
58.71,46.33,102.79,25.14,64.6,7.62,1247.46,Maize,Loamy,DHM-117
39.99,26.02,81.4,29.13,38.39,5.92,861.35,Barley,Sandy,DWRB-73
103.82,46.33,104.16,25.32,69.46,7.04,1644.4,Cotton,Clay,Bt-1
125.87,50.35,110.98,20.12,68.62,5.77,1062.96,Sugarcane,Clay,Co-0238
44.9,27.42,111.48,27.56,35.09,7.94,705.62,Wheat,Chalky,Lok-1
93.15,69.12,112.97,24.44,81.36,6.71,1376.89,Wheat,Clay,Lok-1
114.31,52.68,75.76,25.04,72.82,6.84,1233.69,Rice,Silty,Swarna
89.91,36.23,88.67,27.14,71.47,7.51,987.41,Tomato,Loamy,Roma
68.89,51.81,104.9,27.32,71.7,7.51,1388.2,Vegetables,Silty,Hybrid-B
62.1,54.05,76.59,29.9,58.92,6.85,1294.93,Maize,Loamy,Pioneer-3396
41.34,41.34,58.12,24.44,56.46,8.19,733.37,Millet,Chalky,ICTP-8203
55.32,21.92,64.67,29.92,40.8,6.71,497.53,Watermelon,Sandy,Arka Manik
38.56,68.86,63.74,23.21,34.73,7.78,704.92,Cotton,Chalky,Suraj
98.3,52.28,130.12,23.46,69.78,5.98,1973.24,Cotton,Clay,Bt-2
82.32,39.86,90.85,26.07,66.69,6.18,1176.38,Sugarcane,Loamy,Co-86032
85.38,34.23,65.59,21.05,80.83,5.22,1908.83,Potato,Peaty,Kufri Bahar
43.33,23.63,49.14,31.29,46.33,6.28,558.71,Watermelon,Sandy,Crimson Sweet
70.69,37.56,102.18,19.88,62.93,6.89,1305.12,Wheat,Silty,HD-2967
35.68,24.41,48.84,35.96,53.51,5.89,731.84,Millet,Sandy,HHB-67
66.17,41.47,50.0,25.07,53.9,7.28,974.74,Maize,Loamy,DHM-117
77.38,69.98,113.72,26.75,62.83,8.0,1339.74,Sugarcane,Clay,Co-86032
54.08,48.02,103.22,29.56,68.23,6.6,1685.08,Rice,Silty,Swarna
81.43,61.05,88.89,28.98,67.85,6.79,896.39,Soybean,Loamy,JS-335
112.86,53.63,86.35,23.16,72.92,6.17,1147.74,Vegetables,Clay,Hybrid-A
87.8,42.94,64.58,24.18,74.34,6.66,1327.49,Vegetables,Silty,Hybrid-A
130.71,41.05,71.43,22.69,74.59,5.71,1452.61,Potato,Peaty,Kufri Jyoti
82.42,47.03,86.4,21.93,70.01,6.23,1514.34,Vegetables,Silty,Hybrid-B
65.46,24.12,60.6,27.29,29.1,6.39,735.55,Groundnut,Sandy,JL-24
50.73,48.61,91.31,26.09,60.78,8.78,830.93,Wheat,Chalky,Lok-1
45.66,53.88,98.41,28.3,60.1,7.86,572.66,Millet,Chalky,RHB-173
88.56,43.8,112.59,28.01,71.8,7.1,1515.36,Cotton,Clay,Suraj
48.5,54.95,75.5,23.18,64.6,6.99,1483.62,Maize,Silty,HQPM-1
51.56,45.81,65.51,26.67,51.63,8.08,493.13,Vegetables,Chalky,Hybrid-B
110.15,15.0,48.59,16.3,69.86,5.32,1764.09,Sugarcane,Peaty,Co-0238
57.2,67.1,103.89,23.25,45.49,7.5,1196.22,Cotton,Chalky,Bt-2
101.14,44.64,121.62,25.96,86.48,6.71,2027.14,Wheat,Clay,Lok-1
117.75,44.57,42.34,20.96,70.22,5.07,1959.81,Wheat,Peaty,PBW-343
75.0,33.33,42.36,31.82,39.29,5.73,618.06,Groundnut,Sandy,GG-20
97.94,72.49,93.69,25.3,65.6,7.35,1571.09,Cotton,Clay,Bt-2
80.0,53.97,116.08,23.99,34.89,7.79,801.86,Wheat,Chalky,Lok-1
53.64,60.62,95.33,18.38,45.89,7.94,851.13,Millet,Chalky,RHB-173
53.11,26.18,48.22,25.67,29.79,6.19,684.24,Potato,Sandy,Kufri Bahar
87.78,69.57,114.82,27.91,74.87,6.76,1168.89,Maize,Silty,Pioneer-3396
110.9,40.77,59.2,27.39,50.53,6.48,1343.71,Soybean,Loamy,NRC-37
127.6,78.5,96.64,24.31,78.51,6.99,1653.67,Rice,Clay,Swarna
51.75,80.08,108.78,23.76,51.68,8.18,1105.28,Cotton,Chalky,Suraj
80.34,36.09,96.33,20.95,67.47,7.45,1477.0,Cotton,Silty,Suraj
112.16,25.19,52.79,15.79,74.98,4.96,1593.65,Wheat,Peaty,Lok-1
113.63,36.34,96.73,24.6,47.6,7.01,1071.66,Cotton,Loamy,Suraj
129.13,42.6,67.39,22.16,81.55,6.5,2084.54,Tea,Peaty,TV-23
52.86,48.45,57.21,29.38,41.26,8.07,740.97,Millet,Chalky,ICTP-8203
63.44,69.87,100.02,26.16,74.9,6.39,1400.4,Wheat,Loamy,Lok-1
87.37,38.99,96.65,24.12,61.38,6.55,1377.81,Wheat,Silty,HD-2967
105.13,53.79,106.81,23.66,67.19,7.31,1529.17,Cotton,Clay,Bt-1
75.0,24.72,58.12,27.64,49.06,6.67,578.89,Watermelon,Sandy,Arka Manik
44.4,45.7,74.65,20.17,73.17,6.84,1832.37,Rice,Silty,IR64
59.53,43.65,86.53,30.49,54.89,6.77,1293.5,Maize,Loamy,Pioneer-3396
83.06,41.65,91.84,25.88,52.26,6.9,1190.24,Soybean,Loamy,JS-335
111.12,42.95,55.8,16.33,85.77,5.28,1801.27,Rice,Peaty,IR64
50.59,54.55,101.94,24.84,53.57,8.46,758.88,Wheat,Chalky,PBW-343
93.92,58.7,120.2,27.08,62.92,6.76,1482.48,Rice,Silty,Swarna
76.16,32.89,88.96,21.9,68.89,7.21,968.5,Sugarcane,Loamy,Co-0118
83.21,50.44,67.24,28.04,52.03,7.28,1382.43,Vegetables,Silty,Local-1
148.56,28.22,54.74,17.71,85.65,4.3,1629.18,Rice,Peaty,Basmati-370
100.83,43.79,70.15,14.98,69.44,5.11,1170.92,Maize,Peaty,DHM-117
57.43,59.45,100.82,22.45,41.43,8.1,708.17,Maize,Chalky,DHM-117
105.61,49.41,91.24,23.86,76.53,6.81,1235.07,Wheat,Clay,PBW-343
50.8,39.73,106.83,34.0,60.89,6.32,1081.5,Soybean,Loamy,MAUS-71
65.25,22.13,79.9,29.75,43.25,5.39,728.34,Groundnut,Sandy,JL-24
79.08,54.36,109.04,22.62,69.73,6.86,1544.07,Vegetables,Silty,Local-1
114.84,41.32,78.2,28.6,68.72,7.05,1022.43,Sugarcane,Loamy,Co-0238
126.61,37.72,63.21,12.0,81.53,5.81,1362.62,Potato,Peaty,Kufri Bahar
97.49,54.98,106.01,27.06,64.32,6.68,1574.59,Wheat,Clay,PBW-343
58.24,51.98,62.74,27.05,37.71,8.19,914.06,Barley,Chalky,DWRB-73
55.53,33.05,84.0,30.23,66.05,6.85,986.7,Maize,Loamy,DHM-117
124.61,41.6,50.4,14.28,74.89,5.75,1354.04,Vegetables,Peaty,Hybrid-A
69.3,63.2,77.93,23.04,28.2,7.68,1069.77,Millet,Chalky,RHB-173
82.74,52.01,72.28,25.84,70.72,6.87,1839.62,Maize,Silty,HQPM-1
88.58,40.12,105.39,25.24,83.55,7.33,1580.14,Vegetables,Silty,Hybrid-B
117.25,49.23,67.84,21.37,73.84,4.7,1665.33,Cotton,Peaty,Bt-2
110.2,23.36,48.12,18.21,86.78,5.31,1345.72,Potato,Peaty,Kufri Bahar
77.99,80.49,97.38,20.97,74.65,6.95,1582.13,Cotton,Clay,Suraj
89.46,48.8,104.16,26.18,75.13,5.85,1230.7,Rice,Clay,Basmati-370
17.04,57.76,101.2,23.87,55.88,8.43,887.84,Wheat,Chalky,HD-2967
68.15,69.43,87.95,25.39,67.52,6.72,1256.52,Wheat,Silty,PBW-343
72.11,50.98,87.66,25.43,61.6,6.72,1628.79,Maize,Silty,DHM-117
57.01,55.36,74.46,22.62,44.27,8.59,827.35,Wheat,Chalky,PBW-343
121.62,57.47,93.39,21.99,73.77,4.79,1592.63,Tea,Peaty,UPASI-9
102.49,56.63,89.56,23.23,68.72,6.43,841.19,Wheat,Loamy,HD-2967
83.2,56.48,69.69,23.77,71.87,6.72,2072.78,Rice,Silty,IR64
113.79,43.92,59.55,17.29,77.98,5.33,2177.87,Potato,Peaty,Kufri Bahar
42.08,29.5,71.28,30.63,32.44,6.39,1009.11,Potato,Sandy,Kufri Jyoti
78.36,51.55,86.39,23.1,78.38,6.38,1605.54,Maize,Silty,Pioneer-3396
60.77,43.27,63.89,20.35,51.48,7.6,423.59,Cotton,Chalky,Suraj
69.45,59.4,85.34,28.83,69.19,6.98,1652.09,Rice,Silty,Swarna
54.62,48.98,77.81,26.89,40.49,7.89,641.03,Wheat,Chalky,PBW-343
66.43,25.0,126.06,23.77,62.87,6.8,1320.39,Cotton,Clay,Bt-1
109.47,34.99,81.49,27.15,61.03,7.02,861.28,Maize,Loamy,HQPM-1
37.06,73.81,103.35,29.89,55.82,7.88,1133.82,Wheat,Chalky,PBW-343
52.96,45.93,78.9,28.0,55.31,7.67,1318.53,Wheat,Loamy,Lok-1
74.9,45.46,88.49,24.98,57.86,6.58,1071.89,Tomato,Loamy,Pusa Ruby
133.84,55.22,67.63,16.99,78.92,6.18,1475.87,Tea,Peaty,TV-23
61.12,48.99,73.39,25.18,63.55,6.03,1645.43,Vegetables,Silty,Local-1
63.21,57.02,88.62,23.54,60.6,7.32,1042.57,Maize,Silty,Pioneer-3396
93.49,57.12,110.37,30.36,57.4,6.25,1414.79,Tomato,Loamy,Pusa Ruby
107.26,54.07,119.68,28.27,65.14,6.75,700.0,Cotton,Clay,Bt-1
65.26,50.59,75.79,25.54,61.38,6.49,1094.78,Cotton,Silty,Bt-2
106.35,47.63,88.36,27.73,62.83,6.89,1143.07,Sugarcane,Loamy,Co-0238
36.44,57.49,82.53,27.59,44.23,7.8,752.73,Wheat,Chalky,PBW-343
50.22,63.73,97.91,30.4,43.11,8.12,518.35,Wheat,Chalky,PBW-343
45.99,73.35,62.91,29.97,54.18,8.18,915.91,Wheat,Chalky,Lok-1
72.7,40.65,58.51,28.43,53.97,7.15,1190.07,Wheat,Loamy,HD-2967
122.92,39.67,68.94,17.47,86.66,5.49,1486.8,Tea,Peaty,TV-23
47.61,68.6,93.89,24.63,54.49,7.76,909.25,Cotton,Chalky,Suraj
78.67,38.94,97.08,28.01,70.39,7.0,1685.66,Wheat,Silty,PBW-343
124.71,45.95,82.81,19.71,77.5,5.46,1681.24,Potato,Peaty,Kufri Jyoti
86.68,71.69,114.65,30.11,63.13,7.06,1193.16,Rice,Clay,Swarna
48.18,58.24,95.41,30.0,56.06,8.27,569.98,Millet,Chalky,ICTP-8203
54.16,32.03,40.94,26.12,44.51,6.64,411.53,Millet,Sandy,HHB-67
105.86,41.98,141.27,24.36,82.28,6.65,1376.86,Tea,Clay,TV-1
95.9,52.56,130.07,21.77,70.91,7.44,1022.3,Rice,Clay,Swarna
81.41,44.91,89.62,22.13,64.6,6.4,1547.74,Wheat,Silty,Lok-1
59.06,31.96,50.23,26.94,46.44,6.77,742.0,Millet,Sandy,RHB-173
49.14,54.06,109.76,28.54,40.58,7.83,808.22,Watermelon,Chalky,Crimson Sweet
53.48,32.14,35.4,26.98,39.44,6.15,452.36,Vegetables,Sandy,Local-1
104.0,18.96,86.39,23.57,80.42,5.43,1510.15,Tea,Peaty,TV-23
89.59,48.63,149.07,24.89,79.59,6.98,1331.29,Wheat,Clay,HD-2967
86.57,38.99,61.88,22.3,67.4,6.45,1604.17,Tea,Peaty,TV-1
125.02,46.43,98.24,27.95,75.61,6.26,1764.04,Wheat,Clay,Lok-1
108.79,50.63,73.0,27.33,66.25,6.84,1124.29,Cotton,Clay,Bt-2
86.81,51.75,79.63,31.17,61.45,7.19,1065.5,Cotton,Loamy,Suraj
99.53,46.07,63.57,20.56,80.57,4.65,2336.46,Rice,Peaty,IR64
119.47,48.79,102.8,22.12,68.26,8.0,992.31,Sugarcane,Clay,Co-0238
113.66,41.55,83.59,21.59,89.02,4.56,2433.7,Millet,Peaty,HHB-67
64.95,48.76,90.12,34.0,70.43,7.23,1667.96,Wheat,Loamy,Lok-1
81.92,52.6,57.75,24.01,73.09,6.53,1349.29,Rice,Silty,Basmati-370
132.59,47.94,59.5,20.79,84.87,5.55,1128.38,Vegetables,Peaty,Hybrid-A
89.22,50.38,125.63,25.98,80.48,6.67,1210.16,Cotton,Clay,Bt-1
85.98,79.23,119.31,25.25,74.18,6.69,1078.24,Wheat,Clay,HD-2967
93.06,49.87,77.52,18.64,80.39,5.54,2257.73,Rice,Peaty,IR64
93.71,38.17,104.04,27.28,81.66,7.27,1419.75,Wheat,Clay,PBW-343
71.27,48.73,83.87,28.54,54.46,6.75,1458.73,Wheat,Loamy,Lok-1
113.58,44.75,105.9,23.3,79.28,6.64,2024.94,Cotton,Clay,Bt-2
62.11,41.48,68.5,26.38,48.47,6.1,721.41,Watermelon,Sandy,Sugar Baby
32.46,51.4,111.71,27.35,42.54,7.88,842.06,Barley,Chalky,DWRB-73
50.06,30.31,55.71,26.3,43.05,6.47,933.06,Millet,Sandy,ICTP-8203
122.34,43.02,73.68,16.85,81.03,5.16,1660.94,Rice,Peaty,IR64
64.59,71.1,90.31,18.43,74.15,7.73,751.38,Maize,Silty,HQPM-1
114.27,39.91,104.0,16.65,79.89,5.45,1245.57,Potato,Peaty,Kufri Bahar
86.43,56.26,98.5,27.59,58.11,6.11,1369.26,Sugarcane,Silty,Co-0238
115.23,47.4,92.3,20.19,91.56,4.88,2085.02,Tea,Peaty,UPASI-9
41.91,16.33,50.83,30.96,38.1,7.12,804.51,Potato,Sandy,Kufri Jyoti
35.44,32.35,53.09,30.75,39.37,6.15,674.06,Millet,Sandy,ICTP-8203
110.3,69.67,104.36,24.46,74.8,6.51,1182.44,Wheat,Clay,PBW-343
59.59,34.76,79.27,33.42,55.33,8.15,1144.55,Cotton,Chalky,Bt-2
84.65,49.19,95.5,27.37,68.87,6.63,1220.2,Soybean,Loamy,JS-335
130.29,32.3,80.71,23.58,86.43,5.43,1720.39,Potato,Peaty,Kufri Jyoti
91.93,48.53,128.55,21.93,59.72,6.67,1406.21,Tomato,Loamy,Roma
89.61,55.12,120.27,21.52,76.5,6.85,1510.72,Sugarcane,Clay,Co-0238
77.47,40.5,99.96,21.59,72.25,7.02,1603.91,Tomato,Loamy,Roma
32.92,41.34,122.03,24.84,56.9,7.92,746.54,Barley,Chalky,DWRB-73
93.18,58.61,101.6,24.44,67.21,6.57,1653.05,Sugarcane,Clay,Co-0238
122.95,69.64,92.31,23.75,69.25,7.06,1299.36,Sugarcane,Clay,Co-0238
48.34,53.25,88.96,28.15,36.05,7.93,771.34,Rice,Chalky,IR64
76.2,40.63,118.68,28.89,70.17,6.7,1328.2,Maize,Loamy,Pioneer-3396
77.71,46.85,89.69,22.52,75.99,5.97,972.73,Barley,Silty,BH-902
105.28,60.97,89.84,27.81,72.24,7.36,1871.62,Rice,Clay,Swarna
34.67,60.92,103.34,26.21,37.52,7.46,917.57,Wheat,Chalky,PBW-343
58.11,33.03,59.7,26.91,54.83,5.94,721.31,Millet,Sandy,HHB-67
45.03,19.29,70.48,32.37,58.83,7.22,464.63,Groundnut,Sandy,TAG-24
31.68,72.49,77.83,26.55,63.71,7.76,798.11,Potato,Chalky,Kufri Jyoti
132.12,56.99,87.12,16.96,80.24,5.61,1739.7,Potato,Peaty,Kufri Jyoti
71.61,62.98,137.34,29.99,77.14,6.62,1525.85,Sugarcane,Clay,Co-0118
78.1,32.47,103.19,28.43,78.97,6.44,1612.0,Vegetables,Silty,Hybrid-B
51.47,30.06,59.06,35.78,51.1,5.62,904.41,Groundnut,Sandy,TAG-24
65.23,23.05,85.78,25.96,54.81,6.31,1196.29,Wheat,Loamy,Lok-1
107.88,72.8,97.35,28.25,79.81,6.65,1681.03,Rice,Clay,IR64
46.91,21.21,66.55,25.25,40.73,6.06,1025.45,Potato,Sandy,Kufri Pukhraj
49.52,44.34,70.7,24.28,52.82,8.1,375.96,Wheat,Chalky,Lok-1
47.44,68.81,112.89,22.08,41.87,8.32,545.86,Cotton,Chalky,Bt-2
90.08,30.77,94.33,30.05,63.66,6.3,1122.96,Maize,Loamy,HQPM-1
109.51,54.65,59.24,18.99,83.28,6.12,1811.06,Potato,Peaty,Kufri Pukhraj
69.16,50.72,105.26,23.56,66.27,7.1,1791.7,Wheat,Silty,HD-2967
78.38,28.84,98.95,26.75,58.85,6.71,1426.06,Rice,Silty,Basmati-370
56.51,65.88,99.59,18.83,81.56,6.89,650.0,Vegetables,Silty,Hybrid-A
67.62,43.52,85.98,31.09,62.4,8.1,409.57,Barley,Chalky,RD-2552
98.48,40.81,51.51,26.29,65.4,6.72,1407.68,Wheat,Silty,Lok-1
34.91,25.03,56.73,36.51,46.68,6.28,816.06,Millet,Sandy,ICTP-8203
82.93,46.48,126.21,21.58,64.92,6.8,1485.31,Vegetables,Silty,Local-1
63.36,46.55,73.33,25.32,59.47,6.56,1550.7,Wheat,Silty,HD-2967
63.01,34.25,51.36,27.15,56.85,6.36,653.72,Watermelon,Sandy,Sugar Baby
126.28,46.54,74.0,18.44,75.12,4.9,1447.86,Vegetables,Peaty,Local-1
70.53,34.74,92.81,24.73,75.07,6.1,1404.04,Wheat,Silty,PBW-343
30.97,63.77,91.87,27.44,45.39,8.01,1108.39,Wheat,Chalky,PBW-343
98.34,43.26,86.35,20.43,68.54,6.22,1677.84,Sugarcane,Silty,Co-86032
33.62,19.44,49.68,29.44,46.94,6.58,619.93,Potato,Sandy,Kufri Jyoti
112.49,53.11,75.39,22.16,76.76,6.6,1418.21,Rice,Clay,IR64
123.46,38.38,50.52,19.48,73.39,4.46,2033.61,Potato,Peaty,Kufri Jyoti
82.53,38.24,82.15,23.43,76.31,7.54,1121.23,Millet,Silty,RHB-173
119.61,40.0,31.98,18.79,70.94,4.95,1634.7,Rice,Peaty,Basmati-370
94.83,58.78,63.3,24.58,54.36,7.63,1098.39,Vegetables,Loamy,Hybrid-B
131.66,50.02,71.45,24.31,77.01,5.9,2056.1,Vegetables,Peaty,Hybrid-A
160.0,23.1,78.85,25.64,74.13,5.39,1543.93,Potato,Peaty,Kufri Jyoti
64.09,63.23,94.42,31.92,62.34,7.71,570.51,Wheat,Chalky,HD-2967
108.88,65.85,104.56,20.03,78.89,7.05,1692.91,Cotton,Clay,Bt-1
101.37,40.97,72.09,16.17,76.66,5.6,1665.06,Cotton,Peaty,Suraj
69.82,40.79,110.69,25.28,66.88,7.0,1416.96,Rice,Clay,Swarna
97.81,41.71,89.21,26.88,64.4,7.19,1183.89,Maize,Loamy,HQPM-1
49.19,38.1,81.75,27.85,45.48,7.37,678.66,Groundnut,Chalky,GG-20
45.87,24.72,36.19,30.23,38.83,5.87,635.65,Millet,Sandy,ICTP-8203
68.97,43.9,64.69,26.19,72.1,6.88,1642.58,Rice,Silty,Basmati-370
83.13,42.47,111.46,30.53,59.52,6.41,1504.39,Cotton,Loamy,Bt-1
75.66,49.5,78.04,27.77,64.19,6.56,1221.61,Wheat,Loamy,HD-2967
128.77,65.0,74.6,19.59,91.57,4.35,1824.49,Rice,Peaty,IR64
84.1,32.23,64.16,20.14,78.28,5.35,2197.67,Vegetables,Peaty,Hybrid-A
57.21,31.92,53.72,26.23,44.32,6.38,802.95,Millet,Sandy,HHB-67
55.74,40.39,98.08,25.09,75.96,6.44,1583.24,Wheat,Silty,Lok-1
95.5,43.78,62.06,23.64,78.05,5.08,1467.69,Rice,Peaty,IR64
89.31,50.48,109.84,31.74,74.61,6.77,1086.82,Wheat,Clay,HD-2967
36.31,49.63,64.06,20.81,56.73,8.28,599.26,Cotton,Chalky,Bt-2
48.78,28.38,62.8,29.82,39.39,6.12,778.62,Millet,Sandy,HHB-67
100.53,41.26,60.69,21.06,91.66,5.07,1582.03,Potato,Peaty,Kufri Pukhraj
51.99,51.74,88.65,26.5,43.29,8.12,669.0,Cotton,Chalky,Bt-2
77.63,60.85,63.93,28.18,70.86,7.02,1654.85,Soybean,Loamy,MAUS-71
84.88,63.2,110.41,24.18,70.16,6.85,947.3,Maize,Silty,DHM-117
47.89,29.18,67.48,33.01,39.23,6.28,601.68,Potato,Sandy,Kufri Pukhraj
37.44,68.81,91.55,25.28,44.41,7.32,953.46,Barley,Chalky,BH-902
41.33,58.8,74.15,24.84,37.82,8.23,502.98,Wheat,Chalky,HD-2967
58.23,62.06,85.82,28.63,44.71,8.38,563.14,Wheat,Chalky,Lok-1
60.56,60.18,102.39,31.33,33.57,8.12,581.63,Barley,Chalky,DWRB-73
100.38,31.73,86.57,25.95,66.62,6.71,1177.26,Sugarcane,Loamy,Co-86032
149.57,36.44,92.62,25.46,78.22,5.39,1599.12,Tea,Peaty,TV-23
101.9,28.47,62.4,22.34,81.42,5.05,2110.38,Rice,Peaty,Basmati-370
39.15,74.4,117.88,25.12,42.18,7.93,405.4,Barley,Chalky,RD-2552
51.84,32.82,104.64,27.28,46.44,8.38,625.3,Millet,Chalky,RHB-173
40.8,30.37,38.93,31.95,55.61,6.99,790.82,Sugarcane,Sandy,Co-0118
64.28,29.09,52.05,32.16,40.56,6.36,646.28,Millet,Sandy,ICTP-8203
50.32,31.95,41.28,31.2,57.37,5.59,754.93,Watermelon,Sandy,Sugar Baby
80.31,41.89,45.0,22.55,71.0,6.27,1411.77,Rice,Silty,Basmati-370
62.54,24.8,43.12,35.05,54.73,6.31,627.04,Watermelon,Sandy,Sugar Baby
65.05,34.49,67.52,30.16,29.03,6.31,776.6,Wheat,Sandy,Lok-1
68.47,33.31,91.04,27.93,61.82,6.38,1176.7,Sugarcane,Loamy,Co-86032
118.6,46.73,125.2,26.38,75.42,6.33,1150.37,Rice,Clay,IR64
120.96,27.64,84.65,22.91,81.51,5.3,1774.78,Wheat,Peaty,HD-2967
114.4,46.85,48.95,22.23,84.72,5.06,1792.73,Rice,Peaty,Basmati-370
57.41,56.13,95.36,22.16,51.88,7.62,1042.83,Wheat,Chalky,Lok-1
51.32,55.78,107.77,26.8,44.19,8.38,559.22,Wheat,Chalky,HD-2967
34.24,57.59,109.26,29.13,46.45,8.0,699.48,Millet,Chalky,RHB-173
35.4,34.48,45.57,22.57,58.58,5.96,634.73,Watermelon,Sandy,Sugar Baby
124.77,32.08,44.26,23.19,77.89,5.33,900.0,Potato,Peaty,Kufri Bahar
75.77,48.87,100.49,26.01,57.5,6.34,1242.79,Tomato,Loamy,Arka Vikas
106.91,43.0,122.58,27.76,59.92,6.35,1013.54,Wheat,Loamy,Lok-1
94.89,68.86,88.23,23.58,75.27,7.48,1350.24,Rice,Clay,Swarna
129.09,57.02,124.62,27.53,64.8,6.69,1402.97,Cotton,Clay,Bt-2
76.31,38.95,92.92,23.96,57.06,6.18,1214.9,Maize,Loamy,DHM-117
124.52,53.45,105.76,22.22,74.29,6.76,1437.59,Sugarcane,Clay,Co-0118
49.38,24.7,40.59,25.45,32.97,6.14,661.09,Wheat,Sandy,HD-2967
44.1,28.84,61.85,32.16,49.25,6.2,582.32,Millet,Sandy,RHB-173
79.72,42.06,89.54,18.1,66.29,7.14,1905.83,Rice,Silty,Basmati-370
113.82,62.54,105.89,23.15,75.43,7.04,982.62,Wheat,Loamy,HD-2967
53.13,45.0,30.29,31.0,39.15,6.54,682.61,Cotton,Sandy,Bt-1
107.49,36.07,71.03,21.46,81.85,5.67,1801.19,Rice,Peaty,IR64
46.75,49.9,87.02,26.99,45.58,7.94,651.82,Maize,Chalky,HQPM-1
46.46,33.32,64.66,34.3,48.27,6.25,633.66,Potato,Sandy,Kufri Pukhraj
51.36,62.65,87.48,30.37,46.04,7.9,1270.03,Cotton,Chalky,Bt-2
108.76,40.59,75.19,24.06,78.33,6.39,1196.53,Vegetables,Peaty,Hybrid-B
31.24,17.63,40.34,33.8,42.6,6.31,518.82,Watermelon,Sandy,Sugar Baby
160.0,45.04,65.35,23.24,73.11,4.87,1561.6,Rice,Peaty,Swarna
81.16,52.56,107.34,26.91,60.75,6.42,1428.76,Vegetables,Silty,Hybrid-A
118.44,55.21,81.15,22.22,80.31,4.42,1513.79,Vegetables,Peaty,Local-1
40.24,33.01,46.54,32.1,51.2,6.83,594.47,Watermelon,Sandy,Crimson Sweet
72.55,50.47,79.69,26.03,55.03,7.22,1204.81,Maize,Loamy,DHM-117
44.04,26.5,45.46,28.64,44.69,6.49,625.24,Millet,Sandy,ICTP-8203
111.27,36.23,86.49,23.58,83.32,4.54,1945.94,Cotton,Peaty,Suraj
90.21,48.09,98.66,24.67,79.36,6.77,1821.44,Cotton,Clay,Bt-1
78.29,57.56,147.69,28.13,81.11,6.13,1394.77,Cotton,Clay,Bt-2
54.13,29.21,46.4,28.0,45.97,6.13,493.68,Rice,Sandy,Swarna
72.14,43.61,85.09,27.6,55.32,6.73,1574.46,Wheat,Loamy,PBW-343
38.32,43.58,119.75,25.85,49.43,7.66,1021.99,Wheat,Chalky,PBW-343
49.72,44.85,111.64,18.88,36.33,8.09,765.5,Millet,Chalky,RHB-173
131.25,35.79,96.7,21.9,79.94,5.98,1748.61,Rice,Peaty,Basmati-370
51.48,39.82,140.0,22.46,31.65,8.54,610.78,Barley,Chalky,RD-2552
68.87,61.62,71.19,26.52,65.73,6.79,910.65,Wheat,Loamy,Lok-1
93.03,54.67,82.18,18.97,70.83,5.22,1542.38,Millet,Peaty,ICTP-8203
91.0,47.3,83.37,26.11,61.01,7.24,1098.23,Soybean,Loamy,MAUS-71
45.45,48.68,82.1,27.06,56.45,7.28,850.96,Cotton,Chalky,Bt-1
118.94,21.92,63.7,21.72,83.72,5.02,1738.34,Rice,Peaty,IR64
108.65,50.98,95.12,20.48,80.89,5.31,1242.81,Tea,Peaty,UPASI-9
49.83,49.5,89.97,28.38,55.15,7.87,340.42,Millet,Chalky,RHB-173
28.73,30.97,45.28,33.92,40.17,6.03,763.45,Millet,Sandy,ICTP-8203
85.85,76.49,107.38,26.08,77.79,6.65,1460.32,Rice,Clay,Swarna
93.48,55.61,88.92,22.35,62.8,6.32,1241.52,Rice,Clay,Swarna
92.82,50.05,74.45,25.0,83.36,7.05,1341.68,Wheat,Clay,Lok-1
96.18,48.53,91.61,29.88,53.75,7.08,927.89,Tomato,Loamy,Roma
100.02,48.17,122.09,19.11,74.6,5.78,1540.19,Rice,Clay,Swarna
110.36,48.02,92.78,23.35,61.88,7.08,1203.43,Tomato,Loamy,Arka Vikas
117.42,46.53,83.39,13.09,79.32,4.62,1454.69,Rice,Peaty,IR64
112.79,27.82,78.24,28.0,74.68,5.44,1797.18,Rice,Peaty,Swarna
57.81,15.54,60.93,35.9,29.65,6.94,250.0,Groundnut,Sandy,JL-24
35.41,33.88,67.4,34.33,48.39,5.35,571.2,Watermelon,Sandy,Arka Manik
59.84,28.75,33.82,29.65,46.5,5.82,616.13,Watermelon,Sandy,Arka Manik
71.86,45.24,110.4,27.33,56.44,6.83,1181.39,Soybean,Loamy,JS-335
109.6,37.86,89.42,20.18,78.45,5.17,926.14,Watermelon,Peaty,Crimson Sweet
78.55,46.03,112.02,21.15,75.63,7.63,964.94,Maize,Silty,Pioneer-3396
51.54,35.46,76.35,27.0,54.04,7.66,1055.42,Rice,Chalky,Basmati-370
60.78,44.04,90.44,25.5,63.53,6.68,1094.76,Maize,Loamy,HQPM-1
71.23,46.16,76.78,27.4,56.65,6.38,1574.04,Rice,Silty,Basmati-370
35.22,67.83,116.44,23.88,50.02,7.93,567.9,Barley,Chalky,RD-2552
120.98,40.19,81.63,19.85,76.37,5.32,1868.64,Potato,Peaty,Kufri Jyoti
91.41,21.13,116.08,20.78,76.28,7.12,1291.02,Maize,Silty,Pioneer-3396
65.95,59.62,91.81,26.29,64.59,7.93,689.91,Cotton,Chalky,Suraj
53.5,22.82,84.01,32.73,55.03,6.64,977.87,Sugarcane,Sandy,Co-0118
52.49,31.33,30.36,35.65,35.83,6.95,841.98,Cotton,Sandy,Suraj
78.72,49.23,82.54,17.62,90.82,5.72,1825.18,Potato,Peaty,Kufri Bahar
73.02,52.59,99.11,26.18,74.19,6.9,1769.11,Vegetables,Silty,Hybrid-A
114.25,23.63,66.83,14.84,80.05,5.35,2307.14,Soybean,Peaty,MAUS-71
86.22,48.06,81.42,22.96,71.13,7.03,1358.5,Wheat,Loamy,Lok-1
148.43,53.67,47.31,16.46,88.28,5.2,1267.79,Rice,Peaty,Basmati-370
41.56,41.62,79.05,27.72,70.3,6.89,1658.69,Vegetables,Silty,Hybrid-B
128.56,48.62,88.53,20.42,74.25,5.08,2221.87,Vegetables,Peaty,Hybrid-A
27.02,28.0,41.51,28.74,47.34,5.83,701.85,Cotton,Sandy,Suraj
98.15,46.02,76.92,27.37,80.18,4.43,2227.33,Watermelon,Peaty,Sugar Baby
106.75,50.91,105.0,26.17,67.44,6.79,1195.34,Maize,Loamy,DHM-117
42.39,53.64,86.76,24.65,57.16,8.43,1004.88,Barley,Chalky,BH-902
51.02,50.41,73.9,23.92,67.89,7.05,1560.82,Wheat,Silty,PBW-343
115.5,36.18,97.79,21.4,79.67,5.39,1889.01,Wheat,Peaty,PBW-343
116.8,32.62,65.72,18.89,76.71,5.38,2121.93,Potato,Peaty,Kufri Bahar
34.29,29.75,54.82,32.12,49.2,6.4,765.99,Cotton,Sandy,Bt-2
88.27,67.99,122.08,27.83,72.14,7.26,1534.56,Rice,Clay,Swarna
112.34,55.56,109.62,24.79,80.92,6.85,1439.87,Sugarcane,Clay,Co-0238
59.48,27.04,78.41,29.39,34.28,5.57,399.11,Millet,Sandy,HHB-67
62.32,45.0,113.06,27.06,32.72,7.63,601.54,Cotton,Chalky,Suraj
62.87,33.44,83.84,24.8,79.05,6.9,1518.92,Vegetables,Silty,Hybrid-A
91.43,29.79,100.67,24.54,63.08,6.79,1165.82,Sugarcane,Loamy,Co-86032
70.16,56.6,98.07,24.53,47.85,7.99,840.0,Cotton,Chalky,Suraj
65.89,55.52,101.64,29.12,62.75,6.77,1157.98,Soybean,Loamy,NRC-37
77.32,37.61,126.03,23.64,75.92,6.48,1520.21,Rice,Silty,Swarna
95.1,48.53,119.48,28.35,70.02,7.16,1816.7,Potato,Clay,Kufri Bahar
91.41,61.66,118.61,27.54,65.12,6.81,1316.96,Rice,Clay,Swarna
50.71,26.88,45.86,36.81,41.52,6.02,745.94,Groundnut,Sandy,JL-24
46.58,49.66,53.96,29.66,34.67,7.89,698.2,Cotton,Chalky,Bt-2
54.98,50.17,105.62,19.9,70.06,6.77,1474.48,Maize,Silty,Pioneer-3396
110.74,54.72,69.17,19.82,81.26,4.84,1582.98,Potato,Peaty,Kufri Pukhraj
43.67,56.81,99.01,28.69,37.87,8.0,729.41,Millet,Chalky,HHB-67
89.34,59.63,119.76,25.79,69.84,6.81,1422.34,Sugarcane,Clay,Co-0238
81.21,37.53,113.92,26.56,62.06,7.36,1429.27,Wheat,Silty,HD-2967
113.39,64.63,110.36,26.97,77.05,6.68,1128.74,Soybean,Clay,MAUS-71
113.97,56.5,116.61,23.94,77.14,6.67,1803.69,Rice,Clay,Swarna
96.11,40.04,123.2,29.55,72.84,7.21,1494.81,Sugarcane,Clay,Co-86032
27.81,53.91,84.9,27.21,50.51,7.82,940.95,Millet,Chalky,HHB-67
139.87,39.29,97.6,23.79,76.05,5.3,1421.81,Vegetables,Peaty,Hybrid-A
65.85,56.04,85.25,31.29,40.27,7.98,772.41,Cotton,Chalky,Bt-2
83.07,33.6,82.65,25.38,67.16,6.59,1579.11,Vegetables,Silty,Hybrid-A
38.64,28.31,72.23,31.7,38.49,6.95,453.49,Groundnut,Sandy,JL-24
55.0,50.21,89.83,22.49,79.26,5.94,1535.05,Cotton,Clay,Bt-1
112.78,40.21,115.63,26.72,76.44,7.52,1112.59,Cotton,Clay,Bt-1
61.2,43.1,113.39,25.65,54.28,8.25,739.16,Wheat,Chalky,Lok-1
53.89,59.35,66.65,24.19,33.52,7.75,812.02,Barley,Chalky,DWRB-73
44.69,55.26,90.6,22.36,64.28,7.15,1564.58,Cotton,Silty,Suraj
48.53,45.85,51.15,27.94,45.69,7.71,914.68,Cotton,Chalky,Suraj
78.11,33.83,71.82,23.54,74.42,7.01,1224.79,Cotton,Silty,Bt-2
133.62,42.72,80.15,22.25,73.19,5.35,1789.24,Rice,Peaty,IR64
91.12,60.11,62.52,22.65,63.47,6.18,1239.74,Sugarcane,Loamy,Co-0118
61.32,24.23,52.02,29.68,40.11,6.61,734.31,Groundnut,Sandy,TAG-24
102.44,53.13,55.52,19.05,81.62,5.5,1713.93,Rice,Peaty,IR64
54.37,20.44,60.95,31.4,56.61,6.54,848.04,Groundnut,Sandy,GG-20
53.32,60.74,70.09,26.31,56.42,7.95,590.5,Wheat,Chalky,Lok-1
80.68,48.66,107.07,25.37,64.41,7.28,1169.25,Cotton,Loamy,Bt-2
74.18,63.28,115.42,23.17,52.68,7.1,1325.53,Soybean,Loamy,MAUS-71
69.8,55.71,94.85,22.71,62.35,6.09,771.81,Wheat,Silty,PBW-343
31.79,28.45,30.54,29.26,54.9,5.49,465.85,Groundnut,Sandy,TAG-24
46.12,43.83,123.64,23.77,48.75,8.09,561.13,Millet,Chalky,HHB-67
81.03,65.07,121.96,23.61,65.07,6.86,1432.66,Wheat,Clay,Lok-1
128.9,42.6,63.98,18.27,76.92,5.07,1891.47,Vegetables,Peaty,Hybrid-A
74.39,50.77,118.68,22.69,63.24,6.72,1642.73,Vegetables,Silty,Local-1
66.93,45.0,37.86,28.87,47.63,7.03,513.69,Watermelon,Sandy,Sugar Baby
63.05,36.33,96.47,20.02,57.66,6.04,1416.39,Rice,Silty,Swarna
116.7,54.8,55.96,17.57,67.27,5.25,2131.35,Tea,Peaty,TV-1
84.63,26.57,82.8,22.34,56.85,7.03,1322.3,Cotton,Loamy,Bt-2
49.91,68.09,90.87,22.91,50.3,7.46,794.68,Millet,Chalky,RHB-173
109.24,28.69,106.66,26.69,60.3,6.84,1302.29,Wheat,Loamy,HD-2967
117.13,51.49,122.19,25.12,67.61,6.84,1199.69,Cotton,Clay,Bt-1
99.69,31.4,59.47,14.22,74.89,5.47,1675.97,Rice,Peaty,Swarna
40.58,68.12,109.8,25.43,46.41,8.11,647.87,Millet,Chalky,RHB-173
86.0,33.44,89.74,27.84,54.22,6.42,1051.35,Cotton,Loamy,Bt-2
76.88,34.66,91.73,24.62,61.97,6.78,1347.72,Maize,Silty,HQPM-1
70.82,41.28,92.07,23.54,67.41,7.38,2037.78,Rice,Silty,Basmati-370
97.57,40.05,43.75,20.05,79.97,5.6,1593.62,Rice,Peaty,IR64
45.34,23.14,54.6,28.38,41.67,6.55,868.63,Groundnut,Sandy,TAG-24
53.22,54.58,119.7,27.94,43.04,7.88,752.93,Cotton,Chalky,Bt-2
129.96,43.99,72.68,23.4,80.94,5.05,2049.76,Tea,Peaty,TV-1
53.54,56.9,117.98,23.71,35.34,8.0,605.21,Wheat,Chalky,PBW-343
97.83,57.46,131.84,23.99,70.56,6.26,1505.78,Rice,Clay,Swarna
67.77,68.44,80.35,23.9,62.98,6.36,1353.76,Vegetables,Silty,Local-1
89.46,47.23,125.43,22.83,71.3,5.93,1002.46,Cotton,Clay,Bt-2
57.95,29.43,44.54,30.22,41.33,6.98,764.41,Millet,Sandy,HHB-67
33.64,55.08,81.62,27.41,59.41,8.02,655.76,Cotton,Chalky,Suraj
114.3,40.33,102.57,21.46,67.54,6.59,1706.54,Cotton,Clay,Bt-1
99.59,48.79,127.22,21.95,67.71,6.95,1489.05,Rice,Clay,Basmati-370
70.49,22.15,110.04,26.02,69.95,7.04,1455.33,Wheat,Loamy,PBW-343
127.85,34.34,53.63,14.77,77.17,4.86,1270.72,Potato,Peaty,Kufri Bahar
114.27,39.77,74.32,31.2,68.22,7.22,1245.2,Maize,Loamy,DHM-117
71.36,58.69,113.91,27.05,81.81,6.55,1358.96,Rice,Clay,Basmati-370
39.39,30.67,61.75,30.34,52.72,6.21,695.85,Maize,Sandy,Pioneer-3396
82.16,54.84,89.52,26.55,74.01,7.1,1306.68,Rice,Clay,Basmati-370
82.7,46.04,68.95,19.49,84.0,5.27,1238.95,Potato,Peaty,Kufri Pukhraj
42.17,31.93,51.17,31.24,48.9,6.45,766.19,Watermelon,Sandy,Arka Manik
68.81,46.46,68.15,25.73,68.09,6.66,1302.38,Sugarcane,Loamy,Co-0238
107.79,63.02,95.5,24.58,64.67,6.44,1741.27,Tomato,Loamy,Roma
80.04,43.77,114.09,25.36,50.94,6.84,1603.33,Wheat,Loamy,HD-2967
56.15,18.09,40.47,31.03,28.4,6.28,508.23,Sugarcane,Sandy,Co-0238
54.01,75.0,90.77,29.56,62.8,7.01,1044.98,Vegetables,Silty,Hybrid-B
39.15,24.46,75.49,33.4,39.72,6.1,466.26,Potato,Sandy,Kufri Jyoti
49.3,20.37,56.65,33.68,43.25,5.93,645.97,Cotton,Sandy,Suraj
101.18,58.95,112.06,26.49,68.21,6.24,1983.04,Millet,Clay,RHB-173
62.6,34.55,73.62,26.45,65.54,6.8,1491.3,Wheat,Silty,Lok-1
59.31,44.71,81.88,25.6,50.7,8.45,720.77,Wheat,Chalky,Lok-1
44.7,29.43,65.03,29.71,47.44,6.22,569.28,Potato,Sandy,Kufri Pukhraj
130.67,64.69,108.39,24.85,72.83,5.78,1456.77,Sugarcane,Clay,Co-0238
47.52,58.81,94.16,26.46,67.86,7.5,411.02,Wheat,Chalky,PBW-343
77.62,55.49,108.18,23.74,65.6,6.8,967.33,Tomato,Loamy,Arka Vikas
99.35,54.62,68.19,20.72,80.81,4.5,1653.34,Rice,Peaty,IR64
104.57,55.48,131.87,28.54,74.75,7.12,1774.11,Cotton,Clay,Bt-1
50.55,31.61,47.32,29.82,28.24,6.46,691.16,Potato,Sandy,Kufri Jyoti
108.2,31.42,87.04,18.84,75.05,6.19,1896.04,Rice,Peaty,Basmati-370
127.14,66.69,104.8,29.92,63.24,7.89,1168.68,Sugarcane,Clay,Co-0238
126.5,36.57,80.15,24.07,74.56,5.39,2415.5,Potato,Peaty,Kufri Bahar
77.23,60.35,90.07,23.59,67.27,6.75,1907.72,Maize,Silty,HQPM-1
54.89,24.44,63.26,30.64,57.15,6.74,848.44,Groundnut,Sandy,TAG-24
85.89,36.49,116.99,25.7,63.8,6.55,1455.35,Tomato,Loamy,Pusa Ruby
65.43,48.67,98.1,22.82,73.09,6.24,1193.1,Wheat,Silty,PBW-343
32.15,29.04,53.32,35.28,43.23,6.23,814.75,Soybean,Sandy,MAUS-71
100.65,55.6,117.83,22.99,74.03,6.73,1824.75,Rice,Clay,Swarna
101.4,66.18,92.16,31.35,66.83,7.35,1609.13,Wheat,Clay,PBW-343
101.51,42.42,58.81,20.45,80.05,5.8,1843.99,Vegetables,Peaty,Hybrid-A
99.72,49.83,56.98,21.81,85.85,5.73,1304.83,Groundnut,Peaty,GG-20
27.11,33.61,54.48,31.45,41.6,5.71,481.17,Millet,Sandy,ICTP-8203
77.55,47.35,90.69,22.95,62.65,6.69,1597.87,Wheat,Loamy,HD-2967
53.86,80.1,62.69,28.02,55.01,8.1,741.19,Cotton,Chalky,Suraj
69.91,43.45,85.66,20.69,68.28,7.21,1053.64,Tomato,Loamy,Roma
45.84,72.42,70.36,27.01,40.17,8.45,598.43,Wheat,Chalky,Lok-1
91.78,57.14,135.05,22.35,66.95,6.51,1226.39,Rice,Clay,Swarna
54.01,63.12,96.74,22.97,48.19,7.84,963.86,Cotton,Chalky,Bt-2
82.18,58.66,118.29,28.6,66.88,6.9,1375.49,Sugarcane,Clay,Co-0238
121.65,69.19,97.86,24.14,79.27,7.04,1374.22,Cotton,Clay,Bt-1
57.42,57.33,111.21,31.05,57.33,8.02,586.64,Millet,Chalky,RHB-173
121.19,33.03,79.84,13.48,81.55,5.01,1764.02,Potato,Peaty,Kufri Jyoti
98.97,55.27,83.14,26.09,59.31,7.01,1155.12,Sugarcane,Loamy,Co-0238
98.84,53.1,125.38,22.05,75.54,6.24,1171.83,Wheat,Clay,HD-2967
58.54,38.21,80.71,23.07,47.72,7.19,770.76,Soybean,Loamy,NRC-37
116.98,68.63,115.4,23.05,74.22,6.43,1841.21,Sugarcane,Clay,Co-0238
95.26,50.37,104.4,19.4,82.95,5.74,1607.52,Rice,Peaty,IR64
44.89,69.21,84.63,30.65,49.34,8.32,1094.39,Wheat,Chalky,Lok-1
67.17,33.26,87.43,25.59,69.79,5.92,1391.03,Maize,Silty,Pioneer-3396
41.58,36.19,47.49,24.17,43.28,6.5,730.9,Watermelon,Sandy,Crimson Sweet
118.81,38.16,69.34,30.24,62.16,6.91,1714.96,Soybean,Loamy,JS-335
94.13,51.82,131.06,21.31,79.86,6.45,738.97,Rice,Clay,IR64
94.57,59.63,97.62,24.59,65.95,6.95,1344.38,Wheat,Silty,Lok-1
41.94,64.86,60.29,27.6,39.93,8.01,603.73,Millet,Chalky,RHB-173
49.49,37.72,80.44,21.27,73.7,6.48,1397.57,Vegetables,Silty,Hybrid-A
73.98,58.69,88.26,18.65,63.75,6.47,1828.03,Rice,Silty,Swarna
123.61,35.8,64.06,21.6,82.05,5.47,1236.82,Tea,Peaty,TV-1
102.88,76.64,126.31,30.18,71.94,6.52,1784.68,Wheat,Clay,Lok-1
65.48,47.09,101.86,24.4,57.8,7.34,1358.28,Wheat,Loamy,HD-2967
64.76,41.76,107.04,30.6,80.98,6.54,873.56,Vegetables,Silty,Hybrid-A
53.78,53.66,90.08,25.54,74.35,7.05,1357.05,Rice,Silty,Basmati-370
101.01,31.03,112.52,28.07,63.41,6.28,1783.36,Sugarcane,Clay,Co-0238
86.99,66.37,105.97,29.77,70.69,6.29,1183.36,Wheat,Clay,Lok-1
88.2,45.18,112.14,21.85,63.68,6.63,2006.19,Vegetables,Silty,Hybrid-A
48.26,23.28,45.33,31.27,46.43,7.2,746.73,Groundnut,Sandy,JL-24
98.8,47.54,137.62,25.2,79.89,5.94,1543.11,Rice,Clay,Basmati-370
73.86,54.6,120.49,26.21,71.84,6.45,1378.85,Cotton,Clay,Suraj
150.01,27.65,63.98,19.79,77.03,5.81,2153.32,Potato,Peaty,Kufri Pukhraj
39.9,50.89,84.64,25.69,49.26,8.02,1122.68,Wheat,Chalky,Lok-1
56.14,29.64,61.63,32.35,28.21,6.47,648.71,Watermelon,Sandy,Crimson Sweet
71.14,52.68,86.51,22.77,63.59,6.83,1332.37,Soybean,Loamy,NRC-37
45.44,66.35,80.63,35.0,44.93,7.77,1233.7,Barley,Chalky,RD-2552
40.33,30.95,55.72,28.41,50.83,6.46,710.26,Tea,Sandy,UPASI-9
102.07,54.93,57.83,21.33,77.1,6.29,1675.94,Maize,Silty,Pioneer-3396
120.81,29.6,56.66,17.32,79.62,5.77,1522.01,Vegetables,Peaty,Hybrid-B
84.57,29.69,68.04,21.82,80.03,6.26,1468.05,Vegetables,Silty,Hybrid-A
83.96,51.6,87.24,23.64,62.35,6.68,1127.93,Wheat,Loamy,PBW-343
82.13,42.64,98.27,28.69,65.61,6.96,1188.18,Sugarcane,Loamy,Co-0118
100.03,33.33,137.27,26.16,70.41,7.32,865.97,Wheat,Clay,HD-2967
108.66,40.95,57.13,17.78,85.67,5.33,1966.63,Millet,Peaty,RHB-173
82.97,50.05,91.59,24.41,56.41,7.41,1301.2,Tomato,Loamy,Arka Vikas
55.69,16.69,48.59,30.51,50.99,6.69,721.41,Potato,Sandy,Kufri Pukhraj
49.72,35.8,65.45,28.14,45.2,5.76,641.5,Watermelon,Sandy,Sugar Baby
87.94,29.38,84.29,20.86,76.3,6.53,1710.02,Vegetables,Silty,Local-1
82.7,41.85,94.26,23.27,69.45,6.76,1583.05,Wheat,Silty,HD-2967
73.39,50.27,109.39,21.6,64.83,6.79,1687.14,Wheat,Silty,PBW-343
73.35,55.62,87.53,25.1,71.84,6.74,1102.84,Wheat,Silty,Lok-1
85.44,41.76,92.32,28.97,60.65,5.99,1318.52,Tomato,Loamy,Arka Vikas
83.24,47.8,85.09,26.77,66.28,6.64,881.55,Maize,Loamy,DHM-117
147.03,43.39,68.82,19.87,82.36,4.6,2207.51,Vegetables,Peaty,Hybrid-A
64.03,32.9,45.7,27.34,55.65,6.45,905.55,Potato,Sandy,Kufri Pukhraj
98.47,35.22,83.8,21.74,74.97,4.95,1549.74,Potato,Peaty,Kufri Bahar
52.03,67.74,86.89,26.98,48.53,7.56,645.71,Wheat,Chalky,Lok-1
57.15,22.64,55.3,26.08,40.04,6.01,821.88,Rice,Sandy,IR64
87.31,50.57,92.49,26.91,65.06,6.85,1024.58,Tomato,Loamy,Arka Vikas
67.35,67.52,97.42,23.92,67.8,6.23,1154.86,Maize,Silty,HQPM-1
75.47,46.35,100.84,23.42,66.34,6.84,1267.05,Rice,Silty,IR64
48.05,31.24,29.28,33.96,42.31,6.53,776.46,Potato,Sandy,Kufri Pukhraj
92.8,39.41,91.28,22.71,64.51,7.0,871.63,Sugarcane,Loamy,Co-0118
39.78,64.89,95.76,23.5,39.03,8.37,665.6,Barley,Chalky,BH-902
60.59,62.99,109.78,21.06,72.48,6.53,1677.09,Vegetables,Silty,Local-1
42.98,47.13,101.74,27.8,54.31,8.24,641.62,Cotton,Chalky,Bt-1
49.75,65.08,93.35,22.07,54.89,8.32,1200.45,Wheat,Chalky,PBW-343
102.48,66.08,122.35,21.74,70.59,7.44,1302.28,Rice,Clay,Swarna
44.74,37.72,61.54,31.98,35.54,7.02,543.73,Potato,Sandy,Kufri Bahar
116.61,49.74,81.29,25.37,65.4,6.8,1279.82,Soybean,Loamy,MAUS-71
137.83,62.16,70.2,14.74,84.5,5.3,1969.34,Rice,Peaty,Swarna
44.95,48.48,91.46,29.53,41.44,8.07,650.99,Wheat,Chalky,HD-2967
57.76,52.29,120.52,24.82,57.58,7.89,777.2,Millet,Chalky,HHB-67
67.89,43.73,121.17,27.74,53.53,7.07,1024.87,Sugarcane,Loamy,Co-0238
118.38,30.2,60.78,21.64,81.17,6.14,1802.55,Millet,Peaty,HHB-67
82.18,75.0,74.73,28.15,76.06,6.51,1957.8,Vegetables,Silty,Hybrid-B
48.24,29.51,37.73,33.22,46.17,6.87,735.57,Watermelon,Sandy,Sugar Baby
96.41,38.25,123.57,32.15,65.4,7.25,1130.33,Wheat,Loamy,HD-2967
74.2,37.23,103.68,20.56,71.22,6.77,1000.66,Maize,Silty,Pioneer-3396
63.72,43.92,70.94,21.08,75.91,6.82,1379.29,Rice,Silty,IR64
45.18,27.69,59.34,35.01,46.43,5.92,377.81,Millet,Sandy,RHB-173
96.38,39.83,108.16,28.27,79.1,7.12,1727.03,Sugarcane,Clay,Co-0118
95.25,44.98,113.92,25.42,68.43,6.52,1293.46,Rice,Loamy,Swarna
45.0,55.79,83.68,30.88,59.4,6.67,1092.34,Soybean,Loamy,MAUS-71
91.39,47.63,78.43,20.62,80.54,6.06,2104.07,Wheat,Peaty,Lok-1
86.25,41.9,78.92,27.41,65.65,7.6,1371.33,Wheat,Loamy,HD-2967
75.38,50.26,110.52,23.88,70.37,6.84,1370.98,Millet,Clay,HHB-67
85.91,48.97,101.24,28.06,79.39,6.53,912.53,Maize,Silty,HQPM-1
131.97,31.31,78.98,20.72,83.93,4.1,1161.25,Rice,Peaty,Swarna
36.63,18.41,50.64,30.71,33.85,6.33,531.94,Watermelon,Sandy,Crimson Sweet
123.58,37.34,75.93,24.34,72.7,5.79,1445.63,Potato,Peaty,Kufri Pukhraj
50.9,50.43,93.34,23.29,62.53,7.27,1166.83,Wheat,Silty,PBW-343
99.14,50.29,112.49,27.78,72.22,6.17,1724.65,Wheat,Clay,Lok-1
48.93,49.11,97.3,29.59,45.96,8.23,890.43,Cotton,Chalky,Bt-1
93.79,47.65,104.16,30.71,68.55,6.77,1047.71,Sugarcane,Loamy,Co-86032
74.56,45.42,95.56,24.52,77.88,6.36,1132.34,Vegetables,Silty,Hybrid-B
41.64,45.7,114.04,32.84,47.5,7.95,782.19,Barley,Chalky,RD-2552
42.17,29.14,41.25,31.34,42.64,5.99,683.7,Groundnut,Sandy,GG-20
42.08,22.71,53.75,29.49,54.23,6.61,398.38,Millet,Sandy,ICTP-8203
100.14,42.53,92.05,25.32,59.92,6.89,1019.02,Maize,Loamy,HQPM-1
56.67,36.91,33.2,31.7,54.94,6.73,332.32,Groundnut,Sandy,JL-24
83.77,57.51,84.36,16.0,56.25,6.97,1429.7,Rice,Silty,Swarna
123.84,45.27,54.38,19.92,76.69,4.82,1608.93,Potato,Peaty,Kufri Pukhraj
46.88,54.3,115.09,21.73,40.56,8.07,539.28,Millet,Chalky,HHB-67
77.06,39.56,103.48,26.25,79.42,6.43,1316.83,Cotton,Clay,Bt-2
38.17,41.69,62.33,24.82,47.77,7.84,836.3,Potato,Chalky,Kufri Pukhraj
54.28,23.74,58.16,29.96,43.52,6.26,671.33,Tomato,Sandy,Arka Vikas
35.84,76.98,105.01,25.23,47.95,8.32,633.47,Cotton,Chalky,Bt-1
147.72,37.46,92.45,23.05,87.23,5.63,1758.28,Tea,Peaty,TV-1
62.93,48.18,87.08,25.7,57.19,7.09,1362.58,Wheat,Loamy,PBW-343
45.6,69.02,85.71,24.72,54.0,8.59,315.12,Barley,Chalky,BH-902
91.79,41.78,70.7,28.77,69.92,6.54,1191.29,Cotton,Loamy,Bt-2
39.42,42.56,80.4,24.23,52.72,8.25,388.86,Cotton,Chalky,Suraj
100.72,50.62,125.28,29.86,78.68,6.68,1962.5,Cotton,Clay,Bt-1
88.59,56.26,70.78,23.76,65.14,6.44,657.04,Cotton,Loamy,Suraj
55.98,33.88,63.56,22.19,71.18,6.35,1160.49,Maize,Silty,DHM-117
39.91,55.63,98.97,23.46,41.13,8.04,359.39,Millet,Chalky,ICTP-8203
79.38,69.92,120.76,20.94,63.78,6.56,1700.33,Rice,Clay,Swarna
94.23,46.93,102.21,23.51,64.69,8.0,886.83,Millet,Clay,RHB-173
51.56,21.0,54.35,34.52,60.06,6.63,646.42,Millet,Sandy,HHB-67
90.85,28.66,128.61,30.15,64.66,6.55,1882.68,Rice,Clay,Basmati-370
60.91,21.73,52.39,24.69,35.32,6.74,598.76,Millet,Sandy,HHB-67
78.42,37.96,63.68,22.45,73.63,4.77,2095.61,Sugarcane,Peaty,Co-86032
89.51,39.89,118.88,31.44,67.77,6.47,1144.02,Wheat,Clay,PBW-343
60.73,70.48,114.07,25.31,51.98,8.06,745.3,Cotton,Chalky,Bt-1
106.23,31.72,68.73,16.39,73.28,4.26,1291.6,Tea,Peaty,TV-1
130.55,38.62,101.28,26.51,76.29,5.38,1625.36,Tea,Peaty,TV-1
38.61,27.65,72.85,36.22,38.74,6.52,766.34,Groundnut,Sandy,JL-24
84.42,30.9,97.99,24.53,68.94,6.3,1299.39,Soybean,Loamy,NRC-37
85.29,50.5,91.55,21.18,50.26,7.38,600.0,Wheat,Loamy,Lok-1
90.42,39.02,124.23,27.26,75.28,6.45,1533.3,Maize,Clay,DHM-117
79.94,43.4,80.76,24.75,66.2,6.26,1218.63,Wheat,Loamy,Lok-1
59.95,30.46,74.3,31.35,51.37,6.17,685.88,Groundnut,Sandy,JL-24
52.1,24.97,50.83,25.77,43.17,6.19,712.95,Millet,Sandy,HHB-67
92.44,36.73,69.2,27.6,72.6,6.79,847.52,Sugarcane,Loamy,Co-0118
97.15,49.06,93.32,18.25,83.29,5.39,1625.84,Vegetables,Peaty,Hybrid-A
82.73,34.02,85.2,28.41,68.7,6.65,1368.82,Wheat,Silty,HD-2967
69.0,41.96,99.9,26.31,71.77,6.26,700.0,Cotton,Clay,Suraj
61.29,37.2,81.9,16.67,61.77,6.6,2100.0,Maize,Silty,Pioneer-3396
78.6,49.73,98.27,30.87,63.05,6.66,898.3,Tomato,Loamy,Pusa Ruby
72.89,48.62,99.68,22.73,73.25,6.93,1537.2,Maize,Silty,DHM-117
65.57,56.88,115.17,23.77,56.0,6.87,1180.89,Vegetables,Silty,Hybrid-B
49.77,28.39,59.09,30.93,49.16,6.39,812.76,Watermelon,Sandy,Sugar Baby
87.81,38.68,79.85,22.53,54.16,7.17,1354.35,Cotton,Loamy,Bt-1
78.68,32.94,105.86,28.62,49.19,6.89,1277.73,Barley,Loamy,RD-2552
39.35,48.6,52.81,20.22,49.88,7.77,823.73,Rice,Chalky,IR64
83.57,41.29,115.78,26.27,66.44,6.79,1062.11,Wheat,Loamy,Lok-1
58.03,61.29,121.16,21.61,65.63,5.63,888.97,Wheat,Silty,PBW-343
63.86,40.83,77.21,27.16,47.48,7.81,379.65,Millet,Chalky,HHB-67
95.41,60.54,133.01,24.66,75.26,6.94,815.83,Wheat,Clay,PBW-343
88.6,48.49,76.6,20.44,73.56,6.45,1600.58,Wheat,Silty,HD-2967
81.04,47.63,65.61,25.85,65.53,6.47,1305.56,Cotton,Loamy,Bt-1
97.49,29.35,93.34,25.55,52.12,6.27,994.3,Vegetables,Silty,Local-1
53.58,61.98,95.53,22.97,40.52,8.35,1132.9,Barley,Chalky,BH-902
112.98,39.72,68.58,18.79,75.41,4.45,1875.46,Vegetables,Peaty,Hybrid-B
90.15,60.83,87.13,26.7,84.57,6.46,1466.62,Rice,Clay,Basmati-370
45.44,25.98,64.43,27.27,25.0,5.62,506.91,Potato,Sandy,Kufri Bahar
69.59,45.27,71.03,18.78,74.94,7.04,1390.01,Maize,Silty,HQPM-1
84.45,44.17,75.5,20.35,62.32,7.02,1745.05,Rice,Silty,IR64
46.76,18.52,34.1,31.74,25.0,6.39,596.85,Groundnut,Sandy,JL-24
52.39,64.72,130.96,30.42,39.18,8.08,1204.75,Barley,Chalky,BH-902
121.68,42.76,54.87,20.76,81.86,4.8,1991.51,Rice,Peaty,IR64
30.34,51.24,100.83,25.61,39.17,8.17,1001.64,Millet,Chalky,RHB-173
71.54,34.72,128.44,30.23,72.0,7.2,1114.21,Wheat,Clay,Lok-1
111.87,73.84,121.98,25.08,78.46,6.28,1859.44,Rice,Clay,Swarna
86.41,47.03,142.36,24.92,72.42,6.71,1557.17,Cotton,Clay,Bt-2
58.16,32.61,79.75,33.43,39.43,6.5,583.87,Potato,Sandy,Kufri Bahar
103.4,37.57,71.69,22.07,76.39,5.18,1340.05,Vegetables,Peaty,Hybrid-B
93.93,37.79,106.74,27.74,62.52,7.39,901.31,Tomato,Loamy,Pusa Ruby
52.81,46.58,86.2,27.28,75.1,5.6,1170.15,Tomato,Silty,Arka Vikas
66.01,47.57,96.45,20.1,69.94,5.99,1291.2,Vegetables,Silty,Hybrid-A
70.51,55.92,92.0,25.38,67.2,7.05,910.21,Tomato,Loamy,Roma
111.84,37.44,69.87,24.62,84.56,5.75,1868.49,Vegetables,Peaty,Local-1
52.24,65.13,127.5,26.95,37.94,8.08,764.46,Millet,Chalky,ICTP-8203
99.26,34.39,96.46,28.05,65.27,6.55,1760.29,Rice,Silty,Basmati-370
128.31,54.55,92.55,20.22,70.7,4.37,1184.81,Potato,Peaty,Kufri Pukhraj
121.86,23.6,48.94,22.69,76.58,6.41,1597.58,Rice,Peaty,IR64
38.37,64.49,92.58,20.58,43.97,7.67,1024.37,Watermelon,Chalky,Crimson Sweet
77.85,57.88,124.03,24.88,57.97,6.8,1973.52,Cotton,Clay,Bt-1
83.61,61.52,112.26,26.8,65.06,6.73,1394.87,Wheat,Silty,PBW-343
84.16,72.42,79.96,26.53,68.32,6.87,1356.43,Wheat,Silty,Lok-1
38.11,34.0,61.67,30.85,42.47,5.88,965.21,Watermelon,Sandy,Arka Manik
74.43,37.08,115.54,21.68,68.05,6.46,1030.53,Vegetables,Silty,Local-1
44.28,23.95,49.43,33.53,39.37,6.27,704.97,Potato,Sandy,Kufri Bahar
55.75,78.15,74.53,21.16,47.03,8.1,744.13,Rice,Chalky,Swarna
35.49,28.81,43.74,28.23,46.32,6.64,541.22,Watermelon,Sandy,Arka Manik
58.5,30.63,85.0,30.95,50.37,6.42,658.8,Millet,Sandy,RHB-173
71.25,37.37,98.37,23.81,67.98,6.78,1389.14,Tomato,Loamy,Roma
26.01,28.92,62.03,29.14,58.97,5.93,710.54,Groundnut,Sandy,GG-20
39.84,23.58,47.93,25.77,40.17,5.99,801.12,Tomato,Sandy,Pusa Ruby
95.57,38.15,50.21,25.06,64.61,7.21,1579.79,Soybean,Loamy,MAUS-71
111.6,49.79,160.0,23.8,72.0,6.83,1380.04,Wheat,Clay,HD-2967
79.12,55.89,107.99,20.0,70.06,7.26,1150.05,Vegetables,Silty,Hybrid-B
82.29,55.39,144.15,24.42,73.47,6.58,1434.63,Wheat,Clay,HD-2967
96.7,36.75,48.92,21.92,81.34,6.24,1215.91,Rice,Peaty,Basmati-370
59.5,51.39,93.43,25.21,58.56,6.87,1248.4,Rice,Loamy,Basmati-370
65.0,32.65,48.37,34.39,42.52,6.0,611.53,Potato,Sandy,Kufri Bahar
81.48,35.91,104.33,20.53,71.36,7.08,1393.76,Wheat,Silty,Lok-1
107.68,44.96,83.0,16.17,78.57,5.18,1221.85,Wheat,Peaty,HD-2967
52.25,25.04,44.12,31.67,49.52,6.09,578.06,Cotton,Sandy,Bt-1
61.21,27.33,52.45,23.73,42.01,6.87,605.25,Watermelon,Sandy,Arka Manik
61.53,33.1,49.31,34.23,50.75,6.19,647.88,Millet,Sandy,RHB-173
39.02,62.77,77.46,35.0,40.92,8.64,726.36,Millet,Chalky,ICTP-8203
65.4,61.49,76.26,23.9,66.88,6.68,1339.9,Rice,Silty,IR64
35.27,32.25,79.83,33.31,44.76,5.82,452.36,Millet,Sandy,RHB-173
71.39,41.88,115.17,22.31,77.1,7.01,1092.44,Sugarcane,Loamy,Co-0238
41.66,80.63,72.78,28.57,62.26,8.06,857.01,Wheat,Chalky,Lok-1
72.36,53.89,96.86,20.96,59.89,6.62,1507.45,Cotton,Silty,Bt-2
64.45,29.98,47.79,31.23,29.97,6.42,883.82,Watermelon,Sandy,Arka Manik
48.63,41.71,69.71,22.87,34.82,7.79,1125.82,Millet,Chalky,RHB-173
83.35,54.69,95.45,28.92,62.68,6.53,1157.6,Potato,Loamy,Kufri Bahar
160.0,40.35,110.0,19.77,79.82,5.11,1932.71,Potato,Peaty,Kufri Pukhraj
47.0,55.19,103.37,23.51,53.01,7.9,766.08,Cotton,Chalky,Bt-2
74.18,75.0,85.75,20.5,72.59,6.29,1357.84,Rice,Silty,IR64
86.4,40.32,62.18,25.39,58.62,6.56,1417.53,Sugarcane,Loamy,Co-0118
95.78,55.73,78.53,21.64,80.6,5.62,1901.07,Tomato,Peaty,Pusa Ruby
33.15,41.76,75.51,25.01,44.26,7.38,688.5,Cotton,Chalky,Bt-2
142.45,32.0,91.37,20.11,76.71,5.18,1784.9,Vegetables,Peaty,Hybrid-A
93.23,35.78,54.68,18.47,80.03,5.25,2045.3,Tea,Peaty,TV-1
37.57,61.61,99.03,30.73,43.3,8.26,635.03,Cotton,Chalky,Bt-1
93.71,51.05,113.66,27.41,76.36,6.46,1016.02,Rice,Clay,Swarna
99.75,33.02,79.75,28.62,67.24,6.56,1087.74,Cotton,Loamy,Bt-1
84.2,45.01,121.85,26.33,83.96,7.2,1154.07,Cotton,Clay,Bt-1
59.97,49.76,77.65,27.23,66.12,7.17,1258.12,Soybean,Loamy,NRC-37
94.57,64.27,63.69,22.73,73.3,6.25,1522.19,Maize,Silty,HQPM-1
131.1,40.76,69.98,23.14,84.48,5.07,1950.18,Tomato,Peaty,Arka Vikas
68.1,56.99,105.84,21.08,71.64,7.01,1849.48,Cotton,Silty,Bt-1
59.56,27.58,22.71,31.59,27.93,6.92,702.7,Watermelon,Sandy,Arka Manik
119.45,38.02,65.31,14.89,91.37,5.51,1386.0,Rice,Peaty,Swarna
92.8,37.17,130.97,25.4,70.41,6.89,1033.41,Wheat,Clay,PBW-343
113.81,44.73,71.89,16.05,73.99,5.76,1599.9,Potato,Peaty,Kufri Pukhraj
70.18,50.9,61.27,22.62,74.11,4.04,1469.31,Vegetables,Peaty,Hybrid-B
81.24,52.09,114.35,20.62,64.98,6.73,1427.79,Soybean,Clay,JS-335
68.67,52.92,74.73,26.17,66.92,6.48,1381.6,Cotton,Loamy,Suraj
84.46,30.32,70.59,14.6,77.88,4.52,1271.32,Potato,Peaty,Kufri Jyoti
43.91,56.43,82.35,30.34,56.21,7.94,1016.15,Wheat,Chalky,PBW-343
77.48,67.53,98.44,19.38,62.49,6.94,1090.62,Cotton,Loamy,Bt-2
66.99,56.25,113.82,19.83,74.74,6.22,1474.45,Wheat,Clay,HD-2967
46.03,55.91,80.38,30.29,42.85,8.2,855.89,Millet,Chalky,ICTP-8203
85.44,45.96,65.18,15.23,83.92,4.95,1732.57,Barley,Peaty,BH-902
76.84,62.72,99.64,23.47,70.31,6.52,1655.39,Cotton,Loamy,Suraj
120.17,58.67,112.34,24.84,59.48,6.69,1391.37,Watermelon,Clay,Crimson Sweet
78.64,64.34,71.88,21.22,72.69,6.9,1520.58,Rice,Silty,IR64
78.56,45.66,86.2,28.4,59.52,6.94,898.53,Cotton,Loamy,Bt-1
49.07,34.87,43.37,30.1,44.86,6.18,611.28,Watermelon,Sandy,Crimson Sweet
76.72,33.65,104.77,23.02,77.48,6.29,1317.39,Rice,Silty,Basmati-370
73.72,32.66,83.1,24.81,71.75,6.69,1040.85,Vegetables,Silty,Local-1
51.4,25.12,41.14,26.66,46.54,6.15,927.82,Potato,Sandy,Kufri Jyoti
42.65,33.21,71.82,30.74,42.75,6.62,817.0,Millet,Sandy,RHB-173
109.92,59.98,128.1,21.23,82.7,5.88,1539.94,Soybean,Clay,JS-335
99.16,72.1,92.15,23.24,69.83,6.59,1981.16,Sugarcane,Clay,Co-86032
42.51,25.47,55.6,29.47,53.55,6.34,736.46,Watermelon,Sandy,Sugar Baby
113.51,51.83,145.21,27.08,55.0,6.75,1328.39,Barley,Clay,RD-2552
76.83,62.29,113.69,25.34,59.72,6.49,2100.0,Vegetables,Silty,Local-1
104.53,35.62,158.32,29.84,89.2,7.04,1899.13,Cotton,Clay,Suraj
112.74,28.91,79.05,17.87,77.83,4.79,1668.08,Tea,Peaty,TV-23
59.9,14.18,20.53,28.77,34.4,6.2,708.62,Groundnut,Sandy,TAG-24
65.33,35.16,77.21,19.35,69.38,6.8,1656.63,Maize,Silty,HQPM-1
59.07,48.88,100.03,21.56,58.59,6.76,759.34,Tea,Silty,TV-1
100.86,46.11,95.73,25.97,69.71,6.67,1305.76,Wheat,Clay,HD-2967
50.44,60.61,88.22,31.95,50.44,8.35,1215.74,Wheat,Chalky,HD-2967
84.15,51.13,108.36,21.22,62.76,7.53,1062.33,Maize,Loamy,Pioneer-3396
103.07,44.57,100.01,28.25,75.38,6.12,1160.59,Rice,Clay,IR64
149.62,54.7,77.54,23.92,79.93,4.68,2055.03,Rice,Peaty,Basmati-370
56.75,57.03,105.29,27.61,45.0,6.7,906.26,Tomato,Loamy,Roma
125.79,38.32,64.12,18.13,86.0,5.37,1776.05,Rice,Peaty,IR64
65.67,32.79,67.68,28.12,40.97,6.2,651.53,Watermelon,Sandy,Crimson Sweet
50.68,20.05,61.13,33.25,47.09,5.52,516.97,Potato,Sandy,Kufri Bahar
121.96,38.03,51.98,16.87,72.52,5.79,2135.03,Tea,Peaty,TV-1
44.65,30.45,56.77,28.82,34.77,6.36,641.61,Millet,Sandy,HHB-67
85.79,28.37,105.83,23.14,70.71,6.44,1834.98,Rice,Silty,Basmati-370
50.71,36.32,68.1,32.23,31.95,5.73,702.16,Sugarcane,Sandy,Co-0238
50.63,88.86,79.26,28.04,58.0,7.54,849.66,Wheat,Chalky,PBW-343
44.08,24.07,58.65,36.1,30.04,7.26,636.9,Watermelon,Sandy,Arka Manik
119.41,25.2,58.62,23.74,83.53,4.91,2066.26,Potato,Peaty,Kufri Bahar
49.2,57.31,63.7,24.64,40.82,7.93,1129.26,Millet,Chalky,HHB-67
38.04,41.31,34.38,27.5,28.06,6.45,494.99,Potato,Sandy,Kufri Jyoti
125.33,55.67,130.24,24.01,73.96,6.72,1419.2,Rice,Clay,Basmati-370
98.61,60.88,83.73,21.34,70.43,7.62,1360.17,Groundnut,Silty,JL-24
100.96,52.16,122.26,27.42,54.04,7.42,1427.11,Maize,Silty,HQPM-1
84.03,31.53,91.59,29.51,63.98,7.69,1319.93,Sugarcane,Loamy,Co-0238
82.65,72.69,97.07,23.19,74.46,6.54,1475.57,Cotton,Clay,Bt-2
66.62,47.77,116.44,26.85,78.05,7.01,1246.72,Rice,Clay,IR64
48.19,33.47,91.49,18.51,39.97,8.0,442.72,Wheat,Chalky,Lok-1
33.98,26.18,55.08,31.19,51.53,6.55,764.89,Groundnut,Sandy,JL-24
100.03,69.7,102.36,25.2,69.6,6.81,1430.25,Watermelon,Clay,Crimson Sweet
28.18,32.29,76.31,28.75,41.68,8.17,590.19,Cotton,Chalky,Suraj
42.36,29.85,64.0,32.06,47.68,6.57,787.53,Potato,Sandy,Kufri Bahar
74.96,46.22,88.64,29.15,78.65,7.21,1384.21,Sugarcane,Loamy,Co-0238
54.72,27.31,63.04,30.14,45.1,6.06,907.54,Potato,Sandy,Kufri Pukhraj
97.71,57.89,103.9,24.35,62.26,6.93,1091.6,Cotton,Loamy,Suraj
90.46,32.1,109.73,24.2,63.8,6.65,928.54,Wheat,Loamy,PBW-343
70.0,39.27,91.8,22.8,82.29,5.3,2120.56,Potato,Peaty,Kufri Pukhraj
33.28,29.6,57.97,33.21,47.79,5.92,276.43,Watermelon,Sandy,Crimson Sweet
58.93,25.52,46.8,31.35,49.7,6.12,804.2,Groundnut,Sandy,TAG-24
106.88,52.62,118.75,21.19,76.3,6.96,2002.18,Rice,Clay,Swarna
43.77,32.89,54.36,33.96,42.73,6.5,757.69,Watermelon,Sandy,Crimson Sweet
120.32,16.03,59.07,19.47,78.88,5.88,1610.31,Potato,Peaty,Kufri Bahar
23.03,58.65,70.66,31.19,45.2,7.59,564.96,Barley,Chalky,DWRB-73
89.87,61.68,86.47,28.01,71.25,5.61,1347.33,Vegetables,Silty,Local-1
125.28,39.73,62.26,21.45,89.38,5.85,1792.01,Potato,Peaty,Kufri Jyoti
58.93,43.63,88.0,22.79,65.25,6.77,1651.07,Vegetables,Silty,Hybrid-A
49.57,43.41,113.71,28.36,78.54,6.21,1029.58,Rice,Silty,IR64
85.77,41.51,94.16,20.12,70.98,5.94,1461.39,Rice,Silty,Swarna
42.98,31.81,57.43,30.1,51.91,6.21,684.2,Groundnut,Sandy,GG-20
63.89,64.85,68.7,22.14,87.51,6.91,1191.79,Vegetables,Silty,Local-1
95.09,53.22,63.18,17.35,87.65,5.31,1684.82,Vegetables,Peaty,Local-1
79.59,23.69,73.19,20.12,55.22,6.67,1517.47,Wheat,Silty,Lok-1
93.57,46.76,71.25,23.88,91.23,4.99,1615.31,Tea,Peaty,TV-1
48.28,23.97,42.31,33.97,50.88,6.01,681.51,Millet,Sandy,RHB-173
98.33,37.26,95.57,20.58,60.27,6.99,872.87,Sugarcane,Loamy,Co-0118
95.52,42.61,97.1,33.35,68.91,6.98,1021.22,Millet,Loamy,ICTP-8203
75.58,41.19,121.62,30.77,56.56,7.36,941.1,Groundnut,Loamy,GG-20
107.65,49.89,64.95,24.49,82.07,4.8,1680.32,Vegetables,Peaty,Hybrid-A
54.4,44.18,77.52,30.67,55.01,8.42,1233.3,Millet,Chalky,HHB-67
30.59,49.03,82.47,32.2,37.99,7.57,714.24,Wheat,Chalky,PBW-343
97.66,54.49,125.85,18.75,67.56,6.26,723.57,Sugarcane,Clay,Co-86032
29.9,44.29,41.06,33.02,52.47,5.88,755.63,Watermelon,Sandy,Arka Manik
46.17,31.03,56.62,29.06,50.08,6.29,614.65,Watermelon,Sandy,Crimson Sweet
69.54,47.43,92.61,27.46,64.68,6.95,1504.33,Watermelon,Loamy,Arka Manik
51.95,18.21,63.03,27.2,51.99,6.21,603.11,Potato,Sandy,Kufri Jyoti
99.31,28.51,88.39,31.0,67.19,6.96,958.06,Soybean,Loamy,MAUS-71
60.39,48.01,60.06,25.11,75.29,7.9,1402.29,Rice,Silty,Swarna
94.54,47.41,72.54,27.33,50.0,7.45,1322.98,Wheat,Silty,PBW-343
48.31,61.3,100.64,25.15,42.14,7.74,750.4,Cotton,Chalky,Bt-2
77.7,48.49,75.05,23.57,47.91,6.65,1445.71,Wheat,Loamy,PBW-343
90.51,50.82,119.97,25.87,69.94,7.51,1378.99,Sugarcane,Clay,Co-86032
94.48,58.91,113.56,24.23,71.06,7.22,1518.6,Maize,Silty,HQPM-1
51.57,37.71,87.35,27.54,43.86,7.49,491.44,Millet,Chalky,ICTP-8203
113.56,45.01,130.02,19.59,65.15,6.7,2145.09,Rice,Clay,Swarna
125.35,53.9,67.91,20.64,77.5,5.06,1915.96,Cotton,Peaty,Suraj
91.7,49.55,134.84,21.46,71.97,6.79,1247.01,Millet,Clay,HHB-67
101.4,56.98,88.98,25.63,45.0,6.32,1319.73,Sugarcane,Loamy,Co-86032
114.2,23.74,94.88,20.2,94.06,4.86,1325.84,Potato,Peaty,Kufri Pukhraj
113.31,26.67,66.12,17.41,78.66,5.17,1732.86,Vegetables,Peaty,Hybrid-A
43.55,34.94,48.39,28.7,52.53,6.07,668.83,Potato,Sandy,Kufri Bahar
50.7,51.25,90.6,28.03,45.17,8.19,867.21,Cotton,Chalky,Suraj
44.24,25.92,62.68,35.57,55.83,6.24,666.91,Vegetables,Sandy,Hybrid-B
43.1,26.15,67.44,32.6,42.77,5.86,641.66,Groundnut,Sandy,JL-24
82.98,41.54,66.32,27.07,65.64,6.41,1459.77,Potato,Silty,Kufri Pukhraj
57.47,19.43,50.27,29.88,50.5,6.03,563.1,Potato,Sandy,Kufri Pukhraj
86.78,34.04,103.62,25.62,65.5,7.15,1176.02,Tea,Loamy,TV-1
69.38,62.16,126.04,32.0,72.62,6.84,1588.05,Cotton,Clay,Suraj
101.13,39.48,106.91,27.27,77.52,6.57,1911.61,Tomato,Clay,Roma
50.51,18.67,69.1,35.23,43.18,6.45,868.83,Millet,Sandy,ICTP-8203
115.0,62.94,79.54,27.96,77.62,6.16,777.03,Maize,Silty,DHM-117
115.48,36.12,55.75,24.92,79.93,4.74,2187.72,Vegetables,Peaty,Hybrid-B
51.77,24.9,66.58,32.73,53.37,6.38,600.4,Rice,Sandy,IR64
48.76,20.65,76.9,35.69,29.05,6.37,790.35,Groundnut,Sandy,TAG-24
93.94,36.44,93.93,25.46,67.33,7.13,677.03,Wheat,Loamy,PBW-343
95.35,58.96,90.97,24.76,67.05,6.95,1806.5,Maize,Silty,HQPM-1
126.49,51.11,110.49,27.03,68.3,8.0,1677.55,Rice,Clay,Swarna
56.04,55.15,102.5,24.35,44.6,7.96,409.87,Wheat,Chalky,PBW-343
51.72,33.05,43.59,33.24,33.34,5.77,791.0,Millet,Sandy,ICTP-8203
54.36,24.94,59.16,29.51,36.53,5.84,782.14,Tea,Sandy,TV-23
84.24,48.4,87.13,27.19,57.59,7.56,648.18,Wheat,Loamy,Lok-1
136.9,53.27,75.3,14.95,85.72,5.06,1577.87,Tea,Peaty,TV-1
47.16,25.0,82.37,26.26,43.52,8.03,506.24,Millet,Chalky,HHB-67
110.71,56.6,106.98,27.93,79.59,6.79,1835.42,Wheat,Clay,Lok-1
107.32,58.58,115.36,25.68,71.32,7.16,2052.9,Soybean,Clay,JS-335
80.5,48.36,124.93,19.4,78.59,6.7,1609.31,Cotton,Clay,Bt-2
52.43,17.31,41.99,30.32,27.53,6.17,615.47,Vegetables,Sandy,Hybrid-A
24.07,77.2,91.05,31.42,40.57,8.74,538.06,Wheat,Chalky,Lok-1
102.25,24.4,73.12,24.88,82.28,4.86,1857.11,Vegetables,Peaty,Hybrid-A
93.04,41.99,58.33,25.31,63.83,6.82,1613.73,Vegetables,Silty,Hybrid-B
93.66,33.11,117.38,17.28,71.36,6.59,1504.22,Rice,Silty,IR64
115.0,43.56,98.0,23.43,66.29,6.69,1322.39,Wheat,Silty,PBW-343
34.44,25.05,65.99,35.79,43.74,6.04,355.44,Groundnut,Sandy,TAG-24
78.34,26.71,75.57,26.64,54.55,6.19,1215.19,Maize,Loamy,DHM-117
118.48,61.15,117.39,22.45,80.92,6.55,1477.4,Rice,Clay,Basmati-370
93.16,40.94,104.92,24.67,64.89,6.75,1210.26,Sugarcane,Loamy,Co-0118
70.38,52.57,111.87,22.83,71.21,6.06,1289.98,Wheat,Loamy,PBW-343
67.91,61.83,108.6,21.87,70.35,7.1,1869.78,Rice,Clay,Swarna
32.08,47.69,101.97,25.78,34.32,8.11,997.55,Millet,Chalky,HHB-67
80.0,73.51,86.74,23.21,50.41,7.98,847.8,Maize,Chalky,Pioneer-3396
33.0,39.11,83.04,24.2,30.99,7.41,964.71,Millet,Chalky,HHB-67
78.07,72.56,137.62,26.15,55.34,6.18,1267.25,Wheat,Clay,HD-2967
92.14,62.07,101.39,26.31,73.31,7.4,1611.18,Rice,Clay,Basmati-370
96.89,63.65,110.17,21.86,77.51,6.09,1357.35,Rice,Clay,Swarna
77.43,53.74,93.42,24.06,56.32,6.5,1901.92,Vegetables,Silty,Hybrid-B
121.68,35.01,72.86,24.77,79.8,5.11,2157.51,Vegetables,Peaty,Local-1
88.89,21.51,87.36,20.75,73.91,6.78,1852.29,Maize,Silty,DHM-117
82.5,55.58,124.34,26.66,72.79,6.7,1694.17,Wheat,Clay,HD-2967
88.95,66.33,131.44,20.33,83.52,7.31,1509.59,Millet,Clay,HHB-67
113.62,63.57,135.0,20.72,79.17,7.44,1383.5,Maize,Silty,Pioneer-3396
107.75,33.13,99.14,19.56,79.12,5.74,2256.09,Potato,Peaty,Kufri Pukhraj
117.07,45.87,97.85,18.87,87.05,4.95,2054.97,Tea,Peaty,UPASI-9
77.82,45.37,99.45,25.91,76.49,6.96,1380.19,Soybean,Loamy,JS-335
74.73,32.74,49.19,28.12,44.67,6.36,606.5,Groundnut,Sandy,TAG-24
101.54,43.36,109.91,28.15,68.24,7.58,1019.63,Cotton,Loamy,Suraj
128.52,30.49,85.95,22.47,84.72,5.51,1042.06,Rice,Peaty,Swarna
57.94,59.57,94.53,24.98,45.8,7.94,843.29,Cotton,Chalky,Suraj
68.21,42.81,99.24,27.77,58.05,6.3,1067.16,Groundnut,Loamy,TAG-24
69.56,51.68,113.99,26.77,73.62,7.61,1684.34,Wheat,Clay,HD-2967
54.82,51.49,89.19,27.01,25.0,7.89,1181.61,Cotton,Chalky,Suraj
72.33,41.99,86.63,26.28,64.27,7.36,628.9,Barley,Chalky,RD-2552
37.92,82.29,80.36,25.42,41.42,8.03,1047.56,Wheat,Chalky,Lok-1
41.73,34.94,62.51,31.62,46.01,6.91,501.7,Groundnut,Sandy,GG-20
111.73,65.7,103.38,27.76,62.79,6.86,1333.18,Wheat,Silty,Lok-1
88.27,49.38,112.66,25.03,66.6,6.83,1180.1,Cotton,Loamy,Suraj
54.44,29.43,51.7,31.11,41.85,6.05,635.46,Millet,Sandy,ICTP-8203
130.65,54.68,116.78,29.38,66.61,6.5,1532.36,Cotton,Clay,Suraj
81.1,45.89,111.17,24.2,56.0,6.89,1295.52,Maize,Loamy,HQPM-1
133.6,49.26,76.84,20.96,73.17,5.38,2153.15,Potato,Peaty,Kufri Pukhraj
52.31,27.85,48.4,29.5,46.04,7.03,635.82,Groundnut,Sandy,JL-24
56.38,29.09,51.19,34.2,43.18,5.55,543.7,Potato,Sandy,Kufri Pukhraj
61.63,55.75,89.11,20.18,65.33,6.66,1246.38,Cotton,Clay,Bt-1
27.87,26.29,52.68,29.34,38.74,6.07,646.09,Potato,Sandy,Kufri Jyoti
105.78,36.31,61.05,15.98,75.54,4.99,1586.0,Potato,Peaty,Kufri Bahar
88.62,38.48,149.33,23.76,75.61,5.5,1429.54,Rice,Clay,Swarna
38.46,37.92,86.9,26.06,49.92,7.71,597.73,Barley,Chalky,RD-2552
102.26,73.01,130.93,28.18,72.94,6.24,1044.41,Rice,Clay,Basmati-370
44.76,27.94,44.67,29.18,42.25,6.3,672.62,Watermelon,Sandy,Crimson Sweet
110.47,47.54,125.22,28.0,72.96,7.76,1591.77,Wheat,Clay,HD-2967
95.03,41.24,54.83,25.31,63.82,6.86,1238.3,Sugarcane,Loamy,Co-86032
86.37,47.26,65.5,23.51,66.56,6.7,1311.19,Maize,Silty,Pioneer-3396
129.98,26.57,75.24,21.02,86.46,5.12,1372.84,Rice,Peaty,Swarna
158.47,49.02,60.72,19.35,75.44,6.14,1246.04,Tea,Peaty,TV-1
75.64,39.3,79.11,20.31,62.0,6.04,1474.85,Wheat,Silty,Lok-1
92.48,55.91,125.66,26.1,82.93,6.12,1469.42,Sugarcane,Clay,Co-0238
88.76,39.62,94.18,27.28,52.77,6.51,858.28,Cotton,Loamy,Bt-2
83.55,64.49,123.93,26.29,77.18,6.78,1499.27,Rice,Clay,Swarna
42.82,47.55,89.13,19.46,41.15,8.02,680.75,Wheat,Chalky,PBW-343
86.43,37.98,106.12,24.83,57.44,7.03,906.47,Sugarcane,Loamy,Co-86032
114.35,61.49,78.61,21.62,71.73,6.98,1598.31,Wheat,Clay,HD-2967
97.52,54.96,107.49,24.45,70.57,5.59,1333.0,Groundnut,Clay,JL-24
93.26,47.97,92.92,20.54,69.86,6.58,1396.93,Wheat,Silty,PBW-343
68.43,41.67,87.38,29.02,75.54,7.29,1353.27,Maize,Silty,Pioneer-3396
60.04,50.77,83.52,25.45,72.53,6.31,1273.43,Vegetables,Silty,Hybrid-B
130.63,38.28,110.0,21.46,93.86,5.62,1662.97,Vegetables,Peaty,Hybrid-A
34.55,72.1,91.77,25.64,43.98,7.96,813.99,Wheat,Chalky,HD-2967
47.51,70.32,85.41,25.75,50.59,8.02,668.53,Millet,Chalky,HHB-67
106.86,22.63,88.69,22.6,61.64,6.07,1681.45,Vegetables,Silty,Hybrid-A
72.86,30.53,125.27,23.4,71.12,6.41,1264.94,Wheat,Silty,HD-2967
108.15,46.15,117.75,26.7,64.8,6.94,1916.02,Wheat,Clay,Lok-1
85.27,34.53,72.38,16.55,78.1,4.48,1979.62,Tea,Peaty,TV-23
106.43,61.48,87.1,25.2,76.82,6.79,1917.25,Maize,Silty,Pioneer-3396
119.49,58.79,79.97,20.17,72.24,5.64,1932.48,Tea,Peaty,UPASI-9
92.52,56.47,75.46,27.15,73.99,7.18,911.26,Sugarcane,Clay,Co-0238
85.84,49.19,146.71,21.67,71.37,7.53,1083.62,Potato,Clay,Kufri Pukhraj
64.74,46.68,97.27,22.35,72.73,6.61,1301.24,Wheat,Silty,PBW-343
60.61,54.19,103.66,23.07,60.61,8.18,912.47,Millet,Chalky,ICTP-8203
91.59,55.55,117.64,29.53,83.95,7.06,1465.41,Wheat,Clay,HD-2967
59.42,27.69,46.97,33.46,37.36,6.47,1046.49,Cotton,Sandy,Suraj
44.68,26.37,58.87,29.27,48.08,6.42,695.04,Watermelon,Sandy,Crimson Sweet
71.54,34.13,58.25,19.0,76.27,5.2,1814.63,Tea,Peaty,UPASI-9
77.71,40.73,108.63,23.32,66.29,6.76,866.35,Wheat,Loamy,HD-2967
90.55,29.63,115.22,25.85,77.02,6.62,1371.53,Rice,Silty,Basmati-370
98.5,60.77,90.64,27.51,75.26,7.21,1361.67,Cotton,Clay,Suraj
80.02,45.41,93.53,21.74,59.74,6.32,1241.33,Vegetables,Silty,Local-1
37.8,29.97,49.65,31.33,48.75,5.85,496.86,Groundnut,Sandy,JL-24
89.85,46.33,94.75,23.57,71.58,6.37,1301.35,Sugarcane,Loamy,Co-0238
107.96,34.93,73.7,24.72,64.5,6.69,964.62,Wheat,Loamy,HD-2967
48.58,30.85,35.82,31.89,52.9,6.44,773.28,Watermelon,Sandy,Crimson Sweet
64.42,30.34,61.58,33.6,36.0,6.62,626.85,Watermelon,Sandy,Crimson Sweet
81.21,57.58,118.19,18.0,78.27,6.03,1486.99,Sugarcane,Clay,Co-0118
82.99,47.52,64.94,22.75,60.04,7.17,1012.36,Cotton,Loamy,Bt-2
88.74,43.8,60.46,25.95,57.1,7.25,1424.1,Sugarcane,Loamy,Co-0118
99.75,41.23,61.18,21.09,83.35,4.26,1363.44,Rice,Peaty,Swarna
55.87,59.73,99.67,31.51,52.46,8.04,613.98,Cotton,Chalky,Suraj
101.54,58.03,124.3,30.97,66.64,6.31,1521.36,Rice,Clay,Basmati-370
95.57,39.96,95.83,25.09,48.98,6.97,901.26,Wheat,Loamy,PBW-343
105.33,66.35,97.82,22.26,79.15,5.77,1494.81,Rice,Clay,IR64
115.42,41.03,60.48,17.93,88.53,4.82,1408.95,Vegetables,Peaty,Hybrid-B
81.85,52.55,116.98,21.32,75.73,7.27,805.09,Cotton,Clay,Bt-2
35.16,58.41,54.56,26.71,39.17,8.32,624.06,Cotton,Chalky,Bt-1
97.49,53.2,113.34,27.71,66.56,7.2,1005.41,Wheat,Clay,Lok-1
91.87,40.72,39.13,20.22,80.7,5.04,2078.46,Potato,Peaty,Kufri Pukhraj
56.59,19.02,57.4,30.35,47.9,6.5,522.38,Millet,Sandy,HHB-67
125.9,34.06,67.02,21.28,79.09,4.82,1984.71,Vegetables,Peaty,Hybrid-A
108.88,58.57,109.6,23.16,70.61,7.21,1583.75,Rice,Clay,IR64
62.29,44.16,77.39,23.11,70.41,6.91,1356.78,Rice,Silty,Swarna
67.46,24.65,86.98,24.01,71.79,7.2,1296.71,Maize,Silty,DHM-117
78.87,55.06,71.76,23.54,64.13,6.88,1070.54,Wheat,Silty,PBW-343
52.64,18.87,52.88,29.13,47.33,6.35,633.29,Potato,Sandy,Kufri Pukhraj
47.4,71.87,42.89,22.46,57.05,7.94,987.82,Wheat,Chalky,PBW-343
44.16,48.4,105.32,22.36,41.45,7.74,1117.8,Barley,Chalky,RD-2552
51.76,27.58,33.24,28.09,41.87,6.13,687.26,Groundnut,Sandy,TAG-24
60.46,48.07,117.79,26.91,65.65,7.12,1030.59,Maize,Silty,DHM-117
36.04,50.83,83.63,25.99,47.51,7.81,272.81,Barley,Chalky,RD-2552
98.26,31.24,48.24,19.38,76.18,5.11,1269.62,Vegetables,Peaty,Local-1
43.83,59.08,91.89,33.68,45.43,8.11,785.56,Barley,Chalky,DWRB-73
103.57,15.44,65.56,19.95,71.9,5.65,1672.19,Tea,Peaty,UPASI-9
33.95,55.52,85.22,29.02,47.34,7.77,688.57,Sugarcane,Chalky,Co-86032
125.84,43.73,70.93,23.27,65.6,6.28,2120.67,Tea,Peaty,TV-23
83.39,51.5,120.39,24.38,77.99,7.77,1328.28,Cotton,Clay,Bt-1
106.7,48.61,77.76,19.68,66.48,7.07,1150.21,Sugarcane,Loamy,Co-0118
84.07,41.96,92.68,26.21,59.1,6.67,772.57,Maize,Loamy,HQPM-1
91.17,48.01,124.57,29.9,82.16,7.27,1285.71,Sugarcane,Clay,Co-0238
43.05,31.38,35.55,27.93,45.81,6.49,659.07,Millet,Sandy,HHB-67
46.93,52.12,84.62,25.85,50.0,7.8,664.44,Barley,Chalky,BH-902
43.07,69.2,94.72,28.14,54.55,7.92,555.3,Millet,Chalky,HHB-67
78.89,36.57,93.02,25.68,52.83,7.22,989.99,Tomato,Loamy,Roma
103.9,44.29,59.52,19.16,93.13,5.05,1396.32,Rice,Peaty,Basmati-370
50.72,58.92,67.9,24.3,54.8,8.25,954.31,Barley,Chalky,DWRB-73
77.48,39.64,95.83,25.41,80.43,7.45,1666.49,Sugarcane,Clay,Co-86032
64.24,37.97,131.56,25.93,81.2,7.14,1503.11,Wheat,Silty,HD-2967
66.19,57.68,93.94,27.47,50.81,7.93,739.46,Wheat,Chalky,HD-2967
130.2,34.04,60.56,20.22,93.1,5.23,1446.55,Tea,Peaty,UPASI-9
95.97,58.89,101.03,21.77,58.14,7.11,1722.33,Wheat,Clay,HD-2967
42.81,23.18,51.88,27.66,36.91,5.4,421.76,Potato,Sandy,Kufri Jyoti
36.09,71.58,67.57,22.87,39.86,7.84,687.37,Millet,Chalky,ICTP-8203
49.1,24.33,52.86,29.23,29.32,6.77,661.74,Watermelon,Sandy,Arka Manik
49.41,24.16,25.95,32.84,46.87,6.17,517.07,Potato,Sandy,Kufri Jyoti
71.19,25.65,98.85,22.06,61.22,6.35,1807.54,Vegetables,Silty,Hybrid-A
49.79,57.96,71.6,32.72,53.16,8.28,1012.67,Cotton,Chalky,Bt-1
82.38,42.79,80.31,16.55,76.22,4.8,1910.92,Potato,Peaty,Kufri Bahar
60.67,47.33,100.05,29.31,61.88,7.09,991.42,Cotton,Loamy,Suraj
45.91,22.63,41.63,27.8,51.34,6.09,1042.68,Millet,Sandy,HHB-67
80.26,44.64,94.32,26.98,57.65,7.09,1320.71,Sugarcane,Loamy,Co-0238
104.76,53.46,94.07,23.25,64.47,6.87,1423.87,Wheat,Clay,PBW-343
33.23,39.28,85.77,20.37,52.74,8.75,784.05,Cotton,Chalky,Bt-1
129.57,38.43,66.57,22.88,85.69,5.54,1263.4,Maize,Peaty,DHM-117
127.48,46.55,36.45,21.73,77.62,5.79,1470.38,Soybean,Peaty,MAUS-71
67.46,41.58,75.92,26.71,75.74,6.98,1445.76,Vegetables,Silty,Hybrid-B
134.37,47.2,67.67,16.06,77.23,5.21,1526.56,Potato,Peaty,Kufri Bahar
58.18,56.18,110.68,32.95,52.23,8.02,1131.43,Barley,Chalky,BH-902
130.54,44.43,59.5,25.69,80.36,4.8,2066.15,Barley,Peaty,RD-2552
118.34,54.21,132.07,22.75,70.61,6.45,1563.56,Rice,Clay,Swarna
84.06,36.77,93.48,20.86,70.31,7.09,1876.88,Rice,Silty,Swarna
111.53,40.77,76.55,25.17,66.75,6.78,1424.44,Barley,Clay,BH-902
122.45,44.49,108.33,22.9,64.03,6.91,1494.23,Cotton,Clay,Bt-1
120.93,40.04,72.93,12.27,83.03,6.32,1332.85,Rice,Peaty,Basmati-370
86.03,39.69,112.45,26.69,67.03,6.25,1329.76,Sugarcane,Clay,Co-0238
117.84,45.88,79.41,14.46,81.92,5.22,1802.41,Potato,Peaty,Kufri Jyoti
88.11,30.73,103.51,22.06,70.21,6.55,849.68,Maize,Loamy,HQPM-1
115.98,38.45,42.16,21.41,88.05,4.58,1460.49,Tea,Peaty,TV-1
29.75,48.46,68.43,21.56,51.95,7.77,729.9,Barley,Chalky,BH-902
51.94,56.15,76.26,22.52,55.07,7.76,1301.66,Wheat,Loamy,Lok-1
71.51,41.44,74.39,32.04,59.26,7.25,1437.04,Cotton,Loamy,Bt-2
94.34,54.26,62.55,25.62,72.8,6.39,1223.32,Maize,Loamy,HQPM-1
60.67,61.01,103.61,33.69,45.32,8.66,871.06,Cotton,Chalky,Bt-1
53.23,29.15,54.32,29.46,53.04,5.93,409.88,Soybean,Sandy,JS-335
113.4,41.42,71.39,18.39,75.92,4.54,1986.43,Vegetables,Peaty,Hybrid-A
135.33,44.22,59.15,18.32,82.53,5.73,1927.94,Potato,Peaty,Kufri Bahar
116.8,31.99,54.19,21.86,83.0,5.08,1405.82,Watermelon,Peaty,Crimson Sweet
96.24,54.02,99.61,16.0,71.94,5.52,2274.08,Rice,Peaty,Basmati-370
95.57,58.16,118.57,23.42,64.39,7.18,1551.46,Sugarcane,Clay,Co-86032
106.34,71.87,97.54,27.05,70.16,6.84,1140.34,Sugarcane,Clay,Co-86032
59.9,26.31,60.88,31.47,49.23,6.3,738.46,Tea,Sandy,TV-23
48.55,61.24,119.02,27.3,51.63,7.71,541.89,Rice,Chalky,Swarna
114.07,63.56,99.71,25.79,77.93,5.77,1961.21,Cotton,Clay,Bt-1
70.85,42.88,102.82,22.46,59.78,7.51,1513.0,Wheat,Silty,PBW-343
82.53,45.9,75.67,26.59,61.13,6.29,1509.23,Soybean,Loamy,JS-335
87.61,62.0,140.83,26.35,64.24,6.8,919.91,Sugarcane,Clay,Co-0118
114.23,49.99,123.93,21.02,73.73,6.81,1975.41,Cotton,Clay,Bt-1
49.63,45.75,80.79,26.36,52.4,8.29,742.53,Cotton,Chalky,Bt-2
98.24,26.81,130.65,26.8,74.41,6.15,2021.12,Sugarcane,Clay,Co-0238
96.38,38.26,93.3,25.89,73.64,6.76,1314.22,Rice,Clay,Swarna
122.34,57.07,124.22,25.09,75.68,7.01,1277.85,Wheat,Clay,HD-2967
76.48,54.2,89.29,24.67,58.42,6.92,1058.34,Rice,Loamy,Basmati-370
58.03,31.11,89.1,29.87,35.78,8.28,1096.05,Millet,Chalky,ICTP-8203
50.1,51.02,74.96,30.8,52.47,8.22,845.02,Millet,Chalky,ICTP-8203
121.36,50.82,68.81,25.01,67.94,5.8,1666.42,Tea,Peaty,TV-1
108.78,63.5,75.51,26.81,79.27,6.74,1305.56,Cotton,Clay,Bt-1
96.18,49.75,95.61,30.4,61.26,7.3,1055.09,Groundnut,Silty,GG-20
65.21,61.37,117.46,27.8,68.23,6.76,1644.93,Rice,Clay,Swarna
67.43,50.61,80.29,29.27,37.93,8.18,886.25,Barley,Chalky,RD-2552
115.14,40.05,71.43,17.56,79.73,5.41,1643.1,Barley,Peaty,RD-2552
84.61,46.42,66.45,23.44,80.88,6.51,1401.24,Maize,Silty,HQPM-1
102.29,39.39,107.03,23.19,75.38,6.9,1153.03,Cotton,Clay,Bt-2
77.3,53.41,98.2,30.3,65.83,6.72,1342.33,Cotton,Loamy,Bt-1
92.51,46.86,61.92,23.15,77.6,4.39,1563.52,Vegetables,Peaty,Hybrid-A
102.8,24.95,76.23,14.09,86.6,4.51,1118.79,Tea,Peaty,TV-23
83.59,78.08,140.84,24.65,80.44,6.5,1405.11,Sugarcane,Clay,Co-0118
84.1,35.48,91.25,24.64,65.6,7.12,1248.95,Rice,Silty,IR64
93.61,57.91,120.76,24.54,69.2,6.21,1222.93,Wheat,Clay,HD-2967
40.11,26.9,32.52,30.42,48.46,6.2,411.0,Millet,Sandy,HHB-67
71.84,45.88,85.69,21.33,64.23,6.98,1503.5,Rice,Silty,Basmati-370
66.78,59.52,55.76,26.17,46.1,8.5,865.2,Millet,Chalky,RHB-173
86.81,58.75,85.65,23.2,76.58,7.18,1444.04,Rice,Clay,Swarna
72.76,38.24,89.9,27.42,52.97,6.63,1249.12,Maize,Loamy,Pioneer-3396
30.03,30.36,42.31,30.93,51.01,5.76,444.27,Potato,Sandy,Kufri Jyoti
29.62,39.05,53.62,31.7,55.27,6.66,555.67,Millet,Sandy,HHB-67
42.36,17.6,49.16,30.45,58.2,6.52,533.63,Watermelon,Sandy,Arka Manik
109.54,39.6,70.93,17.72,89.21,5.07,1914.47,Rice,Peaty,Swarna
63.37,86.89,111.18,19.72,42.9,8.3,549.47,Potato,Chalky,Kufri Pukhraj
100.2,53.67,134.65,24.9,75.99,6.99,1314.0,Rice,Clay,Swarna
79.76,45.5,87.32,24.03,66.14,7.78,1883.86,Millet,Clay,HHB-67
43.63,36.92,64.43,31.52,46.12,6.47,534.1,Rice,Sandy,Basmati-370
50.21,32.12,74.04,30.53,44.13,6.94,833.16,Watermelon,Sandy,Sugar Baby
58.38,38.52,110.72,28.24,40.04,8.32,857.81,Wheat,Chalky,Lok-1
83.74,69.51,117.82,24.6,83.2,5.76,1110.82,Cotton,Clay,Suraj
110.59,40.6,58.15,21.53,95.0,4.8,1853.33,Tea,Peaty,TV-23
83.6,47.53,80.86,22.4,77.08,6.6,1764.18,Vegetables,Silty,Local-1
64.88,54.57,104.32,23.97,49.16,6.39,1062.63,Cotton,Loamy,Bt-2
74.63,48.57,109.07,22.55,73.77,6.66,1772.23,Vegetables,Silty,Hybrid-B
108.35,66.12,103.01,28.13,69.45,5.54,1316.45,Cotton,Clay,Bt-2
104.87,27.39,83.75,18.12,76.19,5.67,1671.26,Rice,Peaty,IR64
91.4,48.99,109.23,20.98,67.24,7.18,1416.04,Wheat,Loamy,PBW-343
63.56,51.75,116.12,30.57,75.31,6.82,1118.69,Cotton,Loamy,Bt-2
61.6,45.25,65.92,30.13,73.36,6.78,1003.24,Soybean,Loamy,NRC-37
35.06,22.27,44.62,26.75,36.91,6.24,476.11,Potato,Sandy,Kufri Pukhraj
133.99,31.36,65.51,17.49,88.48,5.45,1422.5,Rice,Peaty,Swarna
74.0,52.07,93.23,26.37,57.43,7.33,1228.98,Wheat,Silty,Lok-1
44.79,27.03,42.59,30.24,41.66,6.76,648.58,Groundnut,Sandy,GG-20
109.0,48.2,80.43,27.31,64.22,6.73,1132.43,Cotton,Loamy,Bt-1
52.22,46.99,60.14,29.54,78.75,6.88,1667.15,Sugarcane,Silty,Co-86032
73.49,46.81,87.33,28.16,64.03,6.94,1426.01,Soybean,Loamy,JS-335
52.37,28.59,77.17,30.02,37.75,6.28,621.42,Millet,Sandy,ICTP-8203
74.21,52.64,113.56,26.14,73.94,7.01,896.29,Rice,Silty,Basmati-370
88.96,59.98,102.02,22.11,77.81,6.68,1671.54,Rice,Clay,Swarna
70.63,49.2,103.7,27.64,70.57,6.85,1651.82,Vegetables,Silty,Hybrid-A
106.05,57.64,101.91,17.88,61.78,7.12,1281.52,Rice,Silty,Basmati-370
135.99,38.33,78.39,20.39,83.43,5.82,1376.41,Rice,Peaty,IR64
32.62,34.37,45.79,28.74,45.32,6.78,678.28,Groundnut,Sandy,JL-24
40.04,15.13,61.43,27.63,42.89,5.55,528.01,Groundnut,Sandy,TAG-24
121.89,57.8,100.03,28.78,55.95,6.99,1085.59,Rice,Clay,IR64
30.87,48.07,58.87,25.52,62.06,7.74,648.19,Wheat,Chalky,Lok-1
88.61,48.83,101.52,27.26,66.94,6.72,1511.92,Rice,Silty,IR64
49.62,31.54,73.84,31.73,40.7,6.77,571.84,Watermelon,Sandy,Arka Manik
28.24,39.3,62.82,32.37,52.44,6.54,635.06,Millet,Sandy,ICTP-8203
108.13,41.72,98.07,22.55,72.95,7.55,853.34,Soybean,Loamy,MAUS-71
104.62,60.19,102.22,23.13,70.61,6.97,1000.17,Millet,Clay,HHB-67
88.37,48.91,64.38,25.07,79.02,6.42,857.89,Vegetables,Silty,Hybrid-B
74.92,53.3,96.33,31.85,51.29,7.56,648.67,Millet,Chalky,ICTP-8203
89.9,38.52,86.86,16.95,80.0,4.49,1633.39,Rice,Peaty,Basmati-370
100.0,27.67,71.72,20.84,94.13,5.54,1189.8,Rice,Peaty,Swarna
112.0,39.2,82.03,22.05,81.38,5.52,1413.83,Potato,Peaty,Kufri Pukhraj
108.39,50.38,61.47,15.18,84.62,5.22,1712.66,Vegetables,Peaty,Hybrid-A
49.12,65.57,134.95,24.07,48.02,7.95,545.55,Cotton,Chalky,Bt-2
56.74,24.04,55.47,29.96,40.62,6.08,722.95,Potato,Sandy,Kufri Pukhraj
66.31,21.67,52.67,30.03,44.25,6.03,432.17,Potato,Sandy,Kufri Pukhraj
75.0,30.29,40.13,23.44,47.06,5.96,607.11,Tomato,Sandy,Arka Vikas
30.83,23.05,38.03,27.03,45.41,5.42,775.41,Groundnut,Sandy,TAG-24
108.41,54.69,81.8,22.95,73.65,5.86,1535.54,Sugarcane,Clay,Co-86032
90.25,58.7,54.13,27.29,65.78,6.71,677.54,Sugarcane,Loamy,Co-0238
105.82,39.31,38.48,18.8,89.26,5.52,1494.56,Vegetables,Peaty,Hybrid-A
43.14,25.05,38.13,24.13,44.1,5.88,661.13,Watermelon,Sandy,Crimson Sweet
43.15,30.35,53.06,26.44,43.57,6.55,593.43,Potato,Sandy,Kufri Bahar
70.26,45.79,79.39,20.34,81.79,5.57,1588.51,Rice,Peaty,Basmati-370
41.83,35.5,79.91,29.55,48.47,7.5,705.68,Sugarcane,Chalky,Co-0238
74.8,67.23,67.54,20.19,59.02,6.71,1848.45,Maize,Silty,DHM-117
85.47,46.61,102.38,21.05,83.56,7.0,1118.37,Rice,Silty,Basmati-370
81.21,53.18,103.62,23.38,64.57,7.64,1523.02,Rice,Silty,Swarna
141.42,35.87,92.01,13.51,77.54,5.98,1703.46,Tea,Peaty,TV-23
118.1,69.29,119.87,27.0,76.51,6.32,1465.62,Groundnut,Clay,GG-20
60.48,54.47,122.9,24.78,62.9,6.26,1270.36,Rice,Silty,Swarna
97.1,50.24,118.88,22.34,55.0,5.85,1386.23,Sugarcane,Clay,Co-0238
52.32,25.72,58.15,29.28,38.93,6.19,926.99,Potato,Sandy,Kufri Pukhraj
70.16,46.59,97.27,27.36,55.88,6.19,1324.4,Cotton,Loamy,Bt-1
96.78,61.81,90.7,23.68,57.86,6.51,1149.37,Maize,Silty,HQPM-1
87.79,25.0,125.14,27.8,74.13,7.19,1291.85,Wheat,Clay,HD-2967
26.7,28.18,57.99,32.96,44.44,6.14,999.68,Groundnut,Sandy,GG-20
102.12,40.87,88.21,22.94,63.35,6.8,1346.75,Wheat,Loamy,HD-2967
115.0,47.54,63.88,23.89,74.81,6.95,1091.08,Wheat,Silty,HD-2967
35.13,32.02,65.71,27.78,42.13,6.36,432.83,Groundnut,Sandy,GG-20
67.56,61.39,91.43,27.41,45.93,7.99,654.24,Barley,Chalky,RD-2552
107.02,32.18,94.88,25.43,49.21,7.05,756.01,Soybean,Loamy,NRC-37
55.27,81.87,83.62,23.1,46.44,8.25,1032.46,Millet,Chalky,HHB-67
126.75,23.12,67.33,16.25,77.2,5.5,1728.85,Vegetables,Peaty,Hybrid-A
49.71,58.7,91.78,30.05,54.81,7.76,785.7,Millet,Chalky,HHB-67
35.69,43.07,52.38,29.75,59.09,8.08,800.69,Millet,Chalky,HHB-67
64.7,41.08,99.84,27.06,55.02,6.84,1260.45,Wheat,Loamy,PBW-343
113.88,43.33,65.37,20.48,81.03,5.06,1519.22,Rice,Peaty,Basmati-370
50.72,29.29,41.39,25.84,43.06,6.58,743.11,Watermelon,Sandy,Sugar Baby
62.36,43.9,79.4,19.35,57.86,6.43,1264.6,Vegetables,Silty,Local-1
75.94,45.84,48.87,25.23,82.73,6.53,1559.17,Rice,Silty,Basmati-370
32.66,55.99,92.23,28.26,48.46,7.99,1098.2,Sugarcane,Chalky,Co-0238
40.7,22.48,48.91,31.0,34.15,6.53,444.78,Potato,Sandy,Kufri Jyoti
90.29,38.07,122.26,30.83,69.22,6.92,1371.43,Vegetables,Silty,Hybrid-B
103.87,40.99,77.67,20.82,69.02,6.96,1105.95,Potato,Loamy,Kufri Jyoti
137.94,50.53,64.11,12.0,85.81,4.37,1923.97,Cotton,Peaty,Suraj
105.24,69.07,93.78,29.86,57.19,6.81,1096.97,Tomato,Loamy,Arka Vikas
52.24,31.17,39.54,31.57,34.28,6.04,850.84,Groundnut,Sandy,JL-24
42.96,20.04,34.45,30.84,39.33,6.81,563.92,Watermelon,Sandy,Crimson Sweet
65.24,32.26,56.96,24.27,46.21,6.07,541.51,Wheat,Sandy,Lok-1
70.0,48.68,74.81,21.29,83.67,5.23,1820.48,Tea,Peaty,TV-23
58.85,57.9,96.8,22.34,62.19,6.54,1433.02,Vegetables,Silty,Hybrid-A
67.26,54.63,66.55,22.48,75.19,6.15,1085.76,Wheat,Silty,HD-2967
96.54,53.52,54.86,21.18,85.72,6.7,1122.92,Maize,Silty,HQPM-1
74.89,39.71,92.71,26.53,80.92,6.84,940.35,Wheat,Silty,PBW-343
92.08,51.22,140.1,25.64,69.48,6.27,1507.26,Cotton,Clay,Suraj
29.91,34.29,51.4,32.43,50.31,5.97,525.47,Groundnut,Sandy,JL-24
130.38,37.16,85.88,25.39,88.81,5.57,1963.92,Vegetables,Peaty,Local-1
83.05,71.96,108.48,28.86,76.59,7.05,1621.15,Maize,Clay,HQPM-1
42.26,39.71,55.51,29.18,50.53,6.73,581.59,Potato,Sandy,Kufri Jyoti
147.99,57.86,93.49,19.39,71.84,5.34,1669.12,Potato,Peaty,Kufri Bahar
76.67,40.48,90.51,23.65,72.75,6.85,1775.0,Rice,Clay,IR64
77.38,31.32,72.5,29.58,76.38,6.88,1503.79,Vegetables,Silty,Hybrid-A
44.65,23.75,45.2,33.31,46.68,6.2,1100.0,Groundnut,Sandy,TAG-24
45.75,18.53,49.94,26.12,30.79,5.84,921.61,Watermelon,Sandy,Arka Manik
69.72,62.88,98.73,23.53,66.86,7.18,1285.18,Cotton,Loamy,Bt-1
80.37,36.07,95.16,27.47,70.8,6.54,1045.89,Cotton,Loamy,Bt-2
39.51,63.53,77.99,21.08,51.23,8.06,790.7,Barley,Chalky,BH-902
49.5,65.09,94.6,21.15,43.65,8.63,850.14,Wheat,Chalky,HD-2967
45.6,28.82,62.76,28.79,49.01,6.19,655.79,Millet,Sandy,HHB-67
63.88,43.78,80.1,23.16,55.72,6.87,1033.77,Tomato,Loamy,Arka Vikas
84.41,26.01,61.61,18.05,82.75,6.68,997.84,Wheat,Silty,PBW-343
48.81,66.25,94.26,29.51,44.58,8.38,913.7,Wheat,Chalky,Lok-1
87.0,64.32,96.27,25.46,69.53,6.61,1351.92,Cotton,Clay,Bt-2
98.07,55.9,83.11,32.36,57.73,7.2,1535.66,Cotton,Loamy,Suraj
77.23,58.27,99.38,28.41,80.0,6.93,701.85,Cotton,Loamy,Bt-1
55.87,35.27,57.7,27.03,38.76,6.12,705.97,Watermelon,Sandy,Arka Manik
27.6,75.35,62.7,29.29,45.83,8.34,785.03,Millet,Chalky,HHB-67
79.21,37.13,85.12,22.42,65.39,7.09,1503.92,Wheat,Silty,Lok-1
100.3,46.57,75.61,19.04,93.91,4.7,1776.08,Potato,Peaty,Kufri Bahar
112.55,46.64,63.3,17.38,80.1,5.24,1349.16,Tea,Peaty,UPASI-9
38.87,21.01,68.33,34.22,37.38,6.71,660.79,Watermelon,Sandy,Crimson Sweet
49.95,62.68,104.17,27.65,55.56,8.14,732.67,Cotton,Chalky,Suraj
88.64,42.25,89.38,21.47,83.55,5.74,1466.31,Rice,Silty,Basmati-370
102.43,56.53,134.8,26.63,63.17,7.76,1690.85,Sugarcane,Clay,Co-0238
91.5,40.37,83.53,25.51,59.12,7.21,909.74,Maize,Loamy,Pioneer-3396
88.33,32.98,74.91,21.21,80.56,5.38,1540.54,Barley,Peaty,DWRB-73
125.11,81.23,117.5,24.69,69.72,7.03,1404.91,Cotton,Clay,Bt-1
74.43,45.49,147.08,25.0,66.48,6.94,1314.77,Wheat,Clay,PBW-343
74.64,47.21,61.2,24.15,67.25,6.33,1437.59,Rice,Silty,IR64
96.35,28.21,111.34,27.94,75.17,6.79,1382.87,Sugarcane,Clay,Co-0238
66.29,34.35,92.78,28.02,80.59,6.18,1635.58,Rice,Silty,IR64
71.14,54.13,97.5,24.06,73.88,6.72,1378.39,Rice,Silty,Swarna
65.41,44.51,96.11,24.04,64.8,6.86,1096.19,Tomato,Loamy,Arka Vikas
30.74,32.45,50.01,32.85,38.7,6.31,658.24,Millet,Sandy,ICTP-8203
76.82,28.99,99.9,27.7,69.08,7.2,1382.06,Cotton,Loamy,Bt-1
138.98,32.4,70.24,19.71,89.14,5.05,1164.76,Potato,Peaty,Kufri Bahar
61.15,61.42,79.11,25.39,71.43,7.21,1579.72,Vegetables,Silty,Hybrid-A
68.34,22.8,63.3,28.52,45.42,6.81,618.45,Watermelon,Sandy,Sugar Baby
120.2,44.17,93.16,19.75,83.88,5.62,1657.82,Potato,Peaty,Kufri Jyoti
101.28,49.0,82.98,20.54,84.63,6.78,1397.98,Maize,Silty,HQPM-1
101.86,42.9,74.95,21.61,65.13,7.16,1187.06,Cotton,Loamy,Suraj
34.09,22.4,22.65,23.28,58.83,7.18,690.16,Vegetables,Sandy,Hybrid-B
58.61,45.27,92.16,27.33,48.0,7.82,493.27,Barley,Chalky,DWRB-73
92.68,31.82,62.0,21.91,74.34,5.28,1147.2,Potato,Peaty,Kufri Bahar
116.39,36.94,109.51,26.27,63.99,6.98,1751.62,Sugarcane,Clay,Co-0238
132.3,37.36,59.12,17.24,86.73,5.04,1500.34,Potato,Peaty,Kufri Pukhraj
81.71,47.43,79.05,27.98,54.57,6.63,1460.55,Soybean,Loamy,NRC-37
56.39,41.12,108.17,26.66,49.98,7.96,662.95,Millet,Chalky,HHB-67
62.12,45.63,113.72,26.49,77.77,6.76,1446.54,Vegetables,Silty,Hybrid-A
87.25,50.9,134.03,26.99,83.79,6.35,1387.1,Sugarcane,Clay,Co-0118
46.51,34.76,52.6,32.44,41.23,5.53,718.87,Potato,Sandy,Kufri Bahar
51.53,73.1,95.0,24.87,52.2,8.34,973.9,Wheat,Chalky,PBW-343
108.34,32.76,71.2,19.57,76.86,5.51,1833.94,Potato,Peaty,Kufri Jyoti
122.41,41.23,102.7,27.21,77.53,6.85,1416.33,Cotton,Clay,Bt-1
100.32,65.21,86.73,23.15,57.63,7.22,1492.99,Wheat,Silty,PBW-343
84.81,47.97,128.24,26.6,76.36,6.76,1271.19,Rice,Clay,Basmati-370
45.23,58.96,82.78,28.37,33.58,8.07,672.11,Millet,Chalky,ICTP-8203
89.62,35.3,34.44,19.67,78.77,5.76,1470.83,Potato,Peaty,Kufri Bahar
87.23,36.26,69.81,21.93,62.53,6.62,1066.42,Wheat,Loamy,HD-2967
30.69,18.3,34.55,33.97,48.21,6.33,712.54,Watermelon,Sandy,Arka Manik
104.03,35.79,44.28,15.04,80.77,5.1,1632.5,Potato,Peaty,Kufri Bahar
99.13,38.95,74.82,28.34,71.77,7.25,1203.01,Maize,Loamy,DHM-117
33.52,48.97,106.43,27.03,37.11,8.4,710.77,Barley,Chalky,BH-902
67.57,45.57,120.11,22.46,70.66,7.48,1456.33,Maize,Silty,DHM-117
114.19,54.13,119.89,24.74,80.95,7.36,1900.55,Rice,Clay,Basmati-370
63.41,42.77,75.71,22.41,66.0,6.58,1292.95,Vegetables,Silty,Local-1
32.29,28.28,59.18,29.9,41.16,5.9,623.15,Cotton,Sandy,Bt-1
67.05,61.94,114.12,25.04,72.35,7.17,1286.94,Maize,Silty,DHM-117
102.33,63.91,127.94,26.03,71.11,6.49,1097.38,Wheat,Clay,PBW-343
90.41,53.51,76.95,18.35,81.87,5.82,1866.4,Rice,Peaty,Swarna
108.51,72.8,120.28,24.09,82.46,6.99,1499.14,Cotton,Clay,Bt-2
85.92,43.26,90.35,20.74,65.41,6.74,939.05,Maize,Silty,Pioneer-3396
80.53,34.27,45.0,29.27,69.41,5.79,1088.85,Wheat,Silty,HD-2967
121.89,37.93,72.05,21.1,72.55,4.2,1985.71,Vegetables,Peaty,Hybrid-B
56.14,31.71,68.15,28.4,41.65,6.1,804.27,Watermelon,Sandy,Crimson Sweet
102.96,21.09,105.91,24.05,67.25,7.0,1191.43,Sugarcane,Loamy,Co-0238
88.23,47.54,105.36,23.82,62.13,7.09,822.46,Wheat,Silty,PBW-343
74.29,55.36,81.54,20.36,67.48,6.86,1545.21,Wheat,Silty,Lok-1
36.33,31.72,32.52,25.79,58.78,6.03,727.48,Groundnut,Sandy,GG-20
96.93,49.33,124.88,24.28,70.28,7.26,1730.99,Vegetables,Clay,Local-1
81.94,69.47,133.06,28.49,86.4,7.26,1067.33,Cotton,Clay,Bt-2
122.06,40.31,60.8,21.71,74.74,5.43,1559.49,Wheat,Peaty,HD-2967
86.07,51.43,113.88,24.59,65.17,7.21,1175.85,Wheat,Silty,HD-2967
82.62,60.54,76.81,21.27,73.61,7.1,1635.45,Vegetables,Silty,Hybrid-B
84.89,30.84,99.04,26.59,70.84,6.02,1002.16,Wheat,Silty,Lok-1
109.68,39.43,78.93,17.99,82.17,5.75,1152.94,Potato,Peaty,Kufri Jyoti
125.57,40.31,67.57,13.99,84.44,5.69,1593.07,Potato,Peaty,Kufri Pukhraj
73.72,32.64,38.41,30.57,50.94,6.15,430.6,Millet,Sandy,RHB-173
93.93,55.06,118.63,24.93,61.81,7.6,1526.82,Wheat,Clay,PBW-343
52.87,31.56,47.83,36.53,46.8,5.51,511.15,Millet,Sandy,HHB-67
53.73,25.25,41.1,31.04,54.44,6.74,652.91,Watermelon,Sandy,Crimson Sweet
98.39,49.46,59.49,16.02,78.47,5.41,1864.39,Tea,Peaty,UPASI-9
69.45,47.59,85.19,25.73,70.29,6.99,1068.28,Maize,Loamy,HQPM-1
46.8,53.01,79.85,22.73,48.77,7.72,1111.49,Millet,Chalky,HHB-67
35.49,28.87,61.24,24.52,50.27,5.59,655.78,Groundnut,Sandy,JL-24
109.59,66.4,115.35,24.85,55.0,7.5,1260.31,Cotton,Clay,Bt-2
82.77,57.38,92.27,27.71,56.14,6.48,1321.77,Vegetables,Silty,Hybrid-A
127.69,33.07,73.24,25.15,71.03,5.75,2136.18,Potato,Peaty,Kufri Jyoti
101.83,70.96,107.24,33.0,57.83,6.82,1658.67,Rice,Clay,Basmati-370
91.19,47.02,90.68,26.75,59.58,6.88,1083.35,Sugarcane,Loamy,Co-0238
82.35,43.7,79.05,29.21,69.29,7.04,870.48,Rice,Silty,Swarna
80.05,65.0,63.4,23.92,85.18,5.05,2248.71,Potato,Peaty,Kufri Pukhraj
86.96,50.52,91.24,26.09,68.52,6.14,1684.76,Maize,Silty,Pioneer-3396
35.79,79.21,100.32,19.67,49.59,8.2,637.58,Millet,Chalky,HHB-67
33.01,40.49,68.14,27.49,49.92,7.31,1142.02,Millet,Chalky,RHB-173
102.17,49.19,69.46,20.0,78.26,5.17,1949.61,Maize,Peaty,DHM-117
41.06,41.86,28.69,25.12,58.49,6.5,730.8,Millet,Sandy,RHB-173
85.72,43.14,99.27,26.7,72.21,6.51,1641.35,Wheat,Clay,HD-2967
29.39,60.04,75.99,25.52,47.59,8.19,719.23,Wheat,Chalky,HD-2967
101.34,57.84,90.02,24.5,61.72,6.42,1184.78,Tomato,Loamy,Roma
60.73,26.1,55.76,33.68,31.89,6.11,1004.84,Groundnut,Sandy,GG-20
79.35,49.9,99.77,27.59,64.78,6.83,703.57,Maize,Loamy,DHM-117
110.67,33.59,90.56,16.0,75.31,4.73,1529.14,Potato,Peaty,Kufri Bahar
91.88,36.12,110.76,24.39,71.39,6.42,1105.86,Vegetables,Silty,Hybrid-A
45.75,21.73,56.69,29.11,38.04,6.73,691.18,Potato,Sandy,Kufri Pukhraj
134.76,36.85,66.0,22.33,80.82,5.51,1562.41,Maize,Peaty,DHM-117
126.65,42.29,76.41,18.7,75.14,5.04,1321.18,Rice,Peaty,Basmati-370
39.03,80.13,65.86,27.44,50.41,7.63,720.51,Barley,Chalky,RD-2552
96.85,46.05,64.49,23.19,73.22,6.39,833.48,Rice,Silty,Swarna
83.11,61.52,120.32,21.67,81.85,6.26,1416.61,Maize,Silty,DHM-117
120.0,41.64,109.64,26.28,70.4,6.06,1648.82,Cotton,Loamy,Suraj
59.17,51.61,101.65,32.08,49.42,7.89,908.33,Barley,Chalky,BH-902
34.87,70.31,72.44,20.95,26.39,8.26,1029.21,Rice,Chalky,Basmati-370
85.77,75.0,103.47,21.99,78.09,6.72,1800.17,Cotton,Silty,Bt-1
52.31,33.19,59.87,32.75,57.19,6.86,1055.02,Potato,Sandy,Kufri Jyoti
79.34,34.67,108.6,25.56,61.24,5.9,1170.64,Wheat,Loamy,PBW-343
151.86,31.38,55.05,24.5,84.89,5.36,1580.08,Tea,Peaty,TV-23
61.53,30.2,64.58,27.04,55.92,6.26,1287.65,Soybean,Loamy,JS-335
86.01,42.95,112.43,26.36,62.56,6.62,1080.93,Sugarcane,Loamy,Co-0118
71.07,49.18,83.8,24.52,72.48,6.65,1593.72,Tomato,Loamy,Roma
89.9,57.79,122.22,26.26,67.93,5.62,1442.17,Maize,Silty,DHM-117
101.18,50.29,126.41,25.68,72.65,6.7,1900.66,Rice,Clay,IR64
108.9,70.97,121.7,26.45,82.99,7.04,1260.22,Sugarcane,Clay,Co-86032
95.39,75.62,108.91,26.2,65.8,7.79,1532.29,Rice,Clay,Basmati-370
60.2,41.27,132.33,29.49,52.17,8.12,636.98,Wheat,Chalky,Lok-1
16.3,57.89,76.78,24.39,47.3,8.37,1146.47,Barley,Chalky,BH-902
71.42,36.64,123.54,22.66,59.56,6.07,1004.8,Wheat,Loamy,PBW-343
45.01,26.26,49.12,35.45,44.24,6.2,332.15,Potato,Sandy,Kufri Bahar
64.64,27.07,53.57,33.46,43.59,6.37,821.97,Rice,Sandy,Swarna
40.24,59.71,84.36,24.19,45.61,7.53,465.41,Barley,Chalky,BH-902
92.71,46.6,42.48,17.87,72.51,5.1,2356.64,Tea,Peaty,UPASI-9
68.4,21.06,66.83,30.36,41.77,6.28,462.32,Millet,Sandy,RHB-173
74.55,47.12,76.43,27.34,64.89,6.68,1424.14,Maize,Silty,HQPM-1
43.41,58.29,96.27,30.34,56.67,8.12,596.69,Barley,Chalky,DWRB-73
120.85,51.9,100.39,20.7,69.5,6.25,1075.6,Wheat,Clay,Lok-1
41.75,58.08,108.01,24.28,54.81,7.97,740.3,Barley,Chalky,DWRB-73
88.96,32.64,89.66,31.51,60.41,6.85,1255.51,Sugarcane,Loamy,Co-0118
61.11,23.9,64.09,34.19,32.36,6.56,831.68,Watermelon,Sandy,Sugar Baby
81.49,35.24,50.0,23.77,62.48,6.6,969.94,Soybean,Loamy,NRC-37
107.02,54.95,100.94,26.63,67.97,6.61,1872.78,Wheat,Clay,HD-2967
102.12,48.07,82.35,20.96,78.0,5.88,1955.63,Rice,Peaty,Basmati-370
109.55,38.04,49.16,18.79,74.03,5.86,1433.34,Potato,Peaty,Kufri Jyoti
41.91,79.15,84.14,26.73,36.67,8.37,436.56,Cotton,Chalky,Bt-1
100.14,34.79,75.68,23.19,76.43,5.62,1857.4,Potato,Peaty,Kufri Pukhraj
47.5,67.3,98.67,26.08,50.96,8.41,603.15,Millet,Chalky,ICTP-8203
122.3,54.81,106.13,25.76,62.71,7.02,1354.97,Rice,Clay,IR64
91.8,49.03,102.98,25.16,51.16,7.01,1197.89,Tomato,Loamy,Pusa Ruby
100.05,38.36,118.15,29.89,78.95,6.5,1307.3,Rice,Clay,IR64
45.59,21.01,39.98,35.66,59.42,6.3,721.02,Maize,Sandy,HQPM-1
75.43,42.24,80.78,24.46,69.04,7.64,1278.3,Soybean,Loamy,JS-335
101.7,44.62,65.91,29.79,63.98,7.23,1332.13,Soybean,Loamy,JS-335
48.18,31.73,49.55,28.61,43.72,6.3,390.52,Groundnut,Sandy,TAG-24
81.86,56.29,72.68,20.62,74.81,6.54,1047.49,Wheat,Silty,PBW-343
35.26,16.39,54.17,28.73,33.43,6.52,349.47,Potato,Sandy,Kufri Bahar
49.23,23.47,45.56,29.64,44.66,6.11,727.95,Watermelon,Sandy,Crimson Sweet
62.81,62.21,75.71,28.41,59.19,6.09,1281.28,Soybean,Silty,JS-335
43.95,20.41,53.41,33.28,52.17,6.97,957.45,Potato,Sandy,Kufri Bahar
84.11,18.03,64.24,20.97,73.83,4.1,2006.36,Groundnut,Peaty,JL-24
74.27,49.18,45.0,27.83,59.24,7.53,1110.26,Vegetables,Silty,Local-1
95.84,29.99,83.67,19.75,72.14,5.67,2139.44,Rice,Peaty,IR64
77.98,55.25,123.6,28.65,72.51,7.32,1330.1,Cotton,Clay,Suraj
59.25,72.16,100.55,21.97,51.46,7.68,919.07,Wheat,Chalky,PBW-343
64.08,58.56,116.1,29.82,53.92,7.99,726.85,Wheat,Chalky,PBW-343
84.99,77.75,114.41,25.28,78.38,6.35,1777.2,Wheat,Clay,Lok-1
87.03,59.74,109.81,29.19,75.65,6.38,1119.79,Sugarcane,Clay,Co-86032
98.37,25.26,100.26,22.47,57.91,7.0,1522.72,Wheat,Loamy,Lok-1
38.9,51.34,122.21,23.62,61.72,8.05,771.58,Barley,Chalky,DWRB-73
84.82,34.04,95.4,26.63,80.0,6.85,1511.13,Sugarcane,Loamy,Co-86032
89.56,43.65,82.31,27.19,59.87,5.98,1313.9,Wheat,Silty,HD-2967
30.53,28.39,37.46,28.69,62.01,6.69,654.01,Groundnut,Sandy,TAG-24
38.36,30.24,46.04,27.04,61.18,6.75,731.48,Groundnut,Sandy,TAG-24
32.34,44.63,52.04,26.67,39.85,6.23,646.35,Potato,Sandy,Kufri Pukhraj
100.29,39.32,67.24,23.02,85.01,5.0,1197.51,Potato,Peaty,Kufri Jyoti
86.84,42.42,70.46,23.28,67.31,6.79,1491.76,Vegetables,Silty,Hybrid-B
41.61,68.97,107.52,25.95,58.43,8.23,895.2,Cotton,Chalky,Suraj
88.38,44.15,53.12,17.39,77.45,5.97,1727.77,Tea,Peaty,TV-1
124.57,48.49,68.33,23.38,93.39,5.53,1650.56,Potato,Peaty,Kufri Bahar
97.83,25.88,94.66,22.14,65.13,6.74,858.84,Wheat,Loamy,PBW-343
103.57,53.78,117.08,29.31,72.59,6.92,1910.53,Sugarcane,Clay,Co-0118
49.67,35.44,41.28,26.95,43.49,6.65,457.45,Millet,Sandy,ICTP-8203
85.98,57.63,129.08,32.0,70.82,6.49,1265.96,Vegetables,Silty,Local-1
45.0,52.93,73.05,27.75,67.58,7.23,1405.43,Cotton,Loamy,Bt-1
85.79,55.66,63.97,32.13,61.52,6.18,1040.11,Wheat,Loamy,Lok-1
50.9,65.92,77.97,26.98,49.78,7.43,760.05,Soybean,Chalky,JS-335
34.06,54.15,115.76,31.93,31.89,7.44,780.9,Cotton,Chalky,Bt-2
46.79,39.16,41.84,29.61,34.91,5.68,546.31,Watermelon,Sandy,Arka Manik
42.12,38.29,32.86,26.43,46.88,6.52,252.1,Watermelon,Sandy,Crimson Sweet
95.41,39.96,72.02,26.85,59.18,6.64,938.03,Wheat,Loamy,Lok-1
39.4,19.52,59.4,24.57,49.23,6.65,746.31,Cotton,Sandy,Bt-1
83.66,31.85,96.88,29.26,65.24,6.71,1800.0,Wheat,Loamy,PBW-343
51.54,47.38,50.37,21.2,37.24,7.93,710.79,Cotton,Chalky,Bt-1
81.69,62.91,66.85,27.9,69.95,6.34,1045.4,Wheat,Silty,Lok-1
98.0,30.4,91.08,25.9,58.66,6.58,1443.32,Wheat,Loamy,HD-2967
68.33,49.43,92.52,24.3,67.52,6.73,1837.01,Wheat,Silty,PBW-343
57.64,35.79,51.7,29.35,42.47,6.19,814.64,Groundnut,Sandy,GG-20
116.01,51.38,78.95,19.91,80.52,4.9,1359.36,Vegetables,Peaty,Local-1
72.81,55.21,98.18,24.09,90.0,6.29,1342.52,Sugarcane,Clay,Co-86032
60.45,15.23,63.04,27.27,53.07,7.4,303.42,Watermelon,Sandy,Arka Manik
91.97,45.31,104.49,22.51,74.74,6.5,1047.46,Sugarcane,Loamy,Co-0238
53.24,90.0,80.12,28.85,34.41,7.89,895.18,Rice,Chalky,IR64
89.47,47.6,89.21,26.2,71.15,7.2,1406.98,Sugarcane,Loamy,Co-86032
85.5,61.69,120.33,24.69,61.55,7.86,926.15,Cotton,Clay,Suraj
117.23,47.56,82.41,16.86,72.79,4.77,1498.08,Potato,Peaty,Kufri Bahar
106.55,56.66,103.39,24.8,71.3,7.33,1500.87,Wheat,Clay,HD-2967
48.53,26.25,63.18,38.0,48.23,5.99,463.07,Watermelon,Sandy,Arka Manik
107.88,51.79,127.08,22.29,69.2,7.18,2006.1,Rice,Clay,Swarna
96.13,52.08,108.19,26.22,55.88,6.78,1032.73,Soybean,Loamy,JS-335
39.64,32.49,59.69,25.66,36.32,5.23,772.32,Watermelon,Sandy,Sugar Baby
33.74,72.36,57.0,24.01,55.34,8.54,1005.65,Millet,Chalky,RHB-173
71.91,47.9,109.04,24.4,73.66,6.42,1375.99,Maize,Silty,Pioneer-3396
82.16,45.76,101.49,26.65,71.74,7.25,1154.61,Soybean,Loamy,MAUS-71
49.12,32.18,69.96,29.92,62.54,6.4,460.83,Watermelon,Sandy,Arka Manik
53.67,30.12,65.77,29.16,33.99,5.3,1100.0,Watermelon,Sandy,Arka Manik
129.68,49.85,81.97,16.91,83.92,4.57,1340.74,Tea,Peaty,TV-1
66.94,44.28,59.84,28.23,75.54,6.38,1588.11,Wheat,Silty,HD-2967
86.7,52.45,98.75,27.86,67.63,6.59,1589.49,Wheat,Loamy,PBW-343
94.98,59.59,141.02,24.13,72.74,5.85,1546.58,Wheat,Clay,PBW-343
134.93,29.12,65.79,16.79,80.95,5.06,1643.83,Vegetables,Peaty,Hybrid-B
47.97,53.47,65.54,26.6,40.58,7.84,867.89,Barley,Chalky,BH-902
72.71,56.92,111.73,23.24,68.54,7.26,1043.3,Potato,Clay,Kufri Bahar
46.87,25.29,60.4,29.08,25.0,5.2,882.99,Millet,Sandy,ICTP-8203
90.61,25.0,114.43,25.68,73.82,6.66,1201.19,Sugarcane,Clay,Co-0238
117.05,60.93,125.1,27.63,78.0,7.25,2172.62,Sugarcane,Clay,Co-0238
94.1,56.23,110.74,24.62,66.89,6.22,1767.13,Rice,Clay,Basmati-370
95.65,20.0,114.25,29.25,58.27,6.63,1316.4,Tomato,Loamy,Roma
134.81,45.0,57.16,21.9,83.24,4.91,1638.51,Rice,Peaty,IR64
60.42,72.07,92.16,22.16,45.1,8.08,938.54,Barley,Chalky,BH-902
113.27,43.87,132.77,27.13,76.28,6.46,1411.71,Cotton,Clay,Bt-1
89.12,46.85,103.77,28.29,74.08,7.5,1479.79,Rice,Clay,IR64
33.85,49.11,109.11,27.57,52.39,8.21,942.92,Potato,Chalky,Kufri Pukhraj
105.9,65.21,113.05,20.41,67.54,7.08,1812.59,Cotton,Clay,Suraj
120.5,31.65,64.67,22.34,69.84,5.23,2023.35,Vegetables,Peaty,Hybrid-B
88.74,42.47,68.5,27.06,78.96,6.56,1113.48,Wheat,Silty,Lok-1
45.46,30.12,41.78,30.83,43.27,6.2,683.0,Watermelon,Sandy,Arka Manik
75.87,47.17,88.01,31.0,65.03,6.95,1191.77,Cotton,Loamy,Bt-1
92.54,46.08,80.03,19.22,72.11,7.06,894.29,Rice,Silty,Basmati-370
103.8,53.67,95.94,26.49,66.52,6.87,1102.58,Rice,Silty,Basmati-370
100.53,44.11,73.78,14.9,84.03,4.36,2343.01,Maize,Peaty,Pioneer-3396
64.03,19.74,60.59,33.75,55.76,5.97,782.46,Potato,Sandy,Kufri Bahar
86.1,56.79,103.16,29.03,61.16,7.42,1395.39,Maize,Loamy,Pioneer-3396
114.71,53.52,91.73,16.6,79.66,5.86,1512.55,Potato,Peaty,Kufri Bahar
159.66,32.5,98.37,26.06,73.8,4.42,1493.57,Rice,Peaty,Swarna
107.74,44.46,57.32,19.07,77.62,4.63,1632.11,Rice,Peaty,IR64
35.14,65.55,89.46,28.62,63.96,8.14,871.21,Barley,Chalky,BH-902
92.03,43.45,72.73,24.04,66.44,6.85,1073.13,Vegetables,Loamy,Hybrid-A
106.55,37.28,40.98,15.03,71.01,4.52,1656.95,Vegetables,Peaty,Hybrid-B
51.71,24.55,64.46,29.81,58.22,6.08,905.01,Wheat,Sandy,Lok-1
43.15,52.0,119.3,24.81,39.72,7.86,571.33,Tea,Chalky,TV-23
88.84,32.14,94.37,27.7,58.53,6.53,1301.88,Sugarcane,Loamy,Co-0238
81.68,62.23,110.14,25.23,61.25,6.54,1286.01,Wheat,Clay,Lok-1
108.33,56.71,76.58,24.05,65.82,6.82,1160.92,Rice,Silty,IR64
89.29,36.45,104.34,25.59,68.71,6.88,1274.47,Wheat,Clay,PBW-343
53.09,44.42,76.62,23.62,74.36,7.03,721.03,Maize,Silty,Pioneer-3396
70.18,45.79,74.82,29.18,52.45,7.75,594.26,Vegetables,Chalky,Local-1
108.51,48.75,106.91,27.52,49.71,6.74,999.76,Tomato,Loamy,Roma
90.59,51.15,113.88,26.8,72.05,6.04,1373.1,Cotton,Clay,Bt-1
49.17,88.45,100.4,18.31,46.79,7.63,720.95,Barley,Chalky,BH-902
39.13,14.08,48.11,22.47,36.65,7.38,612.88,Groundnut,Sandy,JL-24
148.72,48.24,47.54,21.74,76.48,4.81,1510.73,Potato,Peaty,Kufri Jyoti
58.55,39.93,104.36,28.26,50.8,7.7,766.68,Millet,Chalky,RHB-173
37.48,68.5,117.15,22.77,48.16,7.55,943.62,Cotton,Chalky,Bt-1
139.84,30.43,81.4,19.66,71.53,4.96,1356.2,Rice,Peaty,Basmati-370
112.57,43.3,66.36,21.99,86.21,4.85,1738.5,Rice,Peaty,Swarna
52.03,34.57,44.19,32.82,51.96,6.94,402.27,Groundnut,Sandy,TAG-24
28.96,44.63,73.39,29.75,29.74,8.24,749.91,Cotton,Chalky,Bt-2
41.03,77.83,112.13,28.99,28.71,7.97,725.92,Barley,Chalky,RD-2552
93.33,31.25,78.65,28.13,66.11,6.55,1468.17,Wheat,Silty,HD-2967
87.79,75.83,149.83,26.56,69.37,6.34,1586.08,Cotton,Clay,Bt-2
28.42,61.52,86.01,25.03,60.06,7.78,1049.28,Rice,Chalky,Basmati-370
41.57,52.22,75.55,25.23,39.63,8.22,399.13,Maize,Chalky,HQPM-1
96.13,31.1,108.91,21.04,66.57,6.13,992.42,Maize,Silty,Pioneer-3396
48.24,43.86,46.4,29.99,34.91,6.83,817.99,Watermelon,Sandy,Arka Manik
52.43,35.28,93.1,20.19,49.73,7.83,902.8,Cotton,Chalky,Bt-1
73.32,52.73,90.59,26.91,71.85,6.15,1199.33,Cotton,Clay,Suraj
43.78,15.26,45.24,32.16,43.39,6.16,522.85,Groundnut,Sandy,GG-20
86.32,48.25,109.92,25.68,61.33,6.96,1422.95,Rice,Silty,Basmati-370
45.28,69.28,122.63,25.87,30.76,7.76,369.78,Wheat,Chalky,PBW-343
63.69,55.57,118.3,30.32,52.28,7.76,628.38,Wheat,Chalky,Lok-1
68.03,55.16,114.55,26.78,60.26,8.14,702.47,Barley,Chalky,BH-902
66.1,27.99,39.97,29.03,32.71,5.87,897.36,Watermelon,Sandy,Arka Manik
106.26,35.96,66.24,20.42,67.33,5.6,2070.3,Tea,Peaty,TV-23
78.55,36.42,84.3,20.53,65.07,5.8,1404.93,Sugarcane,Loamy,Co-86032
61.25,26.76,41.72,36.49,33.26,5.7,767.38,Watermelon,Sandy,Sugar Baby
88.4,55.96,82.4,26.0,48.58,6.45,1262.43,Rice,Loamy,Basmati-370
68.27,47.28,74.8,25.91,78.84,6.84,1524.33,Rice,Silty,Basmati-370
34.09,56.15,79.79,33.16,58.58,8.3,674.6,Wheat,Chalky,HD-2967
133.74,47.29,63.05,24.51,74.82,5.76,2088.87,Vegetables,Peaty,Hybrid-B
69.54,58.05,104.56,21.52,62.06,6.68,1405.16,Vegetables,Silty,Hybrid-B
100.7,61.25,122.73,24.86,68.48,7.11,1546.72,Cotton,Clay,Bt-2
125.71,50.67,132.99,23.59,67.07,6.49,1522.88,Sugarcane,Clay,Co-86032
69.19,43.0,109.19,20.84,58.36,6.34,1442.44,Rice,Silty,Swarna
92.61,47.01,116.3,23.9,63.71,6.15,1248.7,Potato,Loamy,Kufri Pukhraj
56.32,71.82,89.13,27.28,41.43,7.66,514.14,Barley,Chalky,DWRB-73
60.35,25.86,44.68,34.35,49.46,5.91,474.99,Watermelon,Sandy,Arka Manik
107.67,45.35,86.52,25.67,73.46,6.95,1694.82,Cotton,Loamy,Suraj
51.4,51.79,105.3,30.82,41.1,7.86,672.93,Barley,Chalky,DWRB-73
31.4,34.42,39.77,30.32,43.13,5.89,514.3,Watermelon,Sandy,Arka Manik
81.21,50.29,88.47,25.3,70.23,5.95,894.12,Wheat,Loamy,PBW-343
102.57,42.42,135.1,29.84,72.95,6.52,1609.3,Cotton,Clay,Suraj
89.58,47.35,101.02,23.34,72.65,6.77,1223.24,Vegetables,Silty,Hybrid-B
86.0,42.37,103.27,25.51,74.24,6.62,1447.03,Wheat,Silty,Lok-1
65.57,48.2,103.16,24.53,74.58,6.48,1315.06,Vegetables,Silty,Hybrid-B
68.14,48.66,86.18,24.15,79.69,7.42,1200.88,Rice,Silty,Basmati-370
142.13,47.62,81.51,23.59,79.1,4.61,2004.33,Rice,Peaty,IR64
107.05,52.72,95.88,24.76,58.47,6.49,1342.52,Cotton,Loamy,Bt-1
84.28,60.19,89.99,22.33,72.61,7.21,1166.49,Wheat,Silty,HD-2967
50.71,38.86,66.28,26.74,51.12,6.68,726.49,Groundnut,Sandy,TAG-24
114.56,37.82,79.86,24.64,84.14,5.34,2145.65,Potato,Peaty,Kufri Bahar
53.42,90.0,94.62,29.06,54.91,7.5,1007.26,Cotton,Chalky,Bt-1
112.21,30.18,47.22,20.63,89.3,5.61,2001.09,Vegetables,Peaty,Hybrid-B
35.22,19.95,62.05,30.75,49.7,5.52,432.49,Watermelon,Sandy,Arka Manik
121.3,46.24,64.69,20.33,90.22,5.27,1142.03,Vegetables,Peaty,Local-1
99.39,55.51,89.62,20.4,75.12,5.78,1887.1,Rice,Peaty,IR64
68.56,33.26,62.58,28.71,76.42,6.7,1397.11,Soybean,Loamy,NRC-37
74.95,25.14,93.53,27.13,72.89,6.96,1169.55,Wheat,Silty,HD-2967
125.75,50.69,68.86,20.21,78.31,5.2,1578.22,Tea,Peaty,UPASI-9
88.41,53.75,96.78,25.78,58.67,7.16,999.87,Wheat,Loamy,PBW-343
74.61,42.46,96.3,31.81,88.0,6.67,1505.19,Wheat,Silty,HD-2967
75.09,58.02,66.59,28.88,73.12,7.12,853.08,Vegetables,Silty,Local-1
57.72,54.23,53.67,22.05,58.73,7.67,796.99,Cotton,Chalky,Bt-2
74.2,39.36,87.96,24.9,61.17,7.12,762.5,Maize,Loamy,DHM-117
96.28,52.07,81.4,16.14,76.89,5.62,1973.58,Cotton,Peaty,Bt-2
44.7,25.57,34.35,32.41,48.78,6.84,640.54,Groundnut,Sandy,GG-20
123.93,42.67,72.32,22.67,77.03,5.32,1758.9,Potato,Peaty,Kufri Bahar
44.93,30.65,42.97,24.9,33.18,6.12,459.49,Watermelon,Sandy,Sugar Baby
104.75,71.91,144.84,30.96,70.63,7.01,1311.43,Cotton,Clay,Suraj
104.59,47.66,81.48,23.39,67.32,6.49,957.08,Vegetables,Silty,Hybrid-A
118.17,42.17,63.67,17.1,80.05,6.0,1656.27,Rice,Peaty,Swarna
76.4,29.46,81.06,28.61,63.14,6.29,1614.3,Rice,Silty,Swarna
70.4,46.52,71.57,22.1,83.56,6.6,1371.96,Vegetables,Silty,Hybrid-A
98.63,79.63,141.12,20.78,74.94,6.13,1364.56,Sugarcane,Clay,Co-86032
96.84,42.82,81.01,28.61,68.26,5.6,1497.68,Rice,Silty,IR64
74.87,48.53,103.96,28.88,51.87,6.23,1334.8,Soybean,Loamy,NRC-37
106.54,50.46,58.05,14.06,87.86,4.27,1566.76,Tea,Peaty,TV-23
53.68,83.89,101.65,24.23,58.65,7.93,731.12,Cotton,Chalky,Bt-1
94.76,65.22,110.7,27.07,66.06,7.68,959.71,Sugarcane,Clay,Co-0238
47.24,31.78,96.59,29.86,68.39,8.31,1139.2,Barley,Chalky,BH-902
80.19,64.94,94.37,24.37,66.41,6.99,1499.37,Vegetables,Silty,Hybrid-B
58.43,32.08,61.14,30.31,35.02,6.03,640.07,Watermelon,Sandy,Crimson Sweet
55.89,28.89,54.4,36.0,42.06,6.44,691.39,Cotton,Sandy,Bt-2
62.24,32.23,51.62,31.86,29.26,6.04,722.05,Potato,Sandy,Kufri Jyoti
70.12,51.4,130.39,24.21,73.33,6.38,1433.18,Vegetables,Silty,Local-1
135.48,49.23,88.72,18.41,85.12,5.43,1664.15,Tea,Peaty,TV-23
96.65,41.76,85.18,24.08,79.11,5.16,1159.94,Vegetables,Peaty,Hybrid-A
41.8,27.47,65.18,34.53,46.14,6.4,645.06,Watermelon,Sandy,Sugar Baby
46.21,55.15,112.64,35.0,69.24,8.22,583.09,Barley,Chalky,BH-902
114.21,29.81,61.98,19.84,85.3,5.07,1454.55,Tea,Peaty,UPASI-9
84.47,41.86,74.01,27.92,49.19,6.34,954.1,Tomato,Loamy,Roma
147.0,44.97,80.26,23.08,84.56,5.37,1822.91,Potato,Peaty,Kufri Pukhraj
99.21,37.28,84.4,24.03,85.09,5.61,1361.85,Tea,Peaty,TV-1
85.61,42.33,129.28,26.59,74.57,5.82,2012.17,Watermelon,Clay,Sugar Baby
56.18,42.18,128.71,25.01,69.58,6.41,1008.69,Wheat,Loamy,HD-2967
72.44,41.95,85.98,25.04,71.42,7.4,1320.51,Maize,Silty,HQPM-1
117.27,60.39,111.99,25.88,70.46,5.92,1164.23,Sugarcane,Clay,Co-86032
114.24,74.24,104.64,24.08,71.05,6.21,1605.31,Wheat,Clay,HD-2967
117.56,31.4,62.57,16.72,81.33,4.76,1781.2,Potato,Peaty,Kufri Jyoti
36.84,61.74,92.03,34.84,43.89,8.13,1179.07,Millet,Chalky,ICTP-8203
65.73,43.22,84.39,26.26,62.6,6.39,1270.82,Vegetables,Silty,Local-1
32.86,29.36,73.02,28.54,45.98,6.62,337.01,Potato,Sandy,Kufri Jyoti
145.54,31.42,83.27,20.95,76.69,5.05,1199.52,Potato,Peaty,Kufri Bahar
50.91,69.12,99.65,26.4,49.26,7.42,648.29,Cotton,Chalky,Bt-1
92.71,73.21,99.08,32.41,75.56,7.01,1735.56,Sugarcane,Clay,Co-0118
102.39,62.32,94.03,24.02,59.74,5.6,1589.81,Sugarcane,Clay,Co-0238
135.33,15.0,73.8,22.09,84.05,5.6,2097.39,Vegetables,Peaty,Hybrid-B
135.87,36.27,92.4,15.62,84.2,4.94,1823.43,Potato,Peaty,Kufri Pukhraj
98.5,60.2,117.35,24.77,69.18,6.55,1255.24,Sugarcane,Clay,Co-86032
80.03,46.96,104.65,25.5,75.84,7.0,963.57,Vegetables,Silty,Hybrid-B
127.91,49.33,48.1,16.59,80.33,5.83,1630.92,Potato,Peaty,Kufri Bahar
87.3,52.0,90.58,25.99,70.46,7.01,1390.88,Millet,Clay,ICTP-8203
97.77,63.32,51.87,22.74,84.33,4.58,1838.08,Tea,Peaty,TV-1
126.77,38.07,45.89,13.42,79.58,5.23,1669.78,Wheat,Peaty,HD-2967
99.94,43.44,79.88,27.81,59.45,6.49,1613.03,Soybean,Loamy,NRC-37
104.07,40.45,47.32,23.33,77.49,5.07,1166.92,Potato,Peaty,Kufri Bahar
39.4,33.74,74.63,31.48,38.1,6.44,1071.8,Groundnut,Sandy,JL-24
89.16,49.18,69.53,25.66,78.52,6.45,1344.27,Soybean,Loamy,JS-335
103.52,38.61,77.93,29.43,65.21,6.75,1387.98,Maize,Loamy,Pioneer-3396
110.38,45.73,109.77,27.77,65.31,7.32,1377.82,Soybean,Clay,MAUS-71
52.82,34.48,58.13,25.77,37.75,6.8,543.48,Watermelon,Sandy,Arka Manik
115.03,25.76,72.01,16.65,80.84,4.82,1858.48,Wheat,Peaty,PBW-343
67.37,52.76,68.08,20.42,80.03,7.12,1491.22,Wheat,Silty,PBW-343
84.58,42.18,102.81,19.34,64.86,6.9,1544.43,Wheat,Silty,HD-2967
40.79,25.05,47.24,28.36,45.06,6.07,435.94,Groundnut,Sandy,JL-24
49.81,30.06,48.45,32.13,53.13,6.72,744.9,Groundnut,Sandy,JL-24
129.85,42.13,82.52,20.35,86.09,5.32,2198.61,Vegetables,Peaty,Local-1
102.53,52.79,54.12,24.13,65.61,7.29,1347.07,Vegetables,Silty,Hybrid-B
80.92,59.09,70.59,26.84,67.84,6.87,827.49,Cotton,Loamy,Suraj
54.41,81.22,116.83,28.1,50.44,7.99,888.15,Barley,Chalky,RD-2552
104.89,65.67,134.39,26.0,64.85,6.15,1117.73,Rice,Clay,Swarna
94.64,63.14,79.43,24.91,72.87,6.27,1549.11,Wheat,Clay,HD-2967
95.52,32.67,92.86,28.2,71.84,6.59,1473.02,Rice,Silty,Basmati-370
94.3,34.6,91.27,26.0,56.74,7.07,1020.76,Maize,Loamy,DHM-117
49.35,26.71,59.31,32.56,48.67,6.17,827.56,Millet,Sandy,ICTP-8203
63.2,62.54,80.6,28.26,51.07,7.7,988.95,Millet,Chalky,ICTP-8203
68.27,33.43,112.83,23.74,64.88,6.72,1163.57,Sugarcane,Loamy,Co-0238
82.95,47.56,86.48,23.15,64.79,7.19,925.24,Cotton,Loamy,Bt-1
36.94,60.61,86.98,24.31,68.27,7.94,657.65,Cotton,Chalky,Bt-2
134.29,25.48,59.53,18.05,80.34,5.39,2100.32,Potato,Peaty,Kufri Bahar
45.31,53.36,92.49,29.83,53.38,8.04,1035.03,Millet,Chalky,RHB-173
118.95,42.79,57.87,22.73,78.48,5.54,1374.13,Tea,Peaty,UPASI-9
96.72,41.52,85.47,23.08,69.32,5.23,1660.42,Rice,Peaty,IR64
93.57,42.27,118.98,32.27,81.51,6.75,1900.65,Rice,Clay,IR64
87.98,55.63,127.18,19.41,68.65,6.08,1405.63,Rice,Clay,Basmati-370
103.12,42.47,112.41,23.98,72.0,6.43,1808.66,Sugarcane,Clay,Co-86032
68.1,51.99,86.58,22.25,78.93,7.47,1483.64,Vegetables,Silty,Local-1
43.25,29.14,55.92,26.49,41.3,6.91,485.04,Millet,Sandy,HHB-67
36.05,26.45,41.84,24.78,39.91,7.09,646.64,Millet,Sandy,HHB-67
28.08,22.18,64.76,24.65,53.6,6.94,614.61,Potato,Sandy,Kufri Jyoti
63.58,18.98,53.76,28.77,42.99,6.43,463.67,Potato,Sandy,Kufri Bahar
68.24,49.85,111.63,19.4,53.53,8.12,641.24,Millet,Chalky,HHB-67
110.0,44.29,45.2,16.75,89.96,5.95,1226.44,Tea,Peaty,UPASI-9
83.82,34.31,104.13,23.74,60.51,7.63,1129.25,Soybean,Loamy,MAUS-71
89.53,40.38,102.17,30.67,63.02,7.65,1460.2,Wheat,Loamy,Lok-1
39.33,37.59,34.18,32.3,41.21,5.91,775.44,Millet,Sandy,RHB-173
39.05,24.14,51.61,26.88,57.1,6.51,968.34,Potato,Sandy,Kufri Pukhraj
67.29,55.89,80.39,29.02,61.38,6.91,1363.81,Vegetables,Silty,Hybrid-B
102.58,41.84,73.03,20.36,81.19,5.18,1711.3,Potato,Peaty,Kufri Bahar
80.26,29.95,78.67,22.58,72.09,7.55,1594.54,Vegetables,Silty,Hybrid-B
36.62,51.94,100.69,28.32,51.4,8.05,1173.89,Wheat,Chalky,PBW-343
107.97,48.3,64.28,25.76,73.51,6.48,1184.25,Tomato,Loamy,Pusa Ruby
72.9,45.29,73.65,19.69,66.29,6.36,1356.6,Rice,Silty,Basmati-370
49.23,52.63,89.18,23.12,55.6,6.54,985.03,Soybean,Loamy,JS-335
106.36,61.54,114.08,22.06,71.39,6.58,894.92,Cotton,Clay,Suraj
82.16,33.46,50.0,29.94,58.35,6.08,1301.07,Sugarcane,Loamy,Co-0238
106.31,42.74,77.87,14.68,77.14,4.41,1442.71,Rice,Peaty,Basmati-370
96.64,55.71,135.0,22.36,75.29,6.21,1784.78,Vegetables,Silty,Hybrid-B
103.77,32.8,48.74,22.51,81.06,5.93,1809.2,Tea,Peaty,UPASI-9
115.13,47.1,90.68,19.83,82.23,5.04,1939.99,Rice,Peaty,IR64
52.82,61.33,72.93,32.21,59.86,8.19,986.34,Millet,Chalky,HHB-67
126.24,36.06,46.93,17.34,82.29,5.23,1364.14,Vegetables,Peaty,Hybrid-A
51.58,27.69,48.7,28.99,41.09,5.6,737.59,Millet,Sandy,ICTP-8203
72.37,55.5,71.9,21.28,66.62,7.12,1432.92,Vegetables,Silty,Hybrid-A
94.29,43.02,132.01,29.74,61.76,6.86,1225.52,Sugarcane,Clay,Co-0118
96.17,60.17,118.2,30.02,67.01,6.8,1580.56,Sugarcane,Clay,Co-86032
65.49,51.57,145.93,32.64,67.87,6.47,1606.89,Sugarcane,Clay,Co-86032
57.16,48.97,101.89,23.8,69.6,6.98,928.57,Wheat,Silty,PBW-343
104.41,65.96,111.93,26.21,77.79,6.69,1619.4,Maize,Clay,HQPM-1
46.67,39.68,51.3,26.78,34.49,6.35,550.62,Watermelon,Sandy,Sugar Baby
28.7,47.32,86.43,29.03,39.46,7.83,721.68,Millet,Chalky,HHB-67
31.12,15.5,38.55,26.19,29.26,5.83,524.77,Potato,Sandy,Kufri Pukhraj
32.51,19.51,47.96,29.22,33.41,5.88,534.29,Millet,Sandy,ICTP-8203
121.04,37.55,74.75,19.35,81.73,4.52,2205.24,Rice,Peaty,Basmati-370
28.91,40.28,87.6,30.75,39.36,8.8,739.76,Millet,Chalky,HHB-67
65.34,26.72,52.02,33.97,51.76,6.48,579.81,Potato,Sandy,Kufri Jyoti
91.32,64.1,139.29,22.17,73.36,6.88,1375.56,Wheat,Clay,HD-2967
107.85,45.04,65.07,20.27,79.18,5.08,1292.64,Wheat,Peaty,HD-2967
107.43,40.88,123.74,29.44,62.76,6.6,1552.24,Sugarcane,Clay,Co-0118
93.42,44.5,103.14,25.2,88.0,7.15,1482.7,Rice,Silty,Swarna
82.21,75.0,110.04,23.68,71.28,7.02,1562.43,Soybean,Silty,NRC-37
118.51,50.71,72.28,21.27,65.18,6.65,1507.26,Vegetables,Loamy,Local-1
50.5,67.19,101.67,29.86,39.82,8.33,1176.81,Barley,Chalky,BH-902
122.18,39.73,73.17,20.72,79.18,5.43,1985.69,Potato,Peaty,Kufri Jyoti
64.06,23.62,126.14,22.0,67.72,7.24,1468.94,Wheat,Silty,HD-2967
106.18,45.8,57.04,17.43,82.88,5.61,1750.52,Potato,Peaty,Kufri Pukhraj
57.13,52.99,91.8,26.32,52.38,7.79,1001.12,Watermelon,Chalky,Crimson Sweet
41.96,34.33,56.79,31.8,46.22,6.52,749.96,Cotton,Sandy,Bt-2
100.72,31.7,81.31,21.22,88.56,5.7,1575.53,Tomato,Peaty,Roma
55.0,59.81,80.45,19.37,46.72,7.62,514.73,Millet,Chalky,ICTP-8203
44.8,77.27,94.18,33.78,60.22,8.57,928.73,Cotton,Chalky,Bt-1
47.59,36.79,47.49,24.41,42.23,6.18,377.29,Rice,Sandy,IR64
94.93,54.26,114.19,27.42,70.0,7.06,2022.85,Wheat,Clay,PBW-343
62.55,57.54,54.12,21.92,32.28,8.3,639.12,Millet,Chalky,RHB-173
105.27,60.34,113.36,28.22,75.8,6.47,1409.0,Wheat,Clay,PBW-343
61.12,68.34,87.09,23.91,47.26,8.07,920.24,Millet,Chalky,HHB-67
50.17,27.19,54.12,30.11,46.99,6.87,482.2,Groundnut,Sandy,TAG-24
38.35,23.56,31.21,29.03,41.29,5.74,801.96,Millet,Sandy,RHB-173
77.0,50.44,119.58,22.12,78.33,6.17,1472.86,Tea,Silty,TV-23
79.51,46.52,81.5,22.4,65.62,6.9,828.41,Sugarcane,Loamy,Co-0118
89.84,53.54,97.74,25.06,66.27,7.35,1158.42,Potato,Silty,Kufri Pukhraj
82.52,43.58,91.06,23.18,74.76,6.9,1297.23,Maize,Silty,Pioneer-3396
34.6,52.12,83.35,23.97,52.66,7.87,805.82,Millet,Chalky,ICTP-8203
47.28,28.01,58.55,29.7,38.69,6.46,668.67,Wheat,Sandy,HD-2967
102.11,53.05,137.24,24.11,71.72,7.6,1729.27,Cotton,Clay,Bt-2
74.41,52.89,112.51,26.5,65.98,6.66,1099.91,Tomato,Silty,Arka Vikas
122.91,27.25,89.71,22.11,69.51,5.33,2209.84,Tea,Peaty,TV-23
104.02,38.51,103.09,22.61,67.27,7.43,1315.01,Soybean,Loamy,NRC-37
89.52,49.42,114.32,23.17,59.37,6.49,1375.43,Maize,Silty,DHM-117
38.12,41.76,57.32,28.67,38.13,6.21,355.39,Groundnut,Sandy,TAG-24
67.76,46.68,90.85,24.28,64.72,6.22,972.85,Rice,Silty,Basmati-370
120.0,40.65,111.19,27.67,63.23,7.37,830.75,Soybean,Loamy,NRC-37
72.75,20.1,51.22,35.53,54.16,6.01,711.61,Millet,Sandy,ICTP-8203
74.55,53.64,67.05,26.81,63.75,7.05,1732.16,Wheat,Silty,PBW-343
103.81,82.28,107.36,30.02,69.82,6.41,1427.04,Rice,Clay,Swarna
110.62,36.77,63.96,18.15,72.62,5.07,1792.92,Tea,Peaty,UPASI-9
50.99,34.97,119.7,26.79,67.11,7.49,1242.25,Maize,Silty,HQPM-1
75.41,38.07,87.39,23.25,63.55,6.45,1005.1,Cotton,Loamy,Suraj
103.38,47.09,66.21,20.52,75.29,5.61,1809.69,Rice,Peaty,Swarna
40.65,49.13,84.44,25.47,47.87,7.21,567.73,Cotton,Chalky,Bt-2
77.38,54.53,116.12,25.75,69.86,5.87,2049.51,Vegetables,Silty,Hybrid-A
75.48,67.56,110.76,23.28,77.29,6.93,1081.13,Sugarcane,Clay,Co-0118
146.64,29.54,70.16,19.69,81.58,5.62,1794.32,Wheat,Peaty,Lok-1
66.87,52.17,85.72,23.69,78.77,6.78,1917.35,Cotton,Silty,Suraj
108.03,38.86,75.9,23.44,75.52,5.47,1591.36,Potato,Peaty,Kufri Bahar
54.67,50.43,83.57,23.37,62.14,6.65,971.86,Millet,Loamy,ICTP-8203
132.5,44.56,83.76,20.0,82.79,5.36,1289.6,Sugarcane,Peaty,Co-0118
82.27,62.84,101.88,31.39,70.63,7.67,1400.18,Rice,Clay,Basmati-370
39.28,23.61,72.61,32.89,51.15,6.05,859.04,Potato,Sandy,Kufri Bahar
100.53,55.93,103.75,28.62,64.22,6.32,1358.34,Cotton,Clay,Bt-2
67.25,65.43,119.3,26.38,71.44,7.19,1891.25,Sugarcane,Clay,Co-86032
53.55,38.95,94.34,24.01,65.71,6.37,1096.79,Maize,Silty,DHM-117
97.45,44.9,151.52,26.77,71.11,7.24,1556.14,Cotton,Clay,Suraj
86.77,69.25,100.54,20.59,75.7,6.3,1079.77,Cotton,Clay,Bt-2
120.92,62.98,81.51,19.99,76.72,5.85,1686.44,Vegetables,Peaty,Hybrid-B
75.53,64.9,91.3,23.23,82.14,6.41,1875.49,Vegetables,Silty,Local-1
34.24,70.36,115.09,25.02,52.9,8.4,841.71,Cotton,Chalky,Bt-1
68.35,66.55,72.03,20.53,68.63,6.57,1276.83,Rice,Silty,Swarna
117.64,48.46,52.33,22.26,78.54,4.99,2324.97,Tea,Peaty,UPASI-9
51.32,55.23,62.2,25.42,56.2,7.88,1183.22,Cotton,Chalky,Bt-1
84.62,29.92,55.4,21.2,74.31,4.64,1616.08,Vegetables,Peaty,Local-1
55.95,36.6,57.46,22.0,35.43,6.5,614.57,Potato,Sandy,Kufri Bahar
76.63,41.63,85.09,25.75,65.43,6.62,1462.93,Soybean,Loamy,JS-335
91.26,48.4,111.88,23.22,66.86,6.21,1570.15,Sugarcane,Clay,Co-0118
75.53,35.73,64.58,27.2,62.06,6.68,1375.19,Wheat,Loamy,HD-2967
74.88,60.89,89.15,26.54,64.7,6.66,1517.02,Vegetables,Silty,Hybrid-A
86.21,59.24,94.06,27.57,57.72,6.77,1518.89,Maize,Silty,Pioneer-3396
128.52,35.74,59.42,24.21,78.03,5.81,1926.62,Tea,Peaty,TV-23
24.45,48.75,74.78,31.34,51.96,7.91,617.77,Wheat,Chalky,HD-2967
55.91,31.49,87.01,24.27,34.23,8.32,440.03,Millet,Chalky,ICTP-8203
79.71,44.67,108.74,32.22,65.35,7.25,987.62,Sugarcane,Loamy,Co-0238
38.26,46.28,94.87,23.13,45.3,8.28,931.82,Barley,Chalky,DWRB-73
51.02,62.92,101.84,27.08,37.7,7.96,412.95,Cotton,Chalky,Bt-1
86.5,57.69,117.44,25.07,65.51,7.29,1001.09,Cotton,Loamy,Bt-1
55.97,62.32,98.27,23.73,43.35,8.02,762.83,Millet,Chalky,HHB-67
115.33,43.34,80.1,19.8,77.43,5.97,2239.65,Potato,Peaty,Kufri Bahar
44.87,39.96,65.89,26.74,29.46,5.98,475.37,Maize,Sandy,Pioneer-3396
75.56,45.78,107.01,27.15,67.74,6.53,1745.48,Cotton,Clay,Bt-2
113.72,42.01,55.04,20.99,90.47,5.35,1839.26,Tea,Peaty,TV-1
79.17,43.99,92.48,29.63,60.38,7.19,1191.36,Tomato,Loamy,Arka Vikas
145.93,47.95,98.7,21.89,78.4,6.15,1155.49,Vegetables,Peaty,Hybrid-B
61.49,31.96,52.7,28.58,41.67,6.44,770.49,Watermelon,Sandy,Arka Manik
80.29,33.22,77.27,28.97,61.37,6.72,1444.66,Sugarcane,Loamy,Co-0118
110.58,55.76,115.85,25.71,72.3,6.33,1012.88,Wheat,Clay,HD-2967
90.93,47.77,79.19,24.08,72.7,6.09,1444.88,Wheat,Silty,Lok-1
89.91,47.99,65.33,26.74,70.38,6.41,1359.88,Maize,Silty,HQPM-1
70.95,53.03,109.66,23.75,67.02,7.04,1432.63,Wheat,Silty,HD-2967
48.74,31.27,58.01,31.85,44.91,6.18,499.59,Millet,Sandy,ICTP-8203
56.13,31.51,52.29,26.38,44.41,6.37,368.34,Millet,Sandy,HHB-67
41.97,54.72,121.56,27.84,36.85,8.04,466.73,Barley,Chalky,RD-2552
80.71,56.52,114.0,23.31,62.33,6.74,1338.28,Wheat,Silty,PBW-343
140.31,60.09,59.86,17.39,76.63,4.33,1862.48,Vegetables,Peaty,Hybrid-A
77.35,42.41,82.25,23.94,59.14,7.44,1364.19,Cotton,Loamy,Suraj
51.7,49.78,106.91,26.4,52.81,7.71,741.87,Cotton,Chalky,Bt-1
104.33,60.18,70.0,27.34,73.36,6.87,1790.27,Rice,Clay,Swarna
132.9,30.67,96.84,21.8,78.35,5.69,2026.47,Vegetables,Peaty,Hybrid-B
97.43,45.86,76.06,18.61,79.73,4.23,1659.33,Vegetables,Peaty,Hybrid-A
94.99,32.38,134.03,21.65,67.07,6.79,1847.34,Cotton,Clay,Bt-1
102.72,40.62,77.33,22.26,77.2,5.23,1409.43,Potato,Peaty,Kufri Jyoti
65.53,31.55,75.34,26.07,69.1,5.93,1065.23,Soybean,Silty,NRC-37
51.79,68.52,93.72,29.93,57.1,7.63,383.59,Millet,Chalky,ICTP-8203
119.28,53.38,84.84,17.25,85.85,4.92,2050.63,Rice,Peaty,IR64
106.04,49.67,135.56,22.53,71.62,7.12,1145.26,Sugarcane,Clay,Co-0238
106.0,44.77,35.28,20.5,80.46,4.84,1744.41,Rice,Peaty,Basmati-370
118.86,51.4,71.09,18.98,82.31,4.39,1300.16,Rice,Peaty,Swarna
54.0,55.81,40.0,24.91,38.08,7.88,596.2,Wheat,Chalky,PBW-343
50.73,57.1,92.37,21.18,55.66,8.06,917.79,Barley,Chalky,BH-902
78.74,25.95,97.28,21.79,66.99,7.19,1183.79,Cotton,Loamy,Bt-1
123.1,37.81,66.59,19.94,81.91,4.94,1753.37,Tea,Peaty,TV-23
90.02,52.59,96.71,27.76,62.83,7.04,1693.84,Barley,Loamy,DWRB-73
36.72,30.46,64.94,28.66,38.92,6.52,432.81,Watermelon,Sandy,Sugar Baby
59.18,23.53,50.75,26.65,55.91,6.47,559.35,Potato,Sandy,Kufri Bahar
100.93,60.49,88.48,23.81,69.66,6.16,1257.14,Soybean,Loamy,NRC-37
48.84,52.35,85.66,29.09,52.85,7.43,561.45,Barley,Chalky,RD-2552
101.84,51.62,58.46,17.82,71.41,5.27,1727.56,Millet,Peaty,ICTP-8203
85.66,58.51,74.27,27.21,81.97,5.3,1984.17,Sugarcane,Peaty,Co-0118
47.09,56.24,109.96,23.15,47.57,8.45,872.92,Cotton,Chalky,Bt-2
88.35,49.15,130.0,31.17,50.53,6.74,1106.33,Sugarcane,Loamy,Co-0238
90.2,53.81,81.06,23.87,69.28,6.86,1492.35,Wheat,Silty,PBW-343
33.28,61.07,114.9,31.27,46.79,7.72,727.92,Cotton,Chalky,Suraj
101.15,29.12,71.86,19.7,56.51,6.62,1425.64,Wheat,Loamy,HD-2967
77.15,38.75,94.79,23.27,62.73,6.74,1800.0,Tomato,Loamy,Roma
102.31,64.22,102.09,22.07,50.0,6.18,944.52,Wheat,Silty,Lok-1
58.56,27.11,24.14,30.55,41.88,6.06,554.41,Millet,Sandy,ICTP-8203
35.13,39.67,113.95,24.97,70.0,8.44,1037.57,Millet,Chalky,ICTP-8203
30.41,27.66,58.49,29.52,44.93,6.48,905.66,Rice,Sandy,Swarna
73.47,45.58,90.05,22.88,75.42,6.39,1077.51,Wheat,Silty,HD-2967
123.22,51.25,77.38,13.52,91.74,4.99,2025.91,Tea,Peaty,TV-1
105.83,37.55,70.0,31.19,66.18,6.53,912.39,Cotton,Clay,Bt-1
40.0,49.29,82.5,20.79,83.31,7.12,1330.96,Vegetables,Silty,Hybrid-A
62.46,65.5,101.07,25.6,50.27,8.17,1248.38,Cotton,Chalky,Bt-1
85.07,46.71,105.17,25.06,65.48,6.91,1402.06,Tomato,Loamy,Roma
41.27,35.14,42.77,27.49,45.28,6.32,546.66,Millet,Sandy,ICTP-8203
27.47,47.21,59.78,27.2,49.7,7.86,816.99,Cotton,Chalky,Suraj
42.96,20.64,39.36,30.82,58.92,6.47,613.74,Watermelon,Sandy,Arka Manik
98.98,42.51,69.68,27.12,56.96,6.72,1083.29,Soybean,Loamy,MAUS-71
90.23,35.0,74.72,20.89,73.85,6.44,808.29,Sugarcane,Silty,Co-0118
54.13,33.15,64.65,26.36,77.05,6.32,1388.38,Wheat,Loamy,HD-2967
83.96,54.06,118.34,30.34,78.11,6.85,1634.56,Wheat,Clay,PBW-343
128.05,39.07,62.16,17.36,83.42,5.27,1846.53,Potato,Peaty,Kufri Jyoti
56.48,51.26,100.72,23.26,40.28,7.65,752.06,Barley,Chalky,RD-2552
47.62,25.07,45.42,31.55,51.0,5.82,464.51,Millet,Sandy,RHB-173
118.5,48.0,70.74,19.75,77.84,5.0,1718.88,Potato,Peaty,Kufri Jyoti
69.39,59.79,79.62,26.29,36.17,8.25,493.56,Wheat,Chalky,PBW-343
104.36,15.97,103.79,20.98,83.35,5.1,1748.74,Vegetables,Peaty,Local-1
115.47,43.3,92.31,30.75,63.68,7.26,749.27,Maize,Loamy,Pioneer-3396
81.47,43.75,72.11,23.59,60.0,7.6,1464.03,Rice,Silty,Basmati-370
60.3,22.83,59.17,26.05,62.13,5.69,686.28,Watermelon,Sandy,Arka Manik
98.27,71.27,122.49,25.05,77.17,6.73,1503.03,Sugarcane,Clay,Co-0238
117.6,34.1,47.79,23.02,82.69,4.82,2049.57,Tea,Peaty,TV-1
42.71,69.41,75.5,27.21,41.65,7.49,960.11,Wheat,Chalky,Lok-1
95.19,66.08,97.39,27.67,61.27,7.25,1190.94,Maize,Loamy,Pioneer-3396
44.89,44.69,52.91,29.14,51.0,8.09,745.8,Wheat,Chalky,HD-2967
97.88,52.63,88.4,23.98,83.04,6.45,1219.52,Rice,Clay,IR64
78.94,42.59,113.12,26.71,75.31,6.64,1629.81,Rice,Silty,Swarna
82.06,38.1,96.84,27.6,57.11,6.29,1219.69,Sugarcane,Loamy,Co-0238
49.81,64.79,97.68,32.09,26.6,8.17,1233.11,Tomato,Chalky,Roma
49.31,51.65,82.08,27.74,58.93,8.17,499.66,Barley,Chalky,BH-902
47.25,40.99,62.8,30.52,41.62,6.13,326.96,Potato,Sandy,Kufri Pukhraj
46.11,36.13,82.92,26.81,36.36,7.96,1064.75,Cotton,Chalky,Bt-2
83.76,69.48,103.24,25.41,69.31,5.5,1500.56,Rice,Clay,IR64
48.27,55.1,117.28,22.81,39.33,7.53,572.77,Millet,Chalky,ICTP-8203
65.65,32.48,68.43,25.79,60.86,6.6,1623.28,Wheat,Silty,Lok-1
73.47,54.32,63.3,21.12,67.65,6.57,2071.59,Rice,Silty,Swarna
122.95,45.35,45.06,21.61,75.2,5.52,1371.83,Tea,Peaty,TV-1
92.18,56.81,91.18,27.03,77.79,6.54,1034.87,Rice,Silty,Basmati-370
76.15,58.52,105.74,22.77,55.65,7.34,1721.02,Rice,Silty,Basmati-370
77.02,30.68,62.08,25.58,78.26,7.33,1497.26,Wheat,Silty,PBW-343
80.63,59.26,101.63,25.67,75.88,6.61,1686.59,Wheat,Clay,Lok-1
70.15,49.88,95.67,22.04,68.17,6.26,1699.73,Rice,Silty,Basmati-370
88.8,43.44,118.45,25.25,68.88,6.74,774.99,Cotton,Loamy,Bt-2
55.72,28.03,65.78,28.9,65.0,6.06,527.34,Groundnut,Sandy,GG-20
85.87,50.23,111.02,20.92,67.11,7.0,1215.31,Wheat,Silty,PBW-343
46.19,35.45,60.4,26.35,55.69,6.82,751.09,Groundnut,Sandy,JL-24
58.98,18.7,62.46,27.84,57.32,6.62,510.22,Watermelon,Sandy,Crimson Sweet
86.52,72.46,83.21,27.15,73.73,6.8,1012.12,Maize,Silty,HQPM-1
72.16,48.94,66.7,23.22,64.35,6.17,1057.87,Maize,Silty,DHM-117
58.37,20.09,39.49,26.85,42.23,5.78,667.06,Watermelon,Sandy,Crimson Sweet
63.85,49.75,106.09,24.95,61.37,6.65,1200.05,Tomato,Loamy,Pusa Ruby
45.77,25.51,47.17,30.71,48.16,6.38,482.34,Potato,Sandy,Kufri Pukhraj
49.82,34.67,61.91,33.3,49.68,6.39,854.7,Watermelon,Sandy,Arka Manik
88.87,45.69,102.59,26.78,76.4,6.78,1002.81,Wheat,Loamy,HD-2967
45.83,85.91,86.33,25.21,37.34,8.26,750.23,Millet,Chalky,HHB-67
45.01,35.68,46.86,30.6,30.66,6.34,545.21,Groundnut,Sandy,TAG-24
61.46,66.91,81.34,26.64,40.87,8.64,912.21,Wheat,Chalky,HD-2967
109.49,36.55,65.5,23.89,75.58,5.87,1934.08,Tea,Peaty,TV-23
104.05,36.38,72.88,22.36,74.41,5.0,1212.37,Rice,Peaty,Basmati-370
46.62,59.35,92.57,26.01,57.17,8.17,800.03,Wheat,Chalky,PBW-343
48.4,17.4,25.62,33.85,45.6,6.39,470.83,Millet,Sandy,HHB-67
51.31,66.05,86.36,23.9,43.96,7.91,1153.97,Maize,Chalky,Pioneer-3396
49.79,27.13,65.15,27.83,77.41,6.02,1019.41,Wheat,Loamy,Lok-1
48.54,68.82,96.46,25.92,49.42,7.2,641.29,Cotton,Chalky,Bt-2
66.72,42.46,88.97,31.89,69.36,6.84,1215.16,Maize,Loamy,HQPM-1
41.5,23.32,62.33,33.0,43.81,6.91,898.69,Millet,Sandy,RHB-173
43.79,19.34,37.72,33.0,62.46,6.06,731.77,Groundnut,Sandy,TAG-24
30.58,36.99,43.98,36.25,44.75,6.73,666.29,Vegetables,Sandy,Hybrid-B
80.44,52.53,68.75,17.78,72.88,4.65,2176.49,Tea,Peaty,UPASI-9
110.63,51.24,108.88,29.12,79.4,7.58,2101.08,Wheat,Clay,Lok-1
101.64,56.05,115.42,25.35,61.95,6.97,1139.91,Wheat,Clay,HD-2967
75.07,49.77,55.02,21.21,70.85,7.22,1338.43,Vegetables,Silty,Local-1
97.14,49.94,92.92,27.25,69.38,6.82,1466.42,Wheat,Clay,PBW-343
108.82,51.06,96.99,23.96,64.43,6.79,1016.14,Wheat,Loamy,HD-2967
36.1,21.92,70.93,28.85,59.56,5.7,497.86,Groundnut,Sandy,GG-20
98.19,53.97,80.38,20.4,85.42,4.98,1901.31,Potato,Peaty,Kufri Jyoti
102.43,43.19,75.04,23.82,51.82,7.06,1372.64,Cotton,Loamy,Suraj
112.89,26.63,70.58,20.19,83.92,5.14,1979.14,Tea,Peaty,TV-23
92.27,49.72,85.28,21.06,78.22,7.5,1187.5,Wheat,Silty,PBW-343
47.79,22.98,59.4,28.65,38.56,5.93,727.56,Watermelon,Sandy,Arka Manik
52.63,31.02,63.61,34.38,52.66,5.9,527.31,Millet,Sandy,HHB-67
89.27,43.9,111.11,31.2,54.98,6.82,1384.15,Sugarcane,Loamy,Co-0118
43.67,57.61,96.51,27.21,29.9,7.9,853.79,Millet,Chalky,RHB-173
59.04,42.38,50.97,23.25,40.78,6.82,765.41,Groundnut,Sandy,JL-24
109.29,52.25,89.11,21.71,61.42,7.04,1391.51,Maize,Loamy,DHM-117
109.29,39.85,66.87,24.62,73.17,5.57,1619.33,Potato,Peaty,Kufri Jyoti
84.92,63.58,84.75,24.38,70.55,7.07,1960.81,Sugarcane,Clay,Co-0118
58.12,41.35,91.2,24.84,78.78,6.75,1404.89,Wheat,Silty,Lok-1
84.51,20.0,93.03,28.19,61.75,6.35,1651.47,Tomato,Loamy,Roma
98.25,25.97,91.91,26.93,75.76,7.0,1351.24,Wheat,Silty,HD-2967
83.79,54.44,75.87,30.7,59.66,6.51,1283.68,Soybean,Loamy,NRC-37
70.0,36.92,60.49,20.58,77.71,5.46,1859.16,Rice,Peaty,Swarna
72.76,43.55,71.93,21.72,63.05,7.32,1223.03,Soybean,Loamy,JS-335
55.17,56.87,115.25,25.98,28.67,8.05,960.06,Barley,Chalky,BH-902
118.9,34.87,108.25,22.34,67.63,7.82,1420.7,Sugarcane,Clay,Co-86032
64.92,53.52,97.92,25.23,67.29,6.84,1507.24,Sugarcane,Loamy,Co-0238
103.07,32.83,93.1,21.17,76.44,5.65,2125.33,Rice,Peaty,Swarna
73.51,46.31,70.0,28.11,78.16,7.43,1551.9,Cotton,Clay,Bt-2
95.06,25.76,89.01,25.13,57.41,7.2,1433.86,Rice,Loamy,IR64
51.57,28.14,52.64,29.83,40.56,6.11,916.86,Watermelon,Sandy,Crimson Sweet
64.31,46.72,90.83,26.57,68.84,6.84,1119.62,Wheat,Loamy,PBW-343
110.47,40.04,77.71,24.31,72.44,5.34,1959.31,Potato,Peaty,Kufri Bahar
39.29,45.0,49.21,25.52,39.63,6.28,764.36,Watermelon,Sandy,Arka Manik
97.69,74.63,118.01,22.5,73.81,6.04,1413.68,Watermelon,Clay,Arka Manik
58.6,22.12,54.0,31.37,41.92,6.66,699.35,Soybean,Sandy,MAUS-71
90.63,30.23,97.79,23.17,69.54,6.48,1511.95,Cotton,Clay,Suraj
81.96,60.0,106.78,24.95,69.55,6.35,1321.34,Wheat,Silty,PBW-343
42.33,67.66,92.09,23.22,30.75,8.07,763.58,Cotton,Chalky,Bt-1
125.08,50.82,76.4,17.62,67.56,5.5,1709.03,Potato,Peaty,Kufri Jyoti
108.11,65.56,101.44,25.15,68.46,7.01,1273.39,Rice,Clay,Basmati-370
128.05,37.62,50.89,14.74,81.52,5.09,1801.55,Groundnut,Peaty,GG-20
74.28,46.32,94.76,28.76,71.64,6.84,947.36,Maize,Loamy,HQPM-1
55.99,69.29,62.97,23.81,41.37,7.97,759.41,Wheat,Chalky,PBW-343
40.88,73.01,94.35,19.53,43.07,7.79,602.04,Millet,Chalky,ICTP-8203
74.89,42.01,84.12,22.34,63.61,6.57,1354.82,Cotton,Loamy,Suraj
125.25,47.56,65.91,18.42,72.9,5.59,2069.21,Rice,Peaty,Swarna
64.78,41.03,81.24,22.97,43.64,7.31,774.66,Millet,Chalky,HHB-67
43.93,26.54,60.19,24.67,46.26,6.13,977.05,Potato,Sandy,Kufri Pukhraj
69.9,53.92,80.31,24.34,70.47,6.51,1645.87,Rice,Silty,Swarna
70.02,55.59,83.17,24.18,65.86,7.17,1193.71,Wheat,Silty,HD-2967
48.81,44.13,84.79,25.28,39.54,8.1,560.48,Cotton,Chalky,Bt-2
48.52,49.97,97.19,25.45,50.16,7.72,1134.74,Cotton,Chalky,Suraj
93.83,56.26,92.19,19.92,75.98,6.25,1262.95,Maize,Silty,Pioneer-3396
149.03,32.77,57.2,20.19,81.49,5.58,1930.06,Rice,Peaty,Swarna
110.56,34.45,49.6,22.17,89.28,4.84,1541.62,Rice,Peaty,Swarna
140.29,57.89,66.13,19.49,79.07,4.94,1528.0,Potato,Peaty,Kufri Jyoti
73.78,63.93,84.72,22.95,56.72,7.26,1413.41,Vegetables,Silty,Hybrid-A
101.68,53.14,131.67,27.99,65.35,7.87,1561.96,Cotton,Clay,Bt-2
47.8,30.18,66.18,28.25,46.49,6.37,653.52,Groundnut,Sandy,GG-20
101.06,62.51,103.23,22.89,73.45,7.32,1764.66,Cotton,Clay,Bt-1
120.73,48.55,75.47,22.17,79.94,4.96,2354.84,Potato,Peaty,Kufri Jyoti
49.46,31.67,48.26,33.27,36.22,6.3,1099.62,Potato,Sandy,Kufri Pukhraj
68.67,45.82,102.81,27.76,32.7,7.75,540.52,Millet,Chalky,RHB-173
78.08,53.34,79.51,30.8,70.37,7.9,1993.14,Vegetables,Silty,Local-1
51.42,21.65,61.02,29.37,41.28,5.96,635.54,Wheat,Sandy,Lok-1
67.96,29.37,135.0,24.12,75.68,5.7,1271.39,Vegetables,Silty,Hybrid-A
134.6,47.78,99.57,20.82,90.23,4.42,1605.13,Rice,Peaty,Basmati-370
123.63,35.62,68.4,22.75,83.91,5.36,1205.01,Potato,Peaty,Kufri Pukhraj
46.43,22.92,70.32,31.15,39.49,6.19,696.74,Potato,Sandy,Kufri Pukhraj
76.37,30.87,94.54,28.57,69.69,7.0,1388.84,Wheat,Loamy,PBW-343
41.75,46.72,88.07,23.94,49.02,7.98,906.02,Barley,Chalky,BH-902
31.28,25.93,48.42,29.62,46.94,6.98,413.54,Potato,Sandy,Kufri Pukhraj
102.65,45.95,80.62,22.13,76.36,5.06,2012.93,Rice,Peaty,IR64
79.93,56.86,77.43,24.89,59.89,7.02,845.31,Maize,Loamy,Pioneer-3396
94.01,37.65,140.25,30.53,69.32,6.21,1696.52,Sugarcane,Clay,Co-86032
35.87,10.94,65.36,31.72,46.62,6.67,815.72,Potato,Sandy,Kufri Pukhraj
15.0,67.78,47.34,25.25,50.6,7.68,722.02,Cotton,Chalky,Bt-1
40.79,36.4,64.44,30.38,52.84,6.25,744.05,Groundnut,Sandy,TAG-24
53.05,49.96,91.29,31.63,37.72,7.87,856.46,Cotton,Chalky,Suraj
89.45,64.52,80.99,25.36,75.87,7.03,1358.36,Rice,Clay,Basmati-370
131.84,54.08,144.32,24.33,88.16,6.46,1635.38,Maize,Clay,DHM-117
85.57,42.59,138.4,25.86,79.58,6.22,1333.01,Cotton,Clay,Bt-1
103.42,85.0,129.04,22.85,69.73,6.41,1697.41,Rice,Clay,Basmati-370
53.4,63.37,103.6,19.36,40.01,7.82,991.83,Cotton,Chalky,Bt-2
86.96,45.0,56.63,16.99,70.91,5.26,1995.05,Vegetables,Peaty,Local-1
57.03,23.32,41.63,28.33,53.27,6.24,561.47,Millet,Sandy,HHB-67
89.22,50.51,93.76,22.07,64.81,6.64,1592.97,Tomato,Loamy,Arka Vikas
121.86,41.65,70.82,20.3,86.77,4.74,1550.56,Rice,Peaty,IR64
132.59,48.34,62.05,22.66,88.79,4.85,2000.73,Tea,Peaty,TV-23
86.91,54.07,101.78,25.48,63.01,6.76,1151.91,Wheat,Loamy,Lok-1
45.66,43.98,112.43,21.85,64.34,6.65,1324.63,Wheat,Silty,HD-2967
131.65,26.57,66.49,23.34,66.75,4.62,1981.25,Tea,Peaty,TV-1
50.12,26.55,63.41,28.35,32.9,5.72,588.06,Potato,Sandy,Kufri Pukhraj
54.86,58.78,75.5,21.4,63.37,6.23,1229.73,Sugarcane,Loamy,Co-0118
44.37,32.89,41.94,29.26,49.57,6.94,463.49,Cotton,Sandy,Bt-1
106.12,36.18,75.76,19.6,83.84,5.5,1483.39,Rice,Peaty,IR64
72.78,46.93,109.68,30.87,65.66,6.53,1019.35,Tomato,Loamy,Arka Vikas
81.67,63.69,112.49,23.93,71.53,6.42,1115.75,Rice,Silty,Swarna
52.7,65.46,91.71,22.97,25.04,8.26,978.75,Groundnut,Chalky,JL-24
100.76,33.68,85.77,22.53,88.03,5.15,2173.24,Vegetables,Peaty,Local-1
49.26,48.56,105.13,28.33,79.62,6.76,2066.13,Maize,Silty,DHM-117
90.1,41.46,79.95,29.24,67.36,6.63,1574.21,Wheat,Clay,PBW-343
56.28,44.75,88.99,29.5,76.09,6.59,1230.39,Vegetables,Silty,Local-1
39.49,18.22,53.79,25.67,41.43,5.92,850.58,Millet,Sandy,RHB-173
117.7,33.52,65.95,25.11,76.04,5.91,1864.13,Tea,Peaty,UPASI-9
83.6,30.97,71.44,28.06,62.67,6.08,1071.05,Sugarcane,Loamy,Co-0118
40.17,26.33,53.65,29.53,44.76,5.69,517.65,Millet,Sandy,ICTP-8203
116.35,41.22,71.77,18.3,72.69,6.19,1364.26,Potato,Peaty,Kufri Bahar
97.29,59.47,129.01,27.98,72.11,6.51,1740.97,Maize,Clay,DHM-117
47.55,29.58,31.41,29.42,42.67,6.73,373.5,Millet,Sandy,RHB-173
96.49,49.57,110.08,27.4,63.54,6.74,1179.5,Wheat,Clay,Lok-1
59.92,38.44,102.8,25.21,29.44,7.71,666.53,Barley,Chalky,DWRB-73
127.29,31.94,67.38,19.11,75.83,4.74,1732.09,Tea,Peaty,TV-1
62.21,54.62,88.78,25.62,63.71,6.89,1670.37,Maize,Silty,HQPM-1
87.4,68.7,107.85,27.08,60.04,7.08,1612.32,Vegetables,Silty,Local-1
99.06,36.32,73.12,32.0,62.43,6.84,1029.37,Sugarcane,Loamy,Co-0238
66.08,33.29,82.59,30.61,58.17,5.95,1284.34,Rice,Loamy,Basmati-370
35.07,61.83,73.76,23.53,35.88,7.97,429.02,Cotton,Chalky,Suraj
114.75,59.22,117.57,32.17,75.62,6.84,1391.71,Rice,Clay,IR64
134.86,56.38,62.12,14.75,72.81,5.72,1854.14,Tea,Peaty,UPASI-9
66.12,44.26,105.98,18.08,73.01,6.68,1698.9,Wheat,Silty,PBW-343
46.21,48.37,128.98,26.45,67.74,6.24,1830.1,Vegetables,Silty,Local-1
50.54,40.15,59.65,34.46,49.96,6.78,978.57,Millet,Sandy,ICTP-8203
152.63,32.31,73.2,18.72,88.79,5.18,1546.89,Cotton,Peaty,Bt-1
98.46,55.33,122.67,25.1,78.19,6.06,1808.06,Sugarcane,Clay,Co-0238
46.85,62.39,94.89,21.43,44.56,7.77,822.54,Cotton,Chalky,Suraj
112.64,50.79,110.27,25.55,74.68,7.41,1255.94,Cotton,Clay,Bt-2
84.22,34.66,89.36,22.76,59.8,6.54,1016.18,Wheat,Loamy,Lok-1
64.21,55.69,70.63,27.57,45.76,8.25,669.55,Wheat,Chalky,PBW-343
143.47,33.74,95.55,20.78,80.71,5.14,1786.67,Wheat,Peaty,HD-2967
113.91,49.4,53.32,22.45,80.05,4.54,1514.72,Rice,Peaty,IR64
98.49,50.58,80.02,23.72,57.91,7.14,1009.6,Tomato,Loamy,Arka Vikas
43.26,24.85,54.4,27.96,56.37,6.51,543.07,Watermelon,Sandy,Sugar Baby
34.45,66.14,100.6,25.05,50.7,8.26,430.3,Barley,Chalky,DWRB-73
19.84,43.51,86.16,29.22,58.85,8.76,786.33,Barley,Chalky,BH-902
87.53,39.19,85.08,23.97,70.66,7.76,1398.46,Rice,Silty,IR64
87.91,57.37,66.32,21.85,72.51,7.08,1140.14,Wheat,Loamy,HD-2967
100.11,62.47,124.7,23.89,66.06,7.11,1504.6,Sugarcane,Clay,Co-0238
101.91,57.08,102.54,29.37,72.53,7.45,1865.44,Rice,Clay,IR64
88.03,38.57,78.75,24.15,59.08,6.22,1619.45,Rice,Silty,Swarna
64.95,68.64,84.7,30.37,60.49,8.65,1003.77,Barley,Chalky,DWRB-73
130.58,62.44,99.68,19.59,75.85,4.95,1320.87,Vegetables,Peaty,Hybrid-B
74.05,53.58,76.7,22.92,61.65,6.79,1076.61,Wheat,Loamy,Lok-1
45.52,71.18,79.45,27.88,38.83,8.33,953.09,Millet,Chalky,RHB-173
70.82,57.42,122.05,24.97,73.08,5.84,1469.11,Rice,Clay,Basmati-370
118.55,44.29,90.32,13.67,89.27,5.83,1923.83,Potato,Peaty,Kufri Pukhraj
35.19,44.86,112.89,27.79,55.38,7.72,869.55,Rice,Chalky,Swarna
88.58,35.29,103.63,26.05,55.09,6.37,1177.06,Vegetables,Loamy,Local-1
87.95,44.28,69.27,25.83,83.43,5.96,1441.87,Vegetables,Peaty,Local-1
58.61,23.6,59.68,30.31,51.59,6.22,928.62,Potato,Sandy,Kufri Pukhraj
106.36,48.91,75.86,19.54,73.01,5.0,1474.07,Potato,Peaty,Kufri Pukhraj
101.57,43.44,71.3,20.3,54.83,6.57,1547.15,Wheat,Loamy,PBW-343
39.77,78.78,73.34,26.5,53.37,8.06,580.52,Wheat,Chalky,Lok-1
36.36,30.77,52.84,26.26,34.08,6.15,471.31,Millet,Sandy,RHB-173
71.48,41.04,91.57,26.82,81.46,6.3,1571.74,Wheat,Clay,Lok-1
69.68,23.09,108.35,20.56,63.01,7.23,759.09,Soybean,Silty,MAUS-71
93.84,24.58,122.73,21.92,55.24,7.1,1304.5,Sugarcane,Loamy,Co-0238
62.87,37.58,63.44,26.19,29.92,7.95,467.52,Vegetables,Chalky,Hybrid-A
53.91,68.49,81.82,25.4,62.52,7.8,1152.93,Millet,Chalky,RHB-173
50.3,56.36,107.02,24.35,59.73,8.12,997.77,Cotton,Chalky,Bt-2
53.26,62.11,112.99,26.68,36.98,7.97,709.62,Millet,Chalky,RHB-173
97.13,69.91,117.74,26.1,76.79,6.33,1547.12,Millet,Clay,HHB-67
107.77,65.26,97.44,27.54,74.77,6.18,1388.73,Sugarcane,Clay,Co-86032
140.82,44.81,88.32,21.61,74.44,5.79,1680.16,Rice,Peaty,Basmati-370
61.67,45.73,55.91,16.0,59.98,6.9,1508.07,Vegetables,Silty,Hybrid-B
77.44,41.7,96.34,28.74,70.69,6.55,1283.05,Wheat,Loamy,HD-2967
67.74,32.0,48.69,27.54,46.84,6.29,868.89,Watermelon,Sandy,Sugar Baby
48.98,38.97,77.81,23.19,30.27,7.73,762.09,Millet,Chalky,ICTP-8203
77.2,75.63,89.84,23.44,44.3,8.06,689.55,Rice,Chalky,Basmati-370
132.76,36.2,84.9,15.41,82.49,6.47,1888.3,Potato,Peaty,Kufri Bahar
84.9,47.18,121.48,21.56,79.85,6.56,1605.93,Cotton,Clay,Suraj
80.28,48.26,58.7,23.33,77.28,6.12,1135.18,Maize,Silty,HQPM-1
69.2,58.8,89.43,22.99,64.51,6.77,875.3,Wheat,Loamy,Lok-1
55.16,62.14,90.72,22.13,36.59,7.78,1012.57,Cotton,Chalky,Suraj
71.0,35.74,94.68,26.07,62.68,6.51,1300.44,Sugarcane,Loamy,Co-86032
65.23,31.6,120.75,24.92,63.67,6.76,1141.96,Cotton,Loamy,Bt-2
88.69,53.22,127.85,22.01,77.21,6.9,1374.77,Sugarcane,Clay,Co-0118
75.0,23.04,26.64,25.08,50.84,6.87,563.55,Wheat,Sandy,Lok-1
38.27,29.11,41.9,29.42,47.48,5.2,1069.15,Tea,Sandy,TV-1
75.58,44.15,68.5,21.84,66.1,6.9,1028.1,Maize,Silty,DHM-117
111.71,44.36,89.18,26.69,80.07,5.33,1909.57,Tea,Peaty,TV-23
83.69,51.21,128.33,24.97,76.77,6.71,1518.3,Soybean,Clay,NRC-37
105.24,55.96,92.67,23.86,66.82,6.94,1661.78,Maize,Silty,Pioneer-3396
49.96,28.83,65.04,31.77,48.4,6.61,376.75,Millet,Sandy,HHB-67
68.06,24.45,84.34,21.99,76.25,6.89,1021.48,Maize,Silty,Pioneer-3396
46.82,29.83,55.85,29.42,43.58,6.2,492.59,Barley,Sandy,BH-902
110.02,47.39,135.56,24.15,66.9,6.59,1282.37,Sugarcane,Clay,Co-0118
59.1,29.85,39.77,29.4,31.59,6.31,642.57,Watermelon,Sandy,Crimson Sweet
45.23,17.79,46.04,32.81,34.47,6.22,541.0,Watermelon,Sandy,Crimson Sweet
44.3,24.25,63.38,34.55,58.8,6.86,657.06,Potato,Sandy,Kufri Jyoti
70.58,46.2,81.81,25.51,61.76,6.84,1084.56,Maize,Silty,HQPM-1
89.63,59.76,96.41,30.69,73.75,6.48,1334.81,Cotton,Clay,Bt-1
44.44,28.04,49.52,28.3,42.66,6.5,457.66,Potato,Sandy,Kufri Bahar
97.67,42.22,109.25,23.72,65.1,5.87,1314.26,Wheat,Silty,Lok-1
109.44,48.54,108.22,27.94,72.88,6.0,1644.08,Wheat,Clay,Lok-1
39.65,67.08,78.89,26.52,44.87,7.98,805.23,Millet,Chalky,ICTP-8203
55.22,54.57,83.46,29.78,35.39,8.33,771.33,Millet,Chalky,ICTP-8203
108.89,61.26,144.6,24.6,70.08,6.75,1116.48,Rice,Clay,IR64
71.36,26.53,98.0,23.18,64.66,6.49,1363.2,Sugarcane,Loamy,Co-86032
110.97,40.54,60.13,16.02,78.68,5.99,1831.08,Vegetables,Peaty,Hybrid-B
124.43,29.15,77.05,18.49,78.66,5.66,1565.87,Vegetables,Peaty,Local-1
60.9,45.31,88.9,25.39,57.36,6.49,1424.1,Rice,Silty,Swarna
102.01,34.16,88.03,25.7,79.41,6.81,1597.57,Rice,Clay,Swarna
107.16,46.79,98.95,22.03,73.88,6.8,1764.83,Cotton,Clay,Bt-2
116.17,56.81,78.57,21.85,88.67,5.66,1820.6,Potato,Peaty,Kufri Pukhraj
89.67,53.57,102.85,28.01,85.23,6.88,1252.97,Sugarcane,Clay,Co-86032
85.13,43.82,98.46,24.2,62.19,6.41,1265.68,Sugarcane,Loamy,Co-86032
97.01,53.46,113.91,24.35,65.44,6.77,1348.79,Cotton,Clay,Bt-1
75.8,51.54,111.18,20.43,73.54,7.25,1245.95,Sugarcane,Loamy,Co-86032
49.22,26.65,39.62,29.89,52.65,5.86,613.79,Groundnut,Sandy,TAG-24
96.02,44.4,149.19,22.34,66.95,6.75,1542.95,Rice,Clay,IR64
83.7,43.55,103.29,28.22,64.12,6.92,1512.09,Cotton,Loamy,Suraj
88.84,36.46,81.12,24.3,60.53,6.6,1396.8,Wheat,Loamy,PBW-343
30.97,23.65,70.44,26.78,39.24,6.31,721.28,Potato,Sandy,Kufri Pukhraj
115.0,48.14,110.61,23.19,59.16,7.75,1139.19,Wheat,Silty,HD-2967
96.92,67.0,84.8,22.92,59.09,6.98,801.06,Maize,Silty,DHM-117
66.81,32.04,57.8,29.06,37.02,6.06,560.6,Groundnut,Sandy,JL-24
88.65,63.17,142.33,24.65,67.12,6.78,984.23,Millet,Clay,RHB-173
74.93,50.98,74.12,29.08,66.07,7.02,1579.43,Wheat,Silty,PBW-343
104.32,49.54,60.32,14.03,82.1,5.23,2329.95,Potato,Peaty,Kufri Pukhraj
84.61,42.76,118.1,18.17,64.52,7.39,1656.36,Rice,Silty,Basmati-370
73.16,42.02,91.68,23.71,63.79,7.01,1215.02,Maize,Loamy,Pioneer-3396
93.95,43.87,59.54,24.26,60.57,6.75,1527.6,Sugarcane,Loamy,Co-86032
74.17,53.03,91.57,22.24,63.31,6.43,1628.77,Cotton,Clay,Bt-2
90.37,60.42,132.63,27.01,64.33,6.52,796.0,Rice,Silty,Swarna
67.79,51.0,133.19,24.41,53.53,8.44,721.11,Millet,Chalky,HHB-67
103.17,70.57,122.02,29.75,69.18,6.47,1548.96,Cotton,Clay,Bt-2
69.07,48.11,96.16,27.83,58.88,6.43,1126.98,Wheat,Silty,HD-2967
67.86,52.99,83.8,18.76,68.49,6.23,1687.14,Maize,Silty,HQPM-1
116.01,43.99,85.44,26.79,87.34,4.77,1228.36,Vegetables,Peaty,Hybrid-A
65.33,47.0,64.3,26.7,71.52,7.06,1056.16,Sugarcane,Loamy,Co-0238
49.05,27.01,51.64,29.72,42.17,6.36,569.74,Groundnut,Sandy,TAG-24
82.48,54.07,75.41,24.35,60.21,6.23,1456.48,Maize,Loamy,HQPM-1
65.49,51.44,81.38,26.68,74.42,6.37,1248.5,Maize,Silty,DHM-117
80.76,59.37,94.31,17.32,68.26,7.0,1095.0,Rice,Silty,Basmati-370
136.11,29.5,56.22,16.74,71.43,6.19,1509.92,Rice,Peaty,Basmati-370
54.44,43.77,77.04,23.61,64.63,6.95,1276.86,Rice,Silty,IR64
69.72,47.88,80.58,21.74,25.0,8.0,754.36,Millet,Chalky,HHB-67
59.95,66.71,118.91,26.0,53.16,7.52,1257.77,Cotton,Chalky,Bt-2
50.87,22.05,27.64,31.66,61.31,6.89,632.94,Groundnut,Sandy,TAG-24
35.29,31.91,61.35,28.43,35.63,5.47,574.45,Millet,Sandy,ICTP-8203
59.78,61.69,87.72,24.96,48.82,8.29,638.36,Barley,Chalky,RD-2552
94.02,48.04,76.81,22.69,51.05,6.99,1185.41,Sugarcane,Loamy,Co-0238
65.64,39.14,123.33,24.73,67.32,7.0,1545.95,Sugarcane,Clay,Co-0238
79.36,45.0,58.8,21.91,72.98,7.12,1031.51,Vegetables,Silty,Hybrid-A
84.17,37.47,104.28,20.31,75.77,6.43,1336.84,Vegetables,Clay,Hybrid-A
106.8,55.89,128.09,25.08,72.7,6.54,1587.74,Wheat,Clay,Lok-1
62.18,73.48,62.07,30.49,43.93,8.21,968.88,Wheat,Chalky,Lok-1
76.25,40.97,65.59,26.19,72.67,7.16,886.4,Maize,Silty,DHM-117
95.82,44.49,110.45,31.79,76.5,7.03,1686.1,Wheat,Silty,Lok-1
94.18,58.49,112.2,24.32,75.74,6.14,1402.06,Wheat,Clay,Lok-1
103.96,38.29,96.45,25.66,66.29,6.57,1442.93,Wheat,Loamy,HD-2967
56.29,66.83,88.27,25.75,49.79,7.2,761.66,Barley,Chalky,RD-2552
65.08,52.25,93.33,32.36,43.15,8.3,461.52,Cotton,Chalky,Bt-1
49.43,20.57,65.98,29.65,42.49,6.5,662.52,Millet,Sandy,RHB-173
59.74,28.35,101.37,25.0,64.38,6.24,1469.36,Vegetables,Silty,Hybrid-A
61.26,59.01,60.11,24.58,70.39,6.45,1364.99,Rice,Silty,Swarna
44.71,29.86,58.58,28.39,59.49,6.48,761.86,Groundnut,Sandy,JL-24
111.53,23.91,77.4,19.49,84.73,5.61,1568.51,Rice,Peaty,Swarna
80.22,41.68,109.6,24.96,79.66,6.62,999.91,Wheat,Clay,HD-2967
73.75,59.06,98.76,27.73,74.67,7.0,1243.29,Wheat,Clay,HD-2967
63.24,32.92,52.94,30.65,39.2,5.69,490.81,Watermelon,Sandy,Sugar Baby
114.23,48.5,77.06,26.46,64.87,5.99,1556.94,Tomato,Clay,Pusa Ruby
63.73,40.11,110.08,24.27,68.41,6.23,1362.23,Rice,Silty,Swarna
108.48,84.06,114.28,21.81,72.31,7.09,1747.17,Maize,Clay,HQPM-1
101.58,35.7,75.57,22.55,80.0,6.75,1322.28,Sugarcane,Loamy,Co-86032
52.47,57.73,87.3,34.25,52.71,7.68,832.52,Barley,Chalky,RD-2552
81.84,71.06,137.72,27.94,69.78,6.91,1217.99,Wheat,Clay,Lok-1
73.24,20.0,83.0,22.35,72.8,6.86,1430.15,Wheat,Silty,PBW-343
95.24,72.6,114.93,23.93,70.58,6.82,1223.54,Cotton,Clay,Bt-1
78.75,63.6,141.15,23.27,55.0,6.14,1240.93,Rice,Clay,Swarna
23.21,37.64,103.76,26.84,52.94,7.81,660.6,Wheat,Chalky,Lok-1
73.74,30.43,75.98,21.57,67.41,6.61,1784.96,Rice,Silty,IR64
65.11,44.62,113.03,28.22,62.07,7.38,1285.22,Soybean,Loamy,MAUS-71
93.97,41.32,73.36,24.87,59.8,6.94,1469.08,Wheat,Loamy,HD-2967
99.45,49.5,86.04,23.07,72.99,6.93,1597.44,Rice,Silty,Swarna
28.56,35.5,103.67,25.58,56.75,8.11,609.71,Wheat,Chalky,HD-2967
55.01,40.43,40.41,31.72,39.76,6.52,639.9,Sugarcane,Sandy,Co-86032
77.69,39.99,73.99,25.85,73.01,6.74,1177.74,Maize,Loamy,HQPM-1
99.97,70.06,106.18,25.44,70.62,7.72,1267.74,Rice,Clay,Basmati-370
91.94,40.49,87.94,27.63,66.77,6.81,1283.22,Tomato,Loamy,Pusa Ruby
44.07,27.14,83.44,29.4,49.28,6.57,794.56,Millet,Sandy,RHB-173
30.88,48.72,94.11,21.56,29.63,8.12,844.75,Wheat,Chalky,Lok-1
49.71,24.38,64.88,31.09,55.19,6.33,697.69,Watermelon,Sandy,Crimson Sweet
56.74,55.95,88.61,32.68,48.66,7.77,461.06,Barley,Chalky,RD-2552
120.94,34.34,114.48,25.02,59.11,7.19,1630.49,Rice,Clay,IR64
89.07,36.69,125.14,22.75,66.29,7.09,1240.74,Rice,Clay,Basmati-370
43.66,79.26,75.64,30.65,52.71,7.95,576.66,Wheat,Chalky,HD-2967
95.84,48.44,101.87,27.39,56.32,7.1,1335.17,Cotton,Loamy,Suraj
66.81,53.18,87.79,23.08,69.12,6.93,1377.68,Wheat,Silty,HD-2967
86.29,62.57,76.94,23.38,68.25,6.37,1226.91,Wheat,Loamy,HD-2967
120.73,26.11,51.97,23.25,70.4,5.4,1511.14,Tea,Peaty,UPASI-9
87.03,60.92,96.93,24.69,64.9,6.61,1333.46,Wheat,Silty,PBW-343
103.36,73.15,90.4,26.91,69.67,6.49,1471.57,Wheat,Clay,PBW-343
114.12,42.73,84.45,27.11,78.48,5.05,1784.67,Vegetables,Peaty,Hybrid-A
39.21,27.57,53.23,27.23,47.06,6.41,647.83,Potato,Sandy,Kufri Bahar
117.02,43.95,74.02,18.63,76.26,5.76,1958.57,Potato,Peaty,Kufri Jyoti
30.42,67.49,83.78,23.94,43.42,8.22,759.06,Sugarcane,Chalky,Co-86032
123.64,46.21,106.72,23.03,75.21,6.52,1887.09,Sugarcane,Clay,Co-86032
109.1,44.53,64.63,21.42,76.32,4.68,2026.46,Vegetables,Peaty,Hybrid-B
42.79,57.73,74.54,28.71,52.26,8.12,921.68,Wheat,Chalky,PBW-343
128.19,40.09,66.52,19.93,74.97,5.62,1707.27,Vegetables,Peaty,Hybrid-B
53.58,30.06,50.44,36.15,51.17,5.98,446.14,Millet,Sandy,ICTP-8203
80.69,77.98,121.68,23.57,67.22,6.78,824.71,Cotton,Clay,Suraj
82.69,46.2,84.43,23.07,54.32,6.92,1314.89,Wheat,Loamy,PBW-343
45.0,37.53,98.26,25.37,66.88,7.23,1123.73,Wheat,Loamy,HD-2967
78.74,43.79,103.16,26.54,62.91,6.43,913.18,Rice,Clay,Basmati-370
89.31,53.56,91.14,25.13,67.66,6.9,1160.78,Wheat,Loamy,Lok-1
85.43,48.21,65.08,29.75,81.8,6.83,1183.46,Rice,Silty,Swarna
90.33,47.0,75.21,21.91,71.35,4.55,1718.92,Vegetables,Peaty,Local-1
67.7,59.71,84.71,25.1,65.13,7.8,1054.65,Maize,Silty,DHM-117
128.6,27.2,56.35,20.1,83.48,6.17,1457.87,Potato,Peaty,Kufri Pukhraj
108.76,27.33,83.68,21.48,81.87,5.21,2117.3,Potato,Peaty,Kufri Jyoti
111.14,70.38,114.81,27.05,76.15,6.7,1357.25,Sugarcane,Clay,Co-86032
66.27,57.66,61.08,26.32,66.61,5.85,1250.97,Rice,Silty,IR64
54.22,43.47,60.61,22.32,45.77,8.21,718.08,Barley,Chalky,DWRB-73
75.38,39.29,66.98,21.66,62.95,6.21,1805.12,Rice,Silty,Swarna
113.87,44.57,64.21,16.82,76.13,4.82,1699.82,Potato,Peaty,Kufri Jyoti
64.93,37.45,89.42,27.44,63.7,6.71,1441.59,Vegetables,Silty,Hybrid-A
70.33,48.73,57.81,26.26,75.97,6.0,1502.03,Potato,Silty,Kufri Jyoti
74.02,42.48,54.61,22.71,84.18,5.97,2108.48,Rice,Peaty,Basmati-370
47.73,26.52,59.55,28.19,46.12,6.3,728.17,Groundnut,Sandy,GG-20
53.83,71.87,62.84,21.32,43.92,8.3,1096.4,Potato,Chalky,Kufri Bahar
120.77,30.81,53.18,12.31,83.66,5.03,2006.64,Vegetables,Peaty,Hybrid-B
59.57,64.31,55.59,25.89,69.41,8.26,551.92,Cotton,Chalky,Bt-1
82.02,55.67,86.37,26.64,76.3,5.98,1497.02,Rice,Clay,Basmati-370
70.75,48.61,108.29,32.34,71.95,6.86,1259.46,Barley,Loamy,RD-2552
46.94,17.54,72.7,30.54,38.04,6.0,366.16,Millet,Sandy,ICTP-8203
62.0,16.48,42.56,32.5,32.62,6.55,761.1,Millet,Sandy,HHB-67
87.03,35.54,102.33,30.71,77.33,6.96,761.51,Cotton,Loamy,Bt-2
120.69,41.09,57.63,18.5,79.37,5.49,1587.39,Rice,Peaty,Swarna
45.11,28.15,54.93,33.51,45.65,6.84,655.77,Millet,Sandy,ICTP-8203
90.1,36.35,93.85,17.62,85.59,4.78,1699.76,Barley,Peaty,DWRB-73
144.35,52.83,80.17,19.93,74.16,4.95,1398.21,Vegetables,Peaty,Local-1
115.32,38.09,68.32,21.59,84.18,4.23,1809.83,Potato,Peaty,Kufri Pukhraj
50.85,56.77,79.8,26.54,35.57,7.8,734.09,Millet,Chalky,ICTP-8203
99.19,36.62,77.71,27.27,65.07,6.96,1498.84,Wheat,Clay,Lok-1
87.69,37.27,117.68,18.47,74.8,6.84,1576.32,Watermelon,Silty,Crimson Sweet
121.1,38.79,72.26,21.13,83.79,4.27,2164.06,Tea,Peaty,TV-23
84.86,47.2,97.74,30.49,64.19,6.73,1288.04,Tomato,Loamy,Roma
37.34,52.48,103.45,29.83,32.19,8.09,740.6,Wheat,Chalky,HD-2967
86.33,56.25,102.41,23.58,61.04,6.63,1688.49,Rice,Silty,Basmati-370
89.83,31.27,81.33,20.8,61.39,6.5,1247.93,Maize,Loamy,Pioneer-3396
90.32,51.39,128.24,22.82,78.8,6.89,1078.88,Sugarcane,Clay,Co-86032
115.89,80.38,120.13,29.75,79.07,6.84,1098.92,Sugarcane,Clay,Co-86032
128.54,30.75,68.24,21.28,85.12,5.4,1883.81,Rice,Peaty,IR64
141.02,23.37,74.09,15.06,75.68,5.48,1787.85,Potato,Peaty,Kufri Bahar
86.38,47.21,81.18,28.76,64.99,7.16,1477.72,Sugarcane,Loamy,Co-86032
107.67,35.66,63.07,24.2,80.86,4.8,1495.61,Maize,Peaty,DHM-117
41.32,56.41,79.72,29.48,35.7,8.11,1079.72,Wheat,Chalky,PBW-343
15.0,38.68,80.55,27.82,35.22,8.32,1055.78,Barley,Chalky,RD-2552
57.91,32.48,66.69,31.29,43.61,8.04,842.26,Cotton,Chalky,Suraj
101.47,53.8,138.61,28.48,67.58,8.0,1425.53,Rice,Clay,IR64
75.82,49.45,100.27,26.43,57.78,7.17,1393.3,Tomato,Loamy,Arka Vikas
107.63,58.7,104.93,22.86,67.88,6.11,1352.12,Cotton,Clay,Bt-2
54.86,61.53,89.24,22.6,63.36,6.77,1297.34,Soybean,Loamy,NRC-37
95.63,43.08,86.14,22.11,60.32,7.04,1564.66,Cotton,Clay,Bt-2
49.72,27.99,45.57,28.56,47.99,6.89,547.48,Rice,Sandy,Basmati-370
69.24,57.6,106.12,26.72,63.71,7.18,1263.36,Maize,Loamy,HQPM-1
111.07,46.3,73.24,21.77,88.47,4.86,1765.27,Vegetables,Peaty,Hybrid-B
88.39,48.08,94.69,24.93,85.44,6.07,1752.15,Vegetables,Silty,Local-1
113.51,33.3,139.19,24.81,67.69,6.92,1172.36,Rice,Clay,Swarna
88.25,53.56,105.36,26.8,60.59,6.03,1994.78,Cotton,Clay,Bt-1
43.67,27.16,51.75,32.41,56.95,6.46,997.82,Potato,Sandy,Kufri Bahar
82.9,48.24,78.45,31.53,70.59,7.32,1497.15,Wheat,Silty,PBW-343
88.84,70.0,75.83,34.0,54.04,6.95,924.27,Cotton,Loamy,Bt-1
103.63,53.47,70.27,25.97,64.52,6.76,1191.21,Sugarcane,Loamy,Co-0118
23.91,54.44,90.61,26.33,40.47,8.27,828.66,Wheat,Chalky,HD-2967
58.38,52.72,108.28,29.13,64.14,7.67,1697.13,Tea,Clay,TV-23
72.63,30.78,105.58,27.79,73.33,6.54,1168.22,Wheat,Silty,HD-2967
42.44,63.06,104.66,28.59,44.33,7.48,826.35,Millet,Chalky,ICTP-8203
103.93,35.59,59.53,22.94,85.05,5.17,1273.04,Rice,Peaty,Swarna
77.13,40.82,73.84,26.33,63.56,6.98,1010.87,Tomato,Loamy,Arka Vikas
97.82,45.06,98.88,27.44,61.11,7.18,1304.34,Sugarcane,Loamy,Co-0118
52.77,44.5,92.2,26.85,63.27,6.4,1136.12,Vegetables,Silty,Hybrid-A
91.47,47.04,116.15,28.07,70.06,7.2,1854.14,Sugarcane,Clay,Co-0118
77.38,48.81,110.32,22.87,69.99,6.83,1581.99,Rice,Clay,Swarna
69.33,35.58,62.92,30.4,37.26,6.78,698.59,Millet,Sandy,HHB-67
29.67,31.12,39.57,30.72,34.05,6.49,543.15,Watermelon,Sandy,Sugar Baby
71.19,37.22,100.95,24.04,52.24,6.85,1081.6,Soybean,Loamy,JS-335
39.36,60.77,89.07,26.98,55.76,7.78,1075.34,Barley,Chalky,DWRB-73
101.76,49.83,101.17,28.35,51.86,7.06,1750.55,Vegetables,Silty,Local-1
55.93,34.43,70.57,29.91,57.23,6.56,1201.54,Wheat,Loamy,Lok-1
15.0,75.73,98.64,32.41,42.14,7.58,938.43,Barley,Chalky,DWRB-73
115.14,61.67,119.13,28.18,64.71,7.51,700.0,Wheat,Clay,HD-2967
102.4,52.02,48.63,24.34,72.08,4.87,1972.02,Potato,Peaty,Kufri Bahar
132.15,40.08,91.49,19.25,79.14,5.51,1930.91,Potato,Peaty,Kufri Jyoti
48.53,17.56,49.58,26.47,44.4,6.09,480.42,Watermelon,Sandy,Crimson Sweet
90.74,43.93,76.58,17.03,62.35,6.44,1464.63,Maize,Silty,DHM-117
81.47,58.8,94.0,24.16,64.35,6.5,1229.08,Maize,Silty,Pioneer-3396
28.99,60.74,86.86,25.63,46.33,8.3,775.02,Barley,Chalky,DWRB-73
75.7,55.67,92.03,22.09,76.96,6.93,1180.29,Wheat,Silty,PBW-343
56.62,30.93,31.61,23.64,52.98,6.22,464.92,Watermelon,Sandy,Crimson Sweet
62.06,46.64,105.8,28.84,57.83,7.18,1203.48,Wheat,Loamy,PBW-343
25.2,25.05,25.25,30.11,44.96,6.74,869.13,Potato,Sandy,Kufri Jyoti
42.07,24.54,66.4,28.16,49.36,6.43,446.65,Rice,Sandy,Basmati-370
89.86,28.47,82.34,20.7,60.39,7.08,1370.98,Soybean,Loamy,JS-335
66.81,49.19,69.94,20.35,48.92,8.07,730.93,Wheat,Chalky,HD-2967
50.91,19.76,61.4,26.36,40.64,6.04,891.61,Groundnut,Sandy,GG-20
78.24,28.46,102.66,26.45,68.73,5.94,1626.51,Wheat,Silty,Lok-1
64.95,45.85,87.11,22.48,65.85,7.37,1402.67,Rice,Silty,IR64
36.07,54.05,89.5,23.77,49.1,8.06,567.3,Cotton,Chalky,Suraj
107.25,39.5,63.36,17.58,83.73,5.47,1534.08,Tea,Peaty,UPASI-9
91.29,50.46,114.17,22.21,76.63,6.06,1214.54,Rice,Clay,Basmati-370
136.45,37.17,91.18,19.38,73.75,5.77,1769.48,Tea,Peaty,TV-23
38.42,62.87,85.08,27.44,61.56,7.92,1213.84,Wheat,Chalky,Lok-1
52.31,14.26,39.86,24.27,48.22,5.54,680.19,Cotton,Sandy,Bt-2
94.67,56.19,111.65,23.1,71.57,6.59,1149.46,Cotton,Clay,Bt-1
85.18,57.85,50.38,23.55,74.05,5.77,2137.04,Vegetables,Peaty,Hybrid-A
103.53,35.79,56.79,30.67,62.43,6.6,1210.92,Maize,Loamy,HQPM-1
76.5,48.28,51.09,28.53,70.47,6.4,1081.87,Sugarcane,Loamy,Co-86032
95.17,65.74,135.2,29.26,75.31,6.32,1707.1,Wheat,Clay,PBW-343
67.64,47.96,88.92,27.31,64.96,7.12,1105.4,Cotton,Loamy,Bt-1
86.68,38.54,89.38,19.82,65.48,6.26,1130.55,Rice,Silty,IR64
137.32,39.64,76.66,18.92,74.46,5.7,1734.93,Rice,Peaty,Basmati-370
78.0,58.31,76.0,25.17,48.87,7.91,916.51,Millet,Chalky,RHB-173
63.7,35.45,93.57,22.93,70.08,6.72,1231.29,Maize,Silty,HQPM-1
129.69,37.83,65.44,13.49,81.66,5.5,2161.54,Potato,Peaty,Kufri Jyoti
101.77,58.98,127.07,23.29,80.46,6.4,1519.08,Cotton,Clay,Suraj
94.26,67.65,108.86,26.34,65.4,6.09,1700.85,Sugarcane,Clay,Co-86032
53.18,63.66,128.53,27.37,55.04,8.29,625.2,Cotton,Chalky,Bt-2
80.25,84.76,100.71,25.85,79.25,6.77,1217.23,Sugarcane,Clay,Co-0238
137.68,42.43,61.79,23.33,74.19,5.06,1407.31,Vegetables,Peaty,Hybrid-A
108.58,57.97,74.09,26.62,63.98,6.71,1161.53,Maize,Loamy,Pioneer-3396
116.55,41.83,60.3,20.73,83.32,5.46,2061.75,Vegetables,Peaty,Hybrid-B
69.7,47.62,77.0,32.0,67.52,7.31,1418.67,Rice,Silty,Swarna
37.05,28.53,81.97,32.3,46.05,6.45,388.76,Watermelon,Sandy,Arka Manik
78.27,59.2,104.83,23.53,73.38,7.22,916.17,Wheat,Silty,HD-2967
30.67,52.68,96.37,25.83,63.58,8.22,914.62,Tomato,Chalky,Pusa Ruby
56.34,35.48,55.14,29.46,48.08,5.2,724.41,Potato,Sandy,Kufri Jyoti
40.4,21.56,46.83,31.27,41.59,6.58,849.15,Millet,Sandy,HHB-67
95.43,50.93,107.68,32.69,80.0,7.08,1093.88,Cotton,Loamy,Suraj
96.36,42.02,62.79,21.16,73.5,6.58,1400.88,Wheat,Silty,HD-2967
102.95,47.96,82.97,26.45,60.22,7.77,1077.08,Tomato,Loamy,Pusa Ruby
113.49,57.5,141.94,26.76,78.48,5.5,1465.14,Cotton,Clay,Bt-1
107.1,48.61,70.97,17.61,92.51,5.84,1680.06,Vegetables,Peaty,Hybrid-A
104.97,59.41,111.99,32.28,73.91,7.24,1543.19,Rice,Clay,IR64
56.21,61.96,75.71,31.74,40.73,7.73,382.33,Millet,Chalky,HHB-67
83.3,59.97,130.0,25.61,58.58,6.42,689.18,Cotton,Loamy,Bt-1
55.59,48.08,70.7,25.95,57.54,6.74,1391.13,Vegetables,Silty,Hybrid-B
41.41,39.86,64.06,24.84,62.44,6.88,1592.84,Rice,Silty,Swarna
124.52,40.32,58.67,19.86,84.2,5.55,1928.61,Vegetables,Peaty,Hybrid-B
96.3,57.39,79.15,19.38,66.89,6.12,1148.98,Rice,Clay,Basmati-370
60.58,76.19,134.72,26.32,80.33,7.0,1428.17,Rice,Clay,IR64
124.64,52.42,77.89,19.87,85.86,4.86,1173.68,Tea,Peaty,UPASI-9
104.26,58.78,129.6,27.26,86.21,7.1,1416.15,Rice,Clay,Swarna
65.35,61.76,91.16,27.01,29.79,8.28,850.8,Barley,Chalky,BH-902
90.57,15.0,77.5,20.18,86.95,4.94,1660.4,Potato,Peaty,Kufri Pukhraj
134.22,42.0,89.29,22.28,84.6,5.41,1998.16,Potato,Peaty,Kufri Pukhraj
67.66,52.43,110.4,20.12,52.04,7.19,1562.26,Cotton,Loamy,Bt-2
119.42,55.73,123.08,23.76,55.43,6.38,1665.76,Rice,Clay,Swarna
107.86,37.0,60.11,22.26,85.37,5.06,1806.83,Tea,Peaty,TV-1
87.7,48.8,99.21,25.71,52.82,6.9,1195.79,Soybean,Loamy,JS-335
116.02,43.77,91.34,21.6,79.92,5.04,1701.01,Wheat,Peaty,PBW-343
47.2,19.8,60.54,32.54,44.82,6.41,961.4,Wheat,Sandy,Lok-1
117.99,60.85,63.46,17.5,82.73,5.61,1783.94,Rice,Peaty,IR64
110.73,52.46,71.45,25.17,84.24,5.04,1381.18,Potato,Peaty,Kufri Pukhraj
36.36,46.06,71.09,23.5,54.49,7.78,340.05,Wheat,Chalky,HD-2967
112.64,63.51,136.18,22.37,76.19,6.76,744.8,Rice,Clay,Basmati-370
45.31,23.83,62.3,31.08,40.38,6.55,793.23,Potato,Sandy,Kufri Bahar
134.55,58.21,134.87,26.88,75.62,6.29,1124.28,Wheat,Clay,Lok-1
93.9,56.9,72.79,24.38,68.87,7.53,1546.98,Vegetables,Silty,Hybrid-A
36.47,13.61,41.28,34.64,60.83,6.4,570.64,Groundnut,Sandy,JL-24
70.15,62.57,80.03,22.37,70.6,6.69,1071.78,Wheat,Silty,HD-2967
91.97,65.4,98.32,22.88,63.0,6.54,929.27,Rice,Silty,Swarna
112.16,34.9,71.37,17.83,82.0,5.18,1151.2,Rice,Peaty,IR64
46.86,66.22,107.44,30.58,33.8,7.72,652.29,Wheat,Chalky,HD-2967
96.02,79.35,101.89,29.92,60.69,6.34,1293.47,Wheat,Clay,Lok-1
52.89,26.79,47.56,34.51,44.12,7.27,689.83,Groundnut,Sandy,JL-24
47.62,33.42,33.78,25.97,29.33,6.31,492.2,Watermelon,Sandy,Arka Manik
87.26,44.99,87.59,23.9,56.27,7.28,1398.11,Maize,Silty,HQPM-1
89.76,47.31,86.44,26.5,68.79,6.24,1215.39,Maize,Loamy,HQPM-1
135.66,35.61,73.84,23.5,81.28,4.85,2222.2,Potato,Peaty,Kufri Bahar
76.25,40.47,128.55,21.06,77.19,7.12,1546.53,Rice,Silty,IR64
102.12,37.74,126.15,24.16,79.8,7.01,1807.82,Rice,Clay,IR64
98.01,54.73,89.7,29.45,55.63,7.49,963.1,Maize,Loamy,DHM-117
51.35,31.95,32.57,31.16,50.02,5.3,707.07,Groundnut,Sandy,GG-20
77.07,35.97,95.98,28.66,71.44,6.37,1652.65,Rice,Silty,Basmati-370
78.0,53.35,88.4,25.06,75.33,6.39,1484.57,Wheat,Loamy,Lok-1
60.84,33.42,52.1,27.43,38.4,6.01,717.02,Watermelon,Sandy,Arka Manik
39.79,63.43,59.14,30.02,46.34,8.38,646.59,Barley,Chalky,RD-2552
64.12,28.37,90.71,30.72,37.03,7.55,485.85,Vegetables,Chalky,Local-1
79.31,50.2,85.86,34.0,64.18,6.32,1006.31,Tea,Loamy,TV-1
67.77,55.39,93.08,23.87,66.67,6.41,1261.01,Rice,Clay,Basmati-370
36.78,41.47,102.12,30.04,63.41,8.8,471.16,Barley,Chalky,BH-902
89.18,28.67,98.99,23.64,51.22,6.94,1184.92,Tomato,Loamy,Arka Vikas
51.65,65.87,81.1,27.61,37.32,7.5,680.84,Soybean,Chalky,NRC-37
93.8,64.58,108.05,25.02,70.59,7.02,811.49,Maize,Silty,HQPM-1
59.0,49.04,83.48,28.11,55.93,7.0,1333.81,Wheat,Loamy,Lok-1
109.98,65.09,121.18,26.04,67.75,7.46,935.38,Rice,Clay,Basmati-370
80.38,33.14,93.43,24.93,57.52,6.47,1066.63,Vegetables,Silty,Hybrid-A
101.11,49.37,99.96,26.37,73.09,6.79,2100.0,Vegetables,Silty,Hybrid-A
102.81,55.69,67.11,19.66,76.31,4.27,1448.38,Tea,Peaty,TV-23
118.83,40.82,66.09,20.11,78.7,4.71,1540.58,Rice,Peaty,Swarna
42.23,44.09,63.42,29.33,66.38,7.06,1461.19,Maize,Silty,HQPM-1
91.66,52.4,94.87,28.47,62.6,7.32,1390.02,Wheat,Loamy,HD-2967
96.89,59.21,113.98,23.79,75.64,7.36,1227.8,Sugarcane,Clay,Co-0118
94.08,50.13,83.49,29.81,66.93,6.95,1221.16,Soybean,Loamy,JS-335
102.55,66.73,113.85,26.8,79.93,7.34,1270.49,Cotton,Clay,Bt-2
106.1,34.61,119.46,23.61,68.83,6.97,1939.78,Cotton,Clay,Bt-2
66.11,48.58,101.96,24.46,61.38,7.18,1013.49,Maize,Loamy,Pioneer-3396
81.96,35.56,113.42,25.83,60.55,7.01,1096.6,Soybean,Loamy,NRC-37
88.18,54.64,104.99,21.98,73.27,6.48,1656.88,Vegetables,Silty,Hybrid-A
121.47,46.23,67.02,19.6,77.56,5.99,1848.04,Tea,Peaty,TV-1
121.97,51.88,59.07,22.38,80.91,5.82,1884.06,Rice,Peaty,Swarna
73.64,50.99,111.68,22.34,64.72,6.9,1351.21,Maize,Silty,DHM-117
76.57,45.89,102.5,20.21,56.69,5.93,1502.17,Vegetables,Silty,Hybrid-B
84.69,47.1,141.35,25.86,70.71,7.52,1364.77,Rice,Clay,IR64
103.75,61.9,114.99,25.9,77.79,7.02,1550.72,Barley,Clay,RD-2552
25.86,30.46,21.64,29.3,51.57,6.56,462.76,Millet,Sandy,HHB-67
20.0,23.32,45.94,26.86,46.27,6.28,305.71,Potato,Sandy,Kufri Jyoti
79.62,52.53,94.91,21.35,80.46,7.3,1494.54,Vegetables,Silty,Hybrid-A
44.28,51.11,83.05,24.99,44.26,7.98,886.16,Cotton,Chalky,Suraj
93.32,51.64,54.6,27.57,74.32,6.37,1183.09,Soybean,Loamy,MAUS-71
103.74,31.49,84.52,32.38,57.5,6.51,1137.29,Tomato,Loamy,Arka Vikas
82.85,43.79,91.35,26.25,61.98,6.65,1174.91,Maize,Loamy,DHM-117
76.65,49.99,113.96,25.97,81.08,6.44,1077.26,Wheat,Clay,HD-2967
32.05,51.33,80.27,23.84,42.24,8.56,924.22,Cotton,Chalky,Bt-2
81.28,64.47,114.97,19.71,69.3,7.49,1403.74,Rice,Clay,Basmati-370
62.58,49.33,99.82,26.97,65.78,7.17,1212.36,Tomato,Loamy,Pusa Ruby
49.38,27.65,36.51,33.42,41.14,6.03,884.43,Watermelon,Sandy,Crimson Sweet
89.83,55.38,70.43,28.45,62.36,7.13,1596.29,Vegetables,Silty,Local-1
95.77,58.67,86.19,25.33,56.91,7.06,1436.76,Tomato,Loamy,Pusa Ruby
101.2,28.98,53.83,28.0,85.8,5.55,1442.66,Potato,Peaty,Kufri Pukhraj
43.19,55.8,112.68,24.13,38.31,8.23,803.61,Cotton,Chalky,Bt-1
34.56,69.1,90.74,25.69,41.89,8.07,489.46,Cotton,Chalky,Bt-2
27.18,52.18,91.47,29.32,56.19,7.58,810.47,Rice,Chalky,Basmati-370
77.76,44.12,80.38,26.47,59.27,6.57,790.36,Wheat,Silty,Lok-1
92.27,57.53,114.18,29.39,67.89,7.01,1525.07,Wheat,Clay,PBW-343
108.91,63.26,46.37,17.33,74.97,5.16,2214.36,Rice,Peaty,Basmati-370
52.88,36.53,37.34,29.62,46.51,6.67,618.83,Millet,Sandy,RHB-173
25.2,60.31,60.61,26.15,52.95,8.11,700.11,Cotton,Chalky,Bt-1
80.23,39.74,64.78,25.16,65.98,7.09,877.11,Soybean,Loamy,MAUS-71
48.47,31.41,51.79,29.48,39.0,6.48,535.81,Millet,Sandy,RHB-173
47.71,42.29,76.75,25.68,61.13,8.37,544.15,Potato,Chalky,Kufri Bahar
77.6,23.53,89.09,31.07,54.51,6.24,1049.25,Wheat,Loamy,HD-2967
31.69,61.55,86.64,31.14,49.95,7.94,763.6,Cotton,Chalky,Bt-2
45.23,25.02,27.64,34.23,37.11,6.37,442.58,Millet,Sandy,HHB-67
50.05,53.13,42.47,32.97,56.72,7.86,837.67,Cotton,Chalky,Bt-2
72.88,55.47,96.39,22.24,64.07,6.66,794.02,Wheat,Silty,Lok-1
74.49,57.23,135.0,24.45,72.95,5.68,1252.4,Rice,Silty,IR64
45.85,29.91,52.18,31.68,46.44,6.16,343.86,Potato,Sandy,Kufri Bahar
115.16,44.43,126.59,27.54,73.95,6.66,1022.49,Rice,Clay,IR64
56.76,56.52,120.01,26.08,57.04,8.45,938.91,Groundnut,Chalky,TAG-24
117.56,58.73,75.76,22.13,83.34,5.29,1788.45,Tea,Peaty,UPASI-9
65.21,22.66,69.89,26.8,45.56,6.8,859.93,Millet,Sandy,RHB-173
88.52,61.02,123.87,28.16,72.48,6.17,1769.52,Vegetables,Clay,Local-1
88.07,26.63,85.71,23.89,57.42,7.12,1873.74,Maize,Silty,HQPM-1
71.85,27.34,55.45,31.7,47.66,6.95,578.57,Potato,Sandy,Kufri Jyoti
109.15,23.12,77.4,19.51,81.39,5.27,1493.17,Tea,Peaty,TV-23
38.29,39.29,24.65,28.87,41.79,6.79,887.22,Potato,Sandy,Kufri Pukhraj
74.08,33.64,88.99,26.95,49.61,6.28,1080.9,Barley,Loamy,BH-902
115.63,61.29,71.35,18.97,87.35,5.24,2131.54,Potato,Peaty,Kufri Bahar
79.54,39.29,72.02,25.89,52.53,6.85,1170.62,Maize,Loamy,Pioneer-3396
71.93,31.46,81.01,27.79,56.29,6.06,1233.29,Wheat,Loamy,PBW-343
54.42,50.84,69.07,22.69,67.14,6.14,1359.4,Rice,Silty,Basmati-370
39.94,82.85,97.81,25.42,31.56,8.06,689.91,Wheat,Chalky,Lok-1
39.39,22.07,35.5,31.2,49.19,6.4,832.77,Groundnut,Sandy,GG-20
106.34,38.3,81.78,20.55,82.16,5.67,1914.41,Rice,Peaty,Swarna
56.41,26.65,29.49,32.2,46.13,6.48,991.48,Watermelon,Sandy,Sugar Baby
63.0,35.85,73.91,26.61,69.33,7.0,1539.77,Tomato,Loamy,Arka Vikas
88.87,57.58,107.47,26.38,89.41,7.08,1837.95,Cotton,Clay,Bt-2
113.44,38.96,71.76,25.97,59.98,5.85,1049.45,Tomato,Loamy,Arka Vikas
109.33,20.0,79.91,26.81,62.47,7.16,1218.25,Cotton,Loamy,Bt-2
48.07,24.32,58.24,32.16,46.06,6.62,712.47,Potato,Sandy,Kufri Jyoti
90.9,41.4,80.7,23.41,92.34,5.55,1510.91,Potato,Peaty,Kufri Pukhraj
123.6,46.86,91.48,18.91,78.28,5.17,1552.9,Rice,Peaty,Basmati-370
112.99,61.18,63.01,17.31,79.23,5.41,1332.79,Cotton,Peaty,Bt-2
105.06,65.77,96.34,27.12,62.92,6.74,1278.48,Soybean,Loamy,MAUS-71
55.02,64.58,97.9,18.74,59.66,7.01,1595.36,Soybean,Loamy,JS-335
58.34,59.54,120.39,29.81,57.12,7.98,510.06,Barley,Chalky,RD-2552
37.83,31.62,69.62,26.59,46.87,5.49,433.97,Groundnut,Sandy,JL-24
121.81,20.0,95.23,20.42,75.94,4.99,2144.6,Soybean,Peaty,NRC-37
28.45,63.19,87.68,30.19,46.32,7.48,684.3,Wheat,Chalky,HD-2967
73.27,36.33,100.64,17.91,63.55,7.1,1525.57,Vegetables,Silty,Hybrid-A
81.21,56.87,87.28,29.66,65.24,7.01,868.67,Watermelon,Loamy,Arka Manik
60.05,22.93,42.97,33.82,40.06,7.05,657.17,Groundnut,Sandy,GG-20
35.07,53.0,85.97,25.02,49.58,8.08,595.14,Barley,Chalky,DWRB-73
26.11,65.12,103.88,26.46,58.31,7.81,788.98,Wheat,Chalky,HD-2967
46.24,47.19,94.8,24.23,35.36,7.4,901.96,Wheat,Chalky,HD-2967
84.1,56.65,85.56,24.88,71.13,6.05,1515.88,Wheat,Clay,HD-2967
43.15,24.47,53.34,32.96,47.14,6.9,860.23,Groundnut,Sandy,TAG-24
38.04,75.44,104.11,26.52,65.84,7.97,879.53,Wheat,Chalky,HD-2967
104.75,68.21,106.43,24.18,76.74,6.48,1242.53,Wheat,Clay,Lok-1
84.61,65.3,140.08,26.03,65.74,7.49,1558.67,Rice,Clay,IR64
54.45,37.11,96.42,30.78,57.73,6.75,1235.9,Wheat,Loamy,Lok-1
73.69,46.41,86.93,25.55,79.82,7.55,1667.12,Potato,Silty,Kufri Jyoti
48.7,24.8,58.0,33.8,57.8,5.98,854.94,Potato,Sandy,Kufri Pukhraj
125.29,35.54,58.24,20.65,84.49,5.38,1509.18,Potato,Peaty,Kufri Jyoti
59.15,24.0,41.62,30.48,48.84,7.0,732.82,Millet,Sandy,ICTP-8203
86.88,44.38,99.06,26.44,63.68,7.3,1358.2,Rice,Silty,IR64
85.63,26.89,113.19,24.58,71.65,6.98,1251.9,Wheat,Silty,PBW-343
110.97,29.6,81.18,25.85,84.63,5.29,1603.57,Potato,Peaty,Kufri Pukhraj
46.76,68.64,107.92,25.19,54.11,8.29,618.64,Wheat,Chalky,PBW-343
51.18,17.61,47.71,32.75,46.75,5.6,565.09,Millet,Sandy,RHB-173
66.31,35.89,50.51,26.28,55.29,6.28,392.78,Groundnut,Sandy,JL-24
83.88,52.22,57.42,24.92,67.09,6.9,940.07,Wheat,Loamy,HD-2967
37.31,61.28,81.3,28.4,47.65,8.3,583.92,Barley,Chalky,RD-2552
55.2,45.27,70.39,18.06,64.99,7.47,1351.98,Maize,Silty,DHM-117
69.56,53.0,104.16,22.83,57.42,6.23,1231.01,Cotton,Loamy,Bt-1
98.16,40.59,68.48,28.38,83.04,6.57,1441.27,Vegetables,Silty,Local-1
77.03,41.7,90.5,25.1,67.43,6.59,1561.91,Cotton,Loamy,Bt-2
105.85,48.32,86.87,28.63,53.3,6.14,1425.29,Sugarcane,Loamy,Co-0118
86.57,48.6,90.03,27.75,67.0,7.01,1074.75,Vegetables,Silty,Hybrid-A
81.41,38.25,91.18,31.78,66.68,6.25,1370.01,Wheat,Silty,PBW-343
131.78,49.1,64.39,15.94,88.87,5.41,1654.75,Potato,Peaty,Kufri Pukhraj
127.0,42.72,71.32,20.27,68.93,6.81,1851.44,Cotton,Clay,Suraj
72.01,30.13,101.33,28.48,62.23,6.97,1402.21,Maize,Loamy,HQPM-1
141.58,34.15,81.46,22.36,80.05,5.75,1761.75,Potato,Peaty,Kufri Bahar
53.59,63.89,82.59,23.62,67.95,6.67,2042.75,Wheat,Silty,HD-2967
117.87,39.76,84.32,27.63,77.93,5.86,1982.39,Tea,Peaty,TV-1
125.09,24.71,38.99,21.83,74.87,4.23,1404.35,Rice,Peaty,IR64
109.27,42.74,58.59,19.92,79.26,4.46,1966.16,Rice,Peaty,Swarna
89.56,41.74,133.28,22.93,72.29,6.9,999.0,Cotton,Clay,Suraj
45.54,22.92,67.78,29.52,41.71,6.15,762.01,Millet,Sandy,ICTP-8203
112.75,62.03,114.15,26.6,74.56,6.4,1968.92,Rice,Clay,Swarna
71.06,48.9,86.53,24.18,56.7,6.75,1413.34,Sugarcane,Loamy,Co-0118
62.26,43.12,70.98,27.03,58.78,6.35,1368.99,Tomato,Loamy,Pusa Ruby
51.02,24.18,63.55,29.06,44.25,6.45,712.11,Potato,Sandy,Kufri Pukhraj
18.81,30.9,110.99,26.05,58.48,8.34,465.07,Soybean,Chalky,JS-335
110.15,55.54,64.5,21.28,76.63,5.6,2109.41,Wheat,Peaty,PBW-343
70.45,58.63,90.19,26.29,66.84,6.57,1604.2,Vegetables,Silty,Hybrid-A
68.41,23.43,45.39,29.8,45.52,6.14,672.15,Millet,Sandy,ICTP-8203
33.6,61.79,62.89,23.26,40.57,7.87,792.75,Millet,Chalky,HHB-67
58.51,43.38,109.53,26.25,50.94,8.03,750.93,Millet,Chalky,HHB-67
95.33,46.21,125.68,29.94,69.51,6.57,2006.87,Vegetables,Silty,Local-1
75.15,54.64,81.56,29.3,65.18,6.01,1325.53,Maize,Silty,HQPM-1
41.74,41.68,109.26,28.37,48.55,8.24,901.42,Barley,Chalky,RD-2552
23.45,59.2,107.74,24.13,33.77,7.85,709.27,Barley,Chalky,BH-902
73.24,36.65,102.57,28.89,57.18,6.99,1800.0,Tomato,Loamy,Pusa Ruby
37.87,57.58,84.06,23.96,46.04,7.59,799.0,Cotton,Chalky,Bt-2
69.82,39.73,93.04,23.51,63.87,6.34,1363.47,Vegetables,Silty,Hybrid-A
40.85,10.67,38.98,29.81,45.49,7.01,770.26,Potato,Sandy,Kufri Bahar
90.07,37.66,97.98,30.07,65.04,6.93,1410.7,Cotton,Loamy,Bt-1
78.9,47.58,69.31,23.98,72.15,7.38,1394.52,Wheat,Loamy,PBW-343
108.41,56.95,117.65,23.01,79.56,6.32,1653.76,Wheat,Clay,PBW-343
87.48,55.49,83.08,23.41,88.0,6.57,1612.56,Potato,Silty,Kufri Pukhraj
55.14,39.27,68.73,23.43,59.65,6.74,1046.31,Vegetables,Loamy,Local-1
112.14,39.08,96.95,18.87,94.8,6.23,1381.03,Rice,Peaty,Swarna
76.55,49.4,97.25,33.3,60.24,6.75,1050.64,Sugarcane,Loamy,Co-0238
77.79,45.53,124.56,23.06,58.1,7.06,1428.01,Wheat,Loamy,Lok-1
108.9,59.8,60.23,17.99,81.55,5.81,1497.92,Potato,Peaty,Kufri Bahar
113.1,29.25,82.72,22.58,65.0,4.65,2054.57,Rice,Peaty,Swarna
32.04,42.28,121.98,29.27,63.56,7.77,1143.9,Barley,Chalky,BH-902
127.87,34.07,69.09,23.99,78.62,5.86,1721.48,Rice,Peaty,IR64
44.29,34.87,59.38,25.97,49.7,5.4,638.58,Groundnut,Sandy,GG-20
54.81,71.48,84.45,25.67,32.02,8.05,1051.13,Barley,Chalky,DWRB-73
47.2,46.62,87.33,31.18,42.13,8.8,623.39,Rice,Chalky,Basmati-370
37.14,35.57,49.89,30.86,38.23,6.29,450.71,Millet,Sandy,HHB-67
106.12,36.71,114.3,25.45,64.62,6.52,1431.01,Soybean,Loamy,NRC-37
51.51,74.77,118.34,24.55,47.62,8.11,451.4,Barley,Chalky,BH-902
125.37,30.16,60.14,21.35,82.4,5.42,2232.99,Vegetables,Peaty,Hybrid-A
124.96,17.74,65.64,19.55,86.99,5.21,2216.0,Rice,Peaty,IR64
47.13,52.73,69.43,27.06,43.1,7.44,743.5,Cotton,Chalky,Bt-2
101.48,65.03,112.37,23.75,67.87,6.52,1630.04,Cotton,Clay,Bt-2
37.51,59.79,97.04,28.17,62.45,7.97,711.53,Millet,Chalky,RHB-173
86.56,43.97,110.0,21.29,93.21,5.87,1504.02,Wheat,Peaty,PBW-343
100.16,49.59,127.96,24.46,73.27,6.79,1561.0,Wheat,Clay,HD-2967
40.99,30.37,49.92,30.4,37.99,6.63,438.25,Watermelon,Sandy,Crimson Sweet
71.06,73.27,123.17,25.85,68.98,7.83,1234.52,Sugarcane,Clay,Co-86032
87.41,66.79,101.42,27.69,67.71,5.9,1273.66,Rice,Loamy,Basmati-370
34.36,70.06,138.85,27.69,47.87,8.15,889.86,Barley,Chalky,RD-2552
76.97,65.86,99.83,29.22,73.45,6.56,1305.16,Wheat,Clay,Lok-1
48.75,51.67,81.79,27.44,73.11,6.41,814.71,Soybean,Loamy,MAUS-71
63.3,37.47,105.14,23.97,81.25,6.56,1316.19,Vegetables,Silty,Local-1
134.7,36.66,71.16,19.49,75.21,4.71,1988.48,Rice,Peaty,Basmati-370
23.85,48.05,112.41,30.31,45.77,8.52,772.71,Wheat,Chalky,HD-2967
80.19,50.97,69.2,30.76,68.57,6.77,1307.91,Wheat,Loamy,HD-2967
108.45,32.33,71.31,20.93,76.39,5.53,2210.82,Tea,Peaty,TV-1
62.52,29.8,90.42,24.4,72.22,7.9,1030.28,Cotton,Silty,Bt-1
50.67,21.0,62.73,32.03,55.99,7.05,729.02,Potato,Sandy,Kufri Jyoti
41.99,55.51,122.94,29.29,35.61,8.47,691.1,Barley,Chalky,BH-902
52.61,59.53,78.18,29.54,75.45,6.38,1539.12,Rice,Silty,IR64
95.23,33.09,86.04,31.24,67.91,6.24,1077.44,Potato,Loamy,Kufri Bahar
56.72,30.56,56.02,32.19,26.33,7.18,934.86,Millet,Sandy,RHB-173
41.69,71.57,80.42,26.85,52.16,8.42,250.0,Millet,Chalky,ICTP-8203
46.47,17.75,51.77,33.79,35.51,6.2,611.66,Millet,Sandy,HHB-67
79.67,43.52,93.04,23.37,67.58,6.88,1221.58,Rice,Silty,Swarna
126.91,35.3,72.59,16.86,81.23,4.09,1608.12,Potato,Peaty,Kufri Jyoti
66.41,48.05,74.02,22.25,36.8,8.19,1125.36,Wheat,Chalky,HD-2967
43.99,52.69,81.12,26.12,50.56,7.92,720.46,Barley,Chalky,DWRB-73
112.48,41.36,110.79,31.29,77.11,6.08,1152.35,Rice,Clay,IR64
54.46,59.49,110.09,24.67,32.47,8.58,772.73,Cotton,Chalky,Bt-2
74.08,45.59,58.6,24.54,59.45,6.89,1648.11,Wheat,Loamy,Lok-1
15.0,82.91,97.3,26.11,51.59,8.2,841.14,Barley,Chalky,DWRB-73
76.02,41.33,77.63,29.85,57.35,6.44,926.37,Maize,Loamy,HQPM-1
78.95,57.74,116.26,22.39,61.25,6.96,1475.14,Wheat,Silty,PBW-343
127.41,43.71,48.84,19.83,78.26,5.51,1952.86,Potato,Peaty,Kufri Jyoti
33.12,66.07,75.48,33.0,44.51,7.72,667.8,Millet,Chalky,ICTP-8203
34.42,30.08,49.19,25.58,36.89,5.91,820.86,Millet,Sandy,RHB-173
27.97,24.43,57.7,26.64,49.86,6.68,695.74,Potato,Sandy,Kufri Pukhraj
88.84,42.81,89.94,31.95,69.48,7.37,1556.16,Vegetables,Silty,Hybrid-A
108.72,43.81,75.05,26.5,70.93,7.2,1398.26,Vegetables,Silty,Local-1
42.54,52.64,107.74,28.03,47.34,8.08,407.23,Cotton,Chalky,Bt-1
68.94,43.14,72.59,30.44,57.82,6.2,824.7,Tomato,Loamy,Pusa Ruby
41.57,34.38,31.88,31.69,40.05,6.61,672.78,Potato,Sandy,Kufri Bahar
52.86,18.67,60.89,27.62,40.56,6.43,594.62,Cotton,Sandy,Suraj
41.34,10.0,55.51,32.49,37.99,6.1,825.98,Potato,Sandy,Kufri Pukhraj
56.81,46.95,103.93,22.58,45.33,8.27,680.62,Wheat,Chalky,Lok-1
103.26,40.8,61.92,21.95,72.31,6.01,2006.43,Rice,Peaty,IR64
114.13,30.7,91.08,17.29,72.78,6.5,1703.34,Millet,Peaty,ICTP-8203
46.57,52.58,99.56,26.44,47.05,7.92,727.62,Wheat,Chalky,Lok-1
83.11,42.4,66.39,13.31,78.36,5.2,2104.39,Wheat,Peaty,HD-2967
72.79,48.86,107.68,29.63,64.72,5.6,1448.24,Cotton,Clay,Suraj
123.78,37.14,91.88,19.79,75.81,5.05,1876.14,Potato,Peaty,Kufri Bahar
105.66,50.23,121.06,28.5,61.15,5.86,1437.12,Cotton,Clay,Bt-2
124.9,59.29,79.82,29.26,76.78,7.45,1007.5,Rice,Clay,Swarna
103.94,49.56,69.19,20.39,85.38,5.47,1693.47,Rice,Peaty,IR64
44.02,65.67,91.38,24.93,55.42,8.45,1028.74,Millet,Chalky,RHB-173
103.8,55.53,121.78,26.8,81.27,6.74,1525.5,Cotton,Clay,Bt-1
87.63,58.12,91.0,31.24,57.74,6.59,1129.46,Sugarcane,Loamy,Co-86032
128.0,56.4,120.96,29.8,70.88,7.01,1515.54,Rice,Clay,Basmati-370
35.68,66.61,68.32,30.03,49.0,8.04,1038.89,Wheat,Chalky,HD-2967
82.46,53.59,95.84,26.63,68.53,6.85,1477.76,Sugarcane,Loamy,Co-0238
89.13,73.83,121.18,26.01,77.12,7.2,1090.69,Soybean,Clay,JS-335
104.94,39.66,86.5,15.92,74.7,4.7,1213.84,Potato,Peaty,Kufri Pukhraj
109.71,43.04,117.2,27.23,68.85,6.09,960.95,Wheat,Clay,PBW-343
74.31,47.83,105.97,25.18,55.81,7.47,1358.34,Soybean,Loamy,JS-335
122.04,33.51,45.24,18.38,80.43,4.48,1513.73,Rice,Peaty,Swarna
39.63,23.99,40.7,34.0,49.87,6.56,878.87,Potato,Sandy,Kufri Bahar
85.24,56.6,112.4,19.9,83.9,6.55,1807.23,Rice,Clay,IR64
44.21,58.59,82.5,26.08,40.45,7.8,1300.0,Millet,Chalky,ICTP-8203
86.06,53.67,98.1,25.0,61.12,6.65,1261.27,Wheat,Loamy,Lok-1
128.43,18.48,68.63,19.47,78.46,4.58,1814.84,Tea,Peaty,UPASI-9
65.23,30.49,68.57,25.28,55.13,8.22,585.04,Vegetables,Chalky,Local-1
119.42,47.74,77.57,19.2,71.61,5.47,1497.05,Tea,Peaty,TV-23
61.27,55.08,62.38,24.42,57.08,7.88,522.51,Millet,Chalky,RHB-173
97.12,40.68,127.98,28.03,67.34,6.82,1619.62,Cotton,Clay,Suraj
48.56,23.62,56.57,36.24,54.31,6.43,814.9,Groundnut,Sandy,JL-24
98.16,31.94,61.18,19.64,76.34,4.95,2046.34,Barley,Peaty,BH-902
94.64,47.45,70.66,25.34,79.87,4.49,1857.16,Potato,Peaty,Kufri Bahar
118.91,64.71,135.95,24.45,74.25,6.63,1162.36,Wheat,Clay,PBW-343
71.15,40.79,58.86,20.28,86.95,5.68,1859.09,Tea,Peaty,UPASI-9
57.65,28.15,109.35,24.65,65.03,7.22,2100.0,Wheat,Silty,PBW-343
79.01,56.34,89.63,27.95,61.19,7.21,1273.85,Wheat,Silty,Lok-1
114.26,25.85,61.46,19.98,80.45,5.07,1545.26,Vegetables,Peaty,Hybrid-A
142.18,38.51,90.28,23.92,84.84,5.7,1464.53,Rice,Peaty,IR64
53.74,39.99,67.41,27.35,57.26,6.11,1399.77,Soybean,Loamy,MAUS-71
29.18,76.49,107.54,21.28,47.81,7.56,608.44,Barley,Chalky,DWRB-73
120.0,54.79,127.61,24.72,64.18,6.32,1123.74,Watermelon,Loamy,Sugar Baby
66.38,45.49,102.74,22.62,60.51,6.11,1369.77,Wheat,Silty,HD-2967
53.71,48.42,46.53,24.11,41.72,7.6,779.24,Millet,Chalky,ICTP-8203
87.23,49.04,124.28,24.46,72.66,6.77,1299.01,Wheat,Clay,HD-2967
94.89,35.11,116.75,26.68,45.0,7.44,1201.17,Sugarcane,Loamy,Co-0238
70.66,47.13,102.51,27.9,78.53,7.46,1319.2,Vegetables,Silty,Hybrid-A
84.58,51.53,116.75,29.34,64.36,6.68,1840.5,Rice,Clay,Swarna
129.63,76.12,70.0,31.79,78.97,5.64,1229.14,Sugarcane,Clay,Co-0118
31.47,42.88,56.44,32.85,47.15,8.11,1064.09,Potato,Chalky,Kufri Bahar
70.87,39.14,82.99,28.15,62.89,7.19,1285.83,Cotton,Loamy,Suraj
95.55,43.66,86.13,15.11,88.01,5.22,1601.75,Vegetables,Peaty,Hybrid-B
30.97,29.04,64.59,30.9,32.78,6.25,796.29,Potato,Sandy,Kufri Pukhraj
80.23,36.11,77.69,22.56,81.4,4.77,1988.03,Potato,Peaty,Kufri Bahar
89.16,28.69,92.49,22.03,63.3,7.16,1331.52,Maize,Silty,Pioneer-3396
77.71,29.68,73.33,19.66,69.86,5.64,1948.46,Tea,Peaty,TV-1
86.48,49.08,115.42,25.91,70.37,6.35,1052.84,Rice,Loamy,Swarna
111.94,39.84,64.2,20.37,88.64,4.98,1802.44,Rice,Peaty,IR64
90.0,39.67,89.1,24.93,65.78,6.82,1054.95,Sugarcane,Loamy,Co-0118
88.45,56.51,88.58,24.45,57.46,6.58,677.31,Wheat,Silty,HD-2967
95.2,37.06,86.79,27.92,68.28,6.24,1273.34,Cotton,Loamy,Bt-1
97.47,57.7,125.15,24.35,71.15,7.4,1369.64,Wheat,Clay,Lok-1
55.39,30.3,63.97,28.42,38.92,6.46,627.21,Watermelon,Sandy,Arka Manik
101.32,36.56,59.21,20.92,73.15,4.73,2182.24,Vegetables,Peaty,Local-1
119.64,42.76,77.35,23.73,77.14,4.94,1758.88,Vegetables,Peaty,Local-1
52.63,23.95,52.48,33.03,40.71,6.64,785.73,Potato,Sandy,Kufri Bahar
57.28,68.38,93.64,23.37,48.37,8.36,748.49,Millet,Chalky,RHB-173
77.24,38.1,103.41,20.57,74.67,6.94,1625.39,Maize,Silty,Pioneer-3396
77.14,36.18,80.75,25.81,72.27,5.17,1174.08,Tea,Peaty,TV-23
52.09,61.54,81.89,22.21,57.4,7.78,499.07,Cotton,Chalky,Bt-1
112.86,57.16,43.87,16.38,74.48,5.23,1495.2,Tea,Peaty,TV-23
44.72,26.36,68.4,27.7,45.7,6.7,807.26,Watermelon,Sandy,Crimson Sweet
76.36,39.24,73.82,23.1,67.99,6.59,950.63,Rice,Silty,Basmati-370
88.97,23.33,65.47,23.71,80.57,6.69,1506.05,Vegetables,Silty,Local-1
56.93,51.1,83.36,25.77,64.09,6.34,1837.71,Wheat,Silty,HD-2967
116.25,48.65,114.3,26.19,76.94,6.95,1587.77,Sugarcane,Clay,Co-86032
40.6,22.88,57.67,29.58,30.17,5.68,487.47,Watermelon,Sandy,Arka Manik
99.09,75.0,98.1,18.64,66.9,7.51,1310.73,Rice,Silty,Swarna
98.15,59.37,104.83,27.1,69.82,7.97,1069.39,Cotton,Clay,Bt-2
40.13,72.07,80.52,21.66,59.31,7.72,713.67,Millet,Chalky,HHB-67
132.68,39.28,87.19,24.54,86.25,5.45,1419.91,Tea,Peaty,UPASI-9
91.51,75.27,116.24,26.24,86.54,7.15,1366.87,Rice,Clay,Basmati-370
99.75,33.37,86.28,33.27,69.4,6.52,1069.42,Tomato,Loamy,Roma
112.79,48.11,81.26,23.91,75.07,5.46,1263.77,Vegetables,Peaty,Local-1
111.05,24.31,37.22,22.49,90.45,5.24,2260.73,Tea,Peaty,TV-23
52.52,22.84,61.53,28.83,42.82,6.56,408.72,Potato,Sandy,Kufri Bahar
101.59,51.36,105.26,28.05,66.04,7.44,1689.67,Rice,Clay,IR64
38.74,29.43,60.26,31.35,54.04,5.55,869.25,Watermelon,Sandy,Sugar Baby
35.5,39.0,68.2,25.04,46.6,7.8,296.63,Wheat,Chalky,PBW-343
129.53,44.21,79.64,18.43,76.77,5.21,1952.94,Vegetables,Peaty,Hybrid-B
132.61,49.3,86.83,12.06,79.25,5.85,1282.33,Rice,Peaty,IR64
79.93,51.03,148.66,25.01,69.98,7.16,1714.72,Rice,Clay,Basmati-370
38.13,80.01,74.25,20.3,42.66,7.84,997.72,Wheat,Chalky,Lok-1
56.27,17.7,40.2,31.02,40.22,5.98,595.75,Millet,Sandy,RHB-173
102.63,58.45,125.86,26.24,72.52,6.96,1690.78,Wheat,Clay,Lok-1
87.01,54.14,66.25,27.5,66.21,6.18,1221.87,Rice,Silty,IR64
131.94,25.9,62.29,23.84,76.71,4.84,2099.14,Rice,Peaty,Swarna
97.99,49.71,111.56,20.92,70.82,6.37,1252.41,Vegetables,Silty,Hybrid-B
84.29,51.95,87.29,28.81,67.82,7.15,1293.03,Wheat,Loamy,Lok-1
94.86,36.98,64.93,22.79,78.47,5.95,1081.64,Cotton,Peaty,Bt-2
41.64,22.38,42.65,35.16,40.75,5.4,484.41,Millet,Sandy,HHB-67
60.65,55.95,106.08,26.13,55.07,7.77,865.13,Cotton,Chalky,Bt-1
120.76,75.5,103.62,27.87,66.43,7.25,1688.8,Cotton,Clay,Suraj
40.34,66.7,117.88,29.21,47.14,8.16,918.93,Millet,Chalky,ICTP-8203
64.26,43.56,77.68,28.12,62.32,6.71,1608.03,Soybean,Loamy,NRC-37
74.34,46.36,78.3,23.75,55.51,7.16,1474.55,Maize,Loamy,DHM-117
67.18,73.76,56.92,24.34,82.8,6.13,1273.25,Rice,Silty,Swarna
99.32,45.79,81.13,19.66,68.45,7.22,1728.72,Maize,Silty,Pioneer-3396
119.58,55.38,55.63,20.4,66.79,5.0,1319.43,Vegetables,Peaty,Hybrid-B
70.51,41.29,82.59,24.84,69.65,7.31,1430.16,Vegetables,Silty,Hybrid-B
77.82,56.81,94.54,26.23,64.25,7.08,1255.56,Maize,Loamy,HQPM-1
46.96,26.96,74.97,32.75,45.09,6.41,682.23,Millet,Sandy,RHB-173
66.18,45.56,100.02,24.22,73.45,7.24,1776.34,Potato,Silty,Kufri Bahar
77.84,43.94,104.84,23.01,55.36,6.65,1351.44,Cotton,Loamy,Bt-1
54.01,34.71,68.13,28.43,49.63,6.77,1365.66,Tomato,Loamy,Roma
104.98,38.87,60.25,14.43,81.76,5.76,1834.29,Vegetables,Peaty,Hybrid-B
122.2,47.49,49.86,18.59,70.43,5.64,2476.74,Rice,Peaty,Swarna
38.32,76.85,85.47,27.26,33.05,8.17,896.92,Millet,Chalky,RHB-173
82.29,37.1,83.16,21.37,61.4,7.51,1277.55,Sugarcane,Loamy,Co-0238
51.94,80.9,93.35,25.41,28.81,7.87,813.81,Wheat,Chalky,HD-2967
120.44,44.22,56.32,19.76,73.22,5.8,1239.83,Vegetables,Peaty,Hybrid-B
37.77,31.37,51.08,27.1,47.96,6.27,572.16,Potato,Sandy,Kufri Jyoti
34.98,28.08,56.59,27.56,45.2,6.54,776.05,Vegetables,Sandy,Local-1
97.98,41.1,86.6,25.24,69.28,6.86,1750.36,Rice,Silty,IR64
31.29,25.86,35.65,30.79,45.43,6.17,853.51,Millet,Sandy,RHB-173
66.89,39.79,85.01,17.16,71.41,7.15,1533.96,Sugarcane,Silty,Co-86032
56.36,67.27,93.42,26.79,64.65,5.89,1342.41,Rice,Silty,Basmati-370
114.17,30.52,62.52,18.38,84.46,4.94,2204.95,Rice,Peaty,Swarna
82.95,36.79,96.86,26.19,68.8,7.41,1229.29,Vegetables,Loamy,Hybrid-B
76.8,47.71,141.41,26.03,75.19,6.37,1068.25,Sugarcane,Clay,Co-86032
63.12,37.15,61.43,27.35,69.34,7.24,1359.8,Wheat,Silty,PBW-343
54.44,32.82,57.79,27.82,41.47,6.2,917.9,Millet,Sandy,ICTP-8203
98.27,52.8,104.41,26.34,72.7,6.13,968.91,Rice,Silty,Swarna
88.65,65.72,114.68,24.04,69.16,7.29,1619.05,Cotton,Clay,Suraj
54.41,87.66,109.47,24.72,34.36,8.01,786.12,Cotton,Chalky,Suraj
61.32,53.36,98.81,27.74,81.14,6.68,1169.25,Wheat,Silty,PBW-343
95.83,26.12,46.58,18.62,71.74,5.24,1466.15,Potato,Peaty,Kufri Bahar
42.1,37.47,58.5,34.23,47.03,6.33,521.9,Groundnut,Sandy,GG-20
129.0,24.39,60.82,19.33,80.76,4.76,1297.06,Vegetables,Peaty,Hybrid-B
113.42,47.3,92.49,22.77,66.68,6.54,2021.8,Sugarcane,Clay,Co-86032
85.69,58.47,120.22,25.31,74.4,7.06,1421.15,Rice,Clay,IR64
91.52,53.82,102.0,23.4,63.93,6.26,1990.05,Wheat,Clay,HD-2967
61.6,47.02,61.74,22.54,83.1,6.72,1388.41,Rice,Silty,Basmati-370
71.68,37.87,72.49,28.91,72.38,6.97,1385.72,Tomato,Loamy,Arka Vikas
79.26,35.22,84.7,26.72,64.96,6.28,1669.25,Maize,Silty,Pioneer-3396
81.42,35.58,66.42,19.6,84.61,5.64,2039.58,Tomato,Peaty,Arka Vikas
108.62,45.72,79.83,20.32,76.38,5.44,1946.11,Potato,Peaty,Kufri Bahar
76.62,50.56,79.34,24.66,32.4,7.44,1101.91,Wheat,Chalky,Lok-1
99.88,37.77,50.57,13.85,78.68,5.88,1829.86,Vegetables,Peaty,Hybrid-B
103.38,34.66,68.19,27.82,87.89,5.02,1430.28,Vegetables,Peaty,Local-1
74.4,23.55,50.0,25.77,68.44,6.81,1386.91,Sugarcane,Loamy,Co-86032
25.41,63.43,109.66,23.0,32.5,8.44,1036.07,Millet,Chalky,RHB-173
136.66,37.52,88.93,22.1,87.6,5.02,1837.18,Watermelon,Peaty,Crimson Sweet
87.38,44.91,103.25,26.98,65.94,7.46,1390.96,Sugarcane,Loamy,Co-0238
93.29,30.69,70.79,22.33,69.64,6.13,1381.5,Tomato,Loamy,Pusa Ruby
59.61,58.23,109.93,32.88,69.31,6.97,1497.96,Sugarcane,Loamy,Co-0238
75.0,24.46,53.4,26.01,58.12,6.77,723.53,Groundnut,Sandy,GG-20
144.3,32.23,69.75,15.16,80.91,6.15,1477.69,Vegetables,Peaty,Local-1
136.8,49.98,68.06,25.37,85.53,5.29,1892.16,Potato,Peaty,Kufri Pukhraj
86.18,49.71,117.25,27.95,68.82,7.08,1516.69,Rice,Clay,Swarna
33.62,30.37,63.83,28.46,37.55,6.1,517.13,Groundnut,Sandy,JL-24
86.57,54.92,86.47,23.82,76.54,7.28,1449.29,Vegetables,Silty,Local-1
100.63,69.28,133.0,22.47,73.75,6.21,1495.3,Sugarcane,Clay,Co-0238
41.51,55.19,56.02,25.15,54.97,7.74,1137.73,Sugarcane,Chalky,Co-0118
97.83,44.82,85.74,30.19,53.73,7.35,1052.46,Cotton,Loamy,Bt-2
90.14,37.66,86.55,18.79,81.9,5.69,1767.85,Tea,Peaty,TV-1
57.74,45.65,76.28,22.22,70.93,6.39,1352.67,Vegetables,Silty,Local-1
46.21,24.35,77.64,31.69,50.59,5.91,511.68,Millet,Sandy,ICTP-8203
72.38,50.13,92.2,24.19,68.11,6.81,1393.62,Tea,Loamy,UPASI-9
126.6,46.83,49.93,17.72,86.54,4.78,2236.84,Vegetables,Peaty,Hybrid-A
114.41,40.85,44.74,21.2,78.88,5.4,1046.84,Tea,Peaty,TV-1
40.65,68.14,51.68,28.98,47.85,8.27,546.6,Millet,Chalky,RHB-173
57.71,44.52,47.61,28.34,36.47,6.39,708.07,Millet,Sandy,RHB-173
38.14,60.5,71.72,21.4,26.76,7.47,528.0,Potato,Chalky,Kufri Pukhraj
94.66,48.52,88.42,27.35,62.15,7.06,1360.79,Wheat,Clay,Lok-1
86.67,67.58,109.06,28.28,65.44,6.58,1188.75,Wheat,Clay,Lok-1
87.7,50.55,109.55,27.62,72.22,6.45,749.68,Rice,Silty,IR64
30.06,21.26,44.11,27.7,52.55,6.71,1036.56,Potato,Sandy,Kufri Bahar
66.77,44.95,52.24,23.74,69.88,6.51,1351.49,Wheat,Silty,HD-2967
54.41,25.64,45.05,30.03,51.11,6.38,567.76,Vegetables,Sandy,Local-1
104.19,73.6,116.95,27.6,67.95,7.47,1579.67,Rice,Clay,IR64
89.99,63.41,83.59,20.3,55.12,6.41,996.63,Tomato,Loamy,Roma
102.3,53.47,129.41,22.35,75.32,6.34,1597.08,Sugarcane,Clay,Co-0118
78.25,38.01,98.0,26.46,64.51,6.68,1150.48,Cotton,Loamy,Bt-1
58.79,25.66,102.97,26.15,51.8,8.31,819.6,Cotton,Chalky,Bt-2
92.68,61.73,88.78,22.47,74.14,6.26,1839.63,Rice,Silty,Basmati-370
81.46,52.88,80.28,28.65,52.57,6.86,1205.94,Maize,Loamy,DHM-117
98.23,64.57,84.69,24.29,62.45,7.2,2020.81,Rice,Silty,Swarna
96.96,45.68,53.87,22.26,76.26,4.95,2012.69,Tea,Peaty,TV-1
86.15,38.45,93.05,18.0,62.28,7.22,1338.97,Maize,Loamy,DHM-117
82.88,35.55,82.02,19.37,78.81,5.91,1790.83,Vegetables,Peaty,Local-1
100.66,58.71,104.91,28.36,66.33,6.95,1801.54,Wheat,Clay,Lok-1
124.24,33.31,62.87,18.72,86.51,5.42,1121.42,Vegetables,Peaty,Hybrid-A
20.0,18.22,29.87,23.08,35.8,6.86,667.74,Millet,Sandy,HHB-67
94.95,68.15,126.11,24.99,71.82,5.52,1212.92,Sugarcane,Clay,Co-0118
86.3,52.27,116.33,22.04,64.28,6.71,1318.61,Rice,Silty,Basmati-370
65.07,48.84,86.73,24.21,74.24,7.12,815.98,Vegetables,Silty,Hybrid-B
95.31,56.31,109.25,30.27,61.64,7.34,1023.8,Cotton,Clay,Bt-2
125.99,33.86,110.0,20.49,78.93,5.66,2108.43,Wheat,Peaty,HD-2967
51.39,63.01,103.85,20.68,32.34,7.45,588.62,Cotton,Chalky,Suraj
44.55,45.02,112.7,22.18,46.08,8.73,933.01,Barley,Chalky,BH-902
67.08,41.81,109.87,22.21,54.31,7.03,1104.21,Cotton,Loamy,Bt-1
73.45,31.69,92.73,25.12,70.27,6.53,1468.26,Rice,Silty,Swarna
39.4,33.56,61.74,29.51,39.98,6.53,705.73,Millet,Sandy,RHB-173
39.7,54.19,111.72,29.82,45.18,8.03,1300.0,Barley,Chalky,BH-902
102.72,19.18,80.63,24.14,75.76,4.95,2025.01,Rice,Peaty,Swarna
68.31,58.73,100.47,23.73,38.18,8.37,762.8,Millet,Chalky,ICTP-8203
28.08,36.07,41.5,30.65,40.48,5.91,889.77,Potato,Sandy,Kufri Bahar
141.68,45.57,63.97,26.05,79.89,5.83,1215.98,Rice,Peaty,Swarna
109.99,36.5,30.0,18.79,80.78,4.96,1577.8,Vegetables,Peaty,Hybrid-B
28.5,56.39,65.72,24.8,49.66,7.31,840.54,Cotton,Chalky,Bt-1
103.67,42.98,111.76,21.75,50.8,7.12,1092.82,Cotton,Loamy,Bt-2
73.19,33.41,101.75,31.25,69.67,6.93,1051.95,Soybean,Loamy,NRC-37
51.26,40.71,51.96,32.93,41.53,6.08,564.25,Potato,Sandy,Kufri Pukhraj
78.32,58.62,96.08,28.33,57.72,6.5,1194.08,Vegetables,Loamy,Hybrid-A
39.19,39.18,35.94,34.97,37.18,6.3,594.87,Watermelon,Sandy,Arka Manik
84.2,78.46,102.19,28.22,72.12,6.48,1741.23,Groundnut,Clay,GG-20
94.39,51.06,94.28,19.94,72.4,7.1,1421.13,Rice,Silty,Swarna
160.0,48.73,79.26,17.98,85.16,6.0,1529.21,Vegetables,Peaty,Hybrid-B
80.53,40.03,66.79,26.36,49.86,6.85,1368.46,Wheat,Loamy,Lok-1
49.57,29.94,35.54,25.25,38.17,5.89,569.76,Millet,Sandy,RHB-173
125.86,38.75,67.14,18.55,76.03,5.58,1461.13,Potato,Peaty,Kufri Bahar
50.05,75.85,131.82,32.54,56.72,7.69,818.92,Barley,Chalky,BH-902
97.9,36.79,62.79,22.55,72.23,7.28,736.79,Soybean,Loamy,NRC-37
95.51,66.18,114.05,25.84,73.05,7.07,1606.27,Rice,Clay,IR64
45.58,32.76,52.24,30.03,42.95,6.89,675.39,Potato,Sandy,Kufri Bahar
78.47,64.18,97.39,25.7,69.75,7.12,1351.34,Millet,Clay,RHB-173
77.47,58.86,72.97,20.76,56.66,6.95,1496.21,Cotton,Loamy,Suraj
75.0,35.7,51.39,27.19,42.99,6.16,758.6,Rice,Sandy,Basmati-370
67.57,43.65,103.08,28.83,66.48,6.63,1334.53,Soybean,Loamy,NRC-37
57.4,52.88,86.39,21.49,59.08,6.72,1202.73,Maize,Loamy,DHM-117
93.4,45.65,104.03,26.8,86.46,6.58,1745.13,Sugarcane,Clay,Co-86032
58.62,38.46,73.38,24.71,70.24,6.82,1693.03,Sugarcane,Clay,Co-0238
64.58,66.49,83.68,23.89,57.11,8.14,622.71,Barley,Chalky,DWRB-73
128.88,34.16,65.24,20.45,82.39,4.94,1469.15,Vegetables,Peaty,Local-1
58.58,56.97,52.33,24.89,71.64,6.55,986.73,Vegetables,Silty,Hybrid-B
92.92,70.16,131.36,27.13,65.03,6.15,1795.87,Sugarcane,Clay,Co-0118
95.42,60.49,93.73,31.4,69.62,6.78,815.22,Maize,Loamy,HQPM-1
58.94,81.16,92.81,25.23,47.63,8.02,639.11,Millet,Chalky,HHB-67
55.29,61.26,74.57,19.54,59.51,6.84,2012.42,Maize,Silty,HQPM-1
32.79,26.23,33.82,29.84,32.27,6.52,736.78,Millet,Sandy,RHB-173
57.93,31.12,52.35,29.03,63.67,5.95,723.7,Groundnut,Sandy,GG-20
36.53,23.93,66.7,29.9,41.27,6.82,928.56,Vegetables,Sandy,Hybrid-A
51.62,25.0,99.34,28.69,53.86,8.21,524.33,Wheat,Chalky,PBW-343
90.08,55.41,84.01,21.63,72.01,6.88,1363.61,Wheat,Loamy,HD-2967
47.14,36.22,54.51,29.39,38.31,7.04,506.7,Potato,Sandy,Kufri Pukhraj
50.48,30.43,51.63,29.41,54.04,6.73,906.27,Potato,Sandy,Kufri Bahar
60.55,25.53,73.26,31.44,38.25,6.14,860.16,Potato,Sandy,Kufri Bahar
114.97,45.81,50.61,26.51,81.52,5.41,2201.39,Vegetables,Peaty,Local-1
54.16,35.88,78.98,24.79,42.01,5.99,703.2,Groundnut,Sandy,JL-24
48.89,31.78,72.24,27.94,40.8,6.21,722.6,Watermelon,Sandy,Arka Manik
93.69,49.67,110.34,25.83,50.86,6.77,1220.41,Soybean,Loamy,JS-335
98.7,39.11,89.7,23.49,57.48,6.48,1381.37,Soybean,Loamy,JS-335
69.32,54.41,105.13,24.75,66.02,6.67,1164.66,Sugarcane,Silty,Co-86032
55.21,44.84,63.92,26.83,39.65,7.78,613.06,Millet,Chalky,ICTP-8203
66.02,41.95,89.27,25.72,70.08,7.51,1089.48,Wheat,Loamy,PBW-343
72.7,43.03,65.34,27.05,65.03,6.74,1139.57,Vegetables,Silty,Hybrid-B
94.12,56.59,111.04,29.27,83.66,6.52,1659.94,Tea,Clay,TV-1
84.06,64.4,76.38,23.93,76.63,7.34,1586.07,Rice,Clay,IR64
70.09,53.67,93.03,26.44,69.4,7.12,875.88,Millet,Loamy,ICTP-8203
54.65,29.83,35.76,29.26,43.58,6.38,498.15,Millet,Sandy,ICTP-8203
51.39,28.4,79.9,28.68,57.35,6.36,951.94,Watermelon,Sandy,Arka Manik
111.24,43.61,99.78,18.33,86.89,5.7,1507.95,Potato,Peaty,Kufri Jyoti
39.95,25.44,48.39,27.69,47.08,6.47,512.14,Millet,Sandy,HHB-67
45.96,19.92,62.37,28.72,41.76,6.42,653.93,Watermelon,Sandy,Sugar Baby
49.71,21.29,48.43,30.48,40.7,6.3,388.95,Millet,Sandy,ICTP-8203
34.04,60.24,103.16,28.08,38.81,8.35,648.35,Millet,Chalky,ICTP-8203
52.17,24.67,63.78,30.06,37.54,6.45,713.74,Potato,Sandy,Kufri Pukhraj
125.49,45.83,88.01,24.19,71.76,5.88,1730.55,Vegetables,Peaty,Local-1
37.21,64.07,105.78,28.02,46.95,8.21,445.72,Millet,Chalky,RHB-173
40.54,24.69,36.85,28.57,43.21,6.61,611.56,Millet,Sandy,HHB-67
94.86,54.04,92.94,30.94,66.38,6.59,1013.26,Cotton,Loamy,Bt-2
80.32,51.16,57.3,29.83,59.13,6.77,1182.08,Tomato,Loamy,Roma
94.66,31.27,124.9,19.02,67.74,6.71,1578.52,Rice,Clay,IR64
106.81,26.34,64.18,26.99,80.62,5.99,2228.53,Vegetables,Peaty,Local-1
104.13,58.76,107.43,24.39,68.06,7.04,1644.74,Sugarcane,Clay,Co-86032
92.8,66.01,69.37,18.0,59.7,6.61,1112.87,Cotton,Loamy,Bt-2
48.35,47.14,121.73,24.58,42.42,7.98,850.62,Barley,Chalky,RD-2552
108.61,58.94,109.07,29.28,66.51,5.75,1413.62,Wheat,Clay,Lok-1
53.09,62.96,56.7,27.51,31.63,7.97,643.93,Maize,Chalky,Pioneer-3396
92.38,56.9,132.33,27.65,63.79,7.12,1844.57,Rice,Clay,Basmati-370
92.25,54.17,117.36,27.62,67.59,6.74,1421.19,Rice,Clay,IR64
89.55,54.63,121.31,21.62,75.55,6.88,1570.76,Sugarcane,Clay,Co-0118
22.67,27.71,51.51,25.78,50.17,5.99,616.64,Cotton,Sandy,Bt-1
97.93,73.37,130.71,23.15,84.86,6.71,1643.93,Sugarcane,Clay,Co-86032
95.37,37.34,83.85,25.07,58.88,6.06,1194.31,Watermelon,Loamy,Sugar Baby
97.97,52.13,135.52,28.36,72.76,6.71,1117.67,Wheat,Clay,HD-2967
27.02,28.4,40.59,28.22,48.69,6.9,668.78,Watermelon,Sandy,Crimson Sweet
86.67,56.55,110.88,24.75,47.63,6.45,1376.8,Wheat,Loamy,Lok-1
70.0,29.79,107.45,20.07,92.96,5.34,2101.37,Tea,Peaty,TV-23
109.56,39.17,80.43,24.64,79.56,5.06,2369.49,Potato,Peaty,Kufri Bahar
39.39,56.61,112.91,24.96,43.28,7.56,1274.9,Barley,Chalky,RD-2552
60.36,42.48,110.54,29.55,51.01,8.5,984.84,Cotton,Chalky,Suraj
51.38,40.48,55.65,32.77,50.33,6.43,705.48,Millet,Sandy,ICTP-8203
69.23,47.01,65.94,22.4,49.28,7.43,491.13,Cotton,Chalky,Suraj
48.34,30.96,49.19,31.37,38.88,6.34,861.75,Millet,Sandy,ICTP-8203
124.83,31.12,60.65,23.72,88.16,5.23,2109.71,Rice,Peaty,Basmati-370
79.02,42.88,77.94,26.74,62.2,6.52,1234.45,Wheat,Loamy,HD-2967
42.77,27.83,42.23,30.88,47.19,6.22,539.74,Watermelon,Sandy,Arka Manik
50.21,28.7,59.24,27.18,45.5,6.48,809.97,Groundnut,Sandy,GG-20
83.58,57.27,92.44,26.69,68.82,7.09,1589.98,Potato,Clay,Kufri Pukhraj
112.27,34.59,70.0,25.38,67.33,7.39,1343.15,Cotton,Clay,Bt-2
111.97,31.71,78.54,18.37,82.27,5.28,1416.64,Rice,Peaty,Swarna
92.59,30.25,101.76,25.53,70.36,6.36,1136.36,Cotton,Silty,Suraj
82.96,44.45,60.25,23.62,61.75,6.52,1064.97,Wheat,Loamy,HD-2967
95.71,25.57,117.85,23.47,71.82,7.61,1643.61,Maize,Silty,DHM-117
43.44,37.65,60.91,30.35,49.64,6.01,330.3,Millet,Sandy,ICTP-8203
48.55,33.77,74.97,31.59,42.14,5.92,676.87,Groundnut,Sandy,TAG-24
95.23,54.57,112.33,22.93,72.58,6.38,1216.16,Wheat,Silty,PBW-343
73.8,35.39,114.8,22.86,75.15,7.4,1166.5,Vegetables,Silty,Hybrid-B
54.76,31.58,35.25,27.3,43.42,5.99,500.99,Potato,Sandy,Kufri Jyoti
87.86,25.0,93.37,18.66,69.92,6.66,990.58,Rice,Clay,IR64
67.62,32.65,92.2,21.19,56.14,6.55,1230.32,Vegetables,Silty,Hybrid-B
75.31,55.3,99.45,21.97,78.34,6.94,1881.99,Cotton,Clay,Suraj
105.36,49.17,84.79,22.83,87.77,4.34,2023.17,Vegetables,Peaty,Hybrid-B
45.23,25.14,61.65,31.1,38.69,6.87,794.74,Wheat,Sandy,PBW-343
36.06,29.99,42.6,31.37,34.42,5.83,731.22,Millet,Sandy,HHB-67
76.42,37.53,101.15,25.16,57.82,7.44,1617.58,Soybean,Loamy,NRC-37
116.04,45.8,81.28,18.45,81.21,4.55,1785.4,Vegetables,Peaty,Hybrid-A
61.35,41.65,127.69,21.73,65.54,6.39,1323.9,Rice,Silty,Basmati-370
67.85,39.56,98.65,28.47,64.67,6.75,1141.97,Sugarcane,Loamy,Co-86032
129.05,35.19,83.68,17.98,81.88,4.89,2064.45,Cotton,Peaty,Bt-2
84.53,46.25,90.77,26.83,67.32,7.04,1205.44,Cotton,Loamy,Suraj
94.87,45.78,84.94,20.53,82.52,5.91,1581.98,Rice,Peaty,Swarna
40.48,63.42,115.46,24.8,43.85,8.39,659.34,Wheat,Chalky,PBW-343
73.28,58.73,91.08,30.74,70.06,6.73,1254.99,Sugarcane,Clay,Co-0238
43.4,66.29,95.54,30.25,46.66,7.72,898.84,Wheat,Chalky,HD-2967
77.65,70.0,115.58,28.15,64.12,7.23,1256.23,Tomato,Loamy,Arka Vikas
57.89,49.05,110.93,28.83,35.58,8.25,796.59,Millet,Chalky,RHB-173
58.62,51.83,70.06,27.1,63.22,8.22,837.46,Barley,Chalky,DWRB-73
44.93,51.68,97.79,27.41,33.74,7.57,870.21,Wheat,Chalky,PBW-343
75.27,48.85,76.25,22.96,72.32,6.78,941.57,Maize,Loamy,Pioneer-3396
51.56,41.85,86.63,19.69,62.81,6.39,1349.79,Sugarcane,Loamy,Co-86032
68.8,64.37,78.08,28.77,62.54,6.78,899.33,Maize,Loamy,HQPM-1
64.59,48.29,80.07,24.88,63.66,6.49,1177.76,Wheat,Silty,HD-2967
50.7,40.48,42.98,28.48,48.23,6.56,786.2,Potato,Sandy,Kufri Pukhraj
47.48,58.76,87.45,26.63,36.89,7.72,768.09,Millet,Chalky,ICTP-8203
73.88,30.36,117.17,24.08,75.69,6.54,1749.93,Rice,Silty,IR64
86.42,82.32,82.47,22.07,72.67,6.45,1686.21,Wheat,Clay,Lok-1
80.47,80.63,93.77,26.76,72.51,6.55,1312.52,Cotton,Clay,Suraj
45.47,30.73,86.55,29.4,42.85,8.22,965.65,Millet,Chalky,RHB-173
95.48,41.75,79.46,21.16,50.0,6.36,1464.12,Rice,Silty,Swarna
124.9,39.81,67.54,19.45,78.17,6.4,1673.46,Rice,Peaty,Swarna
148.18,40.44,100.22,22.38,86.15,5.14,1725.96,Vegetables,Peaty,Hybrid-A
75.0,40.33,81.98,31.0,46.76,6.42,675.01,Watermelon,Sandy,Arka Manik
69.17,41.88,98.38,24.19,66.04,7.04,1130.23,Wheat,Silty,Lok-1
35.91,38.36,53.76,28.08,40.22,6.03,559.11,Potato,Sandy,Kufri Pukhraj
63.97,44.51,86.16,23.34,61.34,6.77,1812.79,Vegetables,Silty,Local-1
141.13,24.81,101.67,28.0,77.1,5.92,2043.18,Potato,Peaty,Kufri Bahar
46.2,53.3,79.82,26.62,34.44,8.26,850.76,Barley,Chalky,RD-2552
113.12,32.67,60.83,22.71,83.79,5.07,2082.37,Tea,Peaty,TV-23
130.01,61.84,70.09,14.54,73.97,4.85,1783.03,Potato,Peaty,Kufri Pukhraj
82.88,50.74,114.14,29.95,79.23,7.51,1458.95,Rice,Clay,IR64
76.38,38.81,96.93,23.3,60.15,6.43,1317.31,Wheat,Loamy,HD-2967
52.52,57.0,125.62,31.18,58.65,7.35,1373.51,Rice,Silty,IR64
81.49,53.86,122.04,26.96,68.12,7.37,1684.49,Cotton,Clay,Bt-2
42.81,52.7,103.54,24.48,49.07,8.16,661.38,Barley,Chalky,BH-902
70.91,48.34,78.57,27.37,66.72,6.49,1392.28,Tea,Silty,TV-23
81.7,57.11,95.41,26.3,68.17,6.84,1100.44,Wheat,Clay,Lok-1
79.26,37.9,52.65,23.97,63.98,6.95,1221.09,Rice,Silty,Basmati-370
47.49,56.39,78.45,32.58,53.28,7.81,964.47,Wheat,Chalky,PBW-343
54.27,71.31,80.08,20.94,71.3,6.3,1513.91,Wheat,Silty,PBW-343
73.44,44.54,116.6,26.7,65.02,6.64,1358.55,Wheat,Loamy,HD-2967
84.44,35.6,96.68,19.36,62.03,6.94,1275.79,Cotton,Loamy,Suraj
80.66,46.49,95.99,20.34,74.52,6.67,1844.23,Vegetables,Silty,Local-1
106.67,53.39,79.27,27.45,63.8,6.95,1993.99,Wheat,Silty,Lok-1
93.87,35.89,79.83,16.49,82.7,5.61,1095.69,Potato,Peaty,Kufri Jyoti
47.41,67.64,76.78,28.67,45.1,8.04,490.24,Tomato,Chalky,Arka Vikas
70.21,41.94,88.0,21.93,63.76,6.98,1374.29,Wheat,Silty,PBW-343
95.37,49.97,110.81,22.26,67.63,6.72,1435.94,Wheat,Clay,PBW-343
51.57,26.45,51.99,27.99,48.43,6.11,474.66,Groundnut,Sandy,GG-20
69.22,54.8,95.97,20.65,57.17,5.8,1274.67,Maize,Loamy,DHM-117
75.74,48.94,64.15,23.57,64.55,6.57,1116.8,Sugarcane,Loamy,Co-0118
58.79,25.27,66.43,31.18,43.99,6.45,993.92,Groundnut,Sandy,TAG-24
54.82,55.33,106.56,30.81,48.04,7.76,956.46,Wheat,Chalky,Lok-1
51.78,16.08,54.35,26.23,38.46,6.79,771.1,Millet,Sandy,HHB-67
73.93,42.08,135.0,19.47,68.34,6.67,1352.17,Maize,Silty,HQPM-1
97.59,40.52,104.55,23.23,60.11,7.65,1177.44,Rice,Silty,IR64
71.77,53.78,54.15,27.04,79.74,7.39,1179.54,Vegetables,Silty,Local-1
40.0,53.27,100.18,22.7,58.15,6.51,1652.45,Wheat,Silty,HD-2967
100.68,55.47,97.83,26.39,64.36,7.35,797.13,Maize,Loamy,DHM-117
69.59,47.38,112.73,21.61,53.29,7.17,1196.74,Maize,Loamy,Pioneer-3396
51.76,27.17,33.74,30.01,59.56,6.96,719.83,Wheat,Sandy,HD-2967
58.07,28.16,62.45,28.62,44.62,6.25,538.34,Sugarcane,Sandy,Co-0238
51.77,33.68,93.06,22.18,71.24,6.82,1461.25,Sugarcane,Loamy,Co-0118
96.15,54.34,93.3,19.85,74.4,6.62,1387.93,Wheat,Clay,HD-2967
36.7,27.85,49.08,28.96,49.77,6.44,726.66,Millet,Sandy,ICTP-8203
134.42,50.89,83.29,20.27,79.22,4.7,1340.66,Watermelon,Peaty,Arka Manik
31.69,52.59,40.0,29.71,40.34,8.1,1123.3,Cotton,Chalky,Bt-2
55.9,59.14,101.74,24.9,73.26,6.43,1515.92,Sugarcane,Clay,Co-0118
95.05,38.14,140.42,29.13,82.14,6.73,1223.97,Wheat,Clay,Lok-1
87.39,62.03,135.76,24.46,62.82,6.12,1254.85,Wheat,Clay,Lok-1
71.63,51.06,82.55,28.31,69.34,7.16,1235.83,Wheat,Silty,Lok-1
87.2,45.55,77.85,26.81,58.75,5.8,1354.16,Soybean,Loamy,MAUS-71
128.69,65.8,138.33,19.03,76.18,6.87,1088.85,Wheat,Clay,HD-2967
112.41,35.15,158.61,25.23,65.57,6.95,739.83,Sugarcane,Clay,Co-0238
96.32,30.67,65.65,18.25,82.51,5.1,1465.88,Rice,Peaty,Basmati-370
50.56,69.38,82.74,21.27,46.44,7.76,1030.11,Wheat,Chalky,HD-2967
43.58,34.41,52.25,27.48,31.8,6.11,798.36,Watermelon,Sandy,Crimson Sweet
75.87,37.88,85.52,24.57,73.79,7.37,1549.87,Maize,Silty,Pioneer-3396
83.15,37.52,88.59,27.44,54.51,6.92,948.39,Soybean,Loamy,NRC-37
61.25,56.55,97.2,24.99,60.03,7.9,1424.21,Vegetables,Silty,Local-1
25.43,57.51,107.82,27.49,46.26,8.42,1079.11,Wheat,Chalky,HD-2967
113.28,50.52,145.04,31.48,79.86,7.28,951.34,Sugarcane,Clay,Co-0238
111.28,40.77,93.12,27.82,52.98,5.96,970.19,Soybean,Loamy,JS-335
66.24,50.34,93.25,29.01,52.11,6.62,1131.6,Maize,Loamy,HQPM-1
134.72,46.09,53.24,23.94,83.34,4.76,1980.65,Potato,Peaty,Kufri Pukhraj
35.93,31.94,67.83,37.22,50.44,6.11,467.12,Millet,Sandy,HHB-67
53.05,22.63,57.44,32.12,45.38,7.32,908.42,Millet,Sandy,HHB-67
30.73,21.3,72.1,31.18,34.82,5.65,656.67,Cotton,Sandy,Bt-1
60.83,62.49,81.12,24.49,57.68,6.21,1305.19,Cotton,Silty,Suraj
28.37,31.75,43.84,28.49,43.33,6.46,432.21,Millet,Sandy,RHB-173
63.49,54.76,70.88,23.65,64.04,7.4,968.34,Soybean,Loamy,JS-335
52.5,81.9,85.63,26.43,43.93,8.16,768.65,Millet,Chalky,ICTP-8203
99.76,33.94,89.85,21.59,82.44,4.47,1225.53,Potato,Peaty,Kufri Bahar
46.62,17.05,76.07,33.09,42.42,6.18,733.76,Cotton,Sandy,Bt-1
61.69,60.43,76.61,21.44,58.89,6.9,1211.68,Vegetables,Silty,Hybrid-B
116.56,60.08,104.25,28.92,73.43,6.9,1149.43,Rice,Clay,IR64
91.24,44.93,86.74,19.65,63.06,7.03,1186.66,Tomato,Loamy,Roma
56.29,65.38,89.91,19.01,69.15,6.78,985.08,Cotton,Loamy,Bt-2
59.66,51.33,114.83,27.63,78.72,7.1,1017.46,Maize,Silty,HQPM-1
135.02,39.57,77.55,16.5,65.0,5.27,1312.76,Tea,Peaty,UPASI-9
99.9,61.19,122.11,27.39,71.29,6.4,1025.91,Wheat,Clay,Lok-1
38.54,33.8,55.08,29.86,35.22,6.33,365.53,Groundnut,Sandy,GG-20
90.36,50.59,115.65,25.66,76.37,6.97,1283.6,Rice,Clay,Swarna
76.07,48.84,98.83,33.39,70.24,6.17,1116.87,Wheat,Loamy,PBW-343
31.23,88.12,96.6,26.6,50.32,8.75,731.08,Wheat,Chalky,HD-2967
52.03,25.39,38.35,33.85,52.99,5.46,893.97,Groundnut,Sandy,TAG-24
84.94,45.6,55.32,21.41,72.79,5.45,1688.71,Vegetables,Peaty,Hybrid-A
35.52,62.06,95.43,28.85,52.44,8.07,757.45,Barley,Chalky,BH-902
61.02,38.21,97.2,21.58,66.42,6.76,1363.31,Rice,Silty,IR64
58.51,38.13,73.23,25.91,60.82,6.98,1187.14,Vegetables,Silty,Hybrid-A
55.9,16.93,39.19,29.17,33.9,6.13,613.76,Groundnut,Sandy,TAG-24
20.0,21.82,28.47,29.25,60.06,6.21,657.43,Potato,Sandy,Kufri Bahar
80.47,46.49,73.08,27.28,59.18,6.88,1046.47,Tomato,Loamy,Roma
79.92,55.91,77.82,26.17,57.54,6.99,1563.44,Rice,Silty,Swarna
80.84,64.24,133.5,23.63,67.53,6.52,1164.75,Rice,Clay,Swarna
65.03,56.33,108.93,22.79,70.43,6.58,1462.7,Sugarcane,Clay,Co-0238
71.31,42.18,73.95,23.67,60.88,6.61,1024.89,Soybean,Loamy,MAUS-71
24.08,29.83,67.37,29.53,49.23,6.0,655.49,Rice,Sandy,Swarna
31.41,32.22,45.41,31.16,51.82,6.44,805.63,Groundnut,Sandy,TAG-24
110.04,33.25,80.07,15.31,83.71,5.14,2024.21,Maize,Peaty,HQPM-1
73.99,35.07,84.44,24.71,72.84,6.4,1371.33,Sugarcane,Loamy,Co-86032
44.31,34.15,60.35,27.89,54.78,5.76,665.64,Millet,Sandy,RHB-173
76.67,39.49,104.52,25.82,63.32,6.79,708.67,Tomato,Loamy,Arka Vikas
45.53,21.05,67.48,28.88,55.97,6.31,780.99,Watermelon,Sandy,Arka Manik
108.36,38.96,103.6,23.74,74.58,6.6,1124.82,Cotton,Clay,Bt-1
82.94,44.04,100.79,24.66,74.47,6.53,1740.28,Millet,Clay,HHB-67
124.34,37.95,78.05,20.38,81.22,4.79,2339.61,Vegetables,Peaty,Hybrid-A
130.64,57.08,55.58,22.34,80.7,5.43,1901.66,Tea,Peaty,TV-1
40.71,22.11,37.75,29.37,58.57,7.19,403.51,Watermelon,Sandy,Crimson Sweet
120.79,27.61,64.75,19.42,80.67,5.71,1437.06,Vegetables,Peaty,Hybrid-A
69.19,33.3,113.61,24.26,60.0,7.36,1498.78,Soybean,Loamy,JS-335
37.03,23.11,64.11,32.96,50.77,6.49,742.48,Potato,Sandy,Kufri Bahar
59.99,40.22,61.78,30.14,44.58,6.54,656.09,Watermelon,Sandy,Crimson Sweet
52.77,13.32,51.96,36.15,46.02,6.33,764.6,Groundnut,Sandy,GG-20
117.92,37.87,58.24,21.47,77.96,4.9,1413.74,Potato,Peaty,Kufri Pukhraj
65.5,57.84,90.13,23.94,47.51,7.85,888.98,Millet,Chalky,ICTP-8203
67.83,34.8,76.67,22.06,72.0,6.19,1471.33,Wheat,Silty,PBW-343
37.52,18.02,73.6,34.07,43.6,6.46,741.46,Watermelon,Sandy,Crimson Sweet
73.38,45.67,89.76,24.42,76.4,6.97,1044.42,Vegetables,Silty,Hybrid-A
49.64,72.67,84.6,26.89,43.27,8.33,702.76,Wheat,Chalky,PBW-343
41.0,55.16,64.9,26.27,58.52,8.41,911.4,Millet,Chalky,ICTP-8203
68.58,59.16,124.18,23.11,65.22,7.31,1648.94,Maize,Silty,Pioneer-3396
46.13,22.98,52.24,26.8,35.15,6.82,516.5,Potato,Sandy,Kufri Jyoti
112.75,34.01,90.81,17.15,86.77,5.26,1828.44,Vegetables,Peaty,Hybrid-A
99.38,57.79,104.86,23.2,68.41,6.68,1435.86,Sugarcane,Clay,Co-86032
66.54,69.8,81.61,29.08,38.24,7.69,633.6,Millet,Chalky,HHB-67
98.12,60.98,123.74,25.08,76.3,7.08,1926.89,Sugarcane,Clay,Co-86032
50.58,37.42,67.83,22.0,42.56,6.23,388.6,Watermelon,Sandy,Arka Manik
136.97,52.99,78.73,22.87,82.77,5.57,1562.48,Tea,Peaty,UPASI-9
89.75,74.58,140.09,28.77,72.91,6.64,1342.99,Millet,Clay,ICTP-8203
27.33,61.35,67.59,27.63,35.07,8.35,1016.02,Millet,Chalky,RHB-173
98.13,56.07,109.7,33.88,59.08,6.94,1120.19,Potato,Loamy,Kufri Bahar
99.59,42.07,100.69,25.24,70.89,6.42,1468.6,Soybean,Loamy,JS-335
87.56,49.7,144.48,22.68,70.32,7.12,1135.92,Cotton,Clay,Bt-1
98.39,52.73,70.6,20.81,81.27,5.45,1178.42,Potato,Peaty,Kufri Jyoti
31.43,23.89,69.81,30.68,39.04,5.69,563.19,Millet,Sandy,ICTP-8203
50.08,56.2,107.13,24.72,49.84,7.87,466.11,Millet,Chalky,ICTP-8203
93.34,68.27,89.15,24.81,68.93,6.92,1563.39,Cotton,Clay,Suraj
80.89,46.07,83.89,24.33,55.1,6.84,1415.54,Maize,Loamy,DHM-117
24.29,48.57,94.87,23.14,45.27,7.77,456.06,Barley,Chalky,RD-2552
98.84,36.47,86.81,29.8,59.26,6.28,1105.21,Groundnut,Loamy,TAG-24
67.44,37.15,83.62,22.04,63.57,6.55,1696.67,Rice,Clay,Swarna
104.67,72.2,110.38,25.98,54.84,7.9,1484.32,Maize,Silty,DHM-117
54.43,20.2,70.16,33.15,47.23,6.37,640.83,Barley,Sandy,BH-902
105.19,70.55,116.53,22.18,68.68,6.88,1479.42,Vegetables,Silty,Local-1
82.78,46.62,68.56,21.85,61.68,7.0,1330.24,Tomato,Loamy,Arka Vikas
59.53,24.64,66.73,26.85,42.83,6.19,756.01,Barley,Sandy,DWRB-73
46.68,75.27,93.4,25.66,33.81,8.01,916.18,Cotton,Chalky,Suraj
76.63,53.27,85.78,29.91,58.5,6.62,1382.34,Sugarcane,Loamy,Co-86032
142.86,30.55,63.91,14.43,82.79,5.67,1177.16,Vegetables,Peaty,Local-1
103.87,36.3,76.17,26.49,56.54,6.75,1035.42,Sugarcane,Loamy,Co-0118
100.01,39.76,117.53,27.39,82.48,7.38,1554.74,Wheat,Clay,HD-2967
119.7,50.21,106.11,24.03,77.31,6.7,1243.51,Wheat,Clay,PBW-343
125.81,53.63,127.72,21.63,63.84,7.09,1538.86,Potato,Clay,Kufri Jyoti
103.91,62.5,134.62,24.61,79.95,6.67,1045.96,Cotton,Clay,Bt-2
79.07,57.19,82.96,21.76,64.42,6.55,1557.29,Maize,Loamy,HQPM-1
83.44,50.17,83.42,16.16,73.55,6.37,1060.81,Rice,Silty,Basmati-370
15.0,60.0,100.89,24.01,39.86,7.89,955.91,Millet,Chalky,HHB-67
43.83,55.91,70.72,27.0,52.33,8.04,822.52,Wheat,Chalky,PBW-343
108.35,55.52,93.41,23.01,57.95,6.25,1235.39,Cotton,Loamy,Suraj
53.08,69.4,77.25,31.66,41.66,7.65,1066.92,Tomato,Chalky,Roma
93.92,64.0,100.22,22.71,70.03,6.73,853.79,Sugarcane,Clay,Co-86032
79.43,56.34,85.57,27.18,63.36,6.53,1065.17,Maize,Silty,HQPM-1
98.96,73.1,128.98,25.28,66.69,6.4,1724.1,Cotton,Clay,Suraj
103.26,47.9,73.86,26.37,74.3,5.7,1588.09,Tea,Peaty,TV-1
51.96,52.24,76.23,29.55,51.16,8.34,722.96,Wheat,Chalky,Lok-1
66.35,26.06,29.99,35.82,50.25,6.27,614.29,Groundnut,Sandy,TAG-24
74.2,61.53,113.71,25.97,75.53,6.17,901.02,Rice,Silty,Basmati-370
84.03,41.0,90.55,25.95,69.9,6.18,1783.39,Wheat,Silty,Lok-1
83.64,43.82,110.89,26.92,58.77,6.86,1672.5,Wheat,Loamy,Lok-1
88.78,40.52,71.12,21.53,81.33,5.22,1936.23,Rice,Peaty,IR64
45.3,57.83,63.28,27.37,41.39,8.16,956.32,Barley,Chalky,DWRB-73
40.27,37.85,55.14,28.3,43.81,6.87,914.67,Potato,Sandy,Kufri Jyoti
88.54,26.5,94.43,23.33,60.22,6.2,1117.23,Soybean,Loamy,JS-335
125.25,36.61,71.0,18.3,70.91,5.53,2360.9,Potato,Peaty,Kufri Pukhraj
92.81,49.86,103.67,17.93,74.09,5.92,1613.17,Millet,Peaty,ICTP-8203
56.16,23.9,47.46,31.67,38.63,6.13,689.64,Millet,Sandy,ICTP-8203
101.12,54.42,110.68,25.89,68.66,8.0,1842.01,Rice,Clay,Basmati-370
25.96,61.09,77.61,25.45,55.92,8.14,771.02,Cotton,Chalky,Suraj
91.3,56.1,115.14,24.67,79.55,6.62,1471.37,Potato,Silty,Kufri Jyoti
115.96,48.0,115.86,29.01,79.45,7.4,1558.02,Cotton,Clay,Bt-1
81.94,43.52,72.55,30.69,53.58,7.23,679.78,Cotton,Loamy,Suraj
50.97,35.34,48.83,33.18,45.95,6.51,740.98,Watermelon,Sandy,Arka Manik
92.44,41.05,49.15,14.82,75.79,5.13,1469.63,Vegetables,Peaty,Hybrid-A
113.61,50.28,59.21,17.09,87.22,4.87,1510.21,Rice,Peaty,Basmati-370
82.1,28.09,103.42,29.7,81.99,7.2,1307.58,Vegetables,Clay,Hybrid-B
56.14,39.56,97.98,23.32,71.42,6.45,1485.02,Vegetables,Silty,Local-1
69.91,45.75,80.62,19.41,77.57,6.36,1821.32,Maize,Silty,Pioneer-3396
121.68,26.48,60.16,18.39,81.44,4.65,2224.0,Cotton,Peaty,Bt-2
43.85,46.3,87.58,19.16,60.48,7.98,412.78,Millet,Chalky,ICTP-8203
34.17,16.49,55.79,34.26,45.61,6.64,840.56,Millet,Sandy,ICTP-8203
76.41,39.43,67.62,19.62,57.37,6.73,1170.36,Wheat,Silty,HD-2967
126.59,36.45,86.71,20.02,76.86,4.33,1947.9,Vegetables,Peaty,Hybrid-A
37.13,54.07,89.2,24.69,49.05,7.25,779.48,Wheat,Chalky,Lok-1
66.42,46.14,134.09,18.45,68.27,6.14,1225.19,Maize,Silty,HQPM-1
147.42,39.58,55.16,21.08,89.41,5.67,1813.7,Millet,Peaty,ICTP-8203
94.0,41.5,34.1,18.74,76.61,4.86,1794.45,Millet,Peaty,HHB-67
82.79,50.34,141.73,24.46,65.61,6.92,1533.26,Cotton,Clay,Suraj
69.43,56.9,113.69,29.74,48.42,8.03,482.45,Cotton,Chalky,Suraj
69.47,66.47,95.99,28.28,37.33,8.11,726.27,Potato,Chalky,Kufri Pukhraj
68.06,43.72,74.16,22.39,69.95,7.42,1492.85,Soybean,Loamy,MAUS-71
133.43,44.18,67.87,18.04,65.22,5.69,2058.69,Vegetables,Peaty,Local-1
115.84,48.12,51.08,20.1,78.07,5.28,1700.03,Rice,Peaty,Swarna
92.44,38.08,104.09,21.95,59.6,6.69,908.67,Tomato,Loamy,Arka Vikas
98.62,24.78,90.87,23.79,62.74,7.16,1285.37,Wheat,Loamy,Lok-1
57.17,32.85,56.29,32.23,55.56,6.48,374.69,Cotton,Sandy,Bt-1
111.89,38.01,68.14,18.59,85.36,4.85,2600.0,Potato,Peaty,Kufri Pukhraj
35.23,27.58,38.57,26.97,40.67,6.5,622.36,Potato,Sandy,Kufri Bahar
98.59,85.0,86.12,20.73,76.35,6.07,985.69,Cotton,Clay,Bt-2
129.27,42.03,77.88,16.25,78.18,5.36,1768.27,Vegetables,Peaty,Hybrid-B
100.14,77.42,128.66,27.16,72.19,6.95,1241.44,Rice,Clay,Swarna
86.18,29.77,89.71,21.51,65.92,6.37,1237.62,Wheat,Loamy,HD-2967
65.84,35.21,67.92,27.63,56.44,6.08,1107.4,Tomato,Loamy,Arka Vikas
75.09,59.03,58.08,18.02,75.18,5.8,1449.65,Vegetables,Peaty,Hybrid-B
28.07,63.98,85.92,22.56,51.02,7.85,918.44,Wheat,Chalky,HD-2967
92.36,49.53,116.69,22.17,69.85,6.37,957.51,Maize,Silty,HQPM-1
41.88,40.26,47.75,27.31,37.36,5.57,925.53,Potato,Sandy,Kufri Pukhraj
74.97,34.38,99.67,25.01,66.17,6.95,1096.75,Soybean,Loamy,NRC-37
81.03,51.92,107.34,24.82,54.39,6.83,1003.35,Maize,Loamy,Pioneer-3396
36.26,50.81,73.37,24.42,25.0,8.02,901.91,Barley,Chalky,DWRB-73
78.84,59.76,86.95,27.11,60.32,6.64,997.08,Wheat,Loamy,PBW-343
101.95,43.95,61.44,34.0,63.38,6.42,1464.41,Cotton,Loamy,Bt-2
88.87,39.91,87.9,26.71,66.44,7.22,1095.17,Wheat,Silty,Lok-1
81.91,59.26,100.49,25.45,78.58,6.76,1291.59,Tomato,Loamy,Roma
112.61,32.55,95.28,19.13,78.98,5.13,1216.8,Millet,Peaty,ICTP-8203
88.57,41.61,95.01,25.56,61.2,6.77,1316.21,Rice,Silty,Swarna
72.52,42.57,88.78,28.6,65.37,6.44,1382.2,Sugarcane,Loamy,Co-0118
41.62,24.01,45.46,28.54,35.27,6.19,616.28,Groundnut,Sandy,GG-20
62.16,37.37,71.91,29.51,39.22,5.88,494.9,Millet,Sandy,ICTP-8203
76.63,42.76,108.18,21.28,58.14,7.21,1389.18,Soybean,Loamy,MAUS-71
82.06,69.55,90.71,25.99,68.01,6.31,1492.62,Vegetables,Silty,Hybrid-B
62.09,41.71,144.2,25.74,73.08,6.35,1266.11,Sugarcane,Clay,Co-0238
84.8,64.23,112.15,26.91,72.93,7.49,1606.61,Millet,Clay,ICTP-8203
30.74,82.26,64.33,23.08,43.05,7.62,525.86,Barley,Chalky,DWRB-73
80.99,37.52,63.13,27.01,64.15,6.39,1189.76,Maize,Loamy,HQPM-1
94.33,64.49,155.19,27.43,74.77,7.34,1681.96,Cotton,Clay,Bt-2
75.69,48.74,77.78,29.48,66.14,6.47,1149.86,Sugarcane,Loamy,Co-0238
95.46,37.69,70.15,21.71,80.11,4.84,1625.53,Rice,Peaty,IR64
71.43,40.4,90.36,21.05,67.42,6.74,1397.01,Wheat,Loamy,PBW-343
48.41,49.67,95.51,25.59,47.1,8.01,598.66,Barley,Chalky,DWRB-73
73.51,44.34,116.06,21.89,59.41,7.19,1321.85,Wheat,Loamy,HD-2967
39.15,52.05,92.86,23.65,43.44,7.83,459.64,Barley,Chalky,DWRB-73
43.87,38.53,106.58,24.06,30.11,7.88,636.31,Millet,Chalky,RHB-173
88.17,49.58,80.73,23.43,57.69,6.67,1126.9,Vegetables,Loamy,Hybrid-B
84.59,68.31,111.63,20.74,66.81,6.19,1429.39,Maize,Silty,Pioneer-3396
49.59,41.51,101.29,22.5,65.35,6.94,864.38,Maize,Loamy,Pioneer-3396
109.99,36.84,76.95,15.06,87.3,4.78,2341.47,Potato,Peaty,Kufri Pukhraj
55.14,57.3,79.41,19.32,51.44,7.79,698.15,Wheat,Chalky,PBW-343
65.16,40.52,110.68,27.14,76.07,6.11,1540.38,Sugarcane,Clay,Co-0238
99.17,45.71,82.48,26.57,65.0,6.37,1220.95,Soybean,Loamy,MAUS-71
90.24,45.27,123.78,26.77,78.61,6.81,1071.77,Rice,Clay,IR64
80.53,38.03,93.38,18.93,71.74,5.81,1099.11,Maize,Silty,DHM-117
70.31,37.6,82.59,25.55,70.8,6.63,1051.23,Rice,Silty,Basmati-370
93.38,55.52,72.31,21.38,55.94,6.39,1561.58,Maize,Loamy,DHM-117
99.27,49.96,83.98,21.07,83.82,5.78,1995.85,Rice,Peaty,Basmati-370
78.67,46.13,106.71,28.84,62.58,7.22,1278.88,Maize,Loamy,Pioneer-3396
59.46,59.07,70.99,22.5,63.86,7.01,1379.46,Tomato,Loamy,Pusa Ruby
126.25,34.22,137.03,25.07,69.86,6.76,1248.22,Tomato,Clay,Roma
98.97,36.68,62.68,13.98,76.55,5.33,2092.58,Potato,Peaty,Kufri Jyoti
115.0,56.93,91.34,23.24,78.81,6.44,1254.35,Tomato,Silty,Roma
92.44,48.69,82.69,28.25,66.73,7.26,1363.88,Wheat,Loamy,HD-2967
47.65,40.56,76.66,29.75,45.31,7.37,909.62,Barley,Chalky,DWRB-73
46.5,72.67,103.27,27.27,51.94,8.0,609.99,Millet,Chalky,ICTP-8203
104.29,48.19,103.01,23.73,72.74,6.8,1563.87,Cotton,Loamy,Suraj
112.46,45.03,60.54,17.55,90.8,5.52,2147.39,Potato,Peaty,Kufri Bahar
37.15,79.84,98.19,30.78,43.88,8.17,458.09,Cotton,Chalky,Suraj
61.39,59.5,101.58,28.41,44.27,7.77,963.92,Barley,Chalky,BH-902
37.44,51.33,110.62,26.71,39.04,8.34,749.7,Millet,Chalky,ICTP-8203
35.81,44.84,108.81,30.6,35.7,8.06,877.05,Cotton,Chalky,Suraj
98.3,68.69,90.65,26.38,67.21,7.7,1419.45,Rice,Clay,Basmati-370
54.19,44.78,115.51,22.17,84.94,7.11,1335.12,Maize,Silty,HQPM-1
99.07,45.8,87.1,29.43,66.75,6.5,650.0,Wheat,Silty,HD-2967
56.63,45.41,108.98,28.43,70.33,7.11,1010.71,Soybean,Loamy,NRC-37
84.42,42.37,141.2,24.36,57.26,6.87,1218.15,Millet,Clay,HHB-67
81.39,45.9,89.22,18.56,69.24,6.81,878.21,Vegetables,Silty,Hybrid-A
110.61,33.19,50.44,29.3,74.33,6.83,1600.89,Wheat,Silty,Lok-1
73.62,23.31,49.15,28.23,46.63,6.46,666.28,Sugarcane,Sandy,Co-0118
28.91,36.79,51.62,24.59,37.89,5.76,653.47,Millet,Sandy,ICTP-8203
81.56,71.46,119.45,26.83,79.75,7.18,1681.7,Cotton,Clay,Bt-1
56.4,86.48,54.68,28.68,56.53,8.69,671.04,Potato,Chalky,Kufri Pukhraj
30.03,72.11,84.95,25.97,54.67,8.06,776.09,Millet,Chalky,HHB-67
118.18,46.52,93.44,18.67,76.45,5.63,2160.22,Vegetables,Peaty,Local-1
49.08,47.05,121.28,26.08,54.26,7.72,691.2,Wheat,Chalky,PBW-343
76.94,51.77,86.46,22.89,72.84,6.14,1763.69,Maize,Silty,HQPM-1
42.74,51.62,83.88,24.59,41.46,8.16,358.24,Barley,Chalky,RD-2552
77.25,41.27,125.65,23.19,68.78,7.11,1985.67,Vegetables,Silty,Hybrid-B
89.79,28.62,89.27,21.3,77.15,4.79,1299.13,Tea,Peaty,TV-1
89.0,50.22,120.74,24.58,62.28,6.43,1391.16,Wheat,Clay,Lok-1
56.27,58.03,90.93,28.14,37.18,8.58,790.65,Millet,Chalky,RHB-173
76.46,41.19,83.97,29.33,62.04,6.69,1290.21,Cotton,Loamy,Bt-1
100.48,31.83,73.66,15.72,80.19,5.23,1549.19,Rice,Peaty,Basmati-370
48.23,18.14,25.61,28.85,49.31,6.15,877.13,Watermelon,Sandy,Crimson Sweet
88.92,59.64,140.72,25.04,77.21,6.74,1344.81,Wheat,Clay,PBW-343
91.84,20.43,92.9,27.86,66.18,6.34,1378.41,Tomato,Loamy,Arka Vikas
98.19,58.59,139.29,21.57,63.11,6.58,904.08,Wheat,Clay,HD-2967
80.67,48.42,90.68,27.08,68.63,6.47,1299.88,Vegetables,Silty,Hybrid-B
64.74,53.1,94.57,25.53,63.21,7.07,1734.49,Potato,Loamy,Kufri Bahar
85.16,49.78,113.87,25.4,72.17,7.3,966.34,Rice,Clay,Swarna
98.58,34.45,56.03,18.83,88.6,4.9,1515.54,Vegetables,Peaty,Local-1
92.7,48.85,92.67,17.12,70.12,5.28,2245.04,Vegetables,Peaty,Local-1
74.65,41.37,109.13,25.27,56.77,7.23,1132.25,Maize,Silty,HQPM-1
48.1,29.15,30.3,27.99,46.66,5.87,823.43,Watermelon,Sandy,Sugar Baby
71.46,40.93,90.57,20.35,72.45,7.16,1182.03,Rice,Silty,Basmati-370
125.18,51.91,60.97,18.57,81.72,5.41,2102.73,Millet,Peaty,RHB-173
50.38,64.02,105.71,27.9,43.65,7.94,905.54,Cotton,Chalky,Suraj
88.74,46.08,104.35,25.38,64.39,6.67,1140.32,Sugarcane,Loamy,Co-86032
114.89,49.21,99.81,18.99,71.89,7.29,1125.55,Maize,Silty,Pioneer-3396
94.12,76.21,103.7,26.64,87.24,7.25,1665.02,Tea,Clay,TV-23
74.54,51.52,75.85,22.18,68.3,6.84,1115.54,Wheat,Silty,PBW-343
80.61,65.57,80.46,25.15,64.06,6.18,802.66,Soybean,Loamy,NRC-37
71.65,48.71,57.56,21.34,76.93,6.37,1589.04,Vegetables,Silty,Local-1
125.73,34.33,81.83,21.16,81.1,4.99,1215.3,Potato,Peaty,Kufri Jyoti
41.25,29.62,67.57,27.76,39.97,5.39,648.41,Potato,Sandy,Kufri Pukhraj
78.74,57.73,84.83,20.3,75.9,6.58,1871.81,Wheat,Silty,HD-2967
77.69,72.04,109.53,23.57,43.82,8.18,398.02,Wheat,Chalky,Lok-1
62.7,37.78,101.82,31.71,53.92,7.5,594.29,Wheat,Chalky,HD-2967
50.09,63.52,71.41,29.33,52.76,8.3,675.77,Millet,Chalky,ICTP-8203
60.56,41.39,80.28,22.83,55.82,6.43,1629.27,Watermelon,Silty,Sugar Baby
115.18,31.06,66.84,25.25,79.27,5.26,1444.89,Rice,Peaty,IR64
104.71,28.32,75.07,18.7,78.61,5.45,1862.21,Potato,Peaty,Kufri Jyoti
51.09,37.69,115.62,26.21,49.19,8.32,720.6,Barley,Chalky,BH-902
113.37,47.62,60.71,25.03,89.45,4.83,1857.58,Tea,Peaty,TV-23
39.23,15.63,52.59,29.15,50.03,6.75,660.73,Groundnut,Sandy,JL-24
94.91,42.95,52.74,25.09,58.59,7.39,1179.56,Sugarcane,Loamy,Co-0238
88.16,79.84,123.83,23.06,75.5,6.69,1561.82,Sugarcane,Clay,Co-0118
59.32,70.01,100.16,26.37,48.45,7.66,1154.4,Wheat,Chalky,Lok-1
127.63,54.28,71.25,22.03,75.8,5.35,1725.17,Vegetables,Peaty,Local-1
122.49,31.45,77.88,20.57,85.85,4.47,1492.79,Vegetables,Peaty,Hybrid-A
45.86,71.24,97.56,22.17,38.81,8.56,795.18,Barley,Chalky,DWRB-73
101.94,38.94,94.93,23.78,79.46,7.69,1174.56,Sugarcane,Loamy,Co-86032
100.36,37.42,93.73,25.69,75.31,6.16,1640.54,Barley,Clay,BH-902
72.28,61.26,113.24,25.78,78.95,6.36,1442.77,Wheat,Clay,Lok-1
89.83,48.51,73.43,23.29,67.09,7.26,1618.76,Wheat,Silty,Lok-1
93.46,54.94,114.4,22.57,53.82,6.86,987.11,Soybean,Loamy,JS-335
46.82,30.45,54.48,22.0,42.51,6.48,943.12,Wheat,Sandy,HD-2967
90.41,60.44,110.88,20.19,76.73,5.91,1403.99,Rice,Clay,IR64
65.38,38.27,102.75,22.4,62.71,6.32,1896.18,Maize,Silty,HQPM-1
62.83,45.0,61.98,30.5,52.49,6.06,692.6,Millet,Sandy,RHB-173
66.65,56.08,78.49,24.07,61.16,6.23,1466.97,Rice,Silty,Basmati-370
48.57,58.08,134.75,25.32,54.46,8.26,901.72,Cotton,Chalky,Bt-2
103.94,41.34,84.31,27.03,63.84,6.89,1262.76,Sugarcane,Loamy,Co-0118
92.09,52.09,94.55,25.09,59.18,6.45,1071.49,Maize,Loamy,DHM-117
99.69,33.36,107.93,18.73,74.71,6.62,1411.84,Rice,Clay,Swarna
76.11,53.01,95.83,23.23,60.81,7.23,1301.99,Cotton,Silty,Bt-2
95.27,40.42,93.68,21.89,83.97,5.36,1345.01,Vegetables,Peaty,Hybrid-B
53.18,62.46,82.55,28.09,47.25,7.48,548.42,Watermelon,Chalky,Sugar Baby
88.91,45.76,100.77,25.54,74.12,6.88,1813.88,Sugarcane,Clay,Co-0238
82.92,50.35,97.1,26.58,58.57,7.8,1282.96,Maize,Loamy,DHM-117
61.37,49.42,118.54,22.89,63.47,6.32,1034.16,Tomato,Loamy,Pusa Ruby
124.6,66.3,85.17,25.82,73.54,7.35,1291.61,Wheat,Clay,Lok-1
80.48,28.76,121.21,27.77,63.71,6.93,1673.61,Soybean,Loamy,NRC-37
154.26,43.78,78.91,19.48,71.49,4.6,1693.05,Rice,Peaty,Swarna
29.66,71.51,87.83,18.67,44.45,8.12,1074.35,Millet,Chalky,HHB-67
57.03,50.03,108.02,29.14,68.9,6.78,1233.62,Maize,Loamy,Pioneer-3396
79.85,38.37,135.86,21.96,67.55,6.34,1778.75,Rice,Clay,IR64
89.03,45.32,111.38,21.54,59.33,6.29,1436.61,Maize,Loamy,DHM-117
119.11,38.65,70.86,20.59,85.86,5.48,1751.06,Tea,Peaty,TV-23
44.84,37.58,54.54,29.15,56.88,6.18,1040.29,Watermelon,Sandy,Crimson Sweet
40.0,58.9,69.59,21.78,70.39,6.69,2015.3,Rice,Silty,Basmati-370
118.38,62.81,133.0,23.3,66.94,6.78,1666.19,Rice,Clay,Basmati-370
81.86,49.46,83.52,24.43,62.42,7.38,1382.53,Soybean,Loamy,NRC-37
36.74,47.99,96.96,30.11,38.71,8.37,547.98,Millet,Chalky,RHB-173
55.01,54.82,87.54,27.76,62.93,6.98,1122.13,Cotton,Loamy,Bt-2
99.68,48.02,83.17,25.83,65.47,6.32,1022.45,Soybean,Loamy,NRC-37
117.08,40.5,56.24,16.88,78.39,5.16,1886.06,Tea,Peaty,TV-23
131.3,37.88,54.56,13.29,83.08,5.47,1049.62,Potato,Peaty,Kufri Pukhraj
57.98,21.83,64.98,29.86,42.5,6.0,583.47,Cotton,Sandy,Bt-1
129.9,42.8,58.97,21.59,72.19,5.2,900.0,Rice,Peaty,Swarna
87.79,54.84,115.96,19.78,62.67,6.39,1508.34,Vegetables,Silty,Local-1
154.65,42.76,63.2,15.56,77.16,5.43,1712.76,Rice,Peaty,Swarna
86.7,38.08,93.72,26.05,66.1,7.51,1800.0,Wheat,Loamy,PBW-343
55.99,25.3,39.5,24.46,53.4,6.6,866.0,Potato,Sandy,Kufri Bahar
128.36,54.37,72.55,19.33,76.71,6.02,1556.69,Vegetables,Peaty,Hybrid-A
80.0,61.72,95.99,27.83,51.25,7.8,804.98,Barley,Chalky,BH-902
76.28,53.02,94.91,27.02,64.16,6.67,600.0,Soybean,Loamy,NRC-37
59.67,58.78,128.55,23.98,28.91,8.12,859.62,Millet,Chalky,HHB-67
93.6,64.88,103.53,23.83,77.81,6.77,1300.95,Wheat,Silty,HD-2967
47.35,33.28,61.26,33.73,25.49,6.83,729.84,Watermelon,Sandy,Sugar Baby
116.41,42.21,141.33,23.33,87.09,6.41,1640.88,Wheat,Clay,PBW-343
110.15,64.29,74.58,14.51,77.92,4.65,2452.38,Potato,Peaty,Kufri Bahar
43.12,36.11,55.73,25.64,63.21,5.77,635.29,Potato,Sandy,Kufri Bahar
118.64,33.71,67.58,23.0,81.61,5.19,1441.82,Soybean,Peaty,JS-335
114.67,43.23,60.32,19.3,85.95,4.58,1190.17,Potato,Peaty,Kufri Jyoti
108.3,46.8,121.95,32.23,77.83,6.82,1175.64,Cotton,Clay,Bt-1
37.88,24.91,48.18,29.6,52.94,6.83,1002.82,Millet,Sandy,RHB-173
47.82,69.94,103.37,28.62,51.39,8.22,725.28,Wheat,Chalky,Lok-1
93.04,55.18,88.77,25.8,76.04,7.45,1364.82,Cotton,Loamy,Suraj
67.55,55.27,91.63,30.1,60.93,8.08,603.06,Wheat,Chalky,Lok-1
52.92,39.47,53.9,19.95,75.17,6.6,1603.44,Wheat,Silty,HD-2967
88.12,51.57,84.06,26.08,71.57,6.89,1574.99,Vegetables,Silty,Hybrid-B
67.06,17.87,46.44,27.24,35.25,6.34,675.24,Millet,Sandy,RHB-173
98.95,60.14,53.9,25.22,60.43,7.25,865.3,Soybean,Loamy,NRC-37
89.0,45.1,62.87,21.46,81.51,5.74,2062.97,Potato,Peaty,Kufri Bahar
43.82,27.02,56.04,25.99,48.13,6.12,723.01,Watermelon,Sandy,Sugar Baby
75.58,35.09,90.14,26.83,56.54,7.18,1262.55,Soybean,Loamy,JS-335
81.07,56.26,115.39,25.9,63.37,7.08,1005.57,Soybean,Loamy,NRC-37
76.92,38.44,72.41,30.47,69.11,6.1,1235.47,Sugarcane,Loamy,Co-86032
119.25,42.47,74.37,25.43,56.1,6.34,1433.3,Wheat,Loamy,Lok-1
97.57,53.5,109.63,23.44,65.81,6.8,1795.68,Cotton,Clay,Suraj
121.87,46.44,63.63,15.84,89.23,4.52,1845.79,Groundnut,Peaty,GG-20
112.79,33.52,58.75,27.75,69.7,7.55,1370.28,Wheat,Loamy,PBW-343
86.49,37.27,114.68,23.4,72.7,6.55,1243.01,Rice,Clay,IR64
87.27,61.47,100.99,26.27,68.14,5.91,1695.75,Maize,Clay,DHM-117
61.33,52.81,80.7,24.44,51.61,8.27,851.05,Rice,Chalky,Swarna
87.38,67.73,139.27,29.67,82.11,6.84,1618.73,Wheat,Clay,HD-2967
157.59,16.89,35.28,17.24,79.09,5.83,1637.26,Vegetables,Peaty,Hybrid-A
54.88,39.83,71.13,23.55,70.23,6.4,1550.55,Soybean,Silty,JS-335
51.5,42.19,87.37,24.7,73.29,7.29,959.46,Wheat,Silty,PBW-343
75.33,32.57,60.54,20.31,80.32,4.92,1761.12,Vegetables,Peaty,Hybrid-A
49.78,36.0,49.52,29.93,37.11,7.09,700.22,Watermelon,Sandy,Crimson Sweet
113.12,40.21,61.9,16.16,75.2,5.36,1668.81,Potato,Peaty,Kufri Bahar
45.59,40.86,40.84,26.99,36.28,6.57,668.24,Millet,Sandy,ICTP-8203
105.84,59.83,131.47,22.48,71.28,5.67,1783.04,Rice,Clay,Basmati-370
58.05,46.49,92.58,20.34,65.11,7.22,1149.62,Sugarcane,Loamy,Co-0118
51.75,57.99,89.12,28.28,59.07,7.7,607.9,Barley,Chalky,DWRB-73
96.95,44.9,93.06,27.7,71.7,6.63,1241.07,Sugarcane,Clay,Co-86032
106.6,52.59,43.87,19.01,86.38,5.73,1585.81,Rice,Peaty,IR64
95.31,52.25,54.17,25.82,74.43,5.4,1916.8,Tea,Peaty,UPASI-9
95.36,47.43,131.35,24.11,70.83,7.11,1270.71,Cotton,Clay,Bt-1
95.65,66.05,66.35,25.68,57.86,7.48,1370.35,Vegetables,Silty,Hybrid-A
102.3,47.25,112.91,20.91,68.95,7.34,1685.29,Sugarcane,Clay,Co-0238
81.65,51.23,109.55,25.92,71.11,6.32,1800.45,Rice,Clay,Swarna
55.0,40.96,105.58,26.0,76.52,6.63,1043.24,Sugarcane,Clay,Co-86032
50.11,35.1,48.48,26.75,47.5,6.16,649.49,Potato,Sandy,Kufri Bahar
116.3,23.57,83.09,24.22,86.03,4.72,1891.97,Wheat,Peaty,HD-2967
85.19,47.65,89.43,25.2,51.92,7.25,1111.44,Cotton,Loamy,Suraj
38.94,27.96,52.15,30.59,61.97,6.08,744.03,Millet,Sandy,HHB-67
85.05,48.98,114.89,28.86,56.45,7.35,880.15,Millet,Loamy,ICTP-8203
86.06,47.47,75.05,23.96,65.38,6.66,1734.49,Vegetables,Silty,Hybrid-A
54.98,51.88,98.63,26.44,66.13,6.57,1533.41,Soybean,Silty,NRC-37
52.85,27.78,25.53,29.38,52.69,5.98,825.54,Potato,Sandy,Kufri Pukhraj
58.76,40.17,67.55,27.17,71.75,6.8,1805.41,Maize,Silty,DHM-117
67.46,62.59,74.88,22.75,50.72,7.9,551.15,Wheat,Chalky,Lok-1
71.06,58.22,87.52,23.02,73.74,7.15,723.53,Wheat,Silty,PBW-343
66.74,72.7,79.91,29.17,35.95,8.03,777.24,Cotton,Chalky,Suraj
82.61,43.49,80.01,26.59,73.39,7.24,1140.87,Sugarcane,Loamy,Co-0118
112.61,68.35,116.51,24.5,80.14,6.28,1572.25,Millet,Clay,HHB-67
121.88,61.64,120.86,25.25,75.41,6.65,1504.63,Sugarcane,Clay,Co-0238
86.5,62.49,120.65,31.36,79.31,5.79,1682.26,Wheat,Clay,PBW-343
47.86,43.92,119.85,24.7,49.96,8.14,330.16,Millet,Chalky,ICTP-8203
55.67,45.47,105.32,20.79,71.39,6.73,1663.47,Sugarcane,Clay,Co-0118
77.47,63.47,124.75,27.31,68.54,7.13,904.54,Cotton,Loamy,Bt-2
99.84,48.75,98.74,27.12,71.94,5.82,1797.28,Sugarcane,Clay,Co-0118
71.01,41.51,111.85,25.66,70.53,6.65,1578.04,Wheat,Silty,PBW-343
63.4,53.63,103.35,23.28,37.99,7.62,972.62,Cotton,Chalky,Suraj
40.16,61.86,97.62,19.12,44.7,7.73,796.81,Cotton,Chalky,Suraj
52.32,61.07,72.68,33.01,28.0,8.21,964.02,Millet,Chalky,RHB-173
83.91,39.93,61.28,24.92,59.94,7.29,1075.56,Cotton,Loamy,Suraj
53.99,31.35,106.49,23.83,63.93,6.02,1465.99,Barley,Silty,BH-902
65.28,20.0,91.51,24.4,69.42,6.93,1219.69,Maize,Silty,Pioneer-3396
119.69,31.78,88.5,23.41,57.78,6.39,1075.39,Maize,Loamy,Pioneer-3396
63.91,18.79,43.09,33.4,42.91,6.25,850.46,Groundnut,Sandy,JL-24
94.63,20.81,104.18,24.78,76.06,5.08,1731.3,Rice,Peaty,IR64
69.18,43.12,124.52,28.59,66.24,6.41,930.75,Maize,Silty,DHM-117
83.32,53.21,110.26,22.04,78.14,6.95,1265.11,Cotton,Clay,Suraj
155.57,40.98,74.39,15.2,85.29,5.31,1706.57,Potato,Peaty,Kufri Jyoti
94.45,49.56,89.53,21.33,71.04,7.71,664.62,Wheat,Silty,PBW-343
83.96,50.18,56.2,20.95,79.3,4.93,2189.08,Potato,Peaty,Kufri Bahar
108.55,60.9,132.49,19.69,67.13,6.71,1588.28,Rice,Clay,Swarna
67.24,35.07,96.47,21.09,73.01,7.07,2092.47,Vegetables,Silty,Hybrid-A
53.63,69.04,102.43,25.6,37.86,8.3,772.01,Barley,Chalky,RD-2552
92.58,50.02,84.61,26.35,78.3,6.46,1222.41,Wheat,Silty,PBW-343
84.14,41.18,109.36,25.57,65.1,6.62,1496.65,Cotton,Clay,Bt-1
91.72,46.44,112.75,21.66,57.66,6.58,1350.5,Wheat,Silty,Lok-1
43.55,27.06,32.83,28.34,46.77,6.39,864.29,Maize,Sandy,HQPM-1
116.38,42.57,84.0,17.67,69.2,5.09,1341.02,Tea,Peaty,UPASI-9
87.4,59.74,98.02,22.22,77.41,6.83,1482.76,Potato,Silty,Kufri Jyoti
104.01,39.14,72.49,18.8,72.56,5.2,2218.66,Tea,Peaty,TV-1
88.79,51.88,97.13,28.39,64.77,6.24,1512.74,Maize,Silty,DHM-117
32.79,37.18,50.7,30.89,62.89,6.94,624.89,Groundnut,Sandy,JL-24
55.28,25.39,45.77,29.77,51.25,6.09,500.27,Millet,Sandy,HHB-67
41.73,48.62,104.51,18.45,56.41,7.87,818.83,Barley,Chalky,RD-2552
42.96,60.74,68.47,24.63,29.75,7.9,826.31,Soybean,Chalky,MAUS-71
73.99,52.11,93.11,24.32,29.11,7.82,850.03,Wheat,Chalky,PBW-343
45.05,69.74,74.19,26.9,28.61,8.1,1050.65,Cotton,Chalky,Bt-1
75.57,59.19,90.17,22.98,63.29,6.6,1783.43,Cotton,Silty,Suraj
60.05,62.89,114.81,29.57,33.33,7.82,302.81,Barley,Chalky,RD-2552
160.0,39.58,42.11,28.0,81.47,4.88,1387.92,Rice,Peaty,IR64
99.31,56.6,96.93,22.16,74.09,6.96,1495.84,Vegetables,Silty,Local-1
31.82,79.22,53.91,26.45,52.35,7.85,833.05,Wheat,Chalky,Lok-1
47.63,30.73,53.72,35.04,50.42,6.25,795.68,Millet,Sandy,HHB-67
63.3,45.74,104.3,29.2,66.43,6.63,1014.41,Tomato,Loamy,Roma
46.91,27.23,43.41,37.33,44.49,6.13,679.24,Potato,Sandy,Kufri Pukhraj
66.52,64.72,135.83,26.33,71.37,6.32,1208.47,Rice,Clay,IR64
47.23,36.06,97.85,27.53,32.35,7.26,640.03,Cotton,Chalky,Suraj
62.92,33.34,46.4,29.57,48.14,6.11,925.31,Millet,Sandy,RHB-173
66.38,40.54,65.12,27.7,85.01,6.46,1542.02,Rice,Silty,Basmati-370
85.48,53.02,62.51,23.46,63.05,7.77,1388.31,Cotton,Loamy,Bt-2
37.49,62.13,75.83,27.9,43.06,8.29,697.32,Cotton,Chalky,Bt-2
94.82,44.95,79.78,20.68,84.52,6.77,1035.71,Sugarcane,Clay,Co-86032
93.62,34.03,103.08,30.8,55.89,7.06,1012.67,Soybean,Loamy,JS-335
92.86,48.0,97.39,29.95,72.36,5.95,1441.57,Tomato,Clay,Pusa Ruby
50.99,25.5,49.07,29.71,49.24,6.06,548.78,Potato,Sandy,Kufri Pukhraj
96.84,53.91,86.71,20.7,65.61,6.17,1480.44,Millet,Loamy,ICTP-8203
44.45,42.07,123.18,27.93,38.7,7.83,1058.02,Maize,Chalky,Pioneer-3396
99.93,45.94,81.71,21.55,83.65,5.3,1370.17,Rice,Peaty,Basmati-370
22.49,26.96,73.85,31.65,41.04,6.44,833.74,Watermelon,Sandy,Sugar Baby
70.19,30.59,86.1,21.55,64.31,5.66,923.15,Vegetables,Silty,Local-1
64.54,49.14,90.14,26.39,67.42,7.0,948.01,Wheat,Silty,PBW-343
75.49,35.68,66.32,25.33,66.72,7.11,991.33,Rice,Silty,Swarna
67.13,55.04,98.98,26.94,72.52,6.58,1758.21,Rice,Silty,Swarna
80.51,53.48,59.28,19.6,70.59,6.33,1301.35,Vegetables,Silty,Hybrid-B
37.63,63.58,53.97,25.57,45.93,8.21,777.51,Cotton,Chalky,Bt-2
73.79,30.44,100.63,25.41,80.03,6.4,1505.27,Cotton,Clay,Bt-2
84.92,36.45,118.5,26.59,69.67,6.42,1496.25,Rice,Clay,Swarna
28.99,41.87,101.67,28.84,66.86,8.03,1160.84,Wheat,Chalky,Lok-1
113.93,47.79,122.61,24.99,64.22,6.59,1533.94,Cotton,Clay,Suraj
92.31,31.92,81.2,19.24,61.54,5.97,1507.54,Wheat,Loamy,Lok-1
91.24,54.43,108.52,30.98,51.22,6.34,1800.0,Soybean,Loamy,JS-335
68.6,70.75,94.87,30.16,70.87,7.34,1750.64,Wheat,Clay,PBW-343
42.57,43.48,30.78,30.63,36.32,6.09,698.12,Millet,Sandy,RHB-173
52.57,50.85,92.54,24.39,69.86,6.41,1421.95,Vegetables,Silty,Hybrid-B
106.28,65.22,85.59,30.73,69.43,7.26,1223.34,Soybean,Loamy,MAUS-71
53.41,42.07,104.47,27.88,59.38,6.53,1146.25,Sugarcane,Loamy,Co-0238
119.22,42.71,66.59,18.83,75.11,5.99,2001.42,Tea,Peaty,TV-23
42.13,30.46,38.97,32.4,47.41,5.79,638.38,Watermelon,Sandy,Sugar Baby
102.74,48.04,73.9,18.11,81.21,4.14,1870.84,Cotton,Peaty,Bt-2
114.0,37.99,67.37,23.76,72.79,5.23,1548.55,Potato,Peaty,Kufri Bahar
71.94,58.85,79.29,23.96,65.02,7.16,975.39,Vegetables,Silty,Hybrid-A
109.36,39.03,118.87,21.81,75.73,6.53,1218.01,Wheat,Clay,HD-2967
99.81,63.09,105.52,29.14,69.5,6.98,1395.22,Wheat,Clay,PBW-343
82.2,50.1,97.9,24.11,58.56,6.69,1031.52,Maize,Loamy,DHM-117
93.93,15.61,65.38,21.69,80.64,5.58,2461.51,Wheat,Peaty,HD-2967
106.67,56.54,70.16,16.42,92.03,5.42,1737.84,Vegetables,Peaty,Local-1
46.79,69.28,73.5,26.82,43.65,8.18,733.22,Cotton,Chalky,Bt-2
35.84,57.78,55.11,22.97,50.08,7.36,412.58,Barley,Chalky,RD-2552
76.13,33.14,83.74,23.55,69.31,7.19,1329.3,Sugarcane,Loamy,Co-86032
138.94,47.07,60.95,16.35,76.1,5.65,1253.28,Tea,Peaty,UPASI-9
109.41,59.69,129.15,27.7,72.78,6.58,1735.67,Sugarcane,Clay,Co-86032
100.44,24.59,71.0,18.21,68.7,4.66,1804.69,Cotton,Peaty,Suraj
115.13,32.29,85.3,23.76,81.26,5.94,1572.23,Vegetables,Peaty,Local-1
49.37,20.2,53.63,30.7,64.37,7.09,535.53,Maize,Sandy,HQPM-1
77.39,53.55,94.43,21.15,69.89,7.17,1545.01,Sugarcane,Loamy,Co-0238
56.44,24.47,50.11,28.68,34.22,6.02,612.57,Millet,Sandy,RHB-173
124.78,38.41,69.09,21.42,81.46,6.22,2047.74,Tea,Peaty,TV-1
57.96,45.01,65.85,24.7,48.98,8.02,549.31,Wheat,Chalky,HD-2967
74.6,46.04,75.65,23.49,60.99,6.29,1236.78,Cotton,Loamy,Bt-1
88.16,46.08,87.22,21.59,66.12,5.86,1287.02,Wheat,Silty,Lok-1
111.3,58.58,91.21,25.13,68.34,6.3,974.31,Rice,Silty,Basmati-370
44.1,70.39,109.08,33.55,51.36,7.68,620.75,Cotton,Chalky,Bt-2
112.76,61.6,112.75,27.03,81.25,6.72,1456.81,Sugarcane,Clay,Co-86032
50.48,18.88,67.91,27.06,45.57,5.94,585.68,Watermelon,Sandy,Crimson Sweet
47.07,51.11,137.93,23.53,39.61,8.17,757.09,Cotton,Chalky,Bt-2
47.72,52.11,59.99,23.45,83.39,6.83,1465.37,Wheat,Silty,HD-2967
43.02,19.22,56.0,34.4,40.02,5.99,874.59,Watermelon,Sandy,Sugar Baby
62.28,32.7,53.47,33.52,32.32,6.26,697.48,Potato,Sandy,Kufri Pukhraj
52.62,35.7,63.99,34.68,47.76,6.68,624.8,Watermelon,Sandy,Sugar Baby
129.0,71.32,77.78,22.58,63.18,6.85,1174.26,Barley,Clay,RD-2552
84.72,36.11,100.83,25.17,66.16,6.79,1335.34,Tomato,Loamy,Arka Vikas
80.87,51.51,70.2,25.06,68.99,7.17,1392.93,Sugarcane,Loamy,Co-86032
102.82,49.37,102.67,26.51,56.12,6.71,1336.14,Tomato,Loamy,Arka Vikas
133.26,51.94,99.31,20.06,73.11,7.08,1121.16,Cotton,Clay,Bt-2
118.61,51.46,146.66,26.81,67.95,7.8,1623.77,Cotton,Clay,Bt-2
39.0,47.41,90.1,26.42,42.96,7.78,909.03,Barley,Chalky,RD-2552
103.49,54.1,81.07,23.65,67.74,7.02,2199.53,Wheat,Clay,HD-2967
41.87,35.11,48.99,34.22,58.72,5.99,250.0,Groundnut,Sandy,TAG-24
82.6,42.68,111.42,25.86,53.19,6.99,1612.17,Wheat,Loamy,HD-2967
130.98,39.53,66.02,28.0,78.74,4.99,1565.67,Tea,Peaty,TV-1
77.9,41.74,49.23,18.06,77.35,5.25,1559.49,Vegetables,Peaty,Hybrid-A
94.41,53.89,88.15,25.23,67.59,6.71,1055.08,Barley,Silty,DWRB-73
109.79,21.35,68.15,18.82,84.51,4.96,2042.72,Wheat,Peaty,PBW-343
74.6,37.82,92.94,26.65,51.23,7.11,1203.72,Wheat,Loamy,PBW-343
59.42,90.0,98.85,24.75,33.12,7.92,533.11,Cotton,Chalky,Bt-1
65.84,42.88,70.76,24.49,69.61,6.93,1461.04,Rice,Silty,Swarna
66.6,44.01,103.95,25.34,59.25,7.23,1523.33,Cotton,Loamy,Bt-2
62.4,39.14,112.34,18.51,57.01,7.12,1038.02,Maize,Loamy,Pioneer-3396
115.66,42.69,63.83,20.46,81.35,4.66,1983.8,Potato,Peaty,Kufri Jyoti
61.61,48.12,93.19,26.64,68.19,5.85,1445.28,Rice,Silty,Basmati-370
54.89,28.19,42.97,27.36,40.86,6.53,518.79,Watermelon,Sandy,Sugar Baby
34.99,11.43,71.54,30.76,53.98,6.69,772.56,Groundnut,Sandy,GG-20
89.9,41.08,84.6,29.59,55.95,6.99,1419.12,Wheat,Loamy,Lok-1
114.67,56.2,113.53,28.98,60.9,6.62,1273.28,Wheat,Clay,HD-2967
49.64,51.62,63.67,22.9,43.99,8.24,894.7,Cotton,Chalky,Bt-2
54.49,53.33,88.6,24.92,60.49,7.03,1089.23,Soybean,Loamy,NRC-37
106.99,32.15,75.06,18.66,79.52,5.03,1708.71,Vegetables,Peaty,Hybrid-A
111.28,34.13,54.47,22.19,75.92,5.64,1652.09,Vegetables,Peaty,Hybrid-A
62.64,57.16,93.14,25.56,58.47,7.54,945.99,Barley,Chalky,BH-902
104.84,77.45,133.45,25.63,71.85,6.58,1755.67,Sugarcane,Clay,Co-0118
90.54,48.77,60.33,25.95,58.78,7.06,1601.32,Rice,Loamy,Swarna
78.49,50.85,71.38,20.0,58.84,5.6,1351.29,Maize,Silty,DHM-117
61.44,53.35,83.74,27.59,69.38,7.2,1229.8,Cotton,Loamy,Bt-1
89.5,53.02,84.81,29.1,62.6,6.69,946.43,Sugarcane,Loamy,Co-86032
61.66,46.86,76.22,28.44,65.54,6.4,1314.29,Maize,Silty,Pioneer-3396
32.33,33.87,76.24,28.62,39.26,7.92,922.34,Millet,Chalky,RHB-173
44.97,29.89,50.08,25.95,53.94,6.13,1005.18,Groundnut,Sandy,TAG-24
16.78,54.41,94.44,29.13,48.02,7.98,776.05,Cotton,Chalky,Bt-2
131.67,37.42,66.86,18.86,75.83,6.02,1402.29,Vegetables,Peaty,Hybrid-B
37.8,30.47,127.58,27.11,29.58,7.49,818.83,Wheat,Chalky,HD-2967
68.57,48.39,69.82,26.28,60.98,6.23,1195.51,Wheat,Silty,PBW-343
129.52,25.73,81.1,18.03,78.44,6.03,1647.73,Rice,Peaty,IR64
72.44,50.25,93.83,16.81,70.13,6.42,916.97,Rice,Silty,IR64
57.06,58.5,100.74,27.12,60.77,6.66,1456.93,Maize,Silty,HQPM-1
85.21,51.53,87.17,23.52,62.87,7.68,1560.04,Wheat,Silty,HD-2967
103.22,61.69,127.99,24.63,67.79,6.5,1423.65,Wheat,Clay,HD-2967
89.18,50.06,98.27,30.59,72.78,6.97,1066.05,Cotton,Clay,Bt-1
54.11,21.98,72.4,30.23,48.55,6.19,782.68,Watermelon,Sandy,Arka Manik
51.48,15.33,25.91,34.22,51.95,5.86,674.51,Millet,Sandy,ICTP-8203
107.04,25.45,75.39,19.93,79.19,4.73,1628.8,Tea,Peaty,TV-1
45.35,33.48,42.5,30.0,50.45,5.95,854.06,Groundnut,Sandy,JL-24
54.97,39.22,78.73,26.41,76.04,6.5,1422.5,Rice,Silty,Swarna
114.41,55.83,45.91,22.21,79.59,5.3,2030.63,Tea,Peaty,UPASI-9
52.88,49.2,57.97,26.13,70.65,6.67,1587.32,Rice,Silty,Swarna
56.24,46.33,93.34,25.43,64.17,6.9,896.27,Wheat,Loamy,Lok-1
108.15,50.17,93.49,27.09,61.87,5.97,908.22,Wheat,Loamy,HD-2967
41.39,22.39,55.56,34.77,34.93,6.93,581.05,Groundnut,Sandy,GG-20
140.47,28.59,55.78,13.88,77.4,4.54,1468.66,Tomato,Peaty,Arka Vikas
54.5,35.97,35.55,28.16,42.25,6.64,588.67,Wheat,Sandy,Lok-1
74.92,59.56,64.13,26.11,59.77,6.55,1270.43,Tea,Loamy,UPASI-9
100.1,35.85,83.35,18.09,66.83,6.22,988.28,Wheat,Silty,PBW-343
78.1,50.62,85.24,21.34,57.98,6.78,1323.61,Cotton,Loamy,Bt-1
66.13,37.17,94.42,20.94,71.88,6.67,1315.42,Soybean,Loamy,MAUS-71
123.1,41.69,63.46,20.97,69.34,4.28,1273.43,Potato,Peaty,Kufri Bahar
54.54,27.52,84.41,28.81,47.49,7.4,706.73,Potato,Sandy,Kufri Jyoti
109.0,26.39,94.45,26.84,63.91,6.57,1435.96,Millet,Loamy,ICTP-8203
96.51,46.9,105.44,27.86,63.87,6.92,940.9,Tomato,Loamy,Arka Vikas
56.5,64.62,63.1,24.5,56.22,7.93,326.31,Wheat,Chalky,HD-2967
99.36,43.96,71.75,22.63,63.34,6.19,1615.5,Tomato,Loamy,Pusa Ruby
151.83,38.1,46.54,19.7,77.44,5.35,1603.12,Potato,Peaty,Kufri Bahar
85.89,41.52,106.1,27.45,61.08,7.17,1013.16,Sugarcane,Loamy,Co-0118
45.87,40.77,113.6,29.27,36.08,8.1,586.13,Wheat,Chalky,Lok-1
96.43,45.16,50.19,23.31,84.89,5.28,1689.55,Rice,Peaty,Basmati-370
125.11,36.06,43.38,21.92,80.31,4.87,1580.47,Rice,Peaty,IR64
114.25,59.01,104.42,27.21,69.08,6.51,1558.07,Wheat,Clay,HD-2967
84.47,44.35,85.41,22.63,73.54,6.39,1527.32,Vegetables,Silty,Local-1
62.46,19.27,49.9,32.58,59.48,7.05,544.92,Watermelon,Sandy,Arka Manik
123.23,29.76,68.09,16.58,81.23,4.74,1127.68,Tomato,Peaty,Arka Vikas
67.98,46.34,126.94,34.85,54.97,7.95,970.4,Soybean,Chalky,NRC-37
38.58,18.41,63.4,30.57,53.84,6.28,445.31,Millet,Sandy,RHB-173
57.73,37.71,42.54,30.93,39.42,6.03,801.6,Potato,Sandy,Kufri Bahar
136.19,39.08,72.77,25.86,77.59,4.93,2047.25,Vegetables,Peaty,Hybrid-A
33.59,18.2,58.64,36.35,55.48,5.5,907.29,Potato,Sandy,Kufri Bahar
48.88,60.3,93.46,18.0,48.84,7.48,649.86,Wheat,Chalky,PBW-343
83.53,48.7,115.67,22.51,73.5,7.3,1529.01,Sugarcane,Clay,Co-0238
31.03,65.77,82.32,25.08,51.6,8.32,775.32,Millet,Chalky,RHB-173
41.54,33.46,65.2,32.08,46.03,6.6,528.86,Watermelon,Sandy,Sugar Baby
57.53,37.51,42.86,28.51,61.78,6.34,973.05,Millet,Sandy,ICTP-8203
87.28,62.06,114.79,28.42,73.52,6.84,1365.96,Wheat,Clay,PBW-343
97.42,55.62,126.13,22.34,70.49,6.46,800.41,Wheat,Clay,Lok-1
102.54,46.43,49.75,21.54,89.43,4.17,1446.76,Rice,Peaty,Basmati-370
43.01,31.6,65.34,30.07,45.45,6.15,592.87,Potato,Sandy,Kufri Bahar
90.35,43.44,74.22,23.81,62.54,6.91,1330.51,Maize,Loamy,Pioneer-3396
56.29,53.96,93.03,27.43,45.0,6.37,1083.28,Soybean,Loamy,MAUS-71
119.97,36.52,63.71,20.35,83.16,5.67,1409.79,Vegetables,Peaty,Hybrid-A
93.38,46.01,90.89,25.96,71.73,6.1,1378.05,Maize,Loamy,Pioneer-3396
54.68,26.81,59.22,29.96,43.4,6.01,479.83,Potato,Sandy,Kufri Bahar
33.24,77.17,104.95,29.38,32.2,8.17,1004.94,Barley,Chalky,DWRB-73
95.02,54.28,123.51,20.42,65.01,6.52,1832.55,Rice,Clay,Swarna
95.12,36.17,94.25,27.53,59.3,6.86,911.17,Maize,Loamy,DHM-117
126.29,34.94,52.5,28.0,80.61,5.76,1726.07,Rice,Peaty,IR64
55.04,34.93,93.33,23.16,72.02,6.44,1399.56,Vegetables,Silty,Local-1
50.99,35.84,36.14,29.86,43.69,6.46,877.55,Watermelon,Sandy,Crimson Sweet
62.96,35.45,70.35,21.68,69.32,6.63,1521.5,Vegetables,Silty,Hybrid-A
89.34,47.43,59.93,25.07,81.02,5.43,2022.21,Potato,Peaty,Kufri Jyoti
123.92,52.5,40.48,23.17,77.91,5.35,2040.64,Rice,Peaty,Swarna
41.17,64.7,82.19,30.32,32.56,8.17,250.0,Wheat,Chalky,PBW-343
84.02,55.29,117.24,28.62,79.1,6.39,1529.41,Cotton,Clay,Bt-2
93.93,35.25,85.05,20.28,66.5,7.28,1410.16,Groundnut,Loamy,GG-20
63.22,37.02,96.98,28.58,48.39,6.45,1283.71,Sugarcane,Loamy,Co-86032
83.78,42.68,59.48,20.17,62.0,6.5,1460.19,Wheat,Silty,HD-2967
121.69,58.9,83.77,27.37,79.01,6.42,1429.03,Sugarcane,Clay,Co-0118
107.7,74.47,121.48,25.2,72.37,7.3,1561.84,Rice,Clay,IR64
35.87,20.1,62.96,31.62,35.36,6.04,527.27,Potato,Sandy,Kufri Bahar
93.19,43.77,85.01,26.34,65.58,6.18,1398.02,Rice,Silty,Swarna
80.96,35.27,52.47,22.84,64.26,6.99,1314.08,Wheat,Loamy,HD-2967
54.25,34.93,124.79,22.98,66.75,6.73,1196.31,Potato,Silty,Kufri Pukhraj
95.65,54.55,140.83,23.11,63.96,6.47,1664.69,Millet,Clay,HHB-67
81.26,48.25,100.4,25.25,78.73,6.63,1307.28,Wheat,Silty,Lok-1
101.19,37.2,83.8,15.45,77.07,4.89,1919.3,Rice,Peaty,IR64
43.05,79.26,103.35,26.91,53.68,7.85,756.7,Cotton,Chalky,Bt-1
75.47,55.38,134.8,27.85,69.71,6.7,1026.44,Wheat,Clay,HD-2967
68.13,57.61,96.87,21.33,59.62,6.72,1340.82,Groundnut,Silty,TAG-24
50.39,42.57,70.37,29.05,42.55,6.5,538.02,Potato,Sandy,Kufri Jyoti
79.11,47.07,82.56,25.59,69.35,7.33,906.76,Sugarcane,Loamy,Co-86032
55.84,57.26,82.89,23.54,54.78,8.22,655.86,Wheat,Chalky,PBW-343
136.6,40.04,68.64,21.08,86.67,5.68,1857.41,Tea,Peaty,UPASI-9
101.96,42.74,56.33,17.31,84.05,5.44,1318.34,Vegetables,Peaty,Hybrid-B
100.72,50.62,110.07,18.79,78.28,6.57,1780.69,Vegetables,Clay,Local-1
45.06,33.89,51.51,28.45,46.53,5.72,713.04,Groundnut,Sandy,GG-20
90.83,46.56,77.82,32.32,64.07,6.57,1204.53,Wheat,Loamy,HD-2967
61.54,25.08,43.24,29.31,36.08,6.5,611.92,Watermelon,Sandy,Crimson Sweet
112.94,62.87,92.91,24.81,79.15,6.32,1151.27,Wheat,Silty,PBW-343
126.84,47.98,77.73,18.96,74.58,5.0,1804.31,Vegetables,Peaty,Local-1
60.9,42.1,76.78,32.0,42.96,6.27,741.3,Potato,Sandy,Kufri Pukhraj
116.75,25.71,71.76,21.72,84.65,5.45,1396.23,Tomato,Peaty,Arka Vikas
109.33,42.07,50.57,20.8,68.48,4.52,1817.17,Wheat,Peaty,HD-2967
87.13,47.21,102.24,22.48,61.21,6.31,1143.21,Cotton,Loamy,Bt-1
63.07,28.53,47.35,30.69,36.26,6.85,705.5,Millet,Sandy,RHB-173
96.37,46.27,79.73,21.97,69.13,6.86,1526.77,Sugarcane,Silty,Co-0118
59.3,56.82,80.7,28.67,39.64,7.2,1049.44,Barley,Chalky,DWRB-73
108.63,44.1,67.63,23.75,83.58,5.1,1896.86,Vegetables,Peaty,Local-1
91.86,40.19,83.88,24.5,59.1,6.87,1116.0,Wheat,Loamy,Lok-1
124.56,53.77,127.6,24.56,74.88,6.53,1312.9,Rice,Clay,IR64
62.72,39.65,88.37,20.05,68.77,7.3,1341.9,Maize,Silty,DHM-117
150.44,40.53,47.55,16.62,74.52,5.15,1355.01,Wheat,Peaty,HD-2967
63.31,21.67,64.6,24.82,42.42,6.37,770.82,Groundnut,Sandy,GG-20
46.59,53.89,89.31,26.96,50.0,7.15,921.53,Wheat,Silty,Lok-1
93.15,58.47,76.6,25.22,55.46,6.89,1592.87,Wheat,Silty,Lok-1
72.51,42.75,67.64,27.64,56.44,7.15,787.31,Soybean,Loamy,MAUS-71
114.97,30.77,69.0,22.98,72.98,5.23,1945.57,Maize,Peaty,Pioneer-3396
42.92,32.29,56.79,27.35,52.19,6.08,547.93,Potato,Sandy,Kufri Bahar
52.61,26.41,44.32,29.2,53.67,5.87,537.42,Millet,Sandy,HHB-67
51.12,23.14,73.05,27.3,42.4,6.35,496.47,Groundnut,Sandy,JL-24
55.65,33.2,96.24,28.16,65.25,7.24,1290.29,Cotton,Loamy,Bt-2
65.47,44.58,82.34,26.41,63.31,7.03,768.66,Rice,Loamy,Basmati-370
103.92,52.45,122.82,25.07,87.7,5.76,1368.52,Rice,Clay,Basmati-370
56.06,48.44,64.79,25.84,74.98,7.32,1517.89,Rice,Silty,IR64
75.12,33.22,92.98,27.08,68.37,6.59,1008.44,Soybean,Loamy,NRC-37
61.46,42.33,91.73,25.66,66.52,6.24,1158.01,Cotton,Loamy,Bt-1
43.98,25.4,76.63,30.68,52.97,6.25,368.69,Millet,Sandy,HHB-67
36.58,54.76,77.5,25.02,45.88,8.17,672.19,Millet,Chalky,RHB-173
82.11,33.39,103.7,27.71,69.09,6.69,1155.85,Tomato,Loamy,Arka Vikas
113.34,46.62,110.87,29.73,73.66,6.59,1748.52,Cotton,Clay,Bt-1
47.03,53.25,100.66,19.02,55.79,7.56,646.2,Barley,Chalky,DWRB-73
101.23,39.18,58.1,19.19,81.38,5.9,1612.28,Potato,Peaty,Kufri Jyoti
75.63,42.21,102.62,23.27,58.14,6.32,1010.11,Tomato,Loamy,Pusa Ruby
64.77,52.37,114.52,31.11,58.78,6.52,1072.09,Vegetables,Loamy,Local-1
42.28,47.3,84.57,27.72,41.63,8.11,805.4,Maize,Chalky,Pioneer-3396
45.77,19.23,32.06,29.49,47.79,6.43,596.33,Millet,Sandy,ICTP-8203
47.99,34.89,36.84,36.69,44.44,6.47,551.95,Watermelon,Sandy,Sugar Baby
51.5,48.87,63.3,25.66,73.29,6.17,1388.48,Wheat,Silty,PBW-343
115.08,33.15,87.03,18.76,81.95,5.6,1688.13,Tea,Peaty,TV-1
131.92,38.11,68.57,23.09,81.16,5.09,1689.58,Rice,Peaty,Swarna
91.22,43.3,47.15,24.53,84.21,4.95,2338.83,Vegetables,Peaty,Hybrid-B
63.26,42.94,106.31,27.21,72.52,6.55,1065.05,Maize,Silty,Pioneer-3396
100.64,28.3,123.06,25.59,74.17,6.69,1051.03,Sugarcane,Clay,Co-0118
128.35,57.45,113.55,28.27,66.92,7.25,1729.21,Cotton,Clay,Bt-1
100.1,58.32,124.91,28.24,66.08,7.09,1397.91,Rice,Clay,Basmati-370
46.04,68.03,105.44,27.49,42.76,7.99,794.52,Millet,Chalky,ICTP-8203
46.46,66.21,102.03,30.04,39.83,7.63,756.79,Millet,Chalky,HHB-67
47.27,16.6,40.86,31.94,47.72,5.48,778.41,Groundnut,Sandy,TAG-24
79.47,43.59,86.6,25.12,59.51,6.58,1504.56,Sugarcane,Loamy,Co-0118
66.68,40.75,65.69,25.82,49.1,8.27,757.02,Wheat,Chalky,HD-2967
92.51,60.61,108.16,21.43,70.7,6.97,1045.48,Rice,Clay,Swarna
75.53,73.44,75.51,22.58,66.5,6.83,1332.02,Rice,Silty,Swarna
29.96,42.19,80.28,23.47,44.45,7.91,755.15,Barley,Chalky,RD-2552
59.26,47.69,130.73,25.8,56.8,8.52,841.46,Wheat,Chalky,PBW-343
45.05,31.5,49.46,34.07,49.89,5.8,701.4,Millet,Sandy,HHB-67
58.55,32.81,36.7,31.69,52.74,6.29,634.74,Watermelon,Sandy,Crimson Sweet
50.33,59.51,47.59,33.83,37.9,7.75,447.22,Wheat,Chalky,Lok-1
51.48,51.47,135.14,23.83,59.57,8.21,849.71,Millet,Chalky,ICTP-8203
68.99,55.14,94.88,28.08,71.31,6.69,1318.25,Maize,Silty,HQPM-1
104.65,42.73,59.54,21.5,83.67,4.0,2338.09,Vegetables,Peaty,Hybrid-A
47.6,54.68,72.61,29.16,33.18,7.58,913.08,Barley,Chalky,BH-902
40.03,17.74,45.82,29.34,42.61,6.35,743.47,Millet,Sandy,HHB-67
66.93,40.46,91.81,27.24,70.6,6.89,1090.51,Tomato,Loamy,Roma
54.32,21.58,60.92,32.65,56.99,5.93,637.98,Watermelon,Sandy,Sugar Baby
126.07,47.42,70.74,20.84,76.68,5.83,2600.0,Tea,Peaty,TV-1
94.39,23.59,94.68,32.4,60.54,5.83,1012.46,Soybean,Loamy,JS-335
91.88,79.03,104.3,26.89,72.53,6.48,807.4,Wheat,Clay,PBW-343
111.52,63.34,117.03,25.76,78.47,6.34,1950.2,Wheat,Clay,HD-2967
72.83,35.35,88.06,26.08,61.92,7.44,1170.85,Cotton,Loamy,Bt-2
97.86,36.66,86.84,23.38,77.32,6.65,1440.18,Vegetables,Silty,Local-1
54.77,40.73,33.15,29.18,41.44,5.46,848.32,Watermelon,Sandy,Sugar Baby
89.82,52.05,114.36,21.78,69.27,6.78,1093.65,Maize,Loamy,Pioneer-3396
55.0,32.67,69.95,32.24,34.79,7.15,849.19,Watermelon,Sandy,Sugar Baby
50.58,23.75,33.89,33.4,39.28,6.33,1059.56,Watermelon,Sandy,Arka Manik
143.2,41.41,83.12,19.95,76.35,5.71,1483.27,Potato,Peaty,Kufri Bahar
121.55,35.55,44.0,24.02,81.24,5.56,2176.53,Rice,Peaty,Basmati-370
55.95,40.53,70.97,22.66,51.54,8.59,809.96,Barley,Chalky,RD-2552
58.65,16.46,69.39,34.15,35.97,5.23,663.19,Vegetables,Sandy,Local-1
109.62,55.4,103.75,26.54,73.87,6.56,1562.41,Millet,Clay,RHB-173
39.81,64.83,72.94,30.83,58.49,8.25,1168.6,Wheat,Chalky,PBW-343
42.88,39.0,93.47,26.07,60.38,5.97,1121.87,Wheat,Silty,HD-2967
34.76,71.88,54.76,24.76,50.97,7.96,631.28,Barley,Chalky,RD-2552
116.14,48.52,147.87,23.2,83.04,7.59,1308.8,Rice,Clay,Swarna
56.44,54.84,126.81,24.77,31.47,7.7,722.7,Wheat,Chalky,Lok-1
55.68,44.67,75.51,22.83,51.57,8.03,509.49,Wheat,Chalky,PBW-343
94.91,56.09,90.38,27.77,55.77,7.2,1287.39,Vegetables,Silty,Hybrid-A
101.31,54.85,84.69,24.87,59.54,6.63,1266.4,Soybean,Loamy,NRC-37
30.02,41.68,103.41,21.39,49.08,7.9,1160.35,Millet,Chalky,HHB-67
148.15,21.68,59.74,18.23,85.06,5.08,1526.08,Rice,Peaty,Basmati-370
100.11,32.87,126.67,27.02,62.51,6.84,1628.98,Sugarcane,Clay,Co-86032
46.88,28.79,89.73,24.19,54.18,7.55,1391.25,Tomato,Loamy,Arka Vikas
114.41,51.37,72.4,13.96,88.31,4.43,1358.73,Tea,Peaty,TV-1
69.36,40.56,68.52,24.03,67.78,6.17,1518.54,Rice,Silty,IR64
65.03,62.29,96.94,23.78,56.0,5.99,1813.53,Wheat,Silty,Lok-1
61.42,36.65,120.34,24.92,67.81,6.72,1127.97,Maize,Loamy,Pioneer-3396
118.86,50.63,84.44,25.33,80.85,5.88,1635.3,Tea,Peaty,TV-1
37.94,43.41,72.88,21.24,48.19,8.05,610.36,Maize,Chalky,Pioneer-3396
127.89,32.57,52.53,16.13,69.45,4.74,1934.58,Rice,Peaty,Basmati-370
120.0,51.16,98.33,22.36,64.98,6.82,1405.9,Cotton,Loamy,Bt-2
38.12,53.56,89.6,28.91,32.68,8.12,1082.47,Potato,Chalky,Kufri Jyoti
38.26,27.02,45.64,31.07,59.52,6.14,762.25,Rice,Sandy,Swarna
133.73,63.56,98.84,29.18,77.72,7.2,1578.33,Cotton,Clay,Bt-2
44.93,28.19,110.51,24.09,42.34,8.15,776.15,Cotton,Chalky,Suraj
98.42,73.78,73.34,26.9,72.66,5.74,1445.58,Wheat,Clay,HD-2967
32.89,60.83,69.74,25.6,43.38,7.54,898.21,Millet,Chalky,HHB-67
122.19,61.74,93.43,26.96,77.91,6.44,1321.95,Rice,Clay,IR64
64.03,62.73,89.4,26.16,57.04,6.87,852.97,Soybean,Loamy,NRC-37
60.96,31.11,47.68,29.27,32.94,6.46,387.34,Millet,Sandy,ICTP-8203
26.05,47.02,94.78,27.78,45.39,8.35,909.99,Barley,Chalky,DWRB-73
44.1,38.39,49.78,34.58,49.99,5.84,627.16,Potato,Sandy,Kufri Bahar
42.99,41.04,109.09,34.12,58.7,7.63,1194.19,Cotton,Chalky,Bt-1
105.88,25.0,132.0,27.85,69.43,7.19,1134.79,Sugarcane,Clay,Co-86032
58.05,36.77,109.4,28.57,36.81,7.99,946.11,Barley,Chalky,RD-2552
70.97,37.74,49.52,31.63,49.83,6.29,495.86,Potato,Sandy,Kufri Pukhraj
36.13,47.58,90.23,27.85,40.36,8.02,886.66,Sugarcane,Chalky,Co-0238
85.82,62.89,136.73,29.48,81.11,6.76,1706.71,Tomato,Clay,Pusa Ruby
99.58,27.41,76.43,17.52,76.86,4.84,1481.65,Vegetables,Peaty,Hybrid-A
40.51,28.4,55.55,24.15,49.64,6.41,328.56,Potato,Sandy,Kufri Jyoti
120.01,19.73,71.48,19.46,85.19,4.57,1374.27,Maize,Peaty,DHM-117
148.58,50.29,58.37,23.96,82.19,5.78,2056.5,Vegetables,Peaty,Hybrid-A
113.97,52.42,94.76,22.07,74.61,6.89,1228.34,Maize,Clay,HQPM-1
86.75,62.22,70.0,27.29,71.32,6.49,1999.98,Rice,Clay,IR64
104.14,39.08,109.66,23.58,86.66,6.42,1782.7,Sugarcane,Clay,Co-0118
53.01,35.27,56.36,28.58,42.49,5.74,946.54,Potato,Sandy,Kufri Jyoti
104.34,35.72,62.0,16.78,79.88,5.67,1639.41,Tea,Peaty,TV-23
51.99,34.87,53.21,27.49,43.89,6.62,382.97,Maize,Sandy,DHM-117
122.8,42.43,47.98,19.99,76.63,4.79,1679.52,Tea,Peaty,UPASI-9
84.64,53.24,120.08,25.25,60.43,7.57,1637.56,Sugarcane,Clay,Co-0238
76.32,52.42,61.53,22.32,76.52,7.2,1294.04,Wheat,Silty,PBW-343
114.34,40.44,126.84,28.57,74.29,7.27,1245.98,Wheat,Clay,HD-2967
44.91,53.2,81.18,23.16,40.35,8.26,635.67,Vegetables,Chalky,Local-1
71.42,23.37,74.01,29.43,57.16,5.99,678.08,Groundnut,Sandy,GG-20
77.97,52.9,109.56,25.21,64.24,6.61,700.0,Watermelon,Clay,Crimson Sweet
149.35,37.34,79.55,20.15,78.53,5.09,1371.21,Vegetables,Peaty,Hybrid-B
85.24,58.54,83.87,34.0,67.61,5.89,864.53,Sugarcane,Loamy,Co-86032
71.52,38.22,87.81,19.98,74.57,7.01,1565.64,Wheat,Silty,HD-2967
54.72,64.47,77.95,22.3,44.98,7.8,829.52,Millet,Chalky,RHB-173
90.66,47.21,106.88,25.02,66.34,7.61,1642.4,Maize,Silty,Pioneer-3396
72.44,34.71,123.08,29.27,64.21,6.76,1576.6,Wheat,Clay,PBW-343
133.22,54.52,69.12,15.6,68.97,5.12,2304.67,Potato,Peaty,Kufri Jyoti
107.75,31.78,91.25,23.82,80.24,5.42,1156.71,Potato,Peaty,Kufri Pukhraj
84.26,45.66,99.29,24.06,59.86,6.49,1930.88,Maize,Silty,Pioneer-3396
86.43,47.46,75.02,24.18,62.83,6.86,1311.52,Sugarcane,Loamy,Co-0238
83.08,45.66,84.99,23.26,56.29,6.16,1472.59,Maize,Loamy,Pioneer-3396
52.0,39.01,94.62,23.21,71.56,7.07,1332.92,Vegetables,Silty,Hybrid-A
106.08,65.21,94.27,23.21,77.57,7.03,1837.81,Rice,Clay,Basmati-370
95.36,57.95,78.95,26.11,57.35,6.89,1276.03,Cotton,Loamy,Suraj
36.73,34.19,66.62,28.35,28.57,6.01,764.55,Watermelon,Sandy,Arka Manik
78.33,34.93,117.21,26.42,68.51,6.51,1289.66,Cotton,Loamy,Bt-2
40.95,23.08,45.43,33.38,49.84,7.02,1045.67,Groundnut,Sandy,TAG-24
85.59,21.89,87.07,18.9,69.87,5.04,1589.49,Rice,Peaty,IR64
85.78,72.88,96.45,23.39,75.45,6.73,1053.81,Rice,Clay,IR64
62.78,19.14,82.47,33.34,46.61,6.9,483.97,Watermelon,Sandy,Crimson Sweet
37.33,25.89,37.39,30.57,43.1,7.24,396.39,Potato,Sandy,Kufri Bahar
20.0,25.17,41.26,29.35,45.01,7.05,724.81,Groundnut,Sandy,GG-20
106.87,60.98,92.4,29.15,64.26,6.64,1135.82,Maize,Loamy,HQPM-1
87.73,55.28,109.44,22.52,76.52,7.71,1383.28,Maize,Silty,Pioneer-3396
29.16,28.42,58.6,31.62,49.36,5.48,452.53,Groundnut,Sandy,JL-24
58.1,44.33,90.85,24.27,49.64,7.78,777.56,Wheat,Chalky,PBW-343
64.89,57.78,88.49,28.55,31.57,7.67,854.19,Millet,Chalky,ICTP-8203
74.96,34.52,81.59,26.34,75.18,6.9,1092.46,Wheat,Silty,Lok-1
100.78,51.06,103.42,19.93,72.74,6.99,1331.62,Rice,Silty,Swarna
44.4,36.92,54.6,36.99,42.93,6.41,986.42,Watermelon,Sandy,Arka Manik
41.98,32.76,65.66,29.78,45.34,6.62,696.54,Potato,Sandy,Kufri Bahar
115.0,55.15,93.45,22.3,76.76,6.41,1463.84,Rice,Silty,IR64
35.36,24.42,51.55,31.8,31.46,5.62,755.04,Watermelon,Sandy,Sugar Baby
92.91,56.45,98.39,27.82,69.72,6.19,1583.2,Cotton,Clay,Bt-2
99.64,46.09,67.78,22.27,51.43,7.26,1528.67,Vegetables,Loamy,Hybrid-B
55.85,61.64,90.08,25.81,54.93,8.25,479.09,Millet,Chalky,HHB-67
117.9,36.74,78.18,27.15,74.47,4.9,1843.82,Rice,Peaty,Basmati-370
77.86,30.28,91.65,26.63,71.34,6.97,853.0,Millet,Silty,ICTP-8203
90.01,46.74,113.9,24.45,67.72,6.68,1385.89,Maize,Silty,HQPM-1
31.91,31.49,48.94,34.62,49.74,6.43,507.96,Millet,Sandy,HHB-67
52.13,28.69,50.0,29.84,55.04,6.3,610.43,Watermelon,Sandy,Sugar Baby
45.42,31.44,56.51,26.75,54.96,6.7,527.69,Potato,Sandy,Kufri Pukhraj
71.09,64.91,77.13,28.0,37.72,7.65,907.18,Cotton,Chalky,Suraj
106.1,55.61,112.33,21.65,67.72,6.88,1504.23,Cotton,Clay,Bt-2
30.21,60.7,88.77,33.89,53.61,8.25,606.26,Cotton,Chalky,Bt-2
79.0,45.44,74.78,27.34,73.18,6.43,1243.76,Cotton,Loamy,Bt-2
114.66,45.97,50.67,17.64,74.77,6.06,2094.68,Vegetables,Peaty,Hybrid-A
50.2,58.72,85.63,26.85,44.78,8.1,574.17,Barley,Chalky,RD-2552
122.77,60.51,100.84,25.87,74.18,6.98,1470.02,Cotton,Clay,Bt-2
68.13,53.93,96.79,32.41,68.08,6.65,1266.79,Millet,Loamy,HHB-67
90.69,46.72,129.73,30.16,74.19,7.24,1290.88,Wheat,Clay,Lok-1
97.18,47.52,57.0,19.54,74.87,5.95,1910.08,Millet,Peaty,RHB-173
36.86,75.53,74.67,24.64,53.64,8.29,655.06,Cotton,Chalky,Bt-2
99.45,35.99,79.71,21.25,78.44,5.68,2545.11,Tea,Peaty,UPASI-9
91.4,32.35,75.68,12.82,88.47,5.28,1626.94,Potato,Peaty,Kufri Pukhraj
105.31,32.45,70.42,21.0,80.38,4.39,2053.77,Potato,Peaty,Kufri Bahar
46.18,37.47,43.21,27.47,46.56,6.66,676.87,Watermelon,Sandy,Arka Manik
48.22,53.23,71.59,22.28,61.23,7.77,979.96,Cotton,Chalky,Bt-2
56.41,57.9,60.91,29.2,63.04,7.0,1549.3,Wheat,Silty,PBW-343
108.26,32.47,76.6,23.35,73.34,4.6,2037.36,Tea,Peaty,UPASI-9
125.71,30.48,94.71,17.44,82.72,5.12,1751.51,Tomato,Peaty,Pusa Ruby
94.65,58.86,79.39,27.44,73.13,6.89,1381.55,Tomato,Loamy,Arka Vikas
41.85,55.85,92.93,21.8,39.22,7.81,829.42,Millet,Chalky,RHB-173
68.21,79.99,127.5,24.1,46.23,8.38,744.54,Wheat,Chalky,HD-2967
52.52,69.66,77.57,28.23,48.27,7.38,580.75,Wheat,Chalky,HD-2967
79.71,39.18,83.27,29.57,60.51,5.97,1197.11,Vegetables,Silty,Local-1
105.37,41.6,65.93,23.99,82.08,5.55,1821.03,Potato,Peaty,Kufri Pukhraj
62.03,37.42,105.11,25.79,43.39,7.41,454.77,Rice,Chalky,IR64
74.21,44.16,102.01,24.04,52.03,7.64,1241.25,Wheat,Silty,HD-2967
87.46,48.6,148.85,27.42,76.9,6.17,914.17,Wheat,Clay,PBW-343
75.34,45.11,85.89,30.95,65.52,7.67,1615.78,Maize,Silty,Pioneer-3396
101.82,41.37,128.71,21.49,73.1,6.49,1274.11,Rice,Clay,Swarna
63.72,84.92,56.51,26.56,32.09,7.78,822.85,Wheat,Chalky,HD-2967
86.29,54.52,114.97,16.99,69.9,7.17,1703.13,Vegetables,Silty,Hybrid-B
62.96,51.92,104.68,27.42,45.94,8.55,643.5,Wheat,Chalky,Lok-1
140.0,57.48,128.47,23.23,63.33,6.82,875.47,Cotton,Clay,Bt-2
43.36,26.22,48.43,24.62,45.47,6.52,686.05,Maize,Sandy,DHM-117
52.29,51.34,89.58,22.94,56.93,7.6,943.9,Millet,Chalky,HHB-67
48.92,53.71,103.95,29.16,43.29,8.05,693.33,Potato,Chalky,Kufri Jyoti
44.59,72.47,122.42,27.12,36.37,8.04,756.5,Cotton,Chalky,Bt-2
104.75,49.64,87.99,24.75,77.27,6.92,1426.14,Rice,Silty,Basmati-370
35.6,20.99,79.29,29.45,39.04,6.91,721.06,Potato,Sandy,Kufri Pukhraj
42.5,85.24,106.7,25.11,32.89,8.24,614.06,Wheat,Chalky,Lok-1
42.44,52.55,130.81,30.53,51.64,8.08,1141.38,Barley,Chalky,RD-2552
40.0,66.54,96.37,26.45,29.86,8.16,682.88,Millet,Chalky,ICTP-8203
75.43,48.08,105.8,23.67,71.81,6.27,1473.03,Vegetables,Silty,Local-1
87.06,50.74,91.51,26.3,68.99,6.62,1267.1,Rice,Clay,IR64
97.49,55.58,62.15,19.56,77.85,5.26,2292.02,Tea,Peaty,TV-1
123.75,44.38,71.38,25.45,66.41,6.41,1381.28,Cotton,Clay,Bt-1
61.16,45.48,50.0,25.69,56.14,7.1,1441.76,Wheat,Loamy,PBW-343
51.35,26.03,67.42,23.32,29.51,6.64,684.88,Millet,Sandy,ICTP-8203
82.89,43.89,76.92,32.0,61.49,6.29,1767.15,Maize,Loamy,Pioneer-3396
88.51,44.89,97.2,29.12,65.51,5.6,1070.68,Wheat,Silty,Lok-1
54.75,18.54,36.48,27.69,46.21,6.4,467.13,Groundnut,Sandy,JL-24
72.87,44.07,98.43,25.0,50.49,6.06,1184.29,Maize,Loamy,Pioneer-3396
63.23,44.33,87.13,28.34,46.65,7.93,934.11,Millet,Chalky,ICTP-8203
88.41,56.53,71.95,27.0,72.46,6.57,1565.86,Maize,Silty,Pioneer-3396
43.46,64.79,52.06,24.41,57.43,8.27,910.13,Wheat,Chalky,PBW-343
124.44,56.12,151.22,24.24,68.53,7.03,1375.21,Tomato,Clay,Pusa Ruby
38.34,23.54,47.31,33.99,46.23,6.84,755.79,Potato,Sandy,Kufri Bahar
55.63,46.26,55.6,21.61,64.38,6.76,1319.97,Vegetables,Silty,Local-1
52.93,32.55,49.17,31.86,43.86,6.11,985.1,Rice,Sandy,Basmati-370
125.71,46.8,37.43,19.45,91.97,5.29,1636.08,Tea,Peaty,TV-23
85.14,53.59,125.72,32.4,62.05,6.34,1515.97,Sugarcane,Clay,Co-86032
68.12,36.59,85.99,17.74,68.94,6.6,1566.59,Cotton,Silty,Suraj
51.32,36.51,65.66,31.4,34.76,5.74,762.17,Watermelon,Sandy,Sugar Baby
65.39,33.68,82.43,28.33,67.11,6.91,1120.6,Vegetables,Silty,Hybrid-A
144.67,46.96,49.59,16.13,76.27,5.49,1708.05,Vegetables,Peaty,Hybrid-B
42.74,28.93,37.39,27.24,45.96,6.31,516.95,Watermelon,Sandy,Crimson Sweet
83.82,52.84,86.32,27.64,74.81,6.4,1130.33,Watermelon,Silty,Arka Manik
79.01,67.58,116.4,27.21,80.68,5.83,1631.86,Wheat,Clay,PBW-343
59.55,71.98,122.56,18.69,60.28,6.57,1109.14,Vegetables,Silty,Hybrid-A
119.95,54.93,135.12,28.66,74.54,7.0,1723.67,Rice,Clay,IR64
76.22,42.76,80.1,24.82,67.2,6.12,1290.59,Rice,Silty,Basmati-370
40.2,31.55,44.02,33.11,43.11,6.03,470.13,Potato,Sandy,Kufri Jyoti
68.9,42.24,80.11,22.14,70.37,6.56,1357.69,Maize,Silty,HQPM-1
88.22,56.91,72.15,19.04,76.14,4.98,1270.67,Tea,Peaty,TV-23
119.28,36.37,52.46,20.29,81.43,5.76,1945.65,Potato,Peaty,Kufri Bahar
74.7,68.33,94.63,24.18,68.39,7.28,1021.33,Maize,Loamy,HQPM-1
34.44,60.91,114.29,26.13,39.86,8.21,762.28,Millet,Chalky,RHB-173
100.32,57.14,98.44,25.53,71.42,6.14,1208.07,Rice,Silty,Basmati-370
38.44,38.8,129.57,31.97,39.2,8.02,654.53,Wheat,Chalky,PBW-343
66.18,49.38,71.84,27.72,62.74,7.74,1293.46,Rice,Silty,IR64
51.37,30.14,41.93,29.71,50.71,6.69,887.26,Potato,Sandy,Kufri Jyoti
50.21,31.89,52.39,31.58,41.78,7.24,418.7,Groundnut,Sandy,GG-20
140.95,16.57,65.57,17.98,77.27,4.56,2428.22,Vegetables,Peaty,Local-1
107.69,62.31,149.18,24.82,72.13,6.46,1592.41,Cotton,Clay,Suraj
45.02,25.8,30.99,31.66,39.65,6.62,890.19,Groundnut,Sandy,TAG-24
104.29,62.04,94.13,25.72,64.0,6.86,1582.91,Wheat,Silty,PBW-343
71.61,44.17,71.57,31.51,52.95,7.79,1113.29,Barley,Chalky,DWRB-73
110.78,51.76,65.33,21.44,80.32,5.28,1799.71,Vegetables,Peaty,Local-1
49.97,47.11,71.74,24.6,73.86,6.78,1192.87,Rice,Silty,Swarna
51.53,34.22,57.88,25.47,43.9,5.62,781.1,Potato,Sandy,Kufri Jyoti
79.29,54.2,74.17,24.73,70.82,6.65,650.0,Vegetables,Silty,Hybrid-B
66.15,44.46,100.77,30.43,51.42,7.99,642.82,Cotton,Chalky,Bt-1
74.16,53.19,101.81,22.95,66.67,7.33,1010.36,Rice,Silty,Swarna
40.06,62.77,83.57,20.14,46.71,7.48,760.46,Cotton,Chalky,Bt-2
80.06,59.25,75.48,20.23,66.24,6.56,951.38,Wheat,Loamy,HD-2967
88.42,40.18,77.22,23.88,59.31,6.7,1069.42,Wheat,Silty,PBW-343
31.41,43.26,101.76,26.74,49.57,8.2,391.39,Cotton,Chalky,Bt-2
109.65,42.74,62.03,21.9,72.4,5.62,1221.59,Tea,Peaty,TV-23
100.01,20.0,68.96,24.17,59.28,6.84,1054.7,Maize,Silty,HQPM-1
26.27,37.48,45.69,28.35,42.27,6.44,493.35,Millet,Sandy,RHB-173
121.0,37.04,69.92,19.5,72.19,5.1,1073.31,Sugarcane,Peaty,Co-86032
158.46,21.29,67.47,15.36,80.88,4.56,1725.22,Vegetables,Peaty,Hybrid-A
100.4,38.56,89.17,20.99,59.68,6.72,1274.97,Wheat,Loamy,Lok-1
73.18,51.94,68.09,16.88,62.4,7.04,1675.24,Maize,Silty,HQPM-1
69.62,58.92,87.39,26.7,57.06,6.29,1135.65,Maize,Loamy,HQPM-1
55.35,69.37,86.15,29.32,50.24,8.62,821.02,Tea,Chalky,TV-23
107.96,33.84,88.11,21.63,90.7,5.14,1545.88,Millet,Peaty,RHB-173
47.22,34.72,61.99,34.09,30.14,6.41,788.55,Watermelon,Sandy,Crimson Sweet
54.04,59.44,91.58,23.74,55.31,7.49,745.71,Millet,Chalky,ICTP-8203
90.02,52.92,123.07,28.05,54.36,7.58,1443.46,Cotton,Loamy,Bt-1
44.49,39.48,106.57,22.35,56.83,8.68,674.11,Barley,Chalky,BH-902
127.81,45.13,91.34,22.29,80.8,5.71,1200.69,Millet,Peaty,HHB-67
50.85,66.43,90.43,19.67,41.34,8.5,794.32,Wheat,Chalky,PBW-343
42.83,26.27,44.45,31.81,41.57,6.71,720.96,Potato,Sandy,Kufri Pukhraj
90.7,17.52,84.65,25.07,86.31,5.33,1500.19,Rice,Peaty,Basmati-370
78.09,64.65,98.08,25.13,83.69,6.94,1315.11,Rice,Silty,IR64
32.96,46.86,87.89,22.33,69.43,7.67,682.71,Maize,Chalky,HQPM-1
74.36,63.01,80.23,25.54,58.04,6.49,876.67,Vegetables,Loamy,Local-1
68.12,53.31,114.18,32.0,62.12,6.69,843.22,Potato,Silty,Kufri Jyoti
34.3,37.66,91.51,25.05,45.83,8.07,1026.64,Cotton,Chalky,Bt-1
80.12,25.78,61.61,25.8,62.62,6.69,1404.04,Cotton,Loamy,Suraj
127.57,36.82,78.23,18.47,67.89,6.14,1475.63,Vegetables,Peaty,Hybrid-B
42.35,25.56,59.63,29.39,53.59,5.91,489.25,Millet,Sandy,HHB-67
132.54,45.53,66.01,23.37,73.42,5.82,2181.22,Potato,Peaty,Kufri Pukhraj
60.99,26.93,67.08,29.7,33.05,6.94,859.52,Millet,Sandy,HHB-67
102.05,25.25,85.64,13.02,80.47,5.54,1383.82,Tea,Peaty,TV-23
84.37,53.53,96.66,24.47,69.63,6.5,1628.29,Maize,Silty,Pioneer-3396
96.45,70.92,121.59,27.8,70.83,6.96,1072.55,Rice,Clay,Swarna
39.75,24.8,37.54,36.12,44.26,6.57,587.24,Millet,Sandy,HHB-67
113.97,54.0,80.35,32.68,54.46,6.07,1627.49,Sugarcane,Loamy,Co-0238
87.22,48.07,102.86,21.68,68.55,6.25,1613.35,Cotton,Clay,Bt-1
57.14,76.97,79.34,24.75,48.08,8.56,442.98,Wheat,Chalky,Lok-1
95.28,63.66,89.93,27.19,69.39,6.75,1936.58,Wheat,Clay,Lok-1
90.93,35.22,91.53,28.43,63.23,6.47,1399.05,Rice,Silty,IR64
56.09,41.51,110.15,22.21,70.94,6.37,988.49,Soybean,Loamy,JS-335
110.88,59.19,112.28,23.17,79.32,5.88,1001.65,Sugarcane,Clay,Co-86032
91.81,54.18,81.34,24.66,72.37,6.64,1512.33,Maize,Silty,DHM-117
88.47,43.54,72.23,21.37,86.62,6.62,1477.67,Wheat,Silty,PBW-343
75.63,48.93,101.35,21.23,73.95,7.67,1418.6,Tomato,Loamy,Roma
138.66,43.11,84.52,19.82,84.63,5.16,1288.97,Rice,Peaty,Basmati-370
74.67,48.5,78.67,21.83,63.37,6.6,1196.84,Cotton,Loamy,Bt-1
40.88,35.67,64.92,30.64,50.86,6.18,673.63,Watermelon,Sandy,Arka Manik
53.47,19.34,54.16,31.14,49.63,5.79,664.35,Potato,Sandy,Kufri Bahar
86.89,52.53,98.5,26.1,69.15,7.26,1353.54,Vegetables,Silty,Hybrid-A
117.87,43.79,68.65,17.71,90.31,5.09,1131.2,Potato,Peaty,Kufri Jyoti
100.25,38.2,66.69,22.9,48.8,6.37,1083.24,Soybean,Loamy,MAUS-71
71.42,72.72,110.58,25.76,65.18,6.27,1350.83,Wheat,Silty,PBW-343
76.97,61.94,109.96,18.0,75.74,7.22,1215.85,Wheat,Clay,HD-2967
62.94,28.65,60.82,33.33,34.81,6.69,605.29,Millet,Sandy,ICTP-8203
62.68,37.53,56.99,30.14,55.22,7.01,860.29,Groundnut,Sandy,GG-20
45.49,13.67,50.14,32.5,37.54,6.23,561.92,Rice,Sandy,Basmati-370
66.38,77.43,82.71,25.49,39.13,7.94,1013.39,Wheat,Chalky,HD-2967
82.8,68.39,133.52,26.04,76.24,6.99,1314.89,Wheat,Clay,HD-2967
72.08,30.74,93.76,29.78,71.11,7.33,1295.86,Soybean,Loamy,NRC-37
87.35,49.7,87.77,25.84,55.32,6.84,919.74,Tomato,Loamy,Pusa Ruby
51.44,45.92,89.54,25.06,54.8,7.93,988.17,Sugarcane,Chalky,Co-0238
84.71,63.66,105.69,23.39,75.95,6.26,1463.38,Cotton,Clay,Bt-1
59.18,65.32,104.71,26.48,63.68,7.04,1371.01,Wheat,Loamy,HD-2967
80.04,32.77,106.79,28.81,74.99,6.47,996.68,Wheat,Silty,Lok-1
95.88,35.39,72.81,19.07,73.49,6.31,1487.99,Vegetables,Peaty,Local-1
103.7,61.22,118.62,25.85,68.42,6.49,1400.44,Sugarcane,Clay,Co-0118
103.79,58.0,98.66,25.72,74.21,7.81,1350.19,Wheat,Clay,Lok-1
99.96,39.72,101.7,19.89,70.32,6.68,977.94,Vegetables,Silty,Hybrid-A
56.36,38.22,86.1,35.0,58.99,8.68,581.5,Barley,Chalky,RD-2552
141.04,21.03,58.7,22.66,72.33,5.0,1379.84,Potato,Peaty,Kufri Bahar
73.74,56.02,96.87,24.26,85.96,7.21,1011.55,Sugarcane,Clay,Co-86032
45.51,24.52,66.2,27.78,40.43,6.3,675.04,Potato,Sandy,Kufri Pukhraj
86.66,46.13,72.96,30.88,65.84,6.85,1219.63,Groundnut,Loamy,JL-24
83.71,45.14,92.45,21.3,79.45,4.59,1630.78,Vegetables,Peaty,Hybrid-B
43.81,24.39,63.22,29.41,35.19,5.82,524.7,Groundnut,Sandy,JL-24
102.23,55.38,56.21,32.0,61.41,7.58,1250.57,Vegetables,Silty,Local-1
59.62,56.5,96.76,24.38,53.18,8.21,490.56,Millet,Chalky,RHB-173
62.62,40.23,95.91,23.16,50.96,8.48,940.06,Millet,Chalky,RHB-173
55.0,56.26,128.08,26.08,76.41,6.62,1431.18,Sugarcane,Clay,Co-86032
91.71,39.55,88.31,27.14,56.97,6.6,1309.81,Soybean,Loamy,JS-335
81.84,30.51,83.85,26.24,67.23,6.72,1498.66,Rice,Silty,Basmati-370
69.47,52.61,65.9,20.85,49.09,7.91,1058.37,Wheat,Chalky,HD-2967
92.22,45.91,85.2,22.39,64.16,6.84,970.88,Tomato,Loamy,Arka Vikas
134.13,47.54,65.43,26.45,74.87,4.0,900.0,Tea,Peaty,TV-23
63.74,26.13,48.0,29.46,48.5,5.86,744.83,Groundnut,Sandy,TAG-24
85.27,60.84,88.3,24.86,72.49,6.06,925.43,Wheat,Silty,Lok-1
123.81,32.62,67.02,14.06,84.69,4.84,1957.24,Rice,Peaty,Basmati-370
82.77,43.35,87.62,23.59,65.02,7.34,1599.77,Wheat,Loamy,PBW-343
92.92,52.52,107.81,29.47,80.73,6.6,1156.6,Sugarcane,Clay,Co-0238
48.24,50.3,88.35,22.72,45.47,8.5,636.24,Maize,Chalky,DHM-117
66.63,56.7,114.38,25.7,42.32,8.18,524.79,Barley,Chalky,DWRB-73
109.47,36.04,100.23,22.27,77.95,6.92,1293.5,Rice,Silty,IR64
72.28,39.71,62.26,24.87,66.95,7.04,1342.19,Millet,Loamy,ICTP-8203
42.02,57.56,85.33,31.64,53.83,8.31,1014.08,Wheat,Chalky,Lok-1
69.15,41.2,112.24,28.9,68.39,6.96,1840.55,Maize,Silty,DHM-117
90.28,47.36,73.95,24.34,83.08,7.21,1490.98,Vegetables,Silty,Hybrid-A
63.32,27.68,65.76,27.88,49.81,6.19,933.11,Millet,Sandy,RHB-173
49.82,34.45,40.98,27.0,49.03,5.96,576.35,Wheat,Sandy,Lok-1
58.78,60.18,84.85,19.61,51.06,6.61,1155.77,Wheat,Silty,HD-2967
103.91,61.64,90.56,28.04,68.86,6.53,1208.93,Rice,Clay,Swarna
149.23,21.29,49.95,23.35,71.54,5.68,1854.46,Tea,Peaty,TV-23
73.26,43.29,67.31,20.64,78.2,6.82,1247.01,Wheat,Loamy,HD-2967
102.71,79.76,126.15,27.98,70.45,6.12,1369.44,Wheat,Clay,HD-2967
50.27,73.0,123.45,29.73,43.34,7.68,583.78,Millet,Chalky,HHB-67
52.16,30.93,50.88,28.97,51.09,6.06,811.4,Potato,Sandy,Kufri Jyoti
37.06,32.07,60.5,27.52,51.53,6.23,444.53,Groundnut,Sandy,TAG-24
106.78,65.97,138.88,21.78,71.15,5.7,1055.53,Potato,Clay,Kufri Jyoti
67.87,48.76,99.79,23.26,71.46,6.31,1933.74,Rice,Clay,Swarna
112.16,39.5,73.84,18.73,70.72,5.58,1836.9,Rice,Peaty,Swarna
105.26,50.65,71.76,21.26,76.67,5.76,1817.31,Vegetables,Peaty,Hybrid-A
121.85,44.87,76.48,19.26,84.95,5.69,1641.44,Potato,Peaty,Kufri Jyoti
65.41,60.28,93.75,28.52,63.75,7.34,1276.08,Wheat,Loamy,PBW-343
47.2,29.02,64.35,26.58,35.98,5.84,722.23,Groundnut,Sandy,GG-20
88.71,59.71,110.9,24.05,65.96,5.96,1412.81,Wheat,Silty,HD-2967
69.48,31.16,96.24,23.15,76.99,6.96,1329.22,Cotton,Loamy,Bt-2
53.63,25.46,34.63,30.64,53.42,6.45,250.0,Watermelon,Sandy,Sugar Baby
55.21,51.29,64.01,22.31,54.91,6.75,1163.25,Maize,Loamy,DHM-117
37.11,24.14,78.81,27.74,47.63,6.75,841.03,Potato,Sandy,Kufri Bahar
55.79,58.68,140.0,25.89,42.48,8.4,841.63,Millet,Chalky,ICTP-8203
96.7,63.19,96.19,21.72,72.32,6.55,1400.29,Rice,Clay,IR64
63.83,48.72,86.67,22.35,68.05,6.66,1196.5,Vegetables,Silty,Hybrid-B
89.09,40.94,65.97,25.74,60.32,7.07,1409.09,Tomato,Loamy,Roma
95.15,55.14,80.59,23.5,65.03,6.22,1082.99,Vegetables,Silty,Hybrid-B
93.27,63.64,73.22,26.87,70.44,6.21,1512.82,Sugarcane,Silty,Co-86032
64.74,56.61,102.24,24.71,72.52,7.03,1368.79,Wheat,Silty,HD-2967
29.09,23.02,44.14,29.75,44.54,7.4,498.91,Rice,Sandy,Swarna
59.73,46.22,114.89,25.25,56.82,8.23,531.11,Millet,Chalky,RHB-173
72.44,48.09,95.2,28.43,53.03,6.16,1112.38,Cotton,Loamy,Bt-1
33.5,27.53,55.45,33.56,32.81,6.31,497.61,Watermelon,Sandy,Crimson Sweet
83.85,36.05,63.25,28.24,59.28,7.41,1271.55,Sugarcane,Silty,Co-0238
38.19,53.53,92.33,25.23,47.53,7.41,912.0,Millet,Chalky,ICTP-8203
86.07,56.72,103.34,26.29,65.68,6.7,1137.59,Millet,Silty,ICTP-8203
64.91,24.86,124.23,25.52,80.72,6.23,1655.66,Vegetables,Silty,Local-1
71.86,45.12,100.09,25.95,79.38,6.49,1565.27,Vegetables,Silty,Local-1
94.2,45.69,50.37,22.42,71.94,4.79,1971.42,Potato,Peaty,Kufri Pukhraj
51.11,46.27,60.79,25.98,40.08,8.29,726.73,Sugarcane,Chalky,Co-86032
120.16,52.2,97.19,22.71,69.32,7.1,1711.2,Wheat,Clay,HD-2967
136.56,52.95,72.35,19.36,75.44,5.64,1710.86,Vegetables,Peaty,Hybrid-B
41.94,38.54,70.59,31.55,30.18,6.31,590.87,Groundnut,Sandy,GG-20
118.33,48.24,83.24,22.36,79.81,5.58,1285.58,Vegetables,Peaty,Local-1
46.45,28.96,36.04,27.74,50.44,6.66,690.3,Potato,Sandy,Kufri Pukhraj
71.36,59.06,90.34,27.65,65.36,6.96,968.29,Wheat,Loamy,HD-2967
129.49,38.95,74.04,20.49,85.59,5.01,2368.22,Rice,Peaty,Basmati-370
87.41,43.0,61.85,26.03,65.99,6.82,764.26,Sugarcane,Loamy,Co-0118
93.93,62.27,110.16,26.37,70.99,6.86,1854.14,Wheat,Clay,PBW-343
99.85,59.06,95.88,24.16,77.02,6.35,1490.75,Rice,Clay,Basmati-370
74.93,35.45,113.13,21.85,69.35,6.95,1023.07,Maize,Silty,DHM-117
114.91,39.44,69.52,21.55,83.27,5.41,2066.88,Potato,Peaty,Kufri Bahar
54.35,47.3,98.81,24.88,31.48,7.85,550.66,Cotton,Chalky,Suraj
117.5,43.09,74.07,20.57,73.81,6.47,1898.26,Vegetables,Peaty,Hybrid-B
45.31,42.45,70.13,22.5,46.43,7.57,609.62,Cotton,Chalky,Bt-1
116.95,46.5,64.62,22.72,72.53,6.19,2557.16,Potato,Peaty,Kufri Bahar
127.0,46.82,127.26,24.04,73.85,6.37,901.42,Cotton,Clay,Bt-1
53.03,26.44,53.91,31.79,50.94,6.06,925.87,Watermelon,Sandy,Arka Manik
83.51,49.89,64.41,22.17,65.31,7.12,1518.27,Vegetables,Silty,Local-1
131.34,49.07,54.44,17.86,84.92,5.75,1746.66,Wheat,Peaty,PBW-343
43.15,50.16,104.1,23.86,43.45,7.41,745.4,Barley,Chalky,DWRB-73
56.27,58.55,81.27,23.38,42.3,7.66,602.6,Millet,Chalky,RHB-173
62.08,49.23,88.8,28.14,53.42,8.16,585.92,Millet,Chalky,HHB-67
39.72,18.6,62.45,29.34,60.68,6.08,813.29,Rice,Sandy,Swarna
103.2,57.39,101.0,18.79,58.22,6.58,1210.35,Tomato,Loamy,Roma
68.77,49.29,55.63,34.83,45.85,7.73,776.81,Soybean,Chalky,MAUS-71
69.92,36.06,113.28,23.79,64.34,7.32,1325.1,Soybean,Loamy,JS-335
104.49,61.53,99.65,23.78,63.87,6.63,1733.62,Wheat,Clay,HD-2967
154.49,35.59,54.43,20.5,81.88,4.54,2009.58,Tea,Peaty,TV-23
28.18,65.18,89.01,26.73,50.07,7.74,530.83,Wheat,Chalky,PBW-343
53.03,33.58,58.71,31.64,37.43,6.26,428.64,Watermelon,Sandy,Sugar Baby
40.71,29.06,48.76,32.07,48.65,6.01,647.43,Wheat,Sandy,HD-2967
85.13,45.62,100.72,32.0,58.11,5.76,1688.25,Maize,Silty,DHM-117
86.17,28.23,84.75,25.67,60.13,6.99,1366.17,Soybean,Loamy,JS-335
39.89,25.3,51.22,31.49,35.48,6.01,648.9,Watermelon,Sandy,Arka Manik
49.26,22.14,63.34,22.0,47.94,7.39,428.44,Groundnut,Sandy,GG-20
112.42,43.53,57.93,22.21,78.61,5.16,1778.82,Potato,Peaty,Kufri Pukhraj
51.72,67.01,98.48,33.25,59.38,8.48,641.37,Cotton,Chalky,Bt-1
44.43,25.43,70.5,33.03,46.11,5.64,542.29,Watermelon,Sandy,Arka Manik
28.8,28.24,66.56,29.96,27.61,6.22,648.39,Potato,Sandy,Kufri Bahar
131.55,45.45,116.13,26.83,72.36,6.68,1399.07,Millet,Clay,HHB-67
127.58,64.53,105.21,26.11,72.05,6.46,1832.13,Cotton,Clay,Suraj
120.84,33.83,42.94,18.14,85.72,5.25,2115.63,Vegetables,Peaty,Local-1
33.78,23.26,52.14,26.32,29.58,6.23,768.6,Sugarcane,Sandy,Co-0118
101.88,45.45,96.85,23.76,74.45,6.62,1354.45,Maize,Silty,Pioneer-3396
48.2,63.24,113.38,24.65,57.33,8.12,1116.67,Wheat,Chalky,PBW-343
68.6,29.7,115.42,28.37,58.72,7.04,1446.17,Maize,Silty,Pioneer-3396
75.49,53.68,119.1,22.31,73.59,6.1,1516.06,Vegetables,Silty,Hybrid-B
64.21,42.79,93.71,22.46,81.47,7.0,1728.36,Sugarcane,Clay,Co-0238
85.83,40.69,93.01,23.68,69.46,7.16,1437.43,Wheat,Silty,PBW-343
115.95,59.95,69.81,15.82,89.79,5.39,1563.43,Vegetables,Peaty,Hybrid-A
79.47,52.19,102.55,29.51,53.53,7.01,1132.34,Tomato,Loamy,Arka Vikas
22.01,62.38,64.0,26.74,50.97,8.4,709.18,Wheat,Chalky,HD-2967
111.92,37.92,52.02,20.41,70.51,4.73,2195.24,Tea,Peaty,UPASI-9
43.26,64.36,101.22,24.78,40.94,8.36,851.75,Barley,Chalky,DWRB-73
115.0,46.24,115.58,27.16,68.43,6.99,1022.09,Vegetables,Silty,Hybrid-A
86.71,27.92,115.83,24.8,68.36,6.87,1292.88,Sugarcane,Loamy,Co-0118
94.98,38.05,51.2,25.41,65.76,7.74,1449.31,Maize,Silty,DHM-117
124.9,41.6,69.13,21.74,82.78,4.78,2071.58,Rice,Peaty,Basmati-370
68.3,47.7,99.97,29.6,65.93,6.92,1418.49,Maize,Loamy,HQPM-1
57.16,34.53,96.44,21.48,50.12,7.61,602.53,Barley,Chalky,RD-2552
70.82,46.78,108.01,30.92,77.68,6.21,1619.24,Wheat,Silty,Lok-1
119.05,68.11,112.49,32.51,70.15,6.62,1134.89,Groundnut,Clay,GG-20
108.54,30.04,68.02,22.38,80.64,5.27,2271.19,Vegetables,Peaty,Hybrid-B
51.35,36.65,59.24,28.58,36.2,6.06,668.45,Rice,Sandy,IR64
101.44,34.8,66.3,28.08,76.79,7.4,1251.15,Vegetables,Silty,Hybrid-A
86.95,39.87,81.75,25.73,62.85,6.8,1601.15,Cotton,Loamy,Suraj
20.15,34.73,46.39,33.6,47.71,6.81,806.08,Potato,Sandy,Kufri Bahar
103.16,55.74,77.56,22.33,79.2,4.29,2024.4,Tea,Peaty,TV-1
62.79,51.97,59.28,21.46,66.66,7.27,1197.89,Tomato,Loamy,Pusa Ruby
66.25,25.8,88.36,23.71,69.77,5.96,1267.16,Cotton,Loamy,Bt-1
91.33,42.39,95.06,26.45,66.07,7.32,1269.18,Rice,Silty,IR64
56.21,31.86,103.95,30.36,49.56,7.94,768.91,Millet,Chalky,ICTP-8203
73.54,55.68,65.24,28.51,62.62,7.17,1019.87,Maize,Loamy,Pioneer-3396
109.86,59.64,78.12,18.09,84.1,5.07,1648.95,Rice,Peaty,IR64
37.49,66.87,58.83,24.33,46.4,7.87,760.19,Millet,Chalky,HHB-67
61.65,42.67,110.18,26.41,65.87,6.26,1359.91,Cotton,Clay,Bt-2
106.63,44.39,83.55,19.62,87.29,5.28,1794.38,Vegetables,Peaty,Local-1
66.44,47.43,81.72,24.7,74.06,6.78,633.93,Sugarcane,Loamy,Co-86032
88.14,44.62,68.93,19.05,69.45,4.83,2233.18,Tea,Peaty,TV-1
93.36,47.54,98.42,29.93,63.01,7.33,1032.31,Maize,Loamy,HQPM-1
39.86,71.94,60.63,26.55,42.78,8.2,725.0,Cotton,Chalky,Bt-2
25.19,38.29,85.41,26.7,45.22,8.15,680.57,Barley,Chalky,BH-902
119.48,34.64,71.19,20.0,81.69,5.63,2135.35,Rice,Peaty,Swarna
59.51,39.22,101.68,24.95,60.94,7.15,1013.92,Tomato,Loamy,Roma
42.07,28.77,96.18,25.64,51.56,7.64,864.61,Cotton,Chalky,Suraj
75.0,35.54,65.46,31.62,38.48,6.72,494.99,Millet,Sandy,RHB-173
66.48,71.44,110.06,30.94,39.1,8.39,351.07,Cotton,Chalky,Bt-2
59.62,10.0,46.97,29.86,39.91,6.67,871.49,Watermelon,Sandy,Sugar Baby
84.99,35.81,79.49,15.92,88.06,5.34,2186.35,Tea,Peaty,TV-23
82.95,35.47,84.66,22.34,52.1,6.35,1219.68,Sugarcane,Loamy,Co-0238
44.51,51.05,76.17,21.66,47.19,8.47,1078.46,Wheat,Chalky,Lok-1
39.76,33.91,55.21,27.57,52.42,6.73,729.17,Watermelon,Sandy,Arka Manik
50.84,45.13,83.06,25.53,49.62,8.49,454.14,Barley,Chalky,DWRB-73
31.11,23.66,65.12,27.8,51.27,5.31,583.56,Potato,Sandy,Kufri Pukhraj
117.62,40.13,65.3,15.55,81.26,5.12,2153.62,Potato,Peaty,Kufri Pukhraj
51.77,72.93,90.05,20.56,71.29,6.35,925.95,Vegetables,Silty,Local-1
106.21,43.75,102.16,24.03,55.0,6.91,1633.74,Cotton,Clay,Suraj
46.85,90.0,66.92,28.46,57.63,8.32,540.65,Barley,Chalky,BH-902
50.48,31.22,67.4,26.35,34.91,6.83,719.79,Millet,Sandy,ICTP-8203
65.06,50.75,136.96,23.47,68.02,6.28,1077.77,Sugarcane,Clay,Co-86032
108.6,57.62,94.27,26.99,69.09,6.09,1664.11,Sugarcane,Clay,Co-86032
60.78,29.57,46.93,23.59,45.54,6.31,704.9,Millet,Sandy,RHB-173
128.81,41.73,72.32,21.15,84.62,5.48,1620.58,Potato,Peaty,Kufri Jyoti
40.41,54.86,83.85,27.82,63.32,8.19,876.79,Rice,Chalky,Swarna
77.91,51.13,117.25,24.36,61.73,7.62,1648.02,Wheat,Silty,Lok-1
45.45,53.35,104.14,30.78,40.15,7.93,352.69,Wheat,Chalky,HD-2967
73.96,47.4,64.75,26.07,80.0,6.22,1236.19,Maize,Loamy,DHM-117
96.52,38.64,42.11,22.59,77.74,5.78,1432.1,Potato,Peaty,Kufri Bahar
49.73,45.02,103.44,22.32,46.11,8.42,599.53,Barley,Chalky,DWRB-73
77.98,56.4,64.85,24.11,66.17,7.53,1203.29,Sugarcane,Loamy,Co-0118
77.6,37.74,87.26,20.09,88.0,7.55,1722.73,Wheat,Silty,HD-2967
92.68,47.35,100.99,29.73,66.97,6.96,1200.44,Rice,Silty,Basmati-370
99.88,34.2,65.81,17.61,80.89,4.51,2074.58,Potato,Peaty,Kufri Jyoti
78.47,31.13,92.49,24.69,67.53,7.27,1202.46,Soybean,Loamy,MAUS-71
155.5,33.77,69.22,13.67,89.92,4.86,2243.0,Potato,Peaty,Kufri Pukhraj
75.68,31.64,81.92,28.01,57.13,6.92,1329.82,Tomato,Loamy,Pusa Ruby
101.57,52.75,126.83,18.0,70.09,6.48,1484.43,Rice,Clay,Basmati-370
52.92,34.45,20.0,29.4,53.48,6.69,475.62,Watermelon,Sandy,Arka Manik
111.84,46.96,92.57,22.4,86.1,8.0,2027.31,Rice,Clay,Swarna
88.94,47.07,144.98,24.65,90.0,6.82,1204.58,Cotton,Clay,Bt-2
63.22,44.06,81.21,26.42,64.8,6.43,1193.21,Wheat,Loamy,PBW-343
57.65,50.49,70.96,27.87,32.42,8.06,432.11,Barley,Chalky,BH-902
79.27,45.03,101.44,24.55,63.46,7.24,1671.83,Soybean,Silty,JS-335
18.07,60.99,131.34,28.25,40.11,7.88,759.44,Barley,Chalky,DWRB-73
75.16,40.33,80.82,25.39,65.52,6.81,2018.95,Maize,Silty,HQPM-1
55.61,19.26,66.99,38.0,47.82,6.55,594.44,Watermelon,Sandy,Arka Manik
51.97,30.67,55.01,30.34,57.92,6.04,884.47,Groundnut,Sandy,GG-20
29.7,28.16,37.76,30.42,46.51,6.09,971.64,Potato,Sandy,Kufri Bahar
34.72,32.03,45.58,27.68,43.73,7.59,877.89,Cotton,Chalky,Bt-1
106.39,57.77,91.09,24.32,63.49,6.52,1277.54,Sugarcane,Clay,Co-86032
108.3,32.85,98.87,27.11,63.19,6.81,1253.46,Wheat,Loamy,Lok-1
44.98,20.23,64.88,36.45,31.45,6.15,881.74,Watermelon,Sandy,Sugar Baby
50.49,26.73,63.68,27.22,39.48,6.28,390.36,Potato,Sandy,Kufri Jyoti
91.42,40.12,96.01,21.18,73.95,6.77,1543.42,Wheat,Silty,HD-2967
129.71,44.01,72.44,22.63,83.88,5.31,2206.59,Vegetables,Peaty,Hybrid-A
92.35,76.38,104.4,24.31,69.33,7.24,1429.82,Rice,Clay,Basmati-370
71.76,39.91,101.71,29.25,60.23,5.92,1309.48,Maize,Silty,DHM-117
25.57,19.43,47.81,27.81,32.69,6.66,717.46,Millet,Sandy,HHB-67
125.36,34.22,54.16,16.66,78.49,5.0,1329.72,Vegetables,Peaty,Local-1
86.44,41.6,73.71,26.74,45.0,6.9,1272.78,Wheat,Loamy,HD-2967
59.13,22.72,97.18,19.39,59.31,6.71,1330.56,Maize,Silty,Pioneer-3396
69.25,54.58,70.49,22.6,60.91,6.88,1880.41,Wheat,Silty,PBW-343
88.43,45.79,79.56,28.04,59.98,6.81,1240.57,Groundnut,Loamy,JL-24
45.5,25.75,54.76,32.7,48.06,6.01,646.52,Watermelon,Sandy,Crimson Sweet
97.24,34.74,59.53,24.1,80.97,5.01,2362.68,Tea,Peaty,TV-23
108.74,27.88,67.14,16.94,80.39,5.58,1852.3,Potato,Peaty,Kufri Pukhraj
66.9,28.92,91.49,28.24,72.72,6.07,894.14,Millet,Loamy,RHB-173
52.92,66.66,86.44,30.45,58.95,7.45,934.22,Sugarcane,Loamy,Co-0118
106.7,49.65,79.17,22.63,69.14,6.88,1311.37,Soybean,Loamy,JS-335
98.49,62.65,111.84,21.41,68.05,6.53,994.53,Wheat,Clay,PBW-343
83.7,38.72,102.62,22.79,57.86,7.1,1414.34,Sugarcane,Loamy,Co-86032
83.86,39.37,63.51,21.26,77.55,5.53,1753.45,Wheat,Peaty,Lok-1
81.84,65.3,83.25,25.88,83.66,6.87,1238.19,Potato,Silty,Kufri Pukhraj
83.12,36.13,98.6,25.52,63.54,7.27,1101.31,Wheat,Loamy,PBW-343
28.77,38.1,54.19,31.88,50.58,6.0,525.54,Groundnut,Sandy,GG-20
51.35,63.17,104.22,27.94,50.09,7.73,554.88,Millet,Chalky,ICTP-8203
81.76,51.53,106.13,23.47,67.57,6.42,703.77,Sugarcane,Loamy,Co-86032
91.16,36.96,77.43,23.2,71.43,6.0,2221.09,Tea,Peaty,TV-1
19.0,48.04,94.64,27.53,45.41,7.85,1251.58,Barley,Chalky,BH-902
35.39,44.94,96.61,22.12,45.64,8.07,844.59,Millet,Chalky,RHB-173
56.66,32.3,59.86,29.7,46.88,6.75,568.41,Watermelon,Sandy,Sugar Baby
65.69,52.22,83.35,27.6,46.06,8.78,1062.15,Barley,Chalky,BH-902
114.22,44.15,65.25,23.53,88.67,4.96,1305.42,Tea,Peaty,UPASI-9
108.82,58.07,134.97,22.64,68.16,6.56,1877.94,Wheat,Clay,PBW-343
45.26,53.84,113.02,25.49,44.5,8.15,503.37,Millet,Chalky,ICTP-8203
88.68,41.43,93.33,22.53,57.5,6.3,1233.57,Tomato,Loamy,Roma
76.08,56.32,84.56,25.75,74.02,7.13,1732.88,Maize,Silty,Pioneer-3396
123.47,45.93,81.97,20.53,86.27,5.49,1620.08,Millet,Peaty,HHB-67
87.87,45.22,96.09,23.92,72.65,6.32,712.97,Rice,Silty,IR64
71.52,36.08,78.87,29.87,56.47,7.95,961.88,Barley,Chalky,DWRB-73
98.99,64.51,93.46,25.53,70.78,7.42,1030.51,Vegetables,Silty,Hybrid-B
109.52,42.84,107.02,20.31,75.65,5.67,2101.91,Tea,Peaty,TV-1
106.0,60.97,77.72,24.78,71.94,6.06,1131.39,Maize,Silty,HQPM-1
106.56,38.45,148.1,28.65,79.91,6.95,1176.37,Cotton,Clay,Bt-1
77.03,39.11,80.25,21.51,58.67,7.05,1199.09,Cotton,Loamy,Bt-2
25.82,27.17,41.96,26.25,38.24,6.16,824.71,Maize,Sandy,DHM-117
94.35,56.55,86.08,25.95,54.92,6.83,1253.07,Sugarcane,Loamy,Co-0238
29.14,25.38,58.76,28.48,58.71,6.99,541.63,Potato,Sandy,Kufri Jyoti
151.58,51.63,107.8,23.51,81.83,4.2,2092.96,Vegetables,Peaty,Hybrid-A
123.66,45.65,65.49,20.75,82.55,5.21,1565.98,Tea,Peaty,TV-23
53.62,22.94,55.53,28.26,40.64,6.94,444.67,Watermelon,Sandy,Sugar Baby
35.65,31.58,50.4,32.51,41.59,6.13,981.23,Vegetables,Sandy,Hybrid-B
89.28,41.91,71.41,28.07,66.19,7.34,896.25,Tomato,Loamy,Pusa Ruby
102.57,52.18,100.67,20.67,76.16,5.33,1382.5,Tea,Peaty,UPASI-9
98.4,50.72,155.25,23.59,77.51,7.61,1185.09,Sugarcane,Clay,Co-0238
104.71,47.27,110.7,29.37,73.46,6.58,1400.83,Sugarcane,Clay,Co-86032
125.56,48.31,70.69,22.05,78.69,4.76,1600.15,Wheat,Peaty,Lok-1
90.73,58.88,56.32,22.73,66.22,6.36,1165.6,Rice,Silty,Basmati-370
79.79,55.45,144.24,25.86,70.52,7.31,1470.77,Wheat,Clay,PBW-343
60.85,35.85,85.7,21.9,60.67,6.67,1220.1,Cotton,Loamy,Bt-1
98.62,33.14,98.32,24.9,76.24,6.36,1535.1,Wheat,Silty,Lok-1
36.4,59.35,80.18,27.16,33.05,8.46,652.8,Millet,Chalky,RHB-173
115.56,52.88,52.09,21.45,85.88,5.24,1673.84,Rice,Peaty,Basmati-370
155.26,45.89,74.34,16.72,86.37,5.02,1947.76,Vegetables,Peaty,Hybrid-B
62.72,32.43,64.53,34.45,49.38,6.28,839.95,Millet,Sandy,RHB-173
107.98,54.69,54.47,23.89,70.47,6.63,1726.84,Vegetables,Silty,Local-1
89.33,53.76,117.52,20.81,69.67,7.11,1788.73,Maize,Silty,Pioneer-3396
71.19,25.24,113.98,26.92,51.46,8.12,955.54,Millet,Chalky,HHB-67
71.09,44.56,74.62,23.58,69.04,6.34,1494.61,Vegetables,Silty,Hybrid-A
40.88,44.82,86.94,20.56,58.75,8.15,731.87,Cotton,Chalky,Suraj
75.17,73.01,80.31,21.98,62.9,6.4,1576.73,Wheat,Silty,PBW-343
55.19,56.43,64.88,24.0,41.93,7.62,516.56,Millet,Chalky,ICTP-8203
106.13,43.67,96.32,24.17,74.82,7.25,1516.94,Rice,Clay,Basmati-370
67.76,62.93,77.38,31.98,50.51,8.5,562.28,Cotton,Chalky,Bt-2
70.16,78.1,108.76,29.61,67.05,5.74,1146.92,Wheat,Clay,HD-2967
88.08,64.14,100.07,22.37,53.78,6.4,1234.96,Vegetables,Silty,Local-1
71.27,43.1,92.21,27.72,64.64,6.91,951.12,Millet,Loamy,RHB-173
53.13,26.01,46.8,29.57,51.53,6.53,552.62,Potato,Sandy,Kufri Bahar
95.52,40.11,57.56,26.97,67.67,6.58,1476.74,Sugarcane,Loamy,Co-0118
102.4,57.72,78.21,24.43,79.25,6.72,1615.54,Rice,Silty,Basmati-370
94.35,33.12,89.71,25.41,77.34,7.22,1692.66,Wheat,Silty,Lok-1
103.56,50.34,105.9,26.76,62.2,5.5,1562.56,Sugarcane,Clay,Co-0238
81.93,61.09,123.77,24.68,81.36,7.47,1877.39,Maize,Clay,HQPM-1
78.8,46.01,155.09,21.87,62.97,7.08,1144.44,Sugarcane,Clay,Co-0238
96.33,60.3,123.31,29.48,80.12,6.09,989.89,Rice,Clay,Basmati-370
79.73,64.27,87.06,25.05,73.64,5.85,1684.76,Maize,Silty,HQPM-1
44.37,57.48,88.36,27.63,35.4,7.58,754.97,Barley,Chalky,DWRB-73
64.81,33.35,48.02,30.88,46.19,5.2,526.83,Potato,Sandy,Kufri Jyoti
106.72,45.14,40.5,16.57,83.24,5.55,2360.86,Rice,Peaty,Basmati-370
31.29,44.74,90.52,23.96,63.28,8.33,792.9,Wheat,Chalky,PBW-343
85.87,38.99,121.9,27.87,68.84,7.18,1103.06,Wheat,Loamy,PBW-343
46.56,36.11,70.65,29.24,42.29,7.96,664.09,Cotton,Chalky,Bt-2
58.05,30.99,74.51,31.61,60.11,6.68,379.83,Rice,Sandy,IR64
95.05,19.47,44.88,17.81,76.33,5.25,1945.33,Cotton,Peaty,Bt-1
87.52,47.54,113.11,26.06,67.89,7.21,1494.06,Rice,Clay,Basmati-370
110.93,61.96,116.37,28.24,73.48,6.59,997.46,Cotton,Clay,Bt-1
95.1,32.8,42.38,21.7,75.36,5.84,1886.88,Potato,Peaty,Kufri Bahar
68.75,54.19,77.49,27.54,62.71,6.62,1299.11,Vegetables,Loamy,Hybrid-A
78.81,49.14,86.72,21.01,61.12,7.09,1338.92,Sugarcane,Loamy,Co-86032
102.05,31.74,44.99,17.04,85.88,5.05,1913.43,Potato,Peaty,Kufri Bahar
65.49,62.04,74.4,22.13,57.53,7.66,530.67,Barley,Chalky,BH-902
88.91,48.05,84.12,26.54,69.62,7.11,1459.13,Cotton,Clay,Bt-1
104.77,39.14,89.54,17.58,90.58,4.46,2279.25,Tea,Peaty,TV-23
73.65,43.6,79.21,20.06,79.85,7.83,1088.64,Wheat,Silty,HD-2967
62.4,34.81,50.94,34.81,35.31,5.89,979.63,Potato,Sandy,Kufri Pukhraj
101.46,55.59,81.77,17.79,80.21,5.16,1316.24,Tea,Peaty,TV-23
54.33,50.58,114.55,26.1,45.09,8.21,599.38,Rice,Chalky,Basmati-370
91.78,42.79,63.02,29.15,65.3,6.27,1115.68,Maize,Loamy,HQPM-1
118.72,26.3,64.82,18.47,83.78,5.21,1524.49,Cotton,Peaty,Suraj
94.24,48.7,68.77,25.67,52.92,6.49,1651.17,Sugarcane,Loamy,Co-86032
51.69,15.51,48.53,29.31,54.41,6.09,718.29,Potato,Sandy,Kufri Bahar
74.79,36.51,128.44,22.63,83.28,6.96,1686.22,Tomato,Silty,Roma
67.12,55.17,77.6,21.65,66.86,7.26,1584.19,Barley,Silty,BH-902
92.71,49.04,83.84,22.38,78.39,6.4,1631.3,Cotton,Clay,Suraj
38.85,38.1,77.5,28.31,32.77,7.95,544.82,Millet,Chalky,RHB-173
87.0,31.91,91.41,24.29,87.2,5.43,1920.68,Rice,Peaty,Swarna
43.91,90.0,50.54,30.42,50.33,7.81,704.61,Wheat,Chalky,HD-2967
92.07,60.4,137.16,29.97,64.22,7.05,1105.86,Sugarcane,Clay,Co-0118
104.88,54.82,134.28,27.07,65.51,7.18,1201.36,Sugarcane,Clay,Co-0238
97.04,45.29,111.42,26.66,73.14,7.63,1337.5,Cotton,Clay,Suraj
42.15,31.86,50.32,30.43,53.37,6.67,648.56,Millet,Sandy,ICTP-8203
62.67,63.52,84.48,30.85,42.84,7.88,804.64,Barley,Chalky,DWRB-73
50.36,30.27,75.74,31.44,50.06,7.4,640.05,Soybean,Sandy,MAUS-71
48.52,21.39,68.46,32.41,53.87,6.74,630.77,Potato,Sandy,Kufri Bahar
61.23,58.84,99.56,27.23,45.2,8.48,926.15,Wheat,Chalky,PBW-343
78.05,36.77,68.27,30.16,69.92,7.17,1230.04,Wheat,Silty,PBW-343
133.03,41.47,51.71,21.2,81.35,5.41,1408.52,Vegetables,Peaty,Hybrid-B
91.0,57.75,103.04,22.87,67.5,7.3,1598.54,Wheat,Silty,PBW-343
87.31,39.58,86.49,28.37,73.81,6.38,1457.1,Soybean,Loamy,JS-335
64.68,41.95,74.41,27.22,55.23,7.17,1249.07,Wheat,Loamy,HD-2967
123.44,35.66,79.0,22.26,58.23,6.46,1618.13,Rice,Clay,Swarna
88.03,58.37,63.87,17.06,76.92,5.1,1950.96,Tea,Peaty,TV-1
97.33,60.29,93.55,23.83,58.74,6.57,958.41,Vegetables,Silty,Hybrid-A
46.43,83.48,85.72,27.76,34.49,8.16,637.16,Potato,Chalky,Kufri Pukhraj
138.52,47.8,63.77,22.02,80.16,4.73,1717.7,Potato,Peaty,Kufri Bahar
109.62,27.73,68.53,21.41,81.95,5.04,1888.4,Tea,Peaty,TV-1
85.38,55.87,65.0,27.42,75.93,7.32,1488.13,Wheat,Loamy,HD-2967
44.41,54.29,109.06,18.75,45.04,8.7,323.42,Rice,Chalky,Swarna
101.18,23.5,78.04,24.54,81.96,5.44,1836.18,Tea,Peaty,UPASI-9
45.16,31.86,52.33,32.16,37.04,6.29,640.56,Watermelon,Sandy,Crimson Sweet
100.99,61.35,64.52,24.01,63.05,6.2,650.0,Vegetables,Silty,Hybrid-B
90.2,42.43,88.76,23.71,74.11,6.31,1107.75,Tomato,Loamy,Arka Vikas
119.67,44.75,74.54,15.24,88.81,5.29,2268.96,Rice,Peaty,Basmati-370
38.02,46.2,126.24,32.57,47.16,8.04,725.38,Wheat,Chalky,HD-2967
96.66,48.34,50.76,24.42,84.87,4.92,2259.37,Vegetables,Peaty,Hybrid-B
69.58,62.43,64.41,27.31,68.15,6.28,1323.68,Wheat,Silty,HD-2967
100.53,51.2,59.2,15.65,72.35,5.43,1531.83,Vegetables,Peaty,Hybrid-B
100.36,43.67,93.56,24.71,63.15,7.39,1442.04,Sugarcane,Loamy,Co-86032
157.74,23.53,56.49,23.48,72.76,5.19,2337.52,Tea,Peaty,TV-1
90.38,47.62,107.49,20.65,52.29,6.98,998.76,Cotton,Loamy,Bt-1
134.42,37.65,48.96,23.82,80.04,5.14,1709.29,Tea,Peaty,TV-23
91.03,50.24,100.44,24.72,60.6,6.58,1188.52,Maize,Silty,DHM-117
146.45,40.77,64.81,18.29,76.72,5.27,2290.89,Vegetables,Peaty,Hybrid-A
66.76,54.95,40.0,22.15,60.4,7.44,755.07,Wheat,Chalky,Lok-1
80.95,33.2,78.94,25.99,68.72,7.23,1030.47,Wheat,Loamy,PBW-343
40.13,57.78,79.66,29.39,52.37,7.83,852.8,Barley,Chalky,RD-2552
104.32,56.62,79.83,27.34,66.34,6.32,864.29,Wheat,Silty,HD-2967
133.71,40.06,87.42,21.49,85.41,5.27,1670.54,Rice,Peaty,Basmati-370
39.64,19.53,65.42,24.76,52.13,6.19,640.42,Potato,Sandy,Kufri Bahar
89.15,26.75,112.1,27.64,66.47,5.89,959.97,Maize,Loamy,HQPM-1
49.16,26.43,39.55,24.85,41.26,6.28,963.99,Sugarcane,Sandy,Co-86032
68.62,64.25,118.22,26.56,71.55,7.48,1304.46,Sugarcane,Clay,Co-86032
85.76,47.59,94.36,31.25,64.22,6.5,1057.86,Sugarcane,Loamy,Co-0238
89.32,62.39,67.28,20.8,62.29,6.75,1074.64,Vegetables,Silty,Hybrid-B
89.0,51.2,87.62,24.92,68.37,7.32,1381.54,Cotton,Loamy,Suraj
75.58,46.08,135.0,19.54,58.71,6.5,1198.74,Rice,Silty,IR64
58.74,56.69,125.61,21.42,76.55,6.8,1848.44,Rice,Clay,Basmati-370
66.35,32.55,56.34,29.8,40.2,6.33,821.68,Millet,Sandy,RHB-173
53.91,75.87,97.48,22.95,53.49,7.82,1058.35,Millet,Chalky,ICTP-8203
126.99,38.17,40.79,18.2,73.64,5.38,2034.62,Rice,Peaty,Swarna
100.21,53.3,105.08,25.89,76.15,7.19,1191.02,Cotton,Clay,Bt-1
82.73,48.61,68.16,16.0,62.01,5.67,1101.29,Maize,Silty,HQPM-1
94.21,56.49,120.11,24.52,78.66,7.06,1598.97,Rice,Clay,IR64
77.58,40.01,82.77,27.25,59.1,6.03,1145.42,Wheat,Loamy,Lok-1
65.61,44.19,100.33,21.0,64.92,6.62,1129.23,Wheat,Silty,PBW-343
105.51,58.93,113.48,26.61,76.71,7.19,1480.95,Sugarcane,Clay,Co-0118
61.78,39.68,78.38,19.56,47.0,8.46,976.82,Cotton,Chalky,Suraj
88.74,78.2,125.29,26.0,73.32,6.61,2027.83,Cotton,Clay,Suraj
124.58,41.02,40.8,19.57,87.73,5.48,1590.8,Rice,Peaty,IR64
43.37,38.98,58.12,31.73,45.88,6.44,802.11,Potato,Sandy,Kufri Pukhraj
71.77,46.47,89.72,25.53,36.33,8.3,834.58,Cotton,Chalky,Suraj
29.25,73.59,96.01,24.07,43.74,7.83,824.52,Wheat,Chalky,HD-2967
40.18,51.96,121.16,31.26,48.34,7.65,818.68,Cotton,Chalky,Bt-2
77.99,62.63,111.34,23.31,66.66,6.98,1358.75,Rice,Silty,Swarna
53.28,49.56,70.36,24.54,38.71,7.6,1098.49,Wheat,Chalky,Lok-1
82.91,46.08,86.21,26.77,70.29,7.58,1192.86,Groundnut,Silty,GG-20
131.82,41.82,74.24,21.91,84.27,5.45,1928.38,Potato,Peaty,Kufri Bahar
113.1,45.7,120.34,25.15,87.6,7.74,1317.46,Cotton,Clay,Bt-1
68.86,46.97,45.32,31.67,72.83,6.89,1229.49,Cotton,Silty,Bt-2
89.01,56.84,80.2,22.81,73.89,7.23,1327.84,Wheat,Silty,PBW-343
98.03,56.67,70.59,22.21,72.51,7.17,1507.76,Wheat,Silty,PBW-343
105.23,42.22,75.22,27.72,69.83,7.3,1102.89,Wheat,Silty,PBW-343
58.83,42.82,84.43,27.19,73.85,7.64,907.18,Rice,Silty,Swarna
95.82,39.73,110.81,25.7,74.55,6.91,1224.79,Sugarcane,Clay,Co-86032
86.52,42.74,76.71,25.26,60.3,7.1,1366.85,Soybean,Loamy,MAUS-71
115.0,40.96,85.37,27.13,74.71,7.21,1297.0,Barley,Silty,RD-2552
91.49,47.96,95.75,21.83,61.71,6.3,1204.06,Wheat,Silty,HD-2967
68.76,38.33,123.28,23.31,58.75,6.07,1498.15,Rice,Clay,Basmati-370
68.63,50.53,73.91,24.36,68.94,6.99,1207.25,Sugarcane,Loamy,Co-0118
103.16,45.9,104.8,24.5,74.63,6.92,1580.21,Maize,Silty,HQPM-1
54.23,36.19,47.67,26.89,48.68,6.51,714.29,Watermelon,Sandy,Arka Manik
86.87,53.73,107.54,28.22,65.95,6.13,1196.55,Sugarcane,Loamy,Co-0118
32.68,32.97,53.94,30.58,56.09,6.11,556.36,Watermelon,Sandy,Sugar Baby
94.58,49.33,121.81,23.77,70.29,6.31,1378.34,Rice,Clay,IR64
70.2,55.52,86.84,26.39,65.69,6.28,1172.36,Millet,Silty,RHB-173
90.69,35.54,77.39,24.9,79.44,6.82,984.58,Tomato,Silty,Pusa Ruby
79.72,42.77,91.99,23.48,63.62,6.38,1369.03,Maize,Loamy,HQPM-1
108.64,52.68,97.99,26.62,85.68,6.31,1413.39,Sugarcane,Clay,Co-0238
44.09,62.21,75.96,21.58,40.36,7.92,808.5,Maize,Chalky,HQPM-1
43.81,47.32,99.77,23.41,61.74,7.49,765.81,Wheat,Chalky,Lok-1
52.04,52.09,79.8,25.29,58.74,6.45,983.11,Rice,Loamy,Swarna
110.8,48.22,59.35,15.96,78.33,4.76,1523.49,Potato,Peaty,Kufri Bahar
58.35,16.22,38.21,29.24,55.39,6.14,743.02,Wheat,Sandy,HD-2967
36.17,27.03,79.17,27.93,48.81,6.41,578.64,Rice,Sandy,Basmati-370
102.34,43.76,93.64,29.51,69.69,7.1,1534.23,Maize,Silty,DHM-117
114.89,56.81,76.73,25.59,69.64,7.03,1564.51,Sugarcane,Clay,Co-86032
64.33,25.94,58.42,33.82,44.55,6.24,572.45,Watermelon,Sandy,Crimson Sweet
53.65,32.9,86.95,28.08,43.37,8.25,750.46,Cotton,Chalky,Bt-1
80.93,46.16,75.34,30.26,61.36,6.75,1275.65,Vegetables,Silty,Hybrid-B
110.49,32.97,68.7,18.49,72.43,5.13,1974.75,Vegetables,Peaty,Hybrid-B
72.8,47.68,78.44,27.45,77.08,7.12,1579.08,Maize,Silty,Pioneer-3396
97.25,49.99,40.85,19.83,84.98,4.76,1312.43,Potato,Peaty,Kufri Jyoti
48.18,16.22,23.49,32.56,42.12,6.19,810.83,Potato,Sandy,Kufri Bahar
116.5,49.54,100.91,22.72,56.73,6.46,1564.42,Potato,Clay,Kufri Pukhraj
98.41,42.38,110.79,26.92,66.93,6.86,1164.56,Cotton,Clay,Suraj
121.55,50.13,65.74,19.81,76.1,5.47,1905.0,Rice,Peaty,Swarna
104.97,53.47,108.68,24.81,84.49,6.64,1697.37,Cotton,Clay,Suraj
40.49,26.65,52.63,32.66,44.23,7.07,649.41,Cotton,Sandy,Suraj
38.77,60.43,67.35,27.72,47.37,7.31,813.99,Maize,Chalky,HQPM-1
97.42,31.79,108.99,25.72,66.08,7.08,1433.17,Rice,Silty,Swarna
51.52,65.74,84.84,23.51,50.11,7.78,899.4,Cotton,Chalky,Bt-2
70.63,20.0,95.63,24.02,63.83,5.95,1763.85,Wheat,Silty,Lok-1
54.94,46.19,105.03,25.97,71.23,6.45,1740.52,Sugarcane,Silty,Co-86032
68.57,67.38,110.07,23.82,34.71,8.46,676.7,Barley,Chalky,RD-2552
76.21,50.72,103.34,28.09,71.09,7.61,1310.0,Maize,Silty,DHM-117
61.8,59.16,93.13,26.51,46.41,8.0,457.69,Potato,Chalky,Kufri Pukhraj
123.47,44.15,97.38,22.22,78.1,6.73,1610.21,Barley,Clay,BH-902
21.14,36.08,57.99,29.93,50.34,7.12,906.06,Millet,Sandy,HHB-67
36.7,46.39,94.79,22.27,52.64,7.34,587.43,Tea,Chalky,TV-23
79.2,29.9,86.51,27.62,62.9,7.04,1399.25,Wheat,Loamy,PBW-343
75.68,51.28,113.01,23.68,69.94,6.19,1656.09,Wheat,Clay,PBW-343
91.4,53.4,97.72,20.97,56.01,6.56,1016.24,Tomato,Loamy,Roma
84.58,63.37,140.51,24.68,83.69,6.7,1248.82,Rice,Clay,Basmati-370
57.65,27.21,74.95,32.04,41.84,6.4,617.12,Potato,Sandy,Kufri Bahar
111.26,35.33,83.58,24.97,79.05,5.51,1453.23,Vegetables,Peaty,Hybrid-A
63.56,37.97,98.87,26.25,81.68,6.33,1865.54,Wheat,Silty,HD-2967
54.87,64.63,101.45,27.7,35.95,8.3,1122.72,Millet,Chalky,HHB-67
91.97,56.69,78.31,22.92,68.35,7.35,1112.2,Wheat,Silty,HD-2967
44.33,43.62,102.65,20.17,51.65,8.02,719.81,Wheat,Chalky,Lok-1
123.62,41.42,82.05,12.8,83.88,6.46,1774.66,Vegetables,Peaty,Local-1
74.76,64.29,122.45,26.95,72.14,7.36,1419.0,Wheat,Silty,PBW-343
61.81,37.93,85.66,27.03,66.79,7.75,1029.56,Sugarcane,Loamy,Co-0238
89.84,46.58,89.24,25.61,64.67,6.93,1085.64,Soybean,Loamy,MAUS-71
123.11,53.08,88.2,23.53,84.67,7.44,1721.04,Sugarcane,Clay,Co-0118
30.04,31.9,39.52,30.52,53.72,6.02,631.18,Millet,Sandy,HHB-67
83.14,52.62,96.29,24.75,75.71,7.07,1583.15,Maize,Silty,Pioneer-3396
40.85,20.66,78.19,26.92,35.16,6.39,718.89,Potato,Sandy,Kufri Pukhraj
79.76,64.81,84.09,26.89,65.64,7.34,1012.8,Wheat,Loamy,PBW-343
124.22,51.28,79.99,20.55,79.55,5.53,1570.05,Potato,Peaty,Kufri Pukhraj
71.29,65.93,109.2,24.63,70.61,7.27,1290.82,Sugarcane,Clay,Co-0118
125.16,41.12,41.25,19.57,85.38,5.19,1824.86,Potato,Peaty,Kufri Jyoti
88.12,49.46,122.21,31.04,67.67,6.7,995.54,Vegetables,Clay,Local-1
96.29,33.28,44.73,26.07,74.69,4.67,1715.92,Tea,Peaty,TV-23
97.31,46.76,114.58,26.43,71.3,7.28,1626.54,Sugarcane,Clay,Co-0238
56.19,71.66,106.56,24.41,48.86,7.86,963.92,Wheat,Chalky,HD-2967
98.21,46.02,139.0,26.36,73.33,6.71,1474.53,Wheat,Clay,HD-2967
78.68,41.79,74.22,17.36,71.64,6.54,1223.59,Tomato,Silty,Arka Vikas
75.2,48.71,109.09,26.49,70.64,6.62,1246.4,Sugarcane,Clay,Co-0238
92.04,54.87,78.69,23.48,68.09,6.85,1238.52,Maize,Silty,HQPM-1
88.3,46.97,93.42,24.26,60.6,6.16,1172.34,Maize,Loamy,Pioneer-3396
23.04,47.15,98.39,27.83,40.75,7.59,1135.62,Wheat,Chalky,Lok-1
25.24,67.77,88.06,29.21,37.8,7.85,1046.23,Millet,Chalky,RHB-173
92.23,68.76,64.88,22.91,66.9,7.27,1478.94,Wheat,Silty,PBW-343
76.67,50.82,83.37,28.36,66.01,6.82,1683.62,Rice,Silty,IR64
140.18,51.27,74.07,28.0,85.1,5.86,1599.26,Tea,Peaty,TV-23
46.01,62.73,57.79,22.74,42.67,8.0,909.95,Millet,Chalky,ICTP-8203
98.68,21.97,71.49,29.18,72.6,6.32,780.32,Wheat,Loamy,PBW-343
118.62,25.21,69.67,28.0,75.9,5.65,1821.61,Rice,Peaty,IR64
54.36,52.66,102.2,30.16,55.18,7.9,583.63,Wheat,Chalky,HD-2967
50.04,16.61,44.75,33.23,46.31,6.35,712.13,Millet,Sandy,ICTP-8203
105.59,48.44,80.56,24.07,83.63,6.88,1572.46,Wheat,Clay,HD-2967
105.93,49.31,56.19,27.44,82.76,6.33,1389.66,Tea,Peaty,UPASI-9
60.4,24.28,51.89,35.89,42.87,6.82,681.38,Groundnut,Sandy,GG-20
30.23,46.27,63.76,24.15,70.0,7.9,770.26,Millet,Chalky,HHB-67
145.43,42.49,78.32,21.48,75.92,4.46,1881.08,Vegetables,Peaty,Hybrid-A
92.77,47.58,119.64,26.54,81.53,7.06,1136.08,Cotton,Clay,Bt-2
80.85,68.66,113.02,23.69,61.09,6.98,1338.83,Sugarcane,Clay,Co-0118
160.0,40.67,66.07,19.78,77.76,4.91,1382.24,Tea,Peaty,TV-1
43.1,31.9,64.19,30.84,63.43,5.57,541.3,Potato,Sandy,Kufri Pukhraj
116.33,44.85,75.19,20.63,77.71,5.42,1837.93,Sugarcane,Peaty,Co-0238
132.5,31.61,135.05,24.86,76.2,7.12,1662.28,Wheat,Clay,HD-2967
59.23,40.19,88.54,30.27,55.17,8.36,703.14,Barley,Chalky,DWRB-73
48.4,28.27,52.96,30.65,50.7,6.82,551.37,Potato,Sandy,Kufri Bahar
67.63,46.79,87.04,24.84,49.4,7.88,919.33,Barley,Chalky,BH-902
34.67,83.9,89.45,29.02,44.11,7.8,922.13,Wheat,Chalky,PBW-343
84.67,64.21,108.03,23.22,72.81,6.98,1637.54,Sugarcane,Clay,Co-0238
92.77,42.39,89.07,25.0,71.34,6.76,1093.08,Tomato,Loamy,Arka Vikas
93.67,30.32,63.36,25.12,81.34,5.77,2413.06,Watermelon,Peaty,Sugar Baby
41.97,24.33,61.74,26.43,38.04,6.37,833.46,Potato,Sandy,Kufri Jyoti
97.55,40.73,85.32,30.15,53.27,6.64,1460.41,Sugarcane,Loamy,Co-0118
58.88,55.36,96.82,24.46,58.75,7.62,640.63,Millet,Chalky,RHB-173
89.73,61.04,131.5,24.56,69.83,7.11,1228.82,Cotton,Clay,Bt-1
105.65,61.51,110.86,25.19,71.68,6.57,1486.79,Cotton,Clay,Bt-1
85.5,40.3,95.31,29.55,64.06,6.76,1041.41,Maize,Loamy,Pioneer-3396
99.83,41.76,86.71,21.34,65.81,6.99,1188.93,Rice,Loamy,Basmati-370
136.46,35.78,50.01,19.01,85.82,5.18,1621.61,Cotton,Peaty,Bt-2
58.96,31.51,47.29,27.1,45.62,6.4,690.66,Millet,Sandy,ICTP-8203
84.44,75.45,113.28,21.08,79.06,6.16,1842.52,Cotton,Clay,Suraj
105.76,70.13,130.29,24.51,65.33,6.13,1409.7,Rice,Clay,IR64
76.98,56.97,113.67,26.3,71.71,6.65,1395.92,Vegetables,Silty,Local-1
84.95,49.89,103.95,19.99,65.66,6.29,1421.54,Millet,Silty,RHB-173
105.53,62.45,130.52,31.25,66.79,7.16,1564.84,Rice,Clay,IR64
52.14,23.95,39.6,37.11,47.51,5.99,824.72,Millet,Sandy,HHB-67
58.02,28.06,70.13,30.95,49.8,5.95,1027.86,Potato,Sandy,Kufri Jyoti
65.13,51.81,81.86,23.41,28.24,8.13,1158.7,Millet,Chalky,ICTP-8203
122.43,52.85,64.54,16.15,74.71,5.83,1805.87,Potato,Peaty,Kufri Jyoti
33.03,63.69,97.94,22.72,35.72,7.85,599.19,Barley,Chalky,RD-2552
111.73,36.37,75.67,17.7,78.06,5.89,1858.33,Soybean,Peaty,JS-335
78.94,22.72,98.17,25.24,71.48,6.37,1930.83,Rice,Silty,Basmati-370
99.7,56.24,82.64,27.3,78.46,6.65,1706.7,Cotton,Clay,Bt-1
82.33,31.13,93.79,24.79,68.06,6.18,1353.77,Rice,Silty,Swarna
46.5,25.26,85.0,31.21,39.47,6.01,520.91,Groundnut,Sandy,JL-24
22.12,55.24,129.51,32.52,42.75,7.82,697.61,Millet,Chalky,RHB-173
70.15,51.73,105.64,26.5,76.12,6.65,1649.81,Wheat,Silty,PBW-343
53.21,67.72,94.86,21.39,31.2,7.58,998.82,Millet,Chalky,RHB-173
91.28,46.98,103.78,24.03,65.67,7.25,1361.41,Wheat,Loamy,Lok-1
42.61,34.48,58.41,30.47,51.13,6.31,1100.0,Millet,Sandy,HHB-67
104.83,53.47,82.08,16.0,57.67,6.63,938.63,Maize,Silty,DHM-117
86.86,51.63,79.0,23.82,62.37,7.26,1223.07,Cotton,Loamy,Suraj
88.38,42.32,89.79,25.49,70.94,7.3,1055.5,Soybean,Loamy,MAUS-71
23.68,52.95,134.52,26.64,39.73,7.99,661.09,Millet,Chalky,ICTP-8203
46.59,53.59,92.87,28.91,48.74,8.49,699.36,Millet,Chalky,RHB-173
58.8,62.42,106.8,28.42,61.27,8.01,275.96,Millet,Chalky,ICTP-8203
50.17,69.49,112.9,33.25,51.56,7.9,1022.33,Wheat,Chalky,PBW-343
88.23,46.33,109.84,29.47,78.19,6.52,1311.38,Cotton,Clay,Suraj
122.05,49.32,54.08,24.08,87.0,5.44,2060.52,Tea,Peaty,UPASI-9
104.25,43.1,94.54,23.98,64.6,7.6,971.69,Tomato,Loamy,Pusa Ruby
106.26,42.56,76.47,18.48,74.18,5.37,1865.55,Vegetables,Peaty,Hybrid-B
106.68,47.77,79.84,28.63,68.71,7.04,1107.02,Wheat,Loamy,HD-2967
133.26,48.0,56.71,20.83,88.77,5.29,1329.07,Rice,Peaty,Swarna
69.79,67.02,84.72,27.12,51.16,7.83,919.67,Millet,Chalky,HHB-67
62.61,52.79,109.49,28.88,41.1,8.36,727.71,Barley,Chalky,BH-902
40.0,31.71,111.94,21.29,65.16,6.39,891.69,Rice,Silty,IR64
38.91,68.73,70.39,30.04,40.12,8.2,675.19,Cotton,Chalky,Bt-1
33.72,59.35,100.48,27.22,58.5,7.9,732.08,Wheat,Chalky,Lok-1
43.38,56.24,85.56,23.55,57.08,7.94,487.05,Barley,Chalky,RD-2552
122.39,39.92,58.87,18.25,90.49,4.08,2600.0,Rice,Peaty,IR64
53.55,40.28,57.14,32.15,44.72,5.97,477.51,Potato,Sandy,Kufri Bahar
69.01,49.39,100.85,24.69,75.58,7.06,1236.39,Wheat,Silty,PBW-343
105.73,52.01,144.82,25.75,55.35,5.88,2054.51,Sugarcane,Clay,Co-0238
95.55,45.62,75.3,21.28,85.82,5.24,2187.01,Vegetables,Peaty,Hybrid-B
66.18,60.94,82.69,26.1,63.06,7.23,980.2,Maize,Loamy,Pioneer-3396
70.88,65.45,56.31,27.36,48.7,7.74,747.4,Cotton,Chalky,Bt-1
91.51,59.86,88.55,26.83,64.36,5.91,1405.07,Sugarcane,Loamy,Co-0118
36.65,42.26,110.24,24.78,49.53,7.55,743.19,Barley,Chalky,RD-2552
52.84,24.29,20.0,27.92,41.29,5.92,607.46,Potato,Sandy,Kufri Pukhraj
51.58,27.43,76.43,29.22,53.98,5.76,506.96,Groundnut,Sandy,TAG-24
48.83,61.42,84.48,33.07,41.81,8.08,799.72,Wheat,Chalky,HD-2967
104.48,68.16,99.02,26.14,66.38,6.65,1757.24,Wheat,Clay,HD-2967
102.09,46.38,114.6,27.9,65.85,6.73,1227.41,Cotton,Clay,Bt-2
35.83,31.45,56.49,27.33,46.36,6.81,622.07,Watermelon,Sandy,Sugar Baby
71.09,56.83,90.66,25.99,59.19,6.02,1528.52,Vegetables,Silty,Local-1
102.04,48.93,98.18,24.33,73.8,7.18,1531.98,Wheat,Clay,HD-2967
63.86,53.55,94.23,25.26,66.24,5.99,904.7,Vegetables,Silty,Hybrid-B
160.0,43.93,66.61,17.15,73.24,5.31,1583.73,Vegetables,Peaty,Hybrid-A
42.25,21.02,46.61,29.34,45.3,6.15,663.99,Groundnut,Sandy,GG-20
57.81,29.52,60.46,36.72,42.68,5.86,424.24,Groundnut,Sandy,GG-20
123.06,50.64,62.95,23.94,86.25,5.4,1726.38,Potato,Peaty,Kufri Pukhraj
91.11,43.72,111.95,31.46,69.24,6.89,1621.29,Cotton,Loamy,Suraj
52.53,41.5,77.06,24.78,68.39,7.05,998.21,Rice,Silty,Swarna
89.92,45.91,90.61,25.88,88.0,6.49,1232.81,Soybean,Silty,MAUS-71
100.82,39.29,71.65,19.7,75.48,5.94,1829.56,Rice,Peaty,IR64
95.82,57.42,98.25,23.99,69.26,7.02,1523.85,Wheat,Clay,PBW-343
48.64,31.43,49.85,23.82,49.54,6.35,512.64,Wheat,Sandy,Lok-1
48.36,60.44,89.62,25.82,54.51,8.05,823.22,Barley,Chalky,BH-902
39.12,49.17,109.36,23.54,38.62,8.02,929.12,Barley,Chalky,DWRB-73
55.25,57.09,111.54,19.52,44.3,7.81,930.47,Watermelon,Chalky,Sugar Baby
115.05,41.98,82.26,22.24,87.38,4.89,1808.98,Tea,Peaty,TV-23
89.59,41.86,89.98,24.35,76.12,6.52,908.83,Maize,Silty,HQPM-1
53.52,22.05,35.95,26.85,47.18,6.26,326.39,Groundnut,Sandy,JL-24
111.7,28.0,76.79,21.04,84.29,4.58,1984.9,Rice,Peaty,Basmati-370
101.1,41.89,96.47,22.17,83.64,5.97,1709.38,Potato,Peaty,Kufri Pukhraj
83.18,41.37,57.51,22.27,78.05,4.75,1795.87,Vegetables,Peaty,Hybrid-A
76.19,46.78,95.07,20.64,66.11,7.65,1510.17,Cotton,Silty,Suraj
99.78,53.67,57.48,24.92,68.87,7.19,1703.98,Rice,Silty,Swarna
53.53,31.12,49.81,26.63,49.35,6.56,821.14,Potato,Sandy,Kufri Pukhraj
62.18,29.76,67.02,26.36,67.41,7.3,1479.89,Tomato,Loamy,Roma
108.3,36.4,59.86,27.51,88.85,4.96,1356.18,Vegetables,Peaty,Hybrid-B
27.96,25.62,66.81,31.84,45.16,5.88,712.09,Potato,Sandy,Kufri Jyoti
46.14,20.91,50.31,26.56,52.88,6.53,908.68,Watermelon,Sandy,Sugar Baby
93.92,52.74,76.01,24.55,52.18,6.31,995.42,Wheat,Loamy,PBW-343
24.37,34.02,58.1,29.45,43.94,6.61,420.86,Millet,Sandy,RHB-173
160.0,39.81,70.38,22.17,83.48,4.1,1653.26,Potato,Peaty,Kufri Pukhraj
118.86,34.7,72.54,22.8,76.07,6.27,1713.61,Tea,Peaty,TV-23
45.0,45.6,96.62,31.77,51.32,6.64,886.71,Soybean,Loamy,JS-335
114.1,51.39,109.85,28.29,77.61,7.22,1446.1,Rice,Clay,Swarna
58.37,48.01,127.09,21.07,50.51,8.14,868.7,Wheat,Chalky,Lok-1
82.55,42.79,95.65,28.28,74.23,7.62,1618.81,Wheat,Silty,PBW-343
86.54,57.97,89.78,25.87,67.9,7.01,991.65,Wheat,Loamy,Lok-1
67.27,36.94,118.15,23.58,65.52,6.89,1104.58,Maize,Silty,DHM-117
98.69,31.09,72.0,28.33,53.79,6.37,1462.28,Cotton,Loamy,Bt-1
62.33,20.0,97.47,25.56,61.17,7.33,1345.33,Maize,Silty,Pioneer-3396
79.0,43.22,85.12,22.87,68.22,6.85,1062.14,Tea,Silty,TV-1
68.22,38.55,89.22,29.77,50.04,7.58,737.73,Wheat,Chalky,HD-2967
42.69,34.95,67.17,27.39,42.99,6.09,686.39,Potato,Sandy,Kufri Jyoti
95.3,29.24,83.12,28.21,67.13,6.91,691.94,Cotton,Loamy,Suraj
50.92,13.74,48.74,33.65,49.45,6.74,776.4,Millet,Sandy,RHB-173
115.97,42.21,94.17,30.96,66.7,7.21,1847.63,Rice,Clay,Swarna
49.92,60.47,71.48,29.31,43.66,7.61,608.64,Wheat,Chalky,PBW-343
129.73,43.1,56.98,20.99,76.78,4.56,1701.74,Rice,Peaty,IR64
110.0,42.85,102.28,27.04,60.87,7.28,1876.51,Wheat,Clay,Lok-1
57.5,42.37,93.22,28.05,38.01,8.12,382.2,Barley,Chalky,BH-902
86.46,61.26,98.84,28.51,70.86,6.45,1241.58,Rice,Clay,IR64
96.77,39.85,119.16,30.35,57.65,7.33,1571.66,Wheat,Loamy,Lok-1
36.9,63.57,103.95,21.13,35.29,8.38,835.75,Cotton,Chalky,Bt-1
67.52,40.46,79.68,20.54,64.96,6.7,1159.33,Rice,Silty,Swarna
28.24,29.47,33.2,25.0,46.48,5.83,673.84,Soybean,Sandy,MAUS-71
89.53,55.27,79.18,22.73,62.02,6.85,1603.68,Wheat,Silty,Lok-1
82.19,38.98,79.23,22.83,63.33,6.6,1537.8,Vegetables,Silty,Local-1
48.27,55.88,79.23,18.58,60.91,7.76,437.97,Wheat,Chalky,PBW-343
81.58,69.5,92.74,24.6,63.76,6.86,1749.48,Rice,Clay,IR64
128.41,60.74,102.03,24.11,78.38,7.25,1439.48,Wheat,Clay,HD-2967
102.92,41.98,62.57,19.03,78.68,5.36,1704.81,Rice,Peaty,Basmati-370
51.77,34.75,65.55,30.64,47.89,6.77,493.36,Potato,Sandy,Kufri Jyoti
121.03,50.52,50.09,22.83,85.7,5.6,1729.34,Tea,Peaty,TV-23
102.14,54.19,121.78,32.65,70.53,7.3,1279.12,Cotton,Clay,Bt-2
110.26,16.0,40.63,22.63,76.11,5.74,1697.29,Wheat,Peaty,HD-2967
84.84,53.77,106.88,25.67,72.56,6.82,1501.46,Cotton,Clay,Bt-2
66.06,50.07,61.06,22.21,66.34,6.99,1211.12,Rice,Silty,Swarna
109.12,25.62,40.6,17.47,75.16,4.71,2210.42,Tea,Peaty,TV-1
119.85,53.8,65.57,23.37,82.28,5.05,2007.3,Rice,Peaty,Swarna
88.55,41.77,86.5,28.5,65.17,6.76,1589.18,Wheat,Loamy,HD-2967
26.18,54.34,100.3,27.94,38.19,7.98,877.53,Wheat,Chalky,Lok-1
88.62,22.53,67.97,30.88,60.8,7.57,1502.34,Tomato,Loamy,Roma
66.9,57.66,92.7,25.57,60.98,6.52,1603.69,Vegetables,Silty,Hybrid-A
50.63,24.6,53.33,30.25,44.29,5.74,878.2,Vegetables,Sandy,Hybrid-A
44.21,42.89,106.46,25.13,44.94,7.68,992.84,Cotton,Chalky,Bt-1
106.52,62.23,113.78,22.03,62.94,7.38,1440.5,Soybean,Clay,NRC-37
96.42,42.53,89.47,25.83,65.53,6.36,1329.82,Soybean,Loamy,JS-335
70.4,38.07,76.57,21.56,64.75,6.37,1379.32,Rice,Silty,Basmati-370
146.19,36.04,67.92,23.48,77.27,5.66,1728.24,Vegetables,Peaty,Hybrid-B
66.23,46.61,71.38,24.63,25.0,8.53,920.66,Barley,Chalky,DWRB-73
24.5,52.38,130.79,27.58,35.96,7.93,536.79,Cotton,Chalky,Suraj
35.6,66.31,82.27,23.34,54.37,7.85,725.07,Barley,Chalky,BH-902
62.36,45.46,72.42,26.42,55.15,7.04,1153.07,Millet,Silty,RHB-173
96.53,36.14,39.5,20.87,79.53,5.27,2261.53,Rice,Peaty,IR64
29.66,40.59,72.35,29.13,53.75,7.85,715.32,Barley,Chalky,RD-2552
111.24,30.15,85.58,21.3,80.74,5.34,2146.93,Vegetables,Peaty,Hybrid-B
80.58,57.35,116.97,23.84,67.32,7.02,1001.33,Rice,Silty,Swarna
60.22,18.32,35.15,26.27,45.07,6.81,576.57,Potato,Sandy,Kufri Jyoti
78.05,40.35,62.98,18.65,63.69,7.27,1700.44,Wheat,Silty,HD-2967
91.74,54.32,130.96,23.95,67.71,6.54,1585.47,Wheat,Clay,Lok-1
53.78,37.84,70.62,28.85,47.87,6.04,678.82,Groundnut,Sandy,GG-20
42.86,67.28,65.98,22.4,47.99,7.66,1037.46,Millet,Chalky,HHB-67
105.74,44.92,58.6,22.49,86.85,5.62,1461.51,Vegetables,Peaty,Hybrid-A
108.54,41.51,84.55,24.64,65.37,6.65,1662.92,Rice,Silty,Basmati-370
79.83,27.73,123.37,21.6,65.25,6.79,990.84,Maize,Silty,Pioneer-3396
96.11,65.49,136.82,23.63,71.45,7.28,1597.53,Rice,Clay,Swarna
89.37,51.56,125.85,23.34,68.11,5.99,1636.55,Cotton,Clay,Bt-2
46.51,56.41,121.55,27.45,50.81,7.83,846.25,Barley,Chalky,DWRB-73
53.96,22.88,53.5,28.05,49.32,6.36,601.72,Watermelon,Sandy,Sugar Baby
99.58,44.94,83.36,15.84,76.45,4.52,1484.43,Potato,Peaty,Kufri Jyoti
70.0,37.6,89.64,19.52,77.57,4.34,1650.02,Potato,Peaty,Kufri Pukhraj
29.77,67.21,131.42,28.21,44.55,8.07,805.04,Millet,Chalky,RHB-173
51.51,25.0,75.54,26.34,67.79,8.13,1069.77,Millet,Chalky,ICTP-8203
111.75,31.18,77.9,19.66,86.64,4.77,1762.34,Potato,Peaty,Kufri Jyoti
87.64,41.55,61.03,17.5,69.97,5.23,1189.76,Potato,Peaty,Kufri Bahar
112.08,60.35,122.16,29.0,83.33,6.15,1589.39,Sugarcane,Clay,Co-0238
93.52,50.47,85.22,25.22,75.75,6.86,1649.79,Cotton,Clay,Bt-1
43.73,32.46,40.83,29.37,37.69,6.16,812.36,Watermelon,Sandy,Sugar Baby
92.87,37.21,142.39,26.67,84.08,7.11,1844.74,Cotton,Clay,Bt-2
58.65,30.71,34.28,29.29,65.0,6.31,553.72,Groundnut,Sandy,JL-24
71.76,56.21,103.36,24.51,67.1,6.71,1122.1,Cotton,Loamy,Bt-1
99.97,37.03,91.64,26.17,59.91,6.6,1423.48,Rice,Silty,Swarna
82.37,61.04,75.03,21.99,62.49,6.38,1386.83,Rice,Silty,IR64
102.89,53.22,51.74,19.57,80.27,5.45,1948.38,Rice,Peaty,Swarna
70.96,50.1,106.76,26.24,56.96,6.87,1327.49,Wheat,Loamy,Lok-1
147.13,31.11,42.32,20.65,81.08,5.17,2063.24,Maize,Peaty,DHM-117
101.86,40.41,82.28,32.0,64.32,6.67,1449.49,Maize,Silty,Pioneer-3396
73.6,46.16,84.48,24.02,79.13,7.02,1429.32,Rice,Silty,IR64
31.54,49.22,77.79,26.43,54.62,8.0,857.51,Cotton,Chalky,Bt-1
92.1,39.85,49.26,19.69,81.85,5.39,1587.92,Tea,Peaty,UPASI-9
33.44,30.69,36.89,28.68,45.31,5.99,688.49,Millet,Sandy,HHB-67
46.86,52.12,79.41,31.17,54.55,8.29,1087.66,Wheat,Chalky,HD-2967
77.43,34.83,116.34,23.94,70.3,6.22,1296.0,Tomato,Loamy,Pusa Ruby
88.08,37.39,57.27,28.0,81.45,5.06,2124.84,Vegetables,Peaty,Hybrid-A
45.92,68.38,67.68,29.99,49.19,8.32,696.15,Wheat,Chalky,HD-2967
54.07,70.39,60.19,29.36,44.54,7.86,563.11,Cotton,Chalky,Suraj
82.57,56.66,95.73,19.73,69.47,6.97,1159.54,Wheat,Silty,Lok-1
68.32,46.58,86.89,29.15,69.62,6.33,1025.64,Soybean,Loamy,MAUS-71
55.75,36.09,77.46,27.1,64.03,6.5,1241.49,Cotton,Loamy,Bt-2
101.92,42.63,69.29,20.04,85.58,5.2,1680.0,Tea,Peaty,TV-1
53.41,23.17,59.34,27.51,40.32,6.78,834.32,Millet,Sandy,HHB-67
96.91,42.25,71.82,17.1,79.24,5.31,1483.65,Tea,Peaty,TV-1
111.6,42.34,80.05,25.95,83.78,4.7,2600.0,Tea,Peaty,UPASI-9
50.75,24.39,54.81,30.48,47.98,6.51,618.79,Potato,Sandy,Kufri Bahar
70.59,39.14,89.11,23.55,48.08,5.81,1228.42,Wheat,Loamy,PBW-343
80.0,51.53,91.14,30.68,48.82,8.04,1211.65,Cotton,Chalky,Suraj
47.25,10.0,73.48,29.08,38.67,5.82,620.0,Watermelon,Sandy,Crimson Sweet
110.35,44.94,69.66,20.65,87.36,5.44,2382.77,Rice,Peaty,IR64
66.15,17.83,69.63,26.95,40.66,6.54,876.58,Potato,Sandy,Kufri Pukhraj
40.0,58.22,80.91,23.84,64.83,6.66,1730.88,Vegetables,Silty,Hybrid-A
68.4,56.05,94.16,24.11,49.62,7.77,1656.78,Soybean,Loamy,MAUS-71
86.42,57.71,126.2,24.71,86.45,6.52,1840.11,Cotton,Clay,Suraj
127.61,43.35,74.46,18.22,74.32,5.48,1519.25,Millet,Peaty,RHB-173
50.46,28.81,47.0,32.05,52.91,6.59,504.6,Watermelon,Sandy,Arka Manik
71.29,35.24,101.5,23.87,60.58,6.51,1465.04,Soybean,Loamy,JS-335
112.24,48.8,92.54,21.28,86.93,5.22,1958.97,Potato,Peaty,Kufri Pukhraj
42.21,38.94,84.22,25.47,44.02,7.58,1011.7,Millet,Chalky,HHB-67
51.38,36.64,66.95,32.35,34.06,6.01,510.9,Potato,Sandy,Kufri Jyoti
86.28,54.82,88.12,26.0,65.86,6.73,1055.83,Tomato,Loamy,Arka Vikas
98.32,38.42,103.15,26.13,71.87,7.0,1410.49,Wheat,Loamy,Lok-1
49.53,71.97,79.29,30.72,41.23,7.98,490.53,Cotton,Chalky,Bt-2
68.72,53.53,96.78,24.87,64.03,5.88,1069.45,Wheat,Clay,PBW-343
86.67,38.54,102.74,20.96,57.18,6.88,1021.01,Tea,Silty,TV-1
96.79,59.55,118.05,25.34,74.7,7.15,1484.76,Rice,Clay,Swarna
33.58,69.63,89.32,29.3,43.23,8.54,849.86,Millet,Chalky,ICTP-8203
129.32,44.04,105.65,17.26,70.05,4.68,1777.5,Vegetables,Peaty,Hybrid-B
56.04,32.44,66.84,27.41,53.27,7.08,632.71,Millet,Sandy,RHB-173
104.55,42.78,160.0,28.65,71.76,6.86,1340.74,Wheat,Clay,PBW-343
60.66,59.64,88.47,28.1,48.51,7.75,533.3,Cotton,Chalky,Suraj
88.86,51.78,98.45,22.96,54.3,6.78,1153.63,Cotton,Loamy,Suraj
120.12,39.78,89.75,22.38,72.49,5.72,1826.91,Vegetables,Peaty,Hybrid-A
133.9,52.97,94.11,21.5,80.64,5.75,2305.87,Potato,Peaty,Kufri Jyoti
27.05,53.34,81.1,24.4,39.89,8.43,637.51,Cotton,Chalky,Bt-2
52.33,65.1,88.49,27.38,51.76,8.28,596.86,Millet,Chalky,RHB-173
98.93,31.96,109.67,29.26,74.76,7.18,1725.86,Cotton,Clay,Suraj
95.74,29.9,130.3,27.9,72.79,6.37,1115.32,Cotton,Clay,Bt-2
26.39,24.14,29.08,32.4,33.1,5.76,759.02,Tea,Sandy,TV-1
34.26,47.6,89.97,26.81,50.06,8.31,1300.0,Wheat,Chalky,HD-2967
56.49,49.07,73.18,28.18,59.9,8.28,536.29,Wheat,Chalky,HD-2967
54.01,59.0,99.64,25.65,67.9,6.46,1743.8,Vegetables,Silty,Hybrid-B
54.79,39.25,72.12,22.9,73.73,6.81,1365.89,Vegetables,Silty,Hybrid-B
79.12,46.6,83.37,24.69,68.09,6.47,1068.85,Rice,Silty,Basmati-370
126.23,42.99,141.37,23.58,70.53,6.12,1818.49,Cotton,Clay,Bt-1
43.28,29.11,77.46,29.97,50.43,6.52,578.85,Potato,Sandy,Kufri Pukhraj
99.53,55.85,51.9,19.27,78.97,5.56,1473.4,Potato,Peaty,Kufri Pukhraj
28.32,56.21,102.45,24.73,45.07,8.03,468.35,Millet,Chalky,RHB-173
70.48,50.29,86.35,24.68,70.32,7.18,1392.59,Tea,Silty,TV-23
98.26,34.37,85.44,24.96,62.18,6.31,1296.68,Maize,Silty,Pioneer-3396
116.68,49.7,64.44,16.61,82.87,5.84,1843.78,Rice,Peaty,Basmati-370
123.11,42.37,79.4,24.44,79.33,4.54,1458.71,Potato,Peaty,Kufri Pukhraj
110.85,56.5,67.31,22.87,95.0,6.1,1697.82,Vegetables,Peaty,Hybrid-A
130.01,39.72,89.32,21.16,79.62,5.58,1491.29,Tea,Peaty,TV-1
98.12,33.27,110.01,23.15,67.13,7.5,1609.91,Potato,Silty,Kufri Pukhraj
100.34,54.1,135.37,23.96,69.95,7.39,1160.58,Cotton,Clay,Suraj
20.0,20.93,66.26,33.09,47.88,6.67,710.16,Millet,Sandy,HHB-67
42.71,18.49,57.7,35.42,47.04,5.39,721.68,Millet,Sandy,HHB-67
93.09,55.68,118.25,26.4,67.08,7.12,1523.56,Wheat,Clay,Lok-1
95.18,33.69,94.42,19.42,71.14,7.22,1194.25,Rice,Silty,IR64
77.86,59.76,92.09,24.12,81.67,7.11,1572.49,Maize,Silty,Pioneer-3396
71.0,38.36,80.11,26.11,67.14,5.83,1031.6,Wheat,Silty,PBW-343
110.73,43.43,68.6,22.59,85.52,4.92,1223.97,Potato,Peaty,Kufri Pukhraj
60.77,38.76,91.44,30.84,45.0,6.57,847.41,Wheat,Loamy,Lok-1
96.11,60.47,107.73,21.97,79.65,6.91,1771.87,Maize,Silty,HQPM-1
79.75,41.89,100.47,26.96,73.73,6.84,977.25,Vegetables,Silty,Local-1
76.38,51.47,81.51,21.56,60.78,6.58,1064.3,Millet,Silty,ICTP-8203
44.52,58.07,76.87,28.23,61.11,8.2,637.03,Millet,Chalky,ICTP-8203
100.62,23.81,58.87,27.05,70.83,4.0,2038.33,Vegetables,Peaty,Hybrid-A
72.42,30.81,96.81,22.23,70.27,6.32,1722.41,Sugarcane,Silty,Co-0118
44.65,40.09,76.89,27.82,34.38,8.33,1068.52,Potato,Chalky,Kufri Jyoti
67.67,63.87,95.29,26.33,47.18,8.05,788.92,Wheat,Chalky,Lok-1
41.11,19.75,67.54,28.64,40.69,6.28,577.68,Groundnut,Sandy,JL-24
81.7,37.68,85.49,21.16,63.24,6.28,1447.49,Wheat,Loamy,HD-2967
88.02,49.13,71.94,29.35,50.14,6.71,1465.23,Sugarcane,Loamy,Co-0238
109.64,34.73,72.22,25.14,75.0,5.52,2029.59,Rice,Peaty,Basmati-370
88.63,35.83,109.51,23.19,68.22,7.06,1531.22,Rice,Clay,Basmati-370
116.41,37.84,95.1,23.39,78.28,5.72,1697.4,Soybean,Peaty,MAUS-71
57.17,26.5,44.71,30.06,49.5,6.65,776.85,Millet,Sandy,HHB-67
133.91,49.6,30.0,18.37,78.26,5.39,1462.47,Tea,Peaty,TV-1
90.35,36.76,102.09,25.32,67.88,7.35,1277.46,Soybean,Silty,MAUS-71
106.49,37.97,122.46,23.67,72.7,6.67,1305.99,Sugarcane,Clay,Co-0118
114.03,64.44,113.94,27.67,66.96,6.85,1434.33,Sugarcane,Clay,Co-0118
48.8,26.27,68.39,30.02,35.35,6.19,333.19,Millet,Sandy,ICTP-8203
61.29,50.5,92.71,23.25,68.47,7.45,1536.21,Wheat,Silty,PBW-343
52.79,16.2,51.15,28.67,28.96,6.46,612.88,Millet,Sandy,ICTP-8203
88.49,31.39,41.9,19.71,84.96,4.98,2577.81,Vegetables,Peaty,Hybrid-A
104.89,41.8,75.85,20.19,72.17,4.26,1609.31,Barley,Peaty,DWRB-73
33.73,22.24,25.76,34.33,47.83,6.29,316.98,Groundnut,Sandy,TAG-24
63.78,50.13,79.4,25.65,69.27,7.02,1056.62,Tomato,Loamy,Pusa Ruby
57.92,35.38,47.72,26.74,47.71,7.04,686.34,Rice,Sandy,IR64
43.71,80.97,88.71,26.4,49.14,8.14,618.54,Cotton,Chalky,Bt-2
41.2,32.41,56.35,34.03,40.97,6.38,658.8,Potato,Sandy,Kufri Bahar
61.7,31.76,57.23,29.73,35.3,6.21,691.58,Wheat,Sandy,Lok-1
40.45,58.26,89.58,22.51,52.45,7.96,1027.44,Barley,Chalky,BH-902
48.61,31.24,54.85,29.21,37.96,6.67,658.36,Millet,Sandy,ICTP-8203
56.54,34.84,53.34,26.32,42.73,5.69,687.29,Groundnut,Sandy,JL-24
84.77,40.82,130.0,22.95,68.43,6.93,1185.57,Tomato,Loamy,Arka Vikas
82.32,15.4,102.05,17.76,81.63,5.79,1798.92,Vegetables,Peaty,Hybrid-A
132.34,40.03,64.76,22.4,76.32,5.95,1566.56,Maize,Peaty,Pioneer-3396
110.93,41.89,84.92,25.46,56.16,6.14,1230.87,Tomato,Loamy,Roma
66.02,38.06,89.94,24.32,75.3,6.0,1109.83,Potato,Silty,Kufri Pukhraj
38.53,54.44,85.41,21.86,43.24,8.05,920.54,Millet,Chalky,RHB-173
54.82,28.55,75.57,21.37,57.99,6.66,1365.96,Vegetables,Silty,Hybrid-B
99.23,45.05,99.2,23.22,64.84,6.8,1256.15,Cotton,Loamy,Bt-1
85.7,51.53,98.18,25.54,70.14,6.53,1324.64,Maize,Loamy,DHM-117
87.19,37.47,72.45,17.61,66.44,5.4,1322.31,Maize,Peaty,Pioneer-3396
85.86,64.21,96.96,23.99,51.79,6.93,1541.65,Vegetables,Silty,Hybrid-A
73.01,39.74,96.22,21.01,74.52,6.87,1343.91,Rice,Silty,IR64
31.96,20.77,47.58,25.89,47.92,6.61,585.19,Potato,Sandy,Kufri Bahar
95.87,37.34,93.93,25.74,68.23,6.65,1062.86,Vegetables,Silty,Hybrid-A
64.79,43.01,104.68,21.14,74.43,6.88,2026.07,Vegetables,Silty,Hybrid-A
55.77,49.75,108.89,30.66,39.48,8.04,989.9,Millet,Chalky,RHB-173
92.8,48.8,116.44,21.13,70.66,6.74,1446.02,Maize,Silty,HQPM-1
111.13,27.64,67.14,20.6,75.95,5.6,1224.6,Rice,Peaty,Swarna
41.6,54.77,68.9,28.54,45.58,7.9,504.29,Potato,Chalky,Kufri Bahar
96.97,49.0,111.37,25.76,66.24,7.55,1265.05,Potato,Clay,Kufri Jyoti
110.34,60.79,130.38,26.55,70.61,6.69,762.59,Wheat,Clay,Lok-1
48.24,31.34,40.35,32.28,51.3,7.4,613.52,Rice,Sandy,Basmati-370
66.66,25.13,49.14,34.42,50.07,7.23,715.66,Sugarcane,Sandy,Co-86032
87.49,45.08,73.2,24.0,64.94,6.55,1243.56,Maize,Loamy,Pioneer-3396
69.87,53.38,108.38,23.09,62.96,7.27,968.92,Maize,Loamy,Pioneer-3396
53.96,25.24,69.01,18.0,65.45,6.41,1399.72,Vegetables,Silty,Hybrid-A
37.71,37.35,71.52,25.01,55.43,8.39,616.55,Cotton,Chalky,Bt-2
66.26,61.2,68.9,24.48,79.22,7.04,1771.35,Rice,Silty,Basmati-370
57.74,37.58,73.26,29.58,37.62,8.19,676.86,Millet,Chalky,RHB-173
101.94,48.77,95.77,23.99,75.54,6.71,1310.85,Cotton,Clay,Bt-1
108.75,47.16,94.58,29.12,76.05,6.58,1715.63,Cotton,Clay,Bt-2
44.92,62.55,113.58,29.8,46.62,7.7,818.81,Wheat,Chalky,Lok-1
99.27,59.93,83.68,24.0,69.6,7.27,942.83,Tomato,Loamy,Roma
101.55,52.63,61.58,18.7,74.08,4.84,2135.9,Vegetables,Peaty,Hybrid-A
87.57,48.03,85.34,24.75,58.0,7.22,1130.21,Cotton,Loamy,Bt-1
71.16,43.6,86.8,21.66,65.59,7.05,1387.47,Tomato,Loamy,Roma
117.18,25.05,104.8,18.39,80.35,5.39,1365.43,Tea,Peaty,UPASI-9
46.54,48.92,111.86,23.83,47.15,7.88,603.38,Cotton,Chalky,Bt-1
81.93,48.84,84.98,23.95,70.88,6.68,1527.49,Tomato,Loamy,Pusa Ruby
108.9,44.5,150.65,24.05,77.87,6.51,1835.85,Millet,Clay,RHB-173
36.67,28.71,55.25,34.18,51.42,6.45,914.19,Groundnut,Sandy,TAG-24
37.8,61.28,85.06,25.24,51.02,7.83,449.21,Cotton,Chalky,Bt-1
40.88,43.19,26.22,31.96,39.64,7.1,716.32,Groundnut,Sandy,JL-24
97.89,54.55,64.79,21.71,76.17,7.16,908.68,Maize,Loamy,HQPM-1
110.58,61.23,93.92,28.38,67.8,6.94,1629.46,Wheat,Clay,HD-2967
29.24,22.14,39.41,31.8,49.62,5.92,632.46,Watermelon,Sandy,Sugar Baby
31.35,40.0,131.51,23.07,55.7,8.21,961.1,Barley,Chalky,BH-902
67.09,42.98,72.68,28.58,72.67,6.61,1243.31,Rice,Silty,Basmati-370
50.15,30.9,34.63,35.49,40.32,6.37,814.66,Watermelon,Sandy,Sugar Baby
124.73,42.82,72.08,18.65,72.1,5.96,1441.57,Rice,Peaty,Swarna
78.47,68.52,81.49,19.56,84.34,6.88,1397.37,Maize,Silty,HQPM-1
119.19,42.39,106.44,23.32,73.95,6.65,1212.23,Cotton,Loamy,Bt-1
68.39,44.94,101.37,28.61,63.58,6.86,1366.27,Wheat,Silty,Lok-1
74.5,32.98,86.76,27.38,56.47,6.74,1524.58,Sugarcane,Loamy,Co-0238
68.45,31.4,30.93,22.0,50.64,6.26,861.55,Potato,Sandy,Kufri Bahar
76.19,34.09,110.9,27.54,68.39,6.55,1262.67,Cotton,Loamy,Bt-1
94.33,61.13,112.18,24.15,55.0,7.0,1510.87,Sugarcane,Clay,Co-86032
122.62,40.06,56.74,21.34,84.24,4.89,1539.2,Rice,Peaty,Basmati-370
57.94,26.3,42.3,29.33,65.0,7.03,439.71,Maize,Sandy,HQPM-1
124.39,49.26,47.92,21.61,73.83,5.37,1116.85,Vegetables,Peaty,Local-1
114.51,39.26,73.74,18.23,82.8,4.85,1858.95,Tea,Peaty,TV-1
111.87,52.76,124.78,27.37,71.98,6.58,1069.3,Rice,Clay,Basmati-370
124.44,22.44,85.01,23.62,78.78,5.04,982.38,Tea,Peaty,TV-1
74.54,49.61,101.09,26.93,68.08,6.22,1029.28,Potato,Silty,Kufri Bahar
87.74,46.28,102.98,30.61,79.28,6.86,1292.07,Potato,Clay,Kufri Bahar
40.9,37.13,68.77,31.35,30.16,5.79,563.93,Groundnut,Sandy,GG-20
52.18,58.87,68.49,26.4,49.43,8.66,554.88,Wheat,Chalky,Lok-1
41.44,19.53,50.18,34.31,46.39,6.93,552.61,Millet,Sandy,RHB-173
75.56,26.04,93.44,25.62,64.23,6.82,1367.0,Rice,Silty,Swarna
100.61,41.5,107.6,26.4,54.88,6.87,925.86,Cotton,Loamy,Suraj
117.69,25.25,69.52,18.68,72.81,4.64,1586.5,Vegetables,Peaty,Hybrid-A
134.41,44.09,85.17,18.31,85.13,4.71,1742.7,Rice,Peaty,Basmati-370
84.95,39.47,97.27,26.24,58.43,6.73,1526.21,Soybean,Loamy,JS-335
66.0,75.23,107.22,32.08,45.93,7.54,515.1,Millet,Chalky,HHB-67
30.2,29.09,51.46,28.65,25.0,5.77,858.21,Watermelon,Sandy,Crimson Sweet
55.0,63.73,118.92,22.63,74.5,7.18,1177.62,Rice,Silty,IR64
95.41,31.69,54.87,13.39,75.87,5.29,1649.97,Potato,Peaty,Kufri Jyoti
48.41,19.55,51.05,33.26,34.99,6.21,842.51,Watermelon,Sandy,Arka Manik
60.25,44.61,97.73,23.44,51.85,6.2,1470.31,Watermelon,Silty,Crimson Sweet
97.33,60.28,67.39,21.67,78.89,7.04,1483.42,Maize,Silty,DHM-117
99.01,31.06,62.91,22.36,80.28,6.01,1432.26,Cotton,Peaty,Suraj
63.49,72.13,100.67,28.2,39.97,7.4,828.53,Wheat,Chalky,HD-2967
80.46,50.27,99.58,25.29,69.88,6.71,1204.92,Cotton,Loamy,Suraj
128.21,29.71,57.43,15.6,77.99,5.76,1741.91,Potato,Peaty,Kufri Bahar
91.63,74.75,115.18,25.2,76.14,6.44,1305.88,Rice,Clay,Swarna
32.67,22.45,71.23,29.36,50.42,5.25,767.9,Millet,Sandy,HHB-67
74.86,54.34,84.44,23.41,77.14,6.76,1174.16,Vegetables,Silty,Hybrid-A
64.35,55.77,94.89,23.61,60.18,7.23,1552.53,Wheat,Loamy,HD-2967
73.11,63.11,83.62,27.33,74.24,7.8,1501.57,Wheat,Silty,Lok-1
75.0,31.24,46.7,31.43,37.22,6.94,566.94,Millet,Sandy,RHB-173
93.84,47.29,101.52,24.81,75.73,6.45,1053.42,Rice,Clay,Swarna
94.12,24.09,78.09,27.09,53.02,7.1,1442.15,Sugarcane,Loamy,Co-0238
37.04,40.48,66.41,28.9,42.77,6.39,772.86,Potato,Sandy,Kufri Jyoti
35.96,38.62,113.3,24.39,48.63,7.84,898.42,Barley,Chalky,RD-2552
81.3,40.98,105.39,22.71,51.03,6.6,1228.61,Barley,Loamy,RD-2552
131.56,42.95,44.9,20.65,84.71,5.52,1376.12,Potato,Peaty,Kufri Bahar
57.91,42.51,99.78,28.46,58.96,6.43,999.57,Tomato,Loamy,Arka Vikas
60.71,30.92,50.91,32.42,51.11,6.5,300.3,Millet,Sandy,HHB-67
60.23,40.13,70.62,23.38,41.64,6.3,750.69,Groundnut,Sandy,JL-24
69.81,49.92,97.22,20.5,68.04,6.96,1422.12,Maize,Silty,Pioneer-3396
83.13,60.93,137.24,24.16,78.24,5.62,1875.5,Rice,Clay,IR64
88.79,45.94,113.11,28.23,61.73,6.54,1537.05,Vegetables,Silty,Local-1
94.6,41.12,146.89,27.9,65.42,6.93,1022.34,Wheat,Clay,HD-2967
86.75,46.49,135.0,20.13,80.82,5.75,650.0,Maize,Silty,DHM-117
52.01,24.48,54.32,29.74,38.33,6.33,573.49,Groundnut,Sandy,TAG-24
70.13,21.65,51.76,34.35,49.75,7.35,555.2,Millet,Sandy,RHB-173
91.81,32.92,56.0,23.24,91.09,5.49,1522.12,Tea,Peaty,TV-23
35.79,21.48,60.54,28.79,44.96,6.23,730.18,Sugarcane,Sandy,Co-86032
35.74,18.4,61.94,30.78,52.1,6.07,545.03,Potato,Sandy,Kufri Bahar
62.58,16.56,61.56,34.38,41.49,6.34,346.79,Potato,Sandy,Kufri Pukhraj
68.59,26.72,30.83,28.78,56.19,6.46,537.88,Groundnut,Sandy,TAG-24
84.62,59.92,86.54,31.67,63.6,6.78,1226.91,Sugarcane,Loamy,Co-0118
113.1,40.46,76.99,20.98,81.38,4.54,1346.24,Sugarcane,Peaty,Co-0238
111.23,41.86,70.37,20.86,86.94,4.7,1515.1,Vegetables,Peaty,Hybrid-A
95.37,41.17,73.12,26.01,66.47,7.16,1414.82,Cotton,Loamy,Suraj
120.43,33.74,76.02,24.21,82.12,5.45,1458.88,Tea,Peaty,TV-23
74.73,26.58,80.45,22.66,64.75,6.17,973.95,Maize,Loamy,Pioneer-3396
68.14,48.38,98.89,21.78,88.07,6.48,1717.47,Wheat,Clay,PBW-343
104.0,42.68,93.64,17.24,74.67,5.19,1292.05,Tea,Peaty,TV-23
55.76,27.83,41.34,29.21,42.7,6.01,745.04,Groundnut,Sandy,TAG-24
123.59,37.51,66.75,23.09,71.34,4.15,1519.71,Wheat,Peaty,HD-2967
50.35,43.9,95.95,27.47,51.91,6.65,1142.13,Tomato,Loamy,Roma
83.35,54.07,97.95,24.06,54.81,7.13,713.07,Potato,Silty,Kufri Jyoti
81.41,38.58,102.78,22.38,64.13,6.81,1459.76,Cotton,Loamy,Bt-2
52.1,38.24,50.16,33.21,38.54,6.46,268.05,Millet,Sandy,RHB-173
27.84,30.54,60.77,24.52,53.73,6.62,860.09,Potato,Sandy,Kufri Bahar
87.95,49.78,79.17,22.63,63.31,6.55,1531.63,Wheat,Silty,Lok-1
146.37,40.5,71.15,18.42,78.47,4.34,1750.13,Wheat,Peaty,HD-2967
68.2,61.57,76.54,21.79,50.49,7.69,961.93,Wheat,Chalky,Lok-1
37.67,57.56,72.44,23.95,46.26,7.86,943.37,Millet,Chalky,ICTP-8203
102.29,65.0,53.92,18.37,95.0,5.51,1851.97,Rice,Peaty,Basmati-370
77.27,55.76,76.1,27.92,53.37,8.15,680.94,Cotton,Chalky,Suraj
52.55,19.68,43.6,34.22,41.28,7.25,674.69,Potato,Sandy,Kufri Pukhraj
94.52,56.6,81.82,28.05,61.17,7.01,1466.42,Maize,Loamy,HQPM-1
50.94,25.5,61.48,29.47,49.01,6.21,815.77,Groundnut,Sandy,TAG-24
34.34,25.35,55.22,29.38,40.55,6.41,592.62,Millet,Sandy,RHB-173
73.81,34.52,101.64,21.5,71.16,7.02,1241.33,Vegetables,Silty,Hybrid-B
61.63,51.67,101.78,29.84,54.01,6.71,1760.15,Soybean,Loamy,MAUS-71
51.8,30.21,49.82,28.85,43.62,6.61,812.43,Tea,Sandy,TV-1
71.36,32.56,74.67,22.08,65.03,6.61,1045.68,Wheat,Silty,PBW-343
63.75,55.78,96.48,23.08,70.05,7.0,1392.05,Maize,Silty,Pioneer-3396
57.08,32.08,57.76,33.13,46.56,5.6,613.19,Groundnut,Sandy,TAG-24
93.0,41.88,98.7,21.19,79.12,7.16,1350.01,Vegetables,Silty,Hybrid-B
55.73,27.94,66.59,31.44,38.39,6.46,518.26,Millet,Sandy,RHB-173
133.69,43.01,59.99,16.84,75.56,4.86,1971.85,Vegetables,Peaty,Hybrid-B
66.74,35.11,82.73,21.61,60.35,6.85,1076.07,Wheat,Silty,HD-2967
87.95,63.17,50.93,19.07,80.83,5.42,1749.74,Rice,Peaty,Swarna
47.33,62.79,95.52,27.74,48.0,7.43,775.13,Cotton,Chalky,Bt-1
85.21,29.3,92.33,25.14,63.72,6.16,1351.09,Soybean,Loamy,MAUS-71
117.57,45.32,91.78,21.04,84.79,5.74,1701.79,Tea,Peaty,TV-23
41.7,82.01,113.92,28.08,59.26,8.29,902.66,Cotton,Chalky,Bt-2
86.15,37.93,64.48,22.04,72.59,6.34,1210.98,Wheat,Loamy,HD-2967
31.27,49.71,86.15,23.46,47.72,7.96,788.3,Wheat,Chalky,PBW-343
101.15,44.2,67.99,22.93,77.59,5.86,1635.31,Vegetables,Peaty,Hybrid-B
79.78,55.06,81.92,27.51,67.06,7.12,1379.15,Tomato,Loamy,Roma
38.37,36.21,35.62,34.94,44.74,5.81,564.29,Watermelon,Sandy,Sugar Baby
65.27,28.03,47.43,28.59,35.67,6.54,540.96,Rice,Sandy,Basmati-370
88.35,50.73,90.17,27.56,70.41,6.96,1578.54,Tomato,Loamy,Roma
56.64,36.61,63.41,30.91,47.61,8.39,985.42,Cotton,Chalky,Bt-1
70.2,47.33,86.16,21.2,69.34,6.86,1289.77,Sugarcane,Loamy,Co-86032
93.85,23.01,68.06,21.91,76.04,4.62,2251.65,Potato,Peaty,Kufri Jyoti
100.61,52.56,83.15,28.4,67.44,6.38,1346.43,Soybean,Clay,JS-335
83.0,55.35,89.61,25.54,62.85,5.97,1414.57,Wheat,Silty,Lok-1
122.91,35.7,68.76,18.46,84.68,4.87,1854.92,Potato,Peaty,Kufri Pukhraj
126.76,48.07,82.41,20.33,79.07,5.61,1481.29,Vegetables,Peaty,Hybrid-B
61.79,65.63,80.34,30.88,43.27,7.64,633.86,Millet,Chalky,RHB-173
37.33,41.82,92.79,27.4,58.87,8.25,713.38,Wheat,Chalky,PBW-343
134.27,25.47,55.33,23.89,83.7,4.49,1821.31,Rice,Peaty,IR64
119.29,73.6,102.44,24.33,90.0,6.48,1644.81,Wheat,Clay,Lok-1
73.26,56.88,69.74,25.65,73.57,6.36,1262.65,Sugarcane,Loamy,Co-0238
73.74,52.36,87.83,19.24,80.61,4.8,1664.56,Vegetables,Peaty,Hybrid-B
42.85,40.8,33.43,31.18,37.35,6.68,723.78,Watermelon,Sandy,Crimson Sweet
34.52,32.07,103.21,30.72,69.86,7.96,749.36,Wheat,Chalky,HD-2967
55.91,70.98,84.13,24.23,50.84,8.04,731.48,Vegetables,Chalky,Local-1
45.34,28.24,83.06,25.76,56.32,6.36,742.21,Millet,Sandy,ICTP-8203
75.43,45.17,131.14,23.41,64.88,6.7,1519.16,Maize,Silty,DHM-117
69.89,46.59,78.27,28.35,59.74,7.7,623.57,Wheat,Chalky,PBW-343
37.08,53.8,90.79,28.03,52.82,7.81,719.38,Watermelon,Chalky,Crimson Sweet
30.82,64.73,90.82,32.63,35.35,8.28,576.66,Millet,Chalky,HHB-67
60.72,63.61,126.44,20.73,51.59,8.04,799.65,Millet,Chalky,ICTP-8203
100.41,45.15,85.72,15.84,82.25,4.69,1307.19,Tea,Peaty,TV-1
54.53,18.23,37.88,22.38,43.97,5.97,527.33,Millet,Sandy,ICTP-8203
48.5,38.06,57.78,38.0,45.38,6.71,556.32,Potato,Sandy,Kufri Bahar
94.19,56.0,81.72,29.06,51.18,7.14,890.52,Cotton,Loamy,Bt-1
49.4,45.0,56.26,34.94,54.27,6.46,513.3,Millet,Sandy,HHB-67
78.13,58.44,75.66,22.32,63.0,6.7,1437.25,Vegetables,Silty,Hybrid-B
64.99,47.98,103.56,24.71,70.65,6.43,1109.88,Soybean,Loamy,MAUS-71
110.1,47.54,128.63,24.93,75.59,6.0,1581.44,Sugarcane,Clay,Co-0238
110.38,48.19,114.25,23.72,69.76,6.14,1510.69,Cotton,Clay,Bt-2
115.42,46.46,82.92,17.16,79.92,5.4,1074.41,Rice,Peaty,Swarna
79.38,47.64,70.81,17.77,68.52,7.17,1640.61,Maize,Silty,DHM-117
49.49,31.55,60.06,22.0,43.15,6.52,607.91,Tea,Sandy,TV-23
57.72,43.67,75.78,16.64,77.41,6.93,1002.57,Vegetables,Silty,Hybrid-A
63.82,54.57,113.29,22.67,62.96,6.19,974.59,Soybean,Loamy,JS-335
37.36,29.99,37.89,32.24,44.89,5.53,692.9,Groundnut,Sandy,TAG-24
108.13,48.96,77.24,25.13,81.19,5.65,1539.62,Rice,Peaty,Swarna
109.68,48.32,51.17,20.97,78.91,5.27,1766.37,Sugarcane,Peaty,Co-0238
81.83,35.13,78.79,29.57,72.99,7.24,1420.93,Tomato,Loamy,Pusa Ruby
82.87,41.4,99.12,28.78,64.86,6.71,853.91,Tomato,Loamy,Roma
105.99,64.28,142.91,24.17,70.71,6.76,1373.48,Tea,Clay,TV-1
34.25,44.93,111.99,31.08,31.28,8.23,1021.44,Millet,Chalky,ICTP-8203
76.01,52.55,79.57,23.4,71.53,7.43,1204.35,Wheat,Silty,Lok-1
109.0,63.27,110.28,21.87,66.56,7.36,1592.08,Rice,Clay,Basmati-370
42.82,27.08,42.98,28.21,40.3,5.99,845.64,Millet,Sandy,ICTP-8203
73.46,48.16,83.42,26.83,56.14,6.66,1055.24,Soybean,Loamy,NRC-37
76.39,50.76,111.41,21.08,47.99,7.68,732.25,Millet,Chalky,ICTP-8203
49.78,55.65,78.67,25.83,83.35,6.01,1632.35,Cotton,Silty,Bt-2
42.14,63.91,114.08,30.43,58.91,8.04,1006.1,Cotton,Chalky,Bt-1
58.23,35.09,78.55,21.99,58.97,7.88,616.29,Vegetables,Chalky,Local-1
57.79,30.43,46.94,31.88,54.3,6.36,969.5,Millet,Sandy,ICTP-8203
103.28,30.88,60.66,15.55,84.47,5.54,1453.11,Potato,Peaty,Kufri Pukhraj
80.4,28.15,119.45,28.2,59.38,6.06,1158.36,Sugarcane,Loamy,Co-0238
39.67,66.13,60.57,25.36,49.85,8.42,673.37,Barley,Chalky,DWRB-73
35.71,24.65,71.81,23.95,44.59,6.82,873.44,Potato,Sandy,Kufri Jyoti
94.11,20.0,109.45,23.38,60.07,7.39,1533.91,Tomato,Loamy,Roma
53.12,27.81,54.06,35.3,54.24,6.33,710.05,Millet,Sandy,ICTP-8203
75.45,33.71,97.08,28.52,71.43,7.12,1827.91,Rice,Silty,IR64
76.53,32.98,123.65,24.0,67.63,7.32,943.33,Sugarcane,Clay,Co-86032
61.91,25.91,36.17,29.87,45.11,6.96,712.24,Potato,Sandy,Kufri Bahar
102.64,61.52,105.25,25.15,72.64,7.21,1833.45,Rice,Clay,Basmati-370
60.03,51.08,106.79,22.69,75.99,7.15,1160.07,Rice,Silty,Swarna
102.55,62.53,123.51,25.58,65.39,6.9,1519.18,Sugarcane,Clay,Co-0238
54.8,27.49,46.47,29.09,39.69,6.68,443.19,Rice,Sandy,Basmati-370
87.43,45.49,50.0,28.09,56.36,7.06,1592.47,Vegetables,Loamy,Local-1
52.8,27.22,89.31,25.05,66.18,6.72,1427.95,Soybean,Loamy,MAUS-71
94.37,52.48,101.9,28.94,72.71,6.66,1465.65,Sugarcane,Clay,Co-86032
80.7,54.31,66.86,27.75,54.12,6.6,888.99,Rice,Loamy,Swarna
85.48,49.32,92.47,27.33,59.99,7.21,1078.88,Potato,Loamy,Kufri Bahar
45.41,20.85,59.67,34.16,51.47,6.73,449.47,Millet,Sandy,RHB-173
55.08,60.36,76.07,28.28,48.72,7.76,487.07,Wheat,Chalky,HD-2967
37.56,31.33,63.39,32.33,42.27,6.84,675.08,Groundnut,Sandy,GG-20
80.31,36.55,109.33,24.27,60.19,7.2,1505.72,Rice,Loamy,Swarna
97.3,25.67,80.49,13.28,81.18,5.36,2055.66,Vegetables,Peaty,Hybrid-A
94.81,25.83,69.53,23.02,67.54,6.51,1292.62,Wheat,Loamy,PBW-343
41.25,31.48,32.73,34.54,47.83,6.66,581.67,Groundnut,Sandy,GG-20
95.68,67.64,80.63,27.22,68.36,6.04,1608.69,Wheat,Silty,PBW-343
62.02,60.5,86.75,26.91,52.12,8.41,857.64,Millet,Chalky,ICTP-8203
138.67,48.38,71.11,17.7,78.15,4.96,1716.49,Rice,Peaty,Swarna
91.34,53.98,92.53,22.77,65.63,7.05,1158.1,Sugarcane,Loamy,Co-0118
116.33,41.52,64.32,19.08,84.85,5.55,1586.17,Vegetables,Peaty,Hybrid-B
85.84,37.53,118.74,18.17,73.97,7.11,1127.74,Wheat,Silty,PBW-343
112.58,32.38,58.85,17.78,75.31,5.98,1666.29,Vegetables,Peaty,Hybrid-A
150.49,41.14,69.73,16.58,75.33,4.8,1525.84,Tea,Peaty,TV-23
35.64,66.63,106.51,33.26,56.7,7.86,626.29,Millet,Chalky,HHB-67
82.4,43.74,57.4,25.02,64.06,6.89,1769.04,Sugarcane,Loamy,Co-0238
121.83,59.54,122.16,20.88,77.23,7.24,1507.67,Rice,Clay,IR64
99.47,72.15,124.34,26.06,72.78,6.48,1090.71,Rice,Clay,Swarna
151.59,29.32,69.1,15.92,82.11,5.15,1921.48,Wheat,Peaty,PBW-343
132.39,50.71,110.69,26.83,70.55,7.12,1578.64,Sugarcane,Clay,Co-0238
126.75,41.8,49.16,22.98,81.28,5.61,1639.45,Rice,Peaty,IR64
38.71,28.48,50.09,29.81,32.46,6.9,548.42,Watermelon,Sandy,Crimson Sweet
116.97,62.27,109.35,25.66,83.71,7.11,1493.79,Wheat,Clay,PBW-343
40.0,64.64,73.85,22.8,50.14,7.22,1596.17,Wheat,Silty,HD-2967
75.13,64.68,81.44,22.03,51.47,6.66,1416.92,Maize,Loamy,HQPM-1
77.19,40.88,107.42,21.56,69.52,6.79,1429.6,Vegetables,Silty,Hybrid-B
86.51,53.86,115.01,28.32,76.49,6.88,1713.89,Sugarcane,Clay,Co-0238
134.25,50.83,67.99,17.98,79.75,5.95,1954.24,Tea,Peaty,TV-23
79.08,52.91,71.93,18.0,64.76,6.78,1532.62,Soybean,Loamy,MAUS-71
109.62,30.73,48.23,22.66,77.45,6.49,1461.83,Wheat,Peaty,HD-2967
103.7,30.53,62.78,22.59,85.53,5.33,1473.08,Vegetables,Peaty,Hybrid-B
146.72,20.05,55.26,21.66,74.53,4.79,2022.3,Rice,Peaty,Swarna
37.32,22.63,52.28,27.39,51.8,6.07,781.91,Millet,Sandy,RHB-173
82.44,30.76,87.33,25.03,67.09,7.55,1800.81,Vegetables,Silty,Local-1
38.18,32.2,46.08,32.14,30.85,6.44,607.64,Potato,Sandy,Kufri Jyoti
49.87,55.48,86.33,27.76,51.35,7.61,422.96,Wheat,Chalky,HD-2967
72.8,35.4,65.47,19.39,70.7,7.05,1103.23,Wheat,Silty,PBW-343
49.79,32.92,54.05,28.2,45.08,6.91,765.76,Potato,Sandy,Kufri Jyoti
96.25,42.57,118.86,33.0,71.14,7.55,704.25,Wheat,Clay,Lok-1
46.98,49.26,114.32,29.15,42.3,8.5,690.98,Wheat,Chalky,Lok-1
124.22,41.82,61.35,17.5,82.2,5.55,2069.72,Wheat,Peaty,PBW-343
95.29,53.29,87.24,31.12,72.75,6.86,1330.5,Cotton,Loamy,Suraj
71.11,32.39,51.35,28.67,37.64,7.17,644.15,Millet,Sandy,RHB-173
53.28,30.29,32.41,29.68,35.94,6.28,296.54,Potato,Sandy,Kufri Jyoti
96.69,60.31,75.69,16.11,74.26,6.0,2173.24,Vegetables,Peaty,Hybrid-B
90.36,47.14,101.36,22.85,70.52,7.18,1739.31,Rice,Clay,IR64
83.62,47.28,124.67,27.9,73.42,6.89,2002.43,Rice,Clay,Swarna
47.0,37.29,58.22,27.66,46.22,5.95,743.73,Groundnut,Sandy,JL-24
93.62,63.75,92.4,22.38,71.23,7.57,1077.67,Cotton,Clay,Bt-1
51.69,26.3,85.01,21.41,41.2,7.96,753.39,Cotton,Chalky,Bt-2
74.84,40.06,107.1,23.59,65.55,6.3,1310.83,Wheat,Loamy,PBW-343
32.39,30.38,49.14,31.63,48.4,6.04,778.45,Millet,Sandy,ICTP-8203
83.05,41.97,50.08,21.71,82.14,4.99,1309.78,Vegetables,Peaty,Hybrid-B
90.54,80.07,119.13,31.37,66.0,6.73,1759.09,Rice,Clay,Swarna
15.0,59.8,40.0,31.33,42.39,8.0,570.73,Barley,Chalky,BH-902
43.27,25.67,52.25,27.98,50.32,6.91,599.09,Groundnut,Sandy,GG-20
135.82,34.23,92.03,14.71,84.97,5.49,1650.94,Cotton,Peaty,Bt-2
61.35,58.07,105.19,27.0,38.0,8.11,898.91,Cotton,Chalky,Suraj
112.38,42.53,55.18,25.24,87.18,5.51,1990.67,Vegetables,Peaty,Hybrid-A
79.3,52.24,103.53,25.04,68.89,6.85,1261.79,Wheat,Loamy,HD-2967
47.87,78.4,79.63,24.46,36.04,7.59,615.25,Millet,Chalky,ICTP-8203
83.24,35.73,116.48,18.08,54.95,6.56,980.84,Wheat,Loamy,PBW-343
54.84,62.11,73.42,26.31,41.81,7.86,684.13,Barley,Chalky,DWRB-73
73.5,45.78,107.95,26.76,65.76,6.98,1179.16,Sugarcane,Loamy,Co-0238
67.52,43.12,77.04,26.53,39.91,8.19,1004.67,Cotton,Chalky,Suraj
67.14,38.08,73.47,26.4,60.21,6.94,994.18,Wheat,Loamy,HD-2967
24.71,52.69,114.67,25.67,45.88,8.17,654.43,Wheat,Chalky,PBW-343
74.13,34.78,132.94,31.29,70.29,7.63,1263.02,Wheat,Clay,HD-2967
93.43,51.97,101.54,27.04,56.95,6.54,1306.42,Wheat,Loamy,PBW-343
119.9,40.63,88.47,21.52,84.4,4.22,1867.41,Potato,Peaty,Kufri Pukhraj
60.74,27.15,65.17,25.47,50.48,5.97,405.06,Millet,Sandy,RHB-173
48.49,42.91,52.04,27.97,49.57,7.85,683.46,Barley,Chalky,RD-2552
101.65,64.38,117.62,22.83,84.52,5.74,1703.33,Cotton,Clay,Suraj
73.59,49.0,100.3,27.23,62.99,6.91,928.6,Wheat,Loamy,HD-2967
79.74,62.09,101.12,28.17,68.69,6.59,1517.71,Sugarcane,Loamy,Co-86032
98.85,60.37,76.64,25.26,65.65,6.22,1261.05,Cotton,Clay,Suraj
125.67,35.14,81.12,20.93,79.23,5.51,1721.36,Potato,Peaty,Kufri Pukhraj
77.88,51.68,78.89,22.66,62.04,6.48,1242.84,Cotton,Loamy,Bt-2
41.61,36.28,43.24,33.1,34.55,6.75,608.61,Millet,Sandy,RHB-173
55.48,46.27,73.86,24.13,62.24,7.22,1233.01,Sugarcane,Silty,Co-86032
47.59,32.15,65.06,33.14,52.05,6.57,994.92,Millet,Sandy,RHB-173
85.4,50.94,95.71,24.95,51.84,6.88,1518.22,Sugarcane,Loamy,Co-86032
68.54,44.78,80.6,29.47,71.23,6.37,1213.79,Wheat,Loamy,Lok-1
66.95,40.4,88.39,20.89,66.38,7.19,1198.17,Tomato,Loamy,Roma
54.86,57.66,94.19,28.77,69.31,7.4,1311.86,Cotton,Silty,Suraj
86.05,46.15,111.96,22.28,83.23,6.68,1557.89,Maize,Clay,DHM-117
110.89,39.9,66.38,16.06,78.47,5.38,2238.78,Rice,Peaty,Basmati-370
40.24,27.56,64.82,30.36,45.93,6.39,398.24,Watermelon,Sandy,Sugar Baby
41.79,60.02,91.51,32.17,37.71,7.96,353.25,Wheat,Chalky,HD-2967
84.42,30.86,98.75,26.26,60.89,7.41,974.88,Maize,Loamy,HQPM-1
73.21,41.08,97.8,26.09,62.57,6.52,1322.52,Rice,Silty,Swarna
44.47,31.17,51.67,26.62,33.28,7.19,728.15,Potato,Sandy,Kufri Pukhraj
33.69,36.72,90.03,20.75,48.63,7.96,865.05,Cotton,Chalky,Bt-1
76.81,28.19,121.41,26.65,63.35,6.89,1339.5,Vegetables,Loamy,Local-1
84.97,33.77,90.25,28.11,65.89,6.54,1186.83,Groundnut,Loamy,JL-24
48.74,12.4,35.97,28.35,38.61,6.47,724.95,Soybean,Sandy,NRC-37
103.98,49.08,58.11,22.7,74.6,5.24,2053.44,Potato,Peaty,Kufri Jyoti
102.71,61.52,122.25,23.42,69.43,6.63,1477.56,Sugarcane,Clay,Co-0118
65.33,65.62,145.24,27.71,74.05,7.64,1582.37,Cotton,Clay,Suraj
90.05,40.91,99.51,21.91,71.22,6.32,1676.15,Rice,Clay,IR64
94.59,28.64,87.46,22.31,83.92,5.51,1616.11,Potato,Peaty,Kufri Pukhraj
95.79,48.1,80.65,25.51,65.67,6.54,1269.66,Cotton,Loamy,Suraj
115.57,30.78,75.17,18.22,84.66,5.9,1810.94,Tea,Peaty,UPASI-9
98.94,39.15,73.88,21.05,81.32,5.68,2077.82,Maize,Peaty,HQPM-1
106.54,42.18,76.35,20.33,82.47,5.46,1823.41,Rice,Peaty,Swarna
91.01,59.65,104.13,23.26,66.44,6.48,2047.33,Wheat,Clay,PBW-343
92.25,51.56,113.88,22.04,64.68,6.76,1130.57,Cotton,Loamy,Bt-2
104.98,57.17,115.14,26.37,72.55,6.61,1261.6,Wheat,Clay,Lok-1
113.78,41.67,101.19,22.79,55.12,6.67,1681.71,Wheat,Clay,Lok-1
52.33,25.15,62.09,32.51,43.53,6.15,860.25,Barley,Sandy,BH-902
99.09,39.82,82.67,21.54,72.02,6.87,1915.53,Rice,Silty,Swarna
90.63,61.3,62.13,21.31,80.65,5.26,1914.67,Potato,Peaty,Kufri Jyoti
46.09,10.0,53.21,30.05,52.99,6.85,644.32,Groundnut,Sandy,TAG-24
126.53,52.16,39.79,25.47,93.73,4.75,1871.61,Vegetables,Peaty,Hybrid-B
113.97,41.77,90.9,18.11,80.4,5.14,1511.74,Potato,Peaty,Kufri Pukhraj
117.22,44.03,68.33,19.88,72.63,5.06,1644.07,Vegetables,Peaty,Local-1
44.34,52.55,93.97,20.02,37.6,8.52,410.65,Barley,Chalky,DWRB-73
97.36,64.58,130.64,29.58,75.33,6.02,1357.63,Wheat,Clay,PBW-343
64.2,63.73,86.6,23.79,53.52,7.81,687.75,Millet,Chalky,RHB-173
95.76,32.75,81.75,13.76,80.44,5.36,2093.77,Potato,Peaty,Kufri Jyoti
94.54,53.35,91.19,23.65,67.55,7.16,1458.07,Wheat,Silty,PBW-343
55.44,28.76,55.77,31.54,40.06,5.66,831.48,Potato,Sandy,Kufri Bahar
40.87,22.4,55.79,30.13,46.55,6.38,663.2,Potato,Sandy,Kufri Jyoti
42.57,35.67,52.76,32.38,47.28,6.23,518.91,Groundnut,Sandy,JL-24
57.06,24.64,48.17,28.88,54.57,5.91,720.29,Maize,Sandy,HQPM-1
110.4,73.26,107.46,28.8,74.3,6.12,1406.61,Cotton,Clay,Bt-2
36.99,55.07,93.92,25.06,42.46,7.88,817.03,Cotton,Chalky,Bt-1
48.72,23.24,68.29,34.68,55.61,6.13,519.09,Groundnut,Sandy,GG-20
84.22,47.27,105.93,25.09,67.74,6.69,945.79,Rice,Silty,IR64
109.6,42.2,142.88,29.42,77.29,5.92,1652.57,Cotton,Clay,Bt-2
74.24,39.8,62.69,29.57,55.62,5.99,1583.82,Vegetables,Silty,Hybrid-A
103.27,20.36,80.23,19.1,75.57,5.54,1629.25,Tea,Peaty,TV-1
41.06,63.59,75.28,26.93,38.03,7.35,716.71,Wheat,Chalky,HD-2967
39.34,61.67,68.87,28.9,51.95,8.09,613.15,Millet,Chalky,RHB-173
115.57,38.75,67.13,19.96,89.02,5.56,1443.91,Vegetables,Peaty,Hybrid-B
80.38,41.43,79.74,26.41,58.94,6.66,1264.25,Sugarcane,Loamy,Co-86032
60.33,48.91,92.78,20.92,75.67,7.5,1381.65,Rice,Silty,Swarna
59.8,49.45,91.93,27.43,37.41,7.42,571.88,Barley,Chalky,BH-902
122.29,33.98,79.47,18.39,85.1,5.48,2373.96,Rice,Peaty,Basmati-370
55.54,22.34,39.44,27.61,40.7,6.23,857.19,Potato,Sandy,Kufri Bahar
84.42,42.24,100.4,28.16,72.04,7.31,1184.7,Wheat,Loamy,PBW-343
60.84,31.48,67.13,26.89,42.14,5.77,559.73,Potato,Sandy,Kufri Pukhraj
87.36,58.39,64.58,22.13,52.92,6.29,1764.52,Rice,Silty,IR64
116.24,44.8,83.62,24.72,81.55,4.69,1249.64,Potato,Peaty,Kufri Jyoti
46.83,18.87,46.78,31.32,35.01,6.07,606.27,Watermelon,Sandy,Crimson Sweet
95.16,36.44,73.11,28.39,60.51,7.13,1207.72,Maize,Loamy,HQPM-1
63.37,67.54,65.64,22.9,73.48,6.73,1138.02,Maize,Silty,DHM-117
52.84,25.63,56.62,32.29,40.64,5.83,738.07,Potato,Sandy,Kufri Jyoti
81.5,47.41,83.04,27.93,54.46,7.49,1463.07,Soybean,Loamy,MAUS-71
46.34,34.83,55.14,33.84,53.72,6.3,293.03,Cotton,Sandy,Bt-2
68.98,38.15,94.52,21.11,64.84,6.49,1387.87,Vegetables,Silty,Local-1
40.29,31.07,77.88,32.52,53.64,6.14,692.11,Watermelon,Sandy,Arka Manik
78.27,29.17,108.01,24.62,76.38,6.75,1231.33,Soybean,Loamy,NRC-37
127.94,36.52,62.03,23.32,84.36,5.41,2439.52,Watermelon,Peaty,Arka Manik
61.45,38.78,129.93,28.98,74.96,7.19,1262.73,Wheat,Clay,HD-2967
59.94,61.38,79.79,25.99,66.31,7.04,1459.22,Wheat,Silty,HD-2967
133.5,38.65,104.87,28.53,68.78,6.98,1689.62,Potato,Clay,Kufri Bahar
72.55,50.77,91.62,20.2,70.82,6.37,1214.79,Wheat,Silty,PBW-343
50.52,27.8,45.75,31.2,44.39,6.75,766.56,Groundnut,Sandy,GG-20
112.46,39.38,66.74,18.92,83.2,5.55,1670.26,Vegetables,Peaty,Hybrid-A
70.27,48.88,51.11,28.98,77.45,7.15,1124.69,Wheat,Silty,HD-2967
125.1,31.32,80.09,27.66,73.72,4.13,1550.43,Wheat,Peaty,PBW-343
47.95,16.99,59.3,28.78,56.85,6.04,846.84,Potato,Sandy,Kufri Pukhraj
92.05,43.56,95.51,29.18,75.32,6.83,1591.99,Rice,Clay,Basmati-370
37.39,77.8,111.77,30.65,48.91,7.74,418.92,Wheat,Chalky,Lok-1
32.88,48.66,104.36,27.76,49.76,8.38,732.76,Wheat,Chalky,PBW-343
48.66,71.21,47.4,25.28,48.85,8.36,652.78,Rice,Chalky,Swarna
37.29,57.58,109.04,26.2,44.9,8.27,1025.58,Barley,Chalky,RD-2552
63.28,45.86,86.56,32.5,51.46,8.24,699.73,Cotton,Chalky,Suraj
160.0,40.28,89.12,20.08,81.75,5.05,1161.48,Tea,Peaty,TV-23
55.62,44.68,87.45,24.74,64.11,6.54,1630.91,Maize,Silty,DHM-117
114.51,50.39,61.17,16.66,79.53,6.12,1915.12,Tea,Peaty,UPASI-9
86.53,58.95,117.64,28.53,72.68,7.04,1101.7,Wheat,Clay,PBW-343
92.88,49.66,62.8,25.62,68.37,6.91,1308.34,Wheat,Loamy,PBW-343
41.35,74.61,44.64,28.27,56.0,8.08,886.56,Wheat,Chalky,HD-2967
120.33,32.9,89.4,14.22,81.63,5.35,2270.94,Potato,Peaty,Kufri Jyoti
73.05,37.53,59.51,17.69,73.32,4.98,1390.92,Potato,Peaty,Kufri Jyoti
43.91,44.54,80.69,19.41,71.83,6.25,910.5,Maize,Silty,Pioneer-3396
90.99,57.62,105.36,24.34,74.35,6.46,1314.72,Cotton,Clay,Bt-1
53.48,39.86,49.96,31.16,33.58,6.8,550.69,Groundnut,Sandy,JL-24
50.48,46.35,97.45,24.47,62.59,6.82,1558.99,Maize,Silty,HQPM-1
85.99,45.81,118.59,27.49,75.35,7.08,1450.55,Soybean,Loamy,NRC-37
31.12,37.44,92.69,24.88,52.93,8.48,1034.25,Barley,Chalky,DWRB-73
54.59,23.81,34.47,30.31,37.3,6.77,608.44,Watermelon,Sandy,Sugar Baby
79.68,40.82,99.26,26.79,53.71,6.57,1199.97,Soybean,Loamy,JS-335
81.83,31.94,87.79,25.19,61.7,6.95,1343.53,Soybean,Loamy,MAUS-71
91.43,46.61,96.56,25.18,76.77,7.63,2035.7,Cotton,Clay,Bt-2
96.21,58.0,97.51,27.4,60.23,7.12,892.52,Wheat,Loamy,Lok-1
112.95,43.65,77.0,24.25,76.2,5.44,1948.7,Potato,Peaty,Kufri Jyoti
48.73,90.0,100.9,21.44,60.65,8.51,942.1,Cotton,Chalky,Suraj
76.34,51.58,89.27,26.52,81.86,7.17,1924.61,Wheat,Silty,PBW-343
114.58,58.56,126.81,31.34,62.99,7.27,1895.63,Cotton,Clay,Bt-2
95.91,32.84,71.89,25.03,77.9,4.75,2024.02,Potato,Peaty,Kufri Jyoti
60.05,12.68,49.56,34.47,50.49,6.16,357.4,Groundnut,Sandy,TAG-24
69.8,42.75,71.88,25.86,63.15,6.77,1116.6,Tomato,Loamy,Pusa Ruby
28.01,14.6,36.76,25.96,43.81,5.8,560.13,Millet,Sandy,ICTP-8203
91.99,44.23,84.77,23.72,83.68,5.38,1547.73,Vegetables,Peaty,Hybrid-A
80.68,49.13,106.95,27.06,57.04,5.96,1022.55,Wheat,Loamy,PBW-343
119.74,37.83,86.66,16.53,81.0,4.95,1801.52,Potato,Peaty,Kufri Bahar
48.44,68.73,97.41,29.97,40.3,7.64,999.06,Millet,Chalky,ICTP-8203
84.09,64.0,90.2,30.15,69.07,7.39,1655.1,Sugarcane,Loamy,Co-0238
143.76,35.45,71.3,19.63,76.91,5.68,1267.16,Rice,Peaty,Basmati-370
100.91,76.69,110.87,28.93,63.52,6.18,1935.91,Wheat,Clay,Lok-1
43.42,23.0,55.71,24.86,50.38,5.9,735.58,Rice,Sandy,Swarna
54.96,41.6,103.29,23.59,67.22,6.9,1153.91,Wheat,Loamy,HD-2967
102.33,37.6,56.13,19.05,72.7,4.78,2197.1,Potato,Peaty,Kufri Pukhraj
118.34,41.81,70.26,22.21,78.73,4.72,2064.07,Millet,Peaty,RHB-173
112.8,27.95,50.7,14.89,77.22,5.51,2019.84,Tea,Peaty,UPASI-9
55.97,47.96,69.23,21.11,47.5,8.56,732.94,Barley,Chalky,BH-902
65.71,21.34,105.12,28.49,55.15,6.61,1113.88,Vegetables,Silty,Hybrid-A
54.14,24.09,52.6,26.02,45.94,6.69,543.09,Groundnut,Sandy,TAG-24
32.11,46.83,86.84,25.64,54.47,8.23,360.82,Cotton,Chalky,Bt-2
49.68,55.91,77.95,23.57,77.0,6.9,1044.25,Maize,Silty,Pioneer-3396
70.08,48.25,89.69,25.16,70.41,6.43,1416.68,Sugarcane,Silty,Co-0118
112.37,51.04,63.86,18.21,79.97,4.65,2101.64,Rice,Peaty,Basmati-370
83.3,40.21,92.95,28.14,72.17,6.77,1454.78,Wheat,Silty,HD-2967
83.98,49.2,101.77,25.6,78.48,6.92,1824.79,Potato,Clay,Kufri Pukhraj
94.01,51.93,88.09,26.32,61.62,6.47,705.07,Maize,Loamy,Pioneer-3396
49.07,29.96,57.72,25.94,51.57,5.96,778.45,Groundnut,Sandy,JL-24
81.52,44.75,81.2,25.42,64.38,5.92,1009.63,Rice,Silty,Basmati-370
89.67,50.87,66.28,24.07,68.89,6.59,824.41,Tomato,Loamy,Arka Vikas
66.22,57.32,64.01,22.17,66.42,6.13,1265.86,Maize,Silty,Pioneer-3396
70.39,40.59,78.52,29.17,60.64,7.29,939.16,Maize,Loamy,DHM-117
111.72,42.76,73.74,20.31,69.86,5.32,1685.57,Potato,Peaty,Kufri Bahar
78.28,30.76,56.2,27.73,63.44,7.38,1289.54,Wheat,Silty,HD-2967
85.65,57.6,111.88,25.09,76.72,7.1,2036.48,Wheat,Clay,HD-2967
50.1,30.82,45.26,25.87,57.5,7.35,748.14,Millet,Sandy,HHB-67
56.02,66.49,76.74,27.79,33.71,7.95,501.77,Barley,Chalky,RD-2552
49.9,24.38,50.83,33.75,51.99,5.82,563.74,Watermelon,Sandy,Crimson Sweet
88.56,51.56,105.83,24.61,78.6,5.89,1768.5,Tea,Clay,UPASI-9
91.97,54.94,104.31,22.35,61.11,6.92,1302.24,Wheat,Loamy,HD-2967
124.78,39.5,44.53,25.39,87.89,5.6,1631.46,Rice,Peaty,IR64
81.08,51.67,78.6,28.97,53.43,6.92,1179.02,Maize,Loamy,Pioneer-3396
97.75,47.59,114.54,28.34,86.93,7.26,1304.41,Sugarcane,Clay,Co-0118
86.3,27.36,111.55,24.08,59.24,6.27,1191.63,Tomato,Loamy,Roma
99.1,58.51,129.04,24.4,64.46,6.86,1599.21,Wheat,Silty,PBW-343
57.14,20.98,77.95,28.67,45.23,6.68,352.98,Groundnut,Sandy,JL-24
102.94,46.89,51.36,14.42,79.12,5.89,1576.08,Vegetables,Peaty,Hybrid-B
65.91,23.32,60.89,30.58,44.07,7.08,600.92,Watermelon,Sandy,Crimson Sweet
50.62,73.58,114.84,31.48,43.18,8.19,433.02,Wheat,Chalky,Lok-1
87.46,72.91,112.33,25.21,77.79,5.95,1547.38,Rice,Clay,IR64
60.61,31.5,96.07,24.2,70.03,7.5,1630.87,Wheat,Silty,PBW-343
121.09,46.7,71.44,17.83,83.82,5.22,2162.92,Potato,Peaty,Kufri Pukhraj
103.13,42.56,117.18,18.91,70.65,7.09,1617.45,Maize,Clay,HQPM-1
61.32,29.87,58.39,25.89,52.21,6.16,816.08,Millet,Sandy,RHB-173
52.33,67.5,96.4,25.85,68.0,7.52,955.81,Barley,Chalky,DWRB-73
65.7,52.02,56.12,26.16,56.81,7.07,1363.75,Wheat,Silty,Lok-1
83.74,35.66,100.65,23.71,56.18,6.35,1204.85,Cotton,Clay,Bt-2
133.71,40.06,33.35,15.82,82.35,4.38,1313.53,Rice,Peaty,Swarna
92.63,66.32,89.57,28.54,84.58,5.92,1454.8,Cotton,Clay,Bt-1
49.1,53.59,99.0,31.37,30.02,8.07,805.13,Barley,Chalky,DWRB-73
127.46,55.53,68.61,16.55,84.05,5.25,2252.27,Vegetables,Peaty,Hybrid-A
143.72,35.82,80.45,14.63,80.42,5.7,1700.89,Vegetables,Peaty,Hybrid-B
62.71,83.23,103.14,24.09,41.9,8.11,693.87,Sugarcane,Chalky,Co-86032
79.85,65.13,84.61,25.2,63.27,6.7,1272.57,Wheat,Loamy,HD-2967
54.9,49.58,110.26,25.34,44.6,8.11,511.22,Wheat,Chalky,Lok-1
82.54,54.96,85.03,19.62,58.97,6.75,1632.93,Vegetables,Silty,Hybrid-A
89.26,64.85,125.13,22.65,72.54,5.88,1440.35,Wheat,Clay,PBW-343
38.22,52.13,59.73,27.75,65.13,7.84,726.26,Barley,Chalky,DWRB-73
90.17,50.69,105.18,21.02,68.84,7.14,1176.43,Rice,Silty,Swarna
85.97,33.75,97.72,22.95,58.07,6.27,1163.88,Soybean,Loamy,JS-335
98.38,56.1,94.57,30.04,67.82,6.78,1786.12,Cotton,Clay,Bt-1
63.8,20.57,65.27,29.82,31.42,5.92,518.65,Groundnut,Sandy,GG-20
55.63,39.05,74.18,26.0,54.94,7.99,719.88,Millet,Chalky,HHB-67
74.01,44.0,125.21,26.06,35.87,8.19,762.09,Wheat,Chalky,Lok-1
47.54,29.23,57.94,36.39,38.5,6.66,708.96,Tea,Sandy,TV-1
147.53,53.25,76.66,21.09,78.58,6.13,1467.52,Potato,Peaty,Kufri Pukhraj
43.86,32.36,56.1,31.24,46.66,6.47,761.55,Potato,Sandy,Kufri Pukhraj
52.33,69.67,68.83,24.06,36.36,8.0,976.9,Wheat,Chalky,PBW-343
75.48,47.7,82.92,26.17,69.57,6.75,1799.99,Rice,Silty,Basmati-370
120.0,41.8,96.74,25.05,60.25,7.4,1430.2,Wheat,Loamy,PBW-343
50.24,18.61,46.91,30.65,57.2,6.39,901.19,Tea,Sandy,TV-23
45.87,54.34,102.81,25.29,37.47,7.53,441.04,Cotton,Chalky,Bt-1
103.35,33.1,70.03,29.66,53.64,7.12,1212.77,Maize,Loamy,DHM-117
87.87,41.73,99.66,24.56,68.64,6.53,943.33,Maize,Silty,DHM-117
114.23,50.29,96.3,26.48,81.05,5.99,1484.73,Rice,Clay,Basmati-370
127.49,16.98,66.94,22.15,73.46,5.4,1840.7,Tea,Peaty,TV-23
72.31,45.52,101.31,29.18,67.82,6.54,1346.82,Tomato,Loamy,Pusa Ruby
100.44,48.76,76.48,25.23,76.55,6.37,1389.04,Wheat,Silty,HD-2967
76.24,45.64,72.68,28.37,61.27,7.62,1352.23,Wheat,Silty,PBW-343
86.75,58.46,108.95,18.0,64.3,7.79,1784.67,Cotton,Clay,Bt-1
87.16,35.46,86.41,23.77,69.43,6.06,1236.21,Vegetables,Loamy,Hybrid-B
132.62,34.99,54.15,19.79,83.37,5.3,1769.1,Maize,Peaty,HQPM-1
86.26,52.57,67.49,12.0,80.02,4.76,2136.83,Tea,Peaty,TV-23
96.96,52.15,115.46,22.9,72.42,6.43,1231.43,Sugarcane,Clay,Co-0238
69.25,74.11,106.29,35.0,54.65,8.46,887.26,Wheat,Chalky,HD-2967
26.0,56.25,91.45,26.23,58.78,7.85,866.04,Wheat,Chalky,PBW-343
88.63,59.25,94.64,30.59,73.75,6.8,1328.42,Rice,Silty,Swarna
39.99,20.26,57.78,25.53,51.2,6.5,609.58,Groundnut,Sandy,TAG-24
110.57,30.63,71.11,23.68,70.89,5.37,1187.19,Tea,Peaty,TV-23
45.82,28.87,39.89,32.17,50.1,6.46,765.97,Watermelon,Sandy,Arka Manik
43.04,24.61,39.87,26.45,45.47,6.43,441.55,Watermelon,Sandy,Crimson Sweet
76.93,44.1,134.9,25.56,67.33,6.52,1196.02,Cotton,Clay,Bt-2
100.54,25.53,126.39,29.75,68.78,6.85,1934.81,Cotton,Clay,Bt-1
92.72,55.22,50.0,30.96,64.72,7.31,928.93,Wheat,Loamy,HD-2967
91.28,58.87,92.73,25.86,66.51,7.35,1434.63,Tomato,Loamy,Pusa Ruby
53.24,30.82,66.97,33.14,44.13,6.72,703.45,Cotton,Sandy,Bt-2
96.56,45.43,99.87,20.45,66.91,7.28,1412.27,Rice,Silty,Basmati-370
51.06,21.34,44.1,34.55,40.83,6.5,369.13,Rice,Sandy,Basmati-370
36.64,22.45,63.05,28.88,41.55,7.13,732.61,Vegetables,Sandy,Hybrid-B
61.89,67.17,77.77,24.31,67.22,6.84,1394.54,Maize,Silty,Pioneer-3396
77.05,36.91,84.81,26.12,82.27,6.13,1308.37,Wheat,Silty,Lok-1
60.39,52.94,100.15,23.67,61.88,6.79,1421.26,Maize,Silty,DHM-117
54.81,27.5,51.7,29.25,28.33,6.6,714.96,Watermelon,Sandy,Crimson Sweet
99.93,40.89,31.74,24.15,84.78,6.1,1417.99,Rice,Peaty,IR64
76.0,46.33,92.17,23.54,70.55,7.04,1034.9,Rice,Silty,Basmati-370
114.45,45.58,47.42,20.41,86.27,4.94,2096.34,Tea,Peaty,TV-1
45.09,44.08,100.2,27.56,52.57,8.34,1147.82,Cotton,Chalky,Bt-1
87.24,40.29,83.78,28.45,64.22,5.75,1304.86,Wheat,Silty,PBW-343
86.36,38.44,97.96,24.76,69.98,7.01,1236.7,Vegetables,Silty,Local-1
106.76,57.02,118.16,26.78,61.12,6.73,1519.22,Wheat,Clay,Lok-1
86.01,64.35,95.95,27.85,65.9,6.39,999.49,Wheat,Loamy,PBW-343
61.61,32.21,60.77,26.6,76.62,7.08,1718.62,Vegetables,Silty,Hybrid-B
103.74,38.52,127.82,26.32,68.55,6.68,1671.87,Rice,Clay,IR64
46.9,26.29,58.69,33.04,46.16,5.76,692.58,Watermelon,Sandy,Crimson Sweet
57.53,49.34,69.37,32.91,47.57,7.95,653.54,Millet,Chalky,ICTP-8203
158.09,23.88,49.16,15.07,84.05,5.29,1606.19,Tea,Peaty,TV-1
111.35,51.21,67.33,15.11,82.89,5.77,1845.77,Rice,Peaty,Basmati-370
61.51,60.11,109.17,26.62,43.22,7.85,790.75,Millet,Chalky,RHB-173
50.47,73.26,96.52,25.8,47.42,7.89,681.62,Millet,Chalky,ICTP-8203
56.45,70.32,95.8,27.56,51.38,7.59,348.73,Barley,Chalky,RD-2552
55.62,75.2,45.98,27.95,34.84,8.14,991.25,Vegetables,Chalky,Local-1
84.35,54.04,83.54,26.18,55.91,6.47,616.35,Tomato,Loamy,Roma
110.59,44.23,81.12,21.66,79.39,4.94,1854.85,Vegetables,Peaty,Local-1
88.35,41.36,132.5,30.8,62.44,7.25,1379.08,Wheat,Clay,PBW-343
46.3,41.92,87.68,30.22,37.62,8.41,428.22,Cotton,Chalky,Suraj
83.74,34.49,98.64,24.39,85.08,6.94,1232.72,Wheat,Clay,PBW-343
99.03,39.87,50.0,25.54,78.73,7.13,1065.2,Tomato,Loamy,Arka Vikas
44.62,26.72,49.49,30.79,48.52,6.75,905.15,Millet,Sandy,ICTP-8203
112.4,40.34,111.72,25.34,63.14,6.97,1419.11,Cotton,Clay,Bt-2
78.07,45.38,100.22,26.66,59.99,6.51,1197.67,Sugarcane,Loamy,Co-0118
45.52,55.95,66.76,24.94,58.61,7.8,1157.76,Wheat,Chalky,HD-2967
91.23,63.26,114.06,29.9,67.39,6.63,1367.66,Soybean,Loamy,MAUS-71
67.68,61.25,99.55,23.13,38.45,8.54,842.49,Wheat,Chalky,Lok-1
44.05,53.87,129.37,22.15,43.45,8.27,735.15,Barley,Chalky,BH-902
81.01,37.53,100.68,28.84,59.25,6.67,879.9,Soybean,Loamy,MAUS-71
83.64,48.33,77.35,29.1,65.22,6.7,1745.36,Cotton,Loamy,Bt-2
136.32,32.78,58.06,24.98,82.23,4.52,1678.33,Tomato,Peaty,Roma
120.78,40.5,86.72,17.09,85.52,5.39,1813.3,Rice,Peaty,IR64
61.81,53.19,70.69,27.7,61.21,6.32,1585.45,Maize,Silty,Pioneer-3396
113.73,31.3,52.77,27.45,77.45,5.49,1205.28,Vegetables,Peaty,Hybrid-A
113.38,52.02,122.44,20.78,74.31,6.72,1342.07,Cotton,Clay,Bt-1
26.57,33.74,42.87,29.89,34.03,6.05,629.3,Watermelon,Sandy,Sugar Baby
33.89,81.51,105.33,26.17,42.76,7.91,854.84,Barley,Chalky,RD-2552
83.41,59.38,63.21,32.22,76.98,6.98,1392.06,Sugarcane,Loamy,Co-0238
57.41,22.22,75.33,26.51,55.22,6.02,1004.09,Groundnut,Sandy,GG-20
141.07,30.12,65.29,17.02,83.42,5.16,2201.84,Vegetables,Peaty,Hybrid-B
36.73,29.77,49.29,28.67,50.88,6.4,758.9,Potato,Sandy,Kufri Pukhraj
47.69,62.51,87.0,20.5,69.02,7.9,1376.17,Wheat,Silty,HD-2967
108.87,64.25,110.4,27.96,68.09,6.56,1006.7,Wheat,Clay,HD-2967
73.98,55.45,74.48,24.09,78.02,7.27,1344.27,Tomato,Silty,Arka Vikas
63.92,62.49,105.91,21.97,56.67,8.36,1141.4,Barley,Chalky,BH-902
124.22,39.1,64.15,21.05,83.27,5.35,1635.93,Rice,Peaty,Swarna
110.68,58.12,121.83,24.35,64.93,6.87,1469.9,Rice,Clay,Basmati-370
53.89,70.83,68.35,20.59,48.34,8.75,764.51,Cotton,Chalky,Suraj
33.64,51.78,110.62,25.01,46.59,8.28,805.04,Wheat,Chalky,PBW-343
49.51,54.52,82.16,27.09,48.33,8.13,620.7,Barley,Chalky,BH-902
50.38,22.7,36.04,32.57,47.69,7.31,743.68,Millet,Sandy,ICTP-8203
33.15,46.24,86.56,30.42,40.14,8.1,601.05,Millet,Chalky,ICTP-8203
65.89,54.54,112.24,25.07,62.49,7.84,539.19,Barley,Chalky,DWRB-73
87.88,50.5,74.86,23.69,80.27,5.16,1533.72,Rice,Peaty,IR64
41.65,64.04,98.56,22.0,48.86,8.23,453.33,Rice,Chalky,Basmati-370
92.64,35.26,88.56,26.56,59.0,6.98,675.84,Maize,Loamy,Pioneer-3396
91.51,36.5,91.24,25.73,70.31,6.89,1061.75,Wheat,Loamy,PBW-343
37.94,33.55,51.38,31.36,35.8,6.22,854.37,Potato,Sandy,Kufri Jyoti
100.23,55.6,128.29,22.92,66.14,7.01,1400.73,Cotton,Clay,Suraj
103.57,58.78,100.65,21.69,64.88,7.17,878.4,Vegetables,Silty,Local-1
61.59,16.42,60.6,30.69,41.45,6.44,392.8,Groundnut,Sandy,GG-20
100.31,50.42,60.46,14.91,77.48,4.92,1787.7,Wheat,Peaty,PBW-343
63.32,63.97,113.09,27.69,45.16,7.92,424.77,Barley,Chalky,DWRB-73
89.77,49.83,102.6,27.97,75.96,7.2,1152.17,Cotton,Loamy,Bt-2
99.69,51.42,98.22,27.36,54.54,6.9,1446.46,Tomato,Loamy,Roma
76.08,47.79,92.02,27.04,55.94,6.91,1061.54,Sugarcane,Loamy,Co-0238
78.62,44.7,89.71,27.17,60.18,6.45,1419.65,Rice,Loamy,Swarna
108.84,54.96,147.9,25.4,82.02,7.34,1781.92,Cotton,Clay,Suraj
115.19,45.41,135.48,29.45,68.7,6.99,1527.23,Rice,Clay,IR64
31.25,47.7,106.4,24.52,52.96,7.98,721.22,Barley,Chalky,BH-902
102.36,49.68,80.56,25.58,60.77,7.11,997.2,Maize,Loamy,Pioneer-3396
69.87,33.31,87.9,24.35,59.34,7.08,1258.98,Soybean,Loamy,JS-335
48.48,34.75,57.86,28.31,46.39,6.51,669.74,Millet,Sandy,HHB-67
34.68,49.83,82.3,30.53,54.44,8.09,846.56,Wheat,Chalky,HD-2967
48.89,44.35,74.34,31.69,41.93,8.27,791.77,Cotton,Chalky,Bt-2
84.46,51.71,54.72,26.04,71.82,6.4,1105.21,Vegetables,Silty,Hybrid-B
52.54,23.13,36.04,33.53,41.53,6.31,575.27,Groundnut,Sandy,JL-24
51.95,23.87,60.2,35.73,48.63,6.54,784.87,Potato,Sandy,Kufri Jyoti
41.83,29.83,49.29,27.83,29.7,6.46,687.91,Millet,Sandy,HHB-67
50.7,63.5,90.49,18.58,44.62,8.01,799.81,Millet,Chalky,ICTP-8203
99.52,61.09,112.16,25.33,75.57,7.14,1593.68,Wheat,Clay,Lok-1
41.48,41.55,74.51,30.98,46.64,7.73,837.15,Millet,Chalky,ICTP-8203
98.81,63.32,107.89,25.62,78.32,6.78,918.14,Sugarcane,Clay,Co-86032
88.11,52.98,97.55,27.29,49.05,7.23,679.77,Sugarcane,Loamy,Co-0118
56.98,34.07,100.51,23.38,63.83,6.53,1153.18,Groundnut,Silty,GG-20
54.88,31.01,96.6,22.74,67.39,7.02,1114.38,Maize,Silty,DHM-117
63.56,65.42,51.7,25.27,48.59,7.87,1011.44,Millet,Chalky,HHB-67
114.72,43.18,69.91,17.28,82.17,5.31,1579.48,Rice,Peaty,Swarna
93.65,58.89,124.39,24.32,83.17,6.57,888.52,Wheat,Clay,Lok-1
35.24,30.37,46.58,29.42,34.05,6.87,629.59,Rice,Sandy,IR64
102.79,33.82,80.61,25.4,80.14,5.86,1529.76,Tea,Peaty,TV-1
77.31,48.63,98.77,22.45,64.09,6.7,1103.0,Sugarcane,Loamy,Co-0238
115.95,36.07,85.16,22.01,61.51,6.78,1391.55,Maize,Loamy,DHM-117
81.49,58.69,122.47,20.52,80.24,6.18,1562.1,Sugarcane,Clay,Co-0118
81.84,49.01,80.82,24.01,61.84,6.45,1147.13,Potato,Loamy,Kufri Bahar
124.42,54.92,59.41,24.46,83.82,5.11,1390.4,Millet,Peaty,ICTP-8203
117.92,55.22,97.89,24.49,72.09,6.5,1625.98,Cotton,Clay,Suraj
88.17,50.11,105.7,22.11,58.42,6.45,1617.01,Vegetables,Silty,Hybrid-A
26.5,27.52,53.7,31.24,40.85,5.91,673.8,Watermelon,Sandy,Crimson Sweet
32.2,30.82,48.36,29.49,53.06,6.0,895.87,Millet,Sandy,ICTP-8203
84.82,50.94,129.7,26.67,78.96,6.94,1672.36,Sugarcane,Clay,Co-0118
74.1,43.76,106.68,28.83,60.96,6.78,1228.85,Vegetables,Silty,Local-1
128.09,30.1,73.09,21.3,80.58,5.26,1568.75,Potato,Peaty,Kufri Jyoti
71.26,49.45,111.59,27.64,71.71,7.07,1350.45,Cotton,Clay,Suraj
94.3,55.46,80.47,27.88,81.52,7.13,1327.84,Wheat,Clay,Lok-1
72.92,40.64,88.36,30.22,68.93,7.17,1239.36,Maize,Loamy,DHM-117
132.5,37.54,77.6,22.03,75.59,5.49,1506.67,Tea,Peaty,TV-23
89.18,49.82,124.32,31.37,82.12,6.91,1468.14,Sugarcane,Clay,Co-0238
40.41,33.84,71.9,27.69,60.91,8.27,978.25,Wheat,Chalky,Lok-1
53.7,43.2,91.29,32.1,36.8,7.73,800.58,Barley,Chalky,DWRB-73
81.84,43.49,72.46,26.06,67.1,6.53,600.0,Sugarcane,Loamy,Co-86032
66.96,46.29,110.03,26.41,71.36,6.66,1302.33,Sugarcane,Loamy,Co-0238
93.7,52.13,95.33,23.58,62.62,7.05,1606.31,Wheat,Silty,PBW-343
83.11,56.35,84.76,26.44,57.94,6.82,820.85,Maize,Silty,Pioneer-3396
77.23,54.7,94.52,25.2,73.76,6.94,1649.03,Rice,Silty,Basmati-370
63.24,60.11,110.84,23.2,60.33,6.62,763.97,Soybean,Loamy,NRC-37
49.54,28.14,107.38,25.42,62.48,6.29,1198.98,Tomato,Loamy,Arka Vikas
92.46,61.73,104.19,32.0,74.47,7.26,1553.66,Vegetables,Silty,Hybrid-A
126.65,43.16,101.78,20.83,80.13,5.26,1731.3,Vegetables,Peaty,Local-1
55.6,36.01,40.0,29.12,50.63,8.16,604.1,Millet,Chalky,ICTP-8203
99.14,52.9,97.33,23.58,75.89,6.59,1171.58,Rice,Clay,IR64
45.68,30.42,33.71,22.0,47.9,6.48,752.73,Potato,Sandy,Kufri Jyoti
108.42,45.16,84.96,27.97,61.75,6.77,1311.97,Soybean,Loamy,NRC-37
59.61,53.64,81.73,25.47,43.75,7.97,699.57,Rice,Chalky,IR64
61.29,51.02,75.67,22.46,66.24,6.58,1403.48,Vegetables,Silty,Hybrid-A
58.98,29.97,48.92,31.4,42.63,6.7,375.64,Wheat,Sandy,HD-2967
83.98,38.9,87.42,24.93,68.96,6.82,1433.2,Maize,Loamy,Pioneer-3396
101.81,40.75,92.61,24.94,60.25,7.31,1345.28,Vegetables,Silty,Hybrid-B
54.69,35.4,96.07,29.33,34.47,7.79,593.87,Wheat,Chalky,Lok-1
39.89,35.34,59.35,28.16,56.56,6.7,539.67,Cotton,Sandy,Bt-1
74.08,62.58,106.76,26.43,86.52,6.35,1161.38,Cotton,Clay,Bt-2
128.7,35.16,63.13,23.33,78.49,5.36,1740.92,Rice,Peaty,Basmati-370
98.9,44.82,83.26,19.79,67.63,6.25,1391.05,Wheat,Loamy,PBW-343
67.47,50.41,90.65,23.96,62.15,6.74,1450.11,Vegetables,Silty,Local-1
102.53,52.21,119.38,22.55,72.46,7.42,1545.87,Sugarcane,Clay,Co-0118
108.27,45.07,71.35,19.27,73.12,5.05,1219.46,Vegetables,Peaty,Hybrid-B
120.56,61.2,118.45,26.56,65.33,7.52,1345.67,Wheat,Clay,Lok-1
23.72,50.55,83.93,33.67,47.9,7.83,882.21,Cotton,Chalky,Bt-2
53.99,70.22,99.09,23.14,50.51,7.97,615.32,Wheat,Chalky,PBW-343
112.38,44.19,126.12,25.85,74.89,6.65,1277.9,Wheat,Clay,HD-2967
40.83,63.07,60.16,21.53,54.99,7.55,1371.57,Maize,Silty,Pioneer-3396
104.02,64.91,119.95,25.91,78.25,6.53,1754.74,Rice,Clay,Swarna
46.54,21.91,27.21,28.27,47.77,6.36,871.08,Millet,Sandy,ICTP-8203
80.47,20.0,78.96,23.31,58.09,6.66,1047.09,Cotton,Loamy,Bt-1
44.08,65.48,83.2,21.8,49.71,7.94,648.24,Maize,Chalky,Pioneer-3396
83.98,41.77,70.82,23.35,63.74,7.07,1417.4,Maize,Silty,DHM-117
112.04,49.5,64.09,20.29,70.61,4.85,2234.55,Tea,Peaty,UPASI-9
68.35,55.23,104.26,32.42,37.28,8.09,697.23,Millet,Chalky,RHB-173
82.53,51.87,109.17,30.78,79.18,6.69,1327.89,Cotton,Clay,Bt-1
48.12,73.17,119.0,21.61,41.0,8.35,677.5,Cotton,Chalky,Bt-2
54.28,48.47,75.66,27.56,66.46,6.71,1345.75,Sugarcane,Loamy,Co-0118
67.5,39.26,97.93,29.6,47.93,6.83,1087.58,Soybean,Loamy,MAUS-71
92.28,49.95,82.94,23.35,76.4,6.32,2049.51,Vegetables,Peaty,Hybrid-A
23.77,22.43,42.2,30.24,43.44,6.24,646.44,Potato,Sandy,Kufri Pukhraj
127.07,43.68,80.19,16.34,75.92,6.18,1620.32,Rice,Peaty,Basmati-370
104.02,45.98,68.05,23.08,51.5,6.95,893.79,Soybean,Loamy,NRC-37
36.8,69.09,92.89,21.51,69.09,7.91,595.04,Cotton,Chalky,Suraj
124.57,54.93,73.98,21.64,77.58,4.23,1570.65,Rice,Peaty,Swarna
47.46,28.8,39.39,27.52,54.11,5.64,747.09,Watermelon,Sandy,Arka Manik
126.93,31.86,66.02,20.49,72.0,5.51,1399.74,Rice,Peaty,Swarna
113.36,57.16,126.74,22.53,75.27,6.43,1394.48,Wheat,Clay,Lok-1
64.65,39.97,113.65,23.73,52.85,6.22,1574.62,Wheat,Silty,Lok-1
95.47,33.34,67.16,17.83,73.22,4.96,2066.26,Potato,Peaty,Kufri Pukhraj
108.95,43.62,100.31,27.54,74.32,7.04,1192.14,Rice,Clay,Basmati-370
133.32,44.27,84.88,21.71,80.28,5.73,1444.53,Tea,Peaty,TV-23
86.22,51.64,105.67,24.97,72.41,6.56,947.14,Wheat,Loamy,Lok-1
76.6,48.9,111.52,22.18,74.62,6.96,2200.0,Sugarcane,Clay,Co-0118
40.17,37.5,48.55,30.06,50.84,6.31,626.3,Potato,Sandy,Kufri Pukhraj
101.56,35.2,67.16,27.23,51.21,7.4,1554.96,Soybean,Loamy,JS-335
93.19,66.89,129.56,27.11,78.96,6.57,1111.54,Rice,Clay,Basmati-370
54.93,36.32,44.22,30.98,35.88,6.58,671.25,Groundnut,Sandy,GG-20
20.03,50.14,88.1,26.43,49.51,7.49,808.53,Cotton,Chalky,Bt-2
70.32,60.67,72.31,29.62,52.97,8.19,444.22,Cotton,Chalky,Bt-2
80.92,54.84,88.05,27.26,64.27,6.93,1588.79,Maize,Loamy,Pioneer-3396
75.76,68.9,111.88,24.38,80.1,6.68,1105.25,Sugarcane,Clay,Co-0118
68.02,49.84,73.5,23.15,36.43,8.01,645.28,Cotton,Chalky,Suraj
67.9,32.83,82.31,28.17,65.18,6.46,1243.67,Rice,Silty,Swarna
89.06,77.71,101.29,29.24,57.71,6.62,1352.26,Groundnut,Clay,JL-24
80.06,59.03,97.66,19.13,64.81,6.97,1125.07,Wheat,Loamy,Lok-1
94.9,66.12,147.55,26.28,69.06,6.93,1191.62,Rice,Clay,IR64
59.77,28.89,51.39,30.49,35.06,6.44,813.81,Potato,Sandy,Kufri Pukhraj
55.06,21.32,49.16,29.28,40.86,5.58,564.23,Wheat,Sandy,Lok-1
127.2,47.97,94.22,26.56,55.0,6.29,1857.91,Potato,Clay,Kufri Jyoti
63.43,63.1,66.82,26.77,45.96,7.33,782.87,Cotton,Chalky,Bt-1
85.99,56.12,91.0,23.43,81.08,6.84,1080.07,Maize,Silty,DHM-117
81.73,35.27,96.72,21.18,63.07,6.86,1226.59,Tea,Loamy,TV-1
76.83,56.75,57.43,31.33,72.39,6.74,1498.81,Maize,Silty,Pioneer-3396
99.66,28.11,110.0,18.5,68.35,4.85,1609.77,Vegetables,Peaty,Local-1
30.08,66.77,86.45,23.12,41.59,7.67,710.34,Potato,Chalky,Kufri Jyoti
106.04,20.7,82.84,12.0,83.95,5.56,1938.26,Tea,Peaty,TV-1
136.15,59.42,86.21,15.82,82.62,4.97,1562.08,Millet,Peaty,RHB-173
82.9,44.38,67.9,28.69,70.3,7.19,1069.6,Rice,Silty,Swarna
45.38,64.82,64.29,21.92,38.71,7.91,982.12,Wheat,Chalky,HD-2967
37.02,21.33,71.52,29.78,32.09,6.46,698.05,Watermelon,Sandy,Crimson Sweet
69.05,15.64,49.57,33.73,33.72,6.03,588.52,Wheat,Sandy,HD-2967
119.44,45.4,74.46,22.2,88.39,4.83,2236.73,Vegetables,Peaty,Hybrid-A
84.36,43.96,103.6,16.07,61.75,6.37,1187.42,Vegetables,Silty,Local-1
97.87,48.01,112.03,27.83,68.0,7.22,2084.5,Rice,Clay,IR64
84.06,47.72,84.84,22.33,77.59,6.52,1752.38,Rice,Silty,IR64
96.8,23.91,98.2,24.51,60.61,7.32,1110.03,Wheat,Loamy,Lok-1
113.53,54.27,48.17,14.71,75.17,5.8,1080.58,Rice,Peaty,IR64
83.04,35.73,75.34,18.49,74.16,4.94,1967.32,Potato,Peaty,Kufri Pukhraj
100.85,60.8,73.45,23.05,59.93,6.53,938.93,Cotton,Silty,Bt-1
112.9,63.93,102.32,26.12,62.88,6.68,1155.14,Wheat,Loamy,PBW-343
93.43,63.42,115.45,24.76,63.28,5.88,1381.61,Sugarcane,Clay,Co-0118
95.73,35.85,96.43,22.58,67.15,6.77,1042.16,Vegetables,Silty,Hybrid-A
88.4,55.59,107.91,24.39,80.36,6.07,1435.5,Rice,Clay,Swarna
109.43,56.58,127.32,25.53,75.63,5.87,1191.85,Cotton,Clay,Suraj
48.17,35.77,45.62,32.97,26.19,6.13,658.91,Millet,Sandy,RHB-173
43.45,53.91,79.5,27.26,53.91,8.71,777.42,Cotton,Chalky,Suraj
74.02,32.54,108.26,24.6,78.34,6.81,1281.14,Potato,Loamy,Kufri Pukhraj
74.61,39.6,90.54,25.65,69.58,6.8,1328.08,Soybean,Loamy,NRC-37
111.56,61.89,75.6,19.79,77.0,5.1,2144.28,Wheat,Peaty,HD-2967
54.95,27.43,55.39,29.26,52.72,6.44,649.16,Potato,Sandy,Kufri Bahar
73.37,45.42,82.97,25.98,66.26,6.21,1025.03,Cotton,Loamy,Suraj
72.11,49.84,90.93,24.88,68.33,7.05,845.57,Tomato,Loamy,Roma
39.41,63.4,74.23,24.5,55.15,7.99,914.47,Wheat,Chalky,Lok-1
62.81,26.45,60.1,24.58,42.29,5.94,1079.65,Sugarcane,Sandy,Co-0238
103.54,63.16,109.61,25.58,66.4,6.89,1036.28,Maize,Loamy,HQPM-1
53.13,56.83,90.31,26.73,71.6,5.8,1388.03,Soybean,Loamy,MAUS-71
65.24,49.05,54.27,21.52,65.93,7.19,859.76,Rice,Silty,IR64
26.3,38.58,96.58,30.26,51.98,8.48,856.94,Barley,Chalky,DWRB-73
97.55,75.91,103.02,21.51,63.67,6.34,1260.53,Rice,Clay,Swarna
70.43,37.5,122.62,26.3,66.6,7.38,1103.27,Wheat,Silty,HD-2967
98.59,42.23,71.79,24.27,69.9,5.79,2120.93,Vegetables,Peaty,Hybrid-B
48.22,61.4,105.55,25.92,56.34,7.82,636.4,Millet,Chalky,HHB-67
22.97,14.03,45.71,30.04,50.31,6.5,612.19,Potato,Sandy,Kufri Pukhraj
58.26,47.66,104.28,27.08,68.44,7.13,1375.08,Cotton,Clay,Suraj
85.96,44.97,74.75,28.28,56.82,6.46,1244.57,Cotton,Loamy,Bt-2
104.01,62.45,132.98,26.99,82.95,5.87,1611.06,Wheat,Clay,HD-2967
108.58,50.51,92.57,24.35,73.04,7.16,1367.99,Rice,Silty,Basmati-370
74.85,45.5,90.47,18.0,65.8,6.87,1274.6,Maize,Loamy,Pioneer-3396
51.48,23.24,44.62,33.77,49.89,5.87,704.56,Groundnut,Sandy,JL-24
82.7,23.76,55.34,18.97,84.62,5.55,1903.37,Tea,Peaty,UPASI-9
88.11,60.77,96.16,24.79,67.02,7.25,1721.78,Maize,Silty,HQPM-1
66.1,23.61,50.27,32.22,35.48,6.6,770.35,Groundnut,Sandy,TAG-24
83.17,33.21,93.87,22.49,67.96,7.22,1478.85,Vegetables,Silty,Hybrid-A
40.2,53.88,64.45,29.6,42.37,7.98,746.22,Barley,Chalky,BH-902
59.0,75.03,120.23,23.27,57.74,7.98,740.06,Wheat,Chalky,Lok-1
84.89,37.85,79.12,25.4,64.53,6.79,1171.27,Tomato,Loamy,Arka Vikas
98.13,46.85,66.26,22.16,90.82,5.76,1438.82,Potato,Peaty,Kufri Pukhraj
44.8,62.81,120.33,23.81,43.72,8.01,808.04,Wheat,Chalky,HD-2967
39.82,29.99,60.86,27.94,45.4,6.04,588.94,Potato,Sandy,Kufri Pukhraj
25.04,27.88,55.01,26.82,46.13,6.15,455.51,Potato,Sandy,Kufri Pukhraj
72.77,54.2,83.43,25.83,77.96,7.44,1540.83,Maize,Silty,Pioneer-3396
36.03,75.82,95.73,29.75,35.94,7.94,895.62,Millet,Chalky,ICTP-8203
102.84,60.91,117.4,24.96,65.19,6.46,1361.71,Wheat,Clay,Lok-1
82.95,49.15,86.48,22.48,59.63,7.07,1118.22,Barley,Loamy,RD-2552
33.5,44.16,72.18,23.32,39.55,7.93,886.14,Barley,Chalky,BH-902
49.27,18.3,74.88,29.56,44.38,6.16,595.16,Barley,Sandy,BH-902
47.79,69.26,125.2,27.03,39.69,7.61,866.5,Millet,Chalky,RHB-173
88.89,49.74,93.34,19.82,76.1,6.29,893.98,Vegetables,Silty,Hybrid-A
120.0,45.45,113.11,23.85,70.95,6.49,1195.75,Potato,Loamy,Kufri Jyoti
57.11,27.71,55.98,30.04,47.59,6.48,358.38,Potato,Sandy,Kufri Pukhraj
80.39,61.7,105.67,27.76,64.37,6.93,1574.6,Sugarcane,Clay,Co-0118
60.83,48.81,57.92,21.85,65.28,6.27,1131.68,Maize,Loamy,HQPM-1
70.21,57.35,100.31,25.9,63.9,6.93,1002.29,Soybean,Loamy,JS-335
86.95,58.12,97.54,26.8,66.8,6.74,1242.48,Soybean,Loamy,MAUS-71
50.91,90.0,124.52,29.97,52.79,8.21,978.1,Millet,Chalky,RHB-173
103.94,38.53,79.55,24.98,56.15,6.29,1308.15,Tomato,Loamy,Arka Vikas
67.1,50.47,86.45,22.57,63.8,6.82,1728.49,Watermelon,Silty,Sugar Baby
73.19,52.06,68.92,21.2,68.15,7.62,1137.2,Vegetables,Silty,Hybrid-B
49.2,60.5,86.11,23.37,56.64,7.63,1078.4,Wheat,Chalky,PBW-343
57.57,40.9,62.77,24.29,56.57,6.71,1553.12,Rice,Silty,Swarna
79.47,54.1,96.09,26.75,73.72,6.88,1610.91,Vegetables,Silty,Hybrid-B
64.29,33.45,40.98,24.89,56.5,5.67,934.07,Groundnut,Sandy,TAG-24
109.2,51.36,125.23,25.54,63.52,6.93,1363.31,Wheat,Clay,PBW-343
55.99,42.46,83.31,26.16,52.34,7.9,871.67,Wheat,Chalky,Lok-1
74.24,35.18,93.29,21.96,71.14,6.86,1039.2,Tomato,Loamy,Roma
91.39,48.76,84.38,20.6,65.58,5.86,1124.87,Maize,Loamy,HQPM-1
86.51,32.28,112.84,26.01,59.35,6.78,707.86,Wheat,Clay,PBW-343
72.07,36.97,65.53,24.96,61.31,7.11,1262.16,Maize,Loamy,DHM-117
28.4,29.51,40.14,26.33,44.13,6.82,773.02,Watermelon,Sandy,Crimson Sweet
43.62,22.1,62.5,24.96,34.68,6.05,786.64,Millet,Sandy,HHB-67
48.84,29.18,66.47,23.99,70.0,7.77,684.98,Watermelon,Chalky,Arka Manik
88.66,48.05,130.0,29.29,65.97,7.02,1624.51,Maize,Loamy,HQPM-1
43.54,32.36,34.04,29.47,32.23,5.85,812.18,Millet,Sandy,RHB-173
53.25,26.03,55.48,27.62,51.65,5.8,1042.06,Groundnut,Sandy,JL-24
96.39,15.0,70.88,24.43,81.03,5.24,1530.85,Potato,Peaty,Kufri Jyoti
97.73,35.17,85.29,21.19,82.5,5.43,1176.49,Rice,Peaty,IR64
33.84,50.44,83.63,27.06,53.45,8.15,557.56,Barley,Chalky,BH-902
78.67,65.11,118.39,25.49,74.35,6.74,1577.37,Millet,Clay,HHB-67
131.05,59.52,124.52,21.14,69.65,6.48,1266.35,Cotton,Clay,Bt-1
97.08,63.85,126.09,23.34,69.05,6.59,1539.82,Rice,Clay,Swarna
76.2,44.58,61.0,26.94,75.89,7.26,1219.28,Maize,Silty,HQPM-1
109.2,67.44,121.83,24.07,81.35,6.62,1372.86,Rice,Clay,Basmati-370
98.11,33.23,62.71,22.13,76.1,5.2,1677.12,Potato,Peaty,Kufri Jyoti
33.75,32.19,53.98,32.0,36.24,6.45,708.54,Groundnut,Sandy,TAG-24
37.93,54.32,83.2,27.74,39.76,8.36,840.18,Millet,Chalky,RHB-173
106.64,71.18,95.81,18.69,80.46,7.16,1561.03,Tomato,Clay,Pusa Ruby
109.33,23.26,52.3,19.36,77.33,4.85,1327.53,Tea,Peaty,TV-1
51.24,33.42,44.14,24.94,29.53,6.02,649.58,Potato,Sandy,Kufri Bahar
114.47,44.86,115.95,26.86,65.61,5.9,1711.75,Rice,Clay,Basmati-370
67.11,63.02,85.57,22.57,47.11,8.6,851.74,Barley,Chalky,RD-2552
88.37,46.23,67.4,25.09,65.02,7.44,948.68,Sugarcane,Loamy,Co-0238
46.31,26.54,48.7,30.55,49.94,6.98,641.9,Rice,Sandy,Basmati-370
81.56,42.87,124.02,27.14,66.54,7.01,1610.93,Watermelon,Clay,Arka Manik
41.54,26.69,70.55,35.21,51.11,6.44,893.28,Potato,Sandy,Kufri Pukhraj
67.96,40.36,76.24,27.8,63.85,7.26,1635.39,Wheat,Loamy,HD-2967
85.86,43.01,111.11,19.9,53.78,5.84,1478.84,Wheat,Loamy,PBW-343
137.56,32.65,77.52,19.56,70.53,4.95,1505.32,Rice,Peaty,Basmati-370
64.63,42.14,100.92,27.37,77.36,6.97,1124.44,Cotton,Loamy,Suraj
115.73,55.52,112.51,24.25,71.62,6.7,1357.84,Sugarcane,Clay,Co-86032
98.53,53.1,114.44,29.7,64.41,6.91,1178.24,Millet,Clay,ICTP-8203
75.26,60.11,129.13,25.02,71.96,7.46,1224.07,Wheat,Clay,Lok-1
93.51,59.8,91.02,31.17,74.38,7.9,1751.89,Wheat,Silty,PBW-343
78.96,47.72,79.01,28.78,67.18,6.56,1367.87,Wheat,Silty,PBW-343
67.02,54.38,69.23,31.11,73.82,6.49,1338.33,Rice,Silty,Swarna
120.28,17.32,53.86,21.0,87.05,5.34,1967.13,Potato,Peaty,Kufri Bahar
42.88,66.68,83.63,25.51,51.24,7.84,583.32,Millet,Chalky,HHB-67
38.0,69.73,83.61,29.22,60.55,7.94,756.25,Barley,Chalky,BH-902
57.28,62.65,140.0,24.05,58.45,8.36,481.44,Wheat,Chalky,HD-2967
98.41,58.7,96.88,25.03,46.93,7.18,1318.89,Maize,Loamy,Pioneer-3396
49.74,27.87,58.4,29.7,52.19,5.2,706.06,Potato,Sandy,Kufri Bahar
71.69,17.35,56.44,26.66,52.84,5.9,564.72,Cotton,Sandy,Suraj
112.29,58.05,126.66,22.39,79.61,5.5,1890.39,Cotton,Clay,Suraj
34.54,64.9,99.79,23.48,42.66,7.55,791.7,Cotton,Chalky,Bt-2
49.23,37.42,91.68,18.31,71.4,6.61,1457.61,Vegetables,Silty,Local-1
45.37,34.99,49.44,26.83,44.56,6.74,515.47,Cotton,Sandy,Suraj
66.9,31.89,96.73,25.85,77.89,6.32,1191.58,Rice,Silty,Swarna
96.57,36.38,91.28,27.56,71.2,7.8,1294.04,Sugarcane,Loamy,Co-0118
110.68,64.61,133.99,28.43,62.19,6.52,1630.7,Wheat,Clay,HD-2967
108.84,34.69,76.73,17.47,77.53,6.3,1508.12,Potato,Peaty,Kufri Pukhraj
20.36,53.81,50.4,26.0,61.01,7.98,584.52,Cotton,Chalky,Bt-2
70.23,32.98,134.15,24.75,70.86,7.29,655.14,Rice,Silty,IR64
121.45,38.08,44.48,21.35,74.93,5.46,1312.66,Tea,Peaty,TV-1
132.67,38.81,63.5,18.2,76.54,4.86,1365.6,Potato,Peaty,Kufri Jyoti
109.69,25.91,66.52,19.52,82.86,4.98,1546.34,Potato,Peaty,Kufri Pukhraj
69.6,67.26,142.04,22.83,79.97,6.73,1447.06,Cotton,Clay,Suraj
111.77,65.4,115.88,27.86,79.33,6.8,1408.21,Rice,Clay,IR64
89.8,35.71,97.93,24.36,52.89,7.17,1353.37,Tomato,Loamy,Roma
65.8,54.51,118.12,27.55,75.75,7.34,859.75,Rice,Clay,Basmati-370
89.16,38.92,109.74,28.28,62.68,6.79,1286.31,Soybean,Loamy,MAUS-71
49.62,58.91,112.22,27.4,38.58,8.16,655.18,Barley,Chalky,RD-2552
102.81,37.86,77.43,19.86,70.22,5.37,1775.42,Sugarcane,Peaty,Co-86032
64.45,58.32,84.81,23.01,66.17,6.84,1117.31,Sugarcane,Loamy,Co-0238
110.37,29.33,126.61,22.14,68.53,7.43,1269.15,Rice,Clay,Basmati-370
101.41,37.36,61.45,31.68,65.79,6.76,1162.61,Maize,Loamy,DHM-117
93.7,31.85,81.77,17.14,72.81,6.11,1706.64,Vegetables,Peaty,Hybrid-A
59.54,38.62,65.04,30.74,34.42,5.44,818.55,Watermelon,Sandy,Arka Manik
49.46,46.26,95.95,29.83,61.06,7.97,1300.0,Barley,Chalky,BH-902
72.23,24.96,56.55,27.54,42.3,6.41,813.34,Watermelon,Sandy,Crimson Sweet
41.23,22.49,41.2,32.55,37.85,6.65,764.2,Groundnut,Sandy,TAG-24
83.83,29.06,89.24,18.64,68.87,7.75,970.91,Maize,Silty,Pioneer-3396
98.97,28.53,87.06,18.67,82.83,5.02,1830.6,Vegetables,Peaty,Local-1
71.86,45.51,67.16,30.56,62.8,6.68,1212.05,Maize,Loamy,HQPM-1
69.01,60.68,100.99,32.03,44.67,7.95,897.46,Millet,Chalky,HHB-67
35.6,30.17,43.22,29.56,58.14,5.71,629.32,Potato,Sandy,Kufri Bahar
89.42,58.37,75.71,25.52,78.69,7.55,905.32,Maize,Loamy,HQPM-1
46.34,79.62,85.65,29.35,45.36,8.14,493.55,Wheat,Chalky,Lok-1
67.34,53.21,111.81,32.29,33.37,8.15,1140.68,Barley,Chalky,BH-902
65.94,28.46,53.03,30.32,43.32,6.12,709.11,Millet,Sandy,ICTP-8203
139.25,64.88,46.04,21.21,71.91,5.28,1698.82,Tea,Peaty,UPASI-9
36.36,20.1,50.01,28.09,42.71,5.93,791.76,Millet,Sandy,HHB-67
93.39,49.45,118.49,26.22,73.55,6.27,1457.12,Vegetables,Clay,Local-1
84.65,46.85,91.51,23.58,57.88,6.53,830.95,Maize,Loamy,DHM-117
38.58,78.68,67.81,26.68,34.3,7.43,729.0,Wheat,Chalky,HD-2967
101.32,55.77,102.61,25.88,70.78,6.78,1356.45,Maize,Loamy,DHM-117
103.67,39.88,93.42,14.43,81.13,5.16,1997.54,Potato,Peaty,Kufri Jyoti
73.69,60.57,104.67,21.66,68.87,6.73,1087.36,Vegetables,Silty,Hybrid-B
64.12,38.07,40.02,28.92,48.69,7.37,916.94,Potato,Sandy,Kufri Jyoti
38.63,74.98,88.07,24.13,54.11,7.65,560.34,Wheat,Chalky,Lok-1
47.05,64.18,80.64,25.5,53.93,8.38,880.02,Cotton,Chalky,Bt-1
142.07,50.67,77.68,25.81,81.08,5.73,2303.55,Rice,Peaty,Swarna
100.87,43.97,89.31,25.45,65.0,7.37,960.05,Cotton,Loamy,Bt-2
95.0,47.43,88.34,21.18,60.29,6.86,971.12,Groundnut,Loamy,TAG-24
65.32,46.61,83.62,23.88,59.42,7.15,1264.8,Rice,Silty,Basmati-370
134.87,59.5,72.87,23.58,64.4,7.19,1422.94,Cotton,Clay,Bt-2
46.31,30.2,61.58,31.06,47.24,6.89,413.93,Potato,Sandy,Kufri Pukhraj
46.91,22.07,55.96,30.61,45.15,5.81,718.28,Watermelon,Sandy,Arka Manik
104.22,29.5,55.12,21.01,83.05,5.02,1571.28,Rice,Peaty,IR64
77.89,61.37,109.16,24.71,65.43,7.66,1564.87,Rice,Silty,Basmati-370
47.75,51.38,91.0,25.02,60.15,7.91,682.3,Wheat,Chalky,PBW-343
99.32,59.55,116.62,25.43,65.9,6.43,1157.34,Maize,Silty,Pioneer-3396
101.27,72.62,135.64,26.1,66.36,7.4,1351.84,Rice,Clay,IR64
54.48,24.83,53.92,32.27,41.44,6.72,512.57,Watermelon,Sandy,Sugar Baby
125.0,39.84,61.4,12.0,84.41,4.95,1673.03,Sugarcane,Peaty,Co-86032
53.17,57.44,112.61,25.34,34.3,7.87,683.21,Vegetables,Chalky,Hybrid-A
110.47,42.26,58.36,17.89,73.5,6.09,1309.13,Vegetables,Peaty,Hybrid-A
65.1,43.75,89.4,19.76,78.98,7.28,1246.75,Rice,Silty,Swarna
50.57,29.43,121.45,24.35,42.33,8.02,870.53,Cotton,Chalky,Bt-2
31.4,50.37,86.56,21.31,61.45,8.04,1021.96,Wheat,Chalky,HD-2967
38.79,30.57,67.82,23.22,55.57,6.24,367.06,Potato,Sandy,Kufri Jyoti
140.0,52.54,86.18,27.39,86.63,6.12,1997.52,Rice,Clay,IR64
118.27,35.69,125.29,25.47,68.75,6.59,1377.69,Cotton,Clay,Suraj
76.66,48.89,83.61,28.22,69.87,6.7,962.86,Wheat,Loamy,PBW-343
45.87,37.29,46.79,33.48,40.04,6.27,499.78,Watermelon,Sandy,Sugar Baby
124.91,50.29,35.65,18.68,83.18,6.26,2136.17,Rice,Peaty,Swarna
112.74,44.93,92.99,27.63,61.17,7.34,1154.04,Wheat,Clay,Lok-1
137.33,48.8,92.04,21.06,69.56,4.92,1221.88,Wheat,Peaty,PBW-343
119.51,45.18,59.53,17.33,75.15,5.57,1470.54,Vegetables,Peaty,Hybrid-A
96.67,48.73,75.82,22.28,59.56,6.4,1561.26,Maize,Silty,Pioneer-3396
54.68,27.95,56.11,31.94,33.79,6.16,598.11,Groundnut,Sandy,TAG-24
126.54,58.98,117.07,23.34,66.43,7.02,1830.56,Rice,Clay,IR64
102.69,23.35,63.74,20.13,76.59,5.23,1962.82,Rice,Peaty,IR64
68.62,69.07,76.72,22.98,48.64,7.57,738.02,Wheat,Chalky,Lok-1
72.15,71.88,102.23,27.11,73.04,6.2,1822.88,Wheat,Clay,Lok-1
48.64,33.93,61.64,33.42,52.57,6.96,647.26,Watermelon,Sandy,Arka Manik
85.97,56.03,84.43,27.54,66.16,6.44,978.82,Soybean,Loamy,JS-335
132.61,15.0,64.63,22.51,77.82,5.94,1882.56,Maize,Peaty,DHM-117
130.55,28.94,37.02,24.16,84.95,5.43,1739.06,Tea,Peaty,UPASI-9
84.29,38.37,80.28,30.97,50.37,6.16,1253.38,Sugarcane,Loamy,Co-0238
60.65,53.92,109.63,29.92,32.93,8.01,341.13,Millet,Chalky,ICTP-8203
61.93,34.87,74.79,25.86,71.84,7.33,1087.31,Cotton,Loamy,Bt-2
57.9,36.6,66.71,27.06,77.15,6.42,1716.48,Rice,Silty,IR64
62.29,65.12,73.23,26.32,56.09,7.98,445.52,Wheat,Chalky,PBW-343
91.94,48.69,122.88,32.0,67.57,6.62,1268.01,Maize,Silty,Pioneer-3396
121.82,69.19,139.67,28.29,68.42,6.78,1391.42,Cotton,Clay,Bt-1
32.03,38.67,56.49,23.62,57.25,6.71,605.0,Groundnut,Sandy,GG-20
44.94,20.16,41.58,25.79,52.0,6.14,830.7,Potato,Sandy,Kufri Jyoti
60.55,61.06,97.69,30.42,41.04,8.3,806.85,Millet,Chalky,RHB-173
23.53,42.91,57.08,23.68,51.09,7.32,1012.72,Barley,Chalky,DWRB-73
64.19,57.23,98.48,24.85,44.64,8.2,739.23,Wheat,Chalky,PBW-343
152.45,33.7,77.87,22.52,73.31,4.95,2158.51,Potato,Peaty,Kufri Bahar
72.43,35.44,86.37,27.06,70.96,6.34,1192.99,Soybean,Loamy,NRC-37
46.49,51.34,84.67,25.86,59.61,7.86,873.36,Cotton,Chalky,Bt-2
53.61,68.4,100.44,27.71,41.06,7.9,565.02,Cotton,Chalky,Bt-1
35.77,46.92,89.82,31.77,51.15,8.01,1062.9,Barley,Chalky,RD-2552
40.07,31.83,51.1,28.48,56.38,6.25,853.5,Potato,Sandy,Kufri Jyoti
93.03,47.01,117.19,27.74,62.72,6.81,1728.34,Wheat,Clay,PBW-343
87.61,57.33,109.71,32.45,65.77,6.64,1185.24,Cotton,Loamy,Bt-1
57.89,79.17,119.73,24.77,52.35,8.36,716.48,Millet,Chalky,ICTP-8203
93.01,31.43,93.88,23.8,57.51,7.52,1228.68,Tomato,Loamy,Arka Vikas
80.58,52.72,92.33,24.65,73.65,7.09,1236.97,Maize,Silty,Pioneer-3396
98.13,45.15,98.12,25.71,73.02,6.77,1714.79,Rice,Silty,IR64
98.22,75.0,84.78,22.9,67.79,6.93,1136.68,Wheat,Silty,PBW-343
141.96,38.03,87.06,19.06,87.0,5.14,1756.17,Tea,Peaty,TV-23
130.72,60.48,107.56,23.78,71.22,6.33,1490.28,Cotton,Clay,Suraj
73.62,28.89,106.08,24.21,68.58,5.6,1523.57,Wheat,Silty,Lok-1
48.71,50.67,96.55,27.1,42.28,8.12,1023.94,Cotton,Chalky,Bt-2
129.58,38.42,88.91,22.89,84.83,4.64,1575.01,Vegetables,Peaty,Hybrid-B
26.73,50.6,72.15,25.0,41.56,7.46,897.64,Millet,Chalky,RHB-173
44.54,24.05,70.01,26.78,38.86,6.39,738.82,Millet,Sandy,HHB-67
150.7,59.67,68.0,22.2,80.73,4.86,1160.16,Tea,Peaty,TV-1
108.5,42.28,97.8,28.49,58.75,6.92,1498.34,Vegetables,Silty,Local-1
102.88,31.06,89.44,21.38,77.07,5.78,1480.96,Rice,Peaty,Swarna
82.55,43.94,60.49,23.45,58.72,6.86,1817.22,Maize,Silty,HQPM-1
74.37,50.75,109.38,23.78,77.58,6.87,1297.05,Cotton,Loamy,Suraj
51.13,52.31,82.27,28.93,72.34,7.22,1072.63,Vegetables,Silty,Hybrid-B
99.42,25.0,99.84,27.54,66.85,7.16,1712.97,Sugarcane,Clay,Co-0118
40.25,36.8,50.44,33.96,45.47,6.32,660.49,Watermelon,Sandy,Crimson Sweet
70.46,33.49,73.2,27.82,75.99,6.25,965.98,Vegetables,Silty,Hybrid-B
59.87,40.84,81.17,23.33,67.8,7.15,1648.19,Millet,Silty,RHB-173
38.71,23.04,59.56,28.87,44.34,5.68,1055.2,Watermelon,Sandy,Sugar Baby
61.84,40.21,47.32,29.47,38.56,6.57,924.86,Groundnut,Sandy,TAG-24
36.72,62.47,56.04,30.74,59.9,7.46,604.51,Cotton,Chalky,Bt-1
38.2,56.9,40.0,30.76,62.21,7.92,1064.5,Barley,Chalky,RD-2552
49.68,60.56,105.14,27.12,32.29,7.77,989.71,Rice,Chalky,Swarna
84.75,66.93,119.71,23.09,75.64,6.96,1894.38,Cotton,Clay,Suraj
105.17,36.15,58.44,18.07,65.0,5.0,1725.97,Tea,Peaty,TV-23
63.15,58.59,95.96,26.37,64.79,7.17,1223.05,Sugarcane,Loamy,Co-86032
40.71,63.03,94.91,26.35,44.46,8.04,701.11,Barley,Chalky,DWRB-73
88.98,59.63,64.14,22.43,62.6,6.87,1649.46,Vegetables,Silty,Local-1
80.0,44.75,69.16,21.86,47.17,7.93,849.34,Cotton,Chalky,Suraj
64.58,43.28,123.26,23.64,75.48,6.72,1589.26,Watermelon,Silty,Crimson Sweet
76.44,63.79,86.92,24.09,68.09,7.13,1525.96,Groundnut,Loamy,JL-24
102.85,55.22,74.64,15.7,76.25,5.2,2060.4,Rice,Peaty,Swarna
56.43,66.0,72.97,22.31,48.34,8.13,380.65,Cotton,Chalky,Bt-1
95.8,43.64,123.13,23.11,61.49,6.12,1456.35,Cotton,Clay,Bt-2
56.78,63.06,63.46,24.77,74.77,6.48,1757.75,Millet,Silty,ICTP-8203
80.56,36.2,90.54,26.83,62.68,6.62,1086.76,Wheat,Loamy,HD-2967
40.62,30.66,50.1,34.82,41.78,6.38,774.15,Groundnut,Sandy,JL-24
47.82,27.12,45.51,32.35,51.37,7.05,576.33,Potato,Sandy,Kufri Pukhraj
100.8,36.46,127.52,27.07,73.76,7.54,1456.87,Cotton,Clay,Suraj
124.87,37.87,126.04,27.03,70.5,6.74,1571.22,Wheat,Clay,PBW-343
86.09,64.64,111.63,24.05,78.9,7.31,1173.26,Sugarcane,Clay,Co-86032
69.73,53.9,78.85,29.23,69.3,6.21,1147.59,Maize,Silty,Pioneer-3396
69.31,33.82,64.7,38.0,48.97,6.51,790.08,Sugarcane,Sandy,Co-86032
83.86,64.17,96.0,23.85,67.46,7.1,1108.38,Cotton,Loamy,Bt-1
99.0,45.69,63.0,20.34,84.68,5.83,1576.86,Rice,Peaty,Swarna
109.02,28.67,48.66,19.99,85.03,5.11,1713.01,Potato,Peaty,Kufri Jyoti
31.69,36.68,63.69,27.79,33.44,5.2,586.16,Sugarcane,Sandy,Co-0118
46.93,34.97,84.23,30.98,45.9,6.37,889.2,Groundnut,Sandy,TAG-24
62.22,21.76,60.59,27.44,31.34,6.73,864.63,Groundnut,Sandy,TAG-24
46.56,59.04,106.0,30.93,50.0,7.49,690.33,Cotton,Chalky,Bt-1
83.62,62.71,135.68,28.31,90.0,6.95,1939.01,Rice,Clay,Basmati-370
60.8,30.03,46.42,30.34,47.92,6.06,892.91,Millet,Sandy,ICTP-8203
57.27,49.49,72.82,22.2,45.29,7.78,842.94,Millet,Chalky,ICTP-8203
110.94,53.83,101.21,27.92,69.83,5.97,1710.77,Rice,Clay,IR64
92.96,30.41,73.78,24.94,71.92,6.57,1444.29,Groundnut,Loamy,JL-24
99.46,83.52,112.92,25.63,69.78,7.05,1530.87,Sugarcane,Clay,Co-86032
76.65,34.08,103.27,27.59,75.13,6.94,1103.78,Wheat,Loamy,Lok-1
100.54,52.52,84.78,21.57,75.57,6.72,1647.56,Vegetables,Silty,Hybrid-A
67.29,66.47,109.03,29.61,37.93,7.87,696.03,Wheat,Chalky,Lok-1
47.44,57.44,91.48,25.81,57.08,7.97,706.2,Cotton,Chalky,Suraj
101.35,64.41,105.26,20.77,69.16,7.73,1171.69,Rice,Clay,IR64
55.18,78.37,103.29,28.46,34.08,8.15,752.87,Rice,Chalky,IR64
59.01,57.24,128.67,23.86,29.08,8.28,970.1,Wheat,Chalky,PBW-343
85.83,33.54,88.58,23.59,73.58,7.11,1330.42,Wheat,Silty,PBW-343
86.19,44.54,118.42,24.26,63.66,6.56,1622.48,Wheat,Silty,HD-2967
143.3,32.48,89.26,23.26,87.74,6.12,1371.49,Potato,Peaty,Kufri Pukhraj
53.88,47.24,87.53,26.92,61.51,8.02,677.79,Maize,Chalky,Pioneer-3396
84.49,33.53,110.75,22.84,65.45,6.4,1076.95,Millet,Loamy,RHB-173
75.13,57.95,109.63,21.4,62.76,6.82,1019.7,Wheat,Loamy,HD-2967
23.8,24.89,52.45,27.6,51.92,6.64,667.19,Watermelon,Sandy,Sugar Baby
79.3,67.66,88.41,21.66,69.19,6.69,890.84,Wheat,Silty,PBW-343
42.29,58.71,79.3,27.56,66.43,6.7,1432.46,Wheat,Silty,HD-2967
80.2,53.3,101.32,27.38,61.22,6.81,934.69,Wheat,Silty,Lok-1
57.29,64.76,89.2,24.59,63.77,6.26,1286.74,Cotton,Loamy,Bt-1
33.52,63.46,86.77,26.56,50.84,8.16,708.21,Wheat,Chalky,Lok-1
91.48,74.59,135.99,28.15,78.0,6.71,1590.53,Rice,Clay,IR64
52.73,53.76,80.25,25.85,29.04,8.28,701.46,Wheat,Chalky,PBW-343
114.22,62.21,108.46,26.36,59.84,6.83,1252.62,Vegetables,Silty,Local-1
76.41,59.89,84.07,24.32,54.38,6.37,1572.37,Maize,Silty,Pioneer-3396
80.03,42.73,79.34,25.53,70.02,7.4,1302.78,Vegetables,Silty,Local-1
57.61,67.37,132.05,22.7,46.76,8.01,524.51,Barley,Chalky,DWRB-73
35.3,21.02,38.95,25.9,51.12,6.42,687.99,Potato,Sandy,Kufri Bahar
107.03,58.94,95.71,20.1,72.44,5.84,1722.43,Cotton,Clay,Bt-2
53.99,18.5,58.73,30.27,40.05,6.66,315.02,Potato,Sandy,Kufri Bahar
105.54,27.09,94.19,29.58,60.14,7.33,1346.36,Soybean,Loamy,JS-335
47.53,23.84,50.79,36.02,46.32,6.53,599.08,Watermelon,Sandy,Arka Manik
121.56,58.36,80.23,23.64,73.75,4.78,1496.91,Vegetables,Peaty,Local-1
118.01,50.8,41.0,19.77,69.99,4.21,1457.35,Tea,Peaty,TV-23
113.23,40.08,83.31,25.95,72.16,5.41,2527.6,Rice,Peaty,IR64
86.8,52.39,86.28,16.0,62.0,7.12,1014.66,Maize,Silty,DHM-117
105.68,60.3,90.76,26.31,66.19,5.6,1216.0,Rice,Silty,Basmati-370
103.39,61.11,62.48,25.93,77.32,6.49,1472.91,Barley,Silty,BH-902
67.04,38.28,90.52,24.65,69.71,6.16,1492.55,Maize,Silty,DHM-117
77.23,34.76,107.11,23.59,63.98,6.6,1571.95,Rice,Silty,IR64
73.38,49.33,94.86,22.42,70.45,6.92,1530.43,Cotton,Silty,Bt-2
54.39,17.79,66.09,29.68,53.91,6.21,652.74,Groundnut,Sandy,TAG-24
104.23,41.76,114.54,19.88,71.02,6.39,1354.62,Vegetables,Silty,Hybrid-A
51.17,27.23,51.21,29.38,50.01,6.36,555.93,Groundnut,Sandy,JL-24
97.84,45.21,71.53,24.72,69.48,6.5,1294.75,Maize,Loamy,DHM-117
82.67,54.25,85.4,27.54,75.23,6.3,1387.34,Vegetables,Silty,Local-1
89.34,51.28,110.7,27.62,79.76,6.67,1387.45,Sugarcane,Clay,Co-0118
92.15,63.11,121.02,19.28,80.56,6.87,1285.8,Sugarcane,Clay,Co-86032
58.15,57.86,99.85,22.64,76.66,6.89,1731.17,Rice,Silty,Basmati-370
24.78,52.59,95.8,23.26,52.41,7.95,773.26,Barley,Chalky,DWRB-73
91.0,80.89,77.07,26.59,72.43,6.73,1532.33,Sugarcane,Clay,Co-0238
100.14,61.51,109.78,29.09,73.72,6.36,1278.72,Cotton,Clay,Bt-2
82.57,34.27,77.26,32.28,57.81,5.99,1278.95,Wheat,Loamy,HD-2967
96.27,42.92,104.28,31.09,53.27,6.85,1651.56,Wheat,Loamy,Lok-1
60.87,45.96,89.25,28.15,76.89,6.62,1039.87,Rice,Clay,IR64
80.49,31.3,96.67,25.09,59.3,6.86,1182.31,Wheat,Loamy,PBW-343
95.46,61.06,107.58,24.29,67.62,7.28,1851.89,Rice,Silty,IR64
36.91,38.83,45.86,33.21,45.52,6.13,379.51,Millet,Sandy,HHB-67
66.55,63.25,86.55,20.78,50.0,7.23,1252.11,Tea,Silty,UPASI-9
115.78,48.33,141.13,28.72,64.14,7.52,1106.85,Cotton,Clay,Bt-2
79.93,36.92,82.73,26.8,57.75,7.16,1299.24,Groundnut,Loamy,TAG-24
53.41,53.03,113.77,24.36,46.27,7.92,687.78,Wheat,Chalky,HD-2967
63.42,38.11,73.59,22.05,50.0,6.22,1527.33,Rice,Silty,IR64
72.89,55.43,87.51,22.18,69.37,6.52,1400.42,Cotton,Loamy,Suraj
85.3,51.61,130.83,29.91,81.41,6.0,1179.04,Cotton,Clay,Suraj
86.94,61.59,141.51,26.61,73.2,6.34,1720.64,Wheat,Clay,PBW-343
111.97,78.85,104.94,26.53,67.87,7.2,1182.62,Sugarcane,Clay,Co-0238
39.66,87.02,133.78,28.97,48.83,8.13,985.92,Barley,Chalky,RD-2552
66.3,33.45,76.85,16.0,61.08,7.7,650.0,Maize,Silty,Pioneer-3396
70.4,60.11,135.21,20.71,71.09,7.89,1372.51,Cotton,Clay,Bt-1
75.0,19.3,45.9,32.77,50.79,6.51,785.39,Watermelon,Sandy,Arka Manik
34.13,52.92,111.78,33.14,55.5,8.07,981.33,Cotton,Chalky,Suraj
41.45,40.77,107.46,30.01,53.32,8.23,822.6,Cotton,Chalky,Bt-1
74.18,42.96,80.12,24.49,74.25,7.41,1295.59,Vegetables,Silty,Hybrid-B
109.72,19.12,78.66,21.28,83.07,5.69,1160.16,Tea,Peaty,UPASI-9
50.99,59.85,75.84,18.13,54.52,6.54,1844.63,Maize,Silty,HQPM-1
92.08,41.0,57.01,20.83,75.42,5.97,1525.25,Potato,Peaty,Kufri Pukhraj
57.06,47.78,100.37,25.31,65.34,5.96,954.78,Vegetables,Silty,Hybrid-A
110.67,33.27,57.07,20.31,78.39,5.54,2473.6,Vegetables,Peaty,Hybrid-B
52.23,67.19,62.89,30.47,48.24,8.05,731.87,Barley,Chalky,RD-2552
70.95,58.89,62.45,22.66,76.19,6.64,1331.22,Rice,Silty,IR64
37.65,57.22,42.07,25.89,54.79,7.87,416.23,Cotton,Chalky,Bt-2
103.86,60.03,131.71,26.92,77.5,7.24,1354.74,Rice,Clay,Basmati-370
15.82,61.63,71.46,26.1,40.5,7.92,787.39,Cotton,Chalky,Suraj
63.81,42.57,113.57,28.08,67.67,6.81,1987.62,Wheat,Clay,Lok-1
52.86,64.68,54.36,20.83,76.31,6.73,1426.04,Cotton,Silty,Bt-1
57.52,30.57,58.76,28.05,46.36,5.73,653.78,Millet,Sandy,HHB-67
102.58,56.96,122.97,25.97,59.74,6.43,1080.13,Sugarcane,Loamy,Co-0118
60.19,48.63,101.21,26.67,65.88,6.06,971.49,Wheat,Loamy,Lok-1
90.81,61.38,107.69,27.16,63.25,7.01,844.45,Rice,Clay,IR64
69.02,63.07,98.04,24.38,59.33,6.71,1315.38,Rice,Silty,IR64
49.65,71.95,68.51,23.67,46.08,7.76,826.83,Cotton,Chalky,Bt-1
113.06,41.18,141.86,27.72,76.25,7.04,1449.45,Groundnut,Clay,GG-20
94.53,66.78,96.46,23.98,61.96,5.96,1547.98,Maize,Silty,Pioneer-3396
87.04,57.08,59.59,14.56,76.88,4.17,1192.14,Rice,Peaty,IR64
103.29,41.93,57.52,19.02,92.38,5.18,1822.49,Potato,Peaty,Kufri Jyoti
48.42,19.29,53.02,29.59,33.54,7.4,594.03,Groundnut,Sandy,TAG-24
48.43,64.02,82.47,24.25,45.97,7.94,472.26,Barley,Chalky,DWRB-73
101.62,41.32,128.15,18.28,81.81,6.55,962.0,Wheat,Clay,PBW-343
54.07,22.65,50.11,22.75,58.25,6.21,749.47,Millet,Sandy,HHB-67
52.7,76.64,93.2,29.74,56.87,8.38,1195.32,Rice,Chalky,IR64
100.24,38.77,70.49,23.92,78.35,5.9,1842.75,Rice,Peaty,IR64
53.33,11.5,42.69,30.43,43.5,6.5,804.03,Potato,Sandy,Kufri Jyoti
126.86,33.5,86.12,16.77,75.42,5.17,1800.63,Potato,Peaty,Kufri Pukhraj
92.67,43.86,105.16,28.42,68.57,7.14,1550.77,Barley,Silty,RD-2552
86.46,49.75,126.93,20.44,62.28,6.77,1254.89,Maize,Loamy,Pioneer-3396
52.66,52.08,83.52,28.68,51.31,7.93,1014.97,Barley,Chalky,BH-902
28.02,38.77,73.54,22.35,54.91,8.58,949.21,Groundnut,Chalky,GG-20
92.9,70.44,133.11,27.08,71.89,7.28,1614.74,Sugarcane,Clay,Co-0118
123.53,60.05,126.7,22.91,63.6,6.2,1198.07,Rice,Clay,Swarna
99.94,66.61,124.95,23.76,55.0,6.59,1461.27,Cotton,Clay,Bt-2
60.61,43.95,79.11,26.71,61.27,6.83,1279.03,Maize,Silty,DHM-117
29.11,21.63,51.9,23.52,40.81,6.2,639.79,Potato,Sandy,Kufri Jyoti
46.65,51.12,67.95,34.86,51.53,8.18,1230.98,Soybean,Chalky,JS-335
69.57,52.7,99.11,23.65,63.94,6.5,829.77,Tomato,Loamy,Pusa Ruby
117.01,30.93,140.76,23.63,81.36,6.55,1556.59,Sugarcane,Clay,Co-0238
49.91,51.64,88.42,23.09,71.38,7.36,1446.7,Maize,Silty,Pioneer-3396
53.21,25.87,68.9,20.84,65.65,6.87,1267.15,Wheat,Silty,HD-2967
117.24,53.86,95.05,22.73,77.63,7.17,1262.86,Wheat,Clay,HD-2967
89.95,85.0,131.67,26.8,82.67,7.12,1503.14,Rice,Clay,IR64
41.8,73.97,103.88,24.95,42.75,7.98,826.6,Millet,Chalky,RHB-173
39.28,44.86,119.22,29.37,45.91,8.27,681.19,Barley,Chalky,BH-902
89.16,68.71,89.28,21.81,74.1,7.8,1224.65,Maize,Silty,DHM-117
61.21,26.97,104.71,26.35,68.27,7.06,1660.42,Maize,Silty,Pioneer-3396
47.41,27.18,43.84,26.22,32.18,5.98,771.06,Watermelon,Sandy,Arka Manik
91.83,68.77,123.03,30.19,79.83,6.84,1486.08,Sugarcane,Clay,Co-86032
134.6,50.16,74.03,16.82,80.62,5.57,1712.75,Rice,Peaty,Basmati-370
53.4,61.26,81.88,28.97,60.29,7.78,817.38,Wheat,Chalky,PBW-343
78.74,48.85,97.34,29.65,67.63,6.78,1355.76,Cotton,Loamy,Bt-1
109.15,41.74,51.5,18.08,84.48,5.23,1780.13,Tea,Peaty,TV-1
47.55,27.6,57.53,28.68,47.42,6.23,416.41,Groundnut,Sandy,GG-20
42.22,33.49,64.68,34.03,51.73,6.76,794.8,Watermelon,Sandy,Arka Manik
53.39,51.33,112.65,27.24,52.83,7.44,756.09,Millet,Chalky,RHB-173
41.75,62.92,80.83,28.0,34.58,8.46,839.84,Barley,Chalky,RD-2552
48.67,57.79,93.33,27.16,45.26,7.85,491.7,Millet,Chalky,RHB-173
35.21,39.6,59.39,37.01,37.13,6.96,380.33,Potato,Sandy,Kufri Bahar
51.67,66.15,120.85,31.31,30.31,7.92,648.16,Millet,Chalky,ICTP-8203
84.99,65.64,98.73,21.68,70.34,6.33,1988.09,Maize,Clay,HQPM-1
37.59,62.31,77.02,25.1,51.43,8.43,1021.84,Groundnut,Chalky,GG-20
85.28,51.8,86.54,22.08,70.28,6.7,1601.97,Wheat,Silty,PBW-343
80.35,47.37,87.18,29.52,69.53,7.63,1194.57,Rice,Loamy,IR64
97.17,75.92,122.03,27.49,79.59,7.1,1218.74,Sugarcane,Clay,Co-86032
74.23,37.12,77.76,20.39,69.64,6.79,1693.51,Rice,Silty,Basmati-370
112.19,49.04,77.24,16.03,77.3,4.32,1496.96,Rice,Peaty,Basmati-370
93.18,49.49,90.77,25.91,55.62,7.12,1192.78,Sugarcane,Loamy,Co-0118
53.91,62.48,118.68,22.58,48.8,7.98,706.49,Cotton,Chalky,Bt-2
46.03,28.87,46.15,37.25,46.8,6.27,869.66,Watermelon,Sandy,Crimson Sweet
117.6,67.21,125.61,19.52,66.95,6.57,1351.53,Tea,Clay,TV-1
52.49,51.44,76.17,24.01,69.5,5.99,2065.18,Maize,Silty,DHM-117
97.17,54.2,110.44,21.31,75.57,7.06,1039.05,Vegetables,Silty,Local-1
97.17,41.15,70.94,19.9,83.32,5.26,2061.79,Vegetables,Peaty,Hybrid-B
74.59,50.0,97.47,24.17,48.68,6.71,865.51,Sugarcane,Loamy,Co-0118
34.85,30.78,46.63,30.04,48.7,6.49,783.76,Potato,Sandy,Kufri Jyoti
55.82,61.5,69.6,26.06,42.52,7.92,745.98,Groundnut,Chalky,JL-24
53.63,19.88,49.87,28.16,39.6,6.19,822.1,Millet,Sandy,RHB-173
121.12,42.17,116.56,23.15,82.57,6.64,1293.62,Millet,Clay,HHB-67
48.09,30.84,57.08,29.11,48.12,7.25,630.8,Millet,Sandy,HHB-67
79.22,44.14,100.64,21.23,71.41,7.13,1441.34,Rice,Silty,Basmati-370
72.8,57.77,111.45,26.61,61.39,7.58,1426.97,Wheat,Clay,PBW-343
47.78,27.07,106.37,30.98,66.23,6.68,1512.07,Cotton,Loamy,Bt-1
68.53,38.7,62.85,24.55,68.77,7.34,1711.1,Wheat,Silty,Lok-1
50.45,17.87,42.56,35.36,50.06,5.98,474.46,Groundnut,Sandy,GG-20
27.33,72.21,126.87,27.41,45.97,8.35,553.23,Cotton,Chalky,Bt-1
41.3,15.24,64.31,25.07,47.21,5.94,441.79,Potato,Sandy,Kufri Bahar
80.0,53.71,103.09,24.62,53.86,6.36,1535.0,Tomato,Loamy,Arka Vikas
52.94,66.29,60.86,28.28,38.39,7.56,768.63,Millet,Chalky,RHB-173
57.58,45.19,72.05,20.81,62.99,6.26,1426.84,Wheat,Silty,Lok-1
70.41,52.44,75.09,19.19,72.69,7.0,1044.44,Wheat,Silty,HD-2967
81.16,46.48,119.28,29.11,73.12,6.48,1729.87,Rice,Clay,Basmati-370
53.12,45.68,96.71,24.85,64.95,6.53,1189.55,Rice,Silty,Basmati-370
81.16,49.22,97.25,23.58,78.38,6.75,1763.99,Maize,Silty,HQPM-1
60.16,44.89,97.29,24.61,59.52,7.06,1388.31,Rice,Silty,IR64
87.62,47.58,60.45,27.14,60.46,6.64,939.89,Soybean,Loamy,NRC-37
114.85,56.37,100.0,25.76,75.29,6.37,1415.41,Rice,Clay,Basmati-370
120.97,43.44,93.6,21.25,76.7,6.4,1587.9,Sugarcane,Clay,Co-0238
56.39,77.22,82.3,29.75,30.34,7.58,575.35,Barley,Chalky,RD-2552
35.88,23.86,55.9,28.07,42.86,6.49,617.99,Millet,Sandy,RHB-173
91.05,63.73,79.29,25.11,79.0,6.91,1211.46,Vegetables,Silty,Local-1
67.62,49.87,94.04,29.79,69.83,6.83,1076.06,Maize,Loamy,DHM-117
67.95,44.89,64.9,26.19,70.46,7.27,1441.15,Sugarcane,Loamy,Co-0118
93.74,42.05,92.07,26.75,60.1,7.73,1210.8,Wheat,Silty,Lok-1
135.05,37.8,74.18,20.18,78.53,5.61,1486.02,Millet,Peaty,RHB-173
128.41,57.77,138.33,28.5,82.88,6.76,1564.78,Sugarcane,Clay,Co-0118
62.73,30.12,48.73,28.04,42.67,6.53,543.05,Potato,Sandy,Kufri Pukhraj
62.7,35.09,72.83,19.5,76.65,7.17,1284.72,Wheat,Silty,HD-2967
53.47,60.13,112.62,31.32,38.7,7.29,731.92,Potato,Chalky,Kufri Jyoti
130.79,35.09,79.0,18.22,82.24,4.65,2062.55,Tea,Peaty,TV-1
119.89,55.14,127.71,26.1,83.06,6.32,1424.63,Wheat,Clay,HD-2967
46.08,54.9,102.0,23.2,50.05,7.94,1269.78,Cotton,Chalky,Bt-1
35.93,64.07,82.47,30.79,48.21,8.04,430.41,Millet,Chalky,HHB-67
46.03,24.81,40.83,27.69,41.84,6.72,853.51,Watermelon,Sandy,Arka Manik
115.0,44.71,89.04,21.16,69.49,6.83,716.08,Maize,Silty,Pioneer-3396
67.16,49.11,58.35,22.34,51.61,7.98,777.98,Barley,Chalky,DWRB-73
110.2,38.66,73.05,24.98,73.04,4.8,1847.73,Rice,Peaty,Swarna
80.03,50.19,70.32,22.09,63.32,6.71,1013.3,Soybean,Loamy,MAUS-71
104.18,48.59,74.86,25.98,60.46,6.4,1087.18,Tomato,Loamy,Pusa Ruby
110.87,30.35,66.87,18.93,78.18,5.77,1675.55,Rice,Peaty,Swarna
123.07,44.8,90.12,12.0,84.01,4.86,1363.51,Rice,Peaty,Basmati-370
87.13,42.26,124.96,28.49,62.35,6.91,1212.53,Cotton,Loamy,Bt-2
65.04,64.1,65.69,33.03,49.94,8.08,1073.81,Cotton,Chalky,Suraj
84.48,33.28,121.33,23.63,87.28,6.52,1809.54,Rice,Clay,Swarna
72.56,49.02,76.01,30.78,61.1,7.07,1343.01,Sugarcane,Loamy,Co-86032
50.89,21.42,48.22,31.65,43.37,6.18,986.14,Watermelon,Sandy,Arka Manik
94.64,34.71,47.16,21.99,73.46,6.79,1108.37,Maize,Silty,DHM-117
117.29,40.15,45.71,18.18,77.98,4.62,2006.23,Tea,Peaty,TV-23
108.98,68.94,86.49,24.12,67.53,6.33,1339.53,Cotton,Clay,Bt-1
51.16,25.0,89.33,27.53,39.12,8.33,1005.89,Barley,Chalky,BH-902
33.81,58.39,116.7,29.09,64.62,8.8,754.89,Millet,Chalky,HHB-67
93.77,84.97,123.97,23.49,76.0,6.64,1690.01,Sugarcane,Clay,Co-86032
134.24,54.7,92.16,23.78,75.65,5.95,1230.17,Millet,Clay,RHB-173
50.37,35.3,64.91,27.15,25.0,6.47,530.03,Watermelon,Sandy,Sugar Baby
74.12,51.39,93.92,25.66,67.33,6.99,1547.08,Vegetables,Silty,Local-1
33.68,34.94,90.03,28.89,36.31,7.82,773.37,Barley,Chalky,RD-2552
103.28,44.91,130.0,30.16,66.14,6.42,846.92,Tomato,Loamy,Pusa Ruby
40.37,22.71,41.51,37.02,47.29,6.68,595.05,Wheat,Sandy,PBW-343
79.49,67.88,128.77,26.34,72.47,6.3,1654.51,Wheat,Clay,Lok-1
26.77,26.85,70.71,27.58,43.36,6.44,705.16,Cotton,Sandy,Suraj
37.13,12.78,65.99,30.34,39.27,6.8,534.17,Groundnut,Sandy,JL-24
110.88,42.89,80.84,23.61,59.39,6.87,1772.64,Maize,Silty,DHM-117
37.33,27.04,42.37,29.34,59.08,6.25,1019.95,Wheat,Sandy,PBW-343
64.28,33.23,49.52,26.9,39.94,7.12,561.85,Millet,Sandy,HHB-67
52.8,28.29,20.0,30.55,49.94,6.49,658.23,Barley,Sandy,RD-2552
28.19,52.04,95.12,30.41,37.89,8.63,867.76,Cotton,Chalky,Bt-2
74.84,41.66,68.39,27.96,60.31,5.6,1460.87,Rice,Silty,Swarna
65.3,60.78,107.81,25.16,60.29,7.37,1595.68,Cotton,Loamy,Bt-1
50.3,55.99,57.02,26.67,47.43,7.8,594.0,Barley,Chalky,DWRB-73
144.46,51.52,80.18,22.4,66.99,5.42,1860.08,Rice,Peaty,Swarna
143.56,38.81,97.48,19.5,84.01,5.28,2165.11,Rice,Peaty,Swarna
99.57,28.89,70.31,17.86,81.66,6.16,1773.69,Potato,Peaty,Kufri Bahar
74.84,51.36,99.74,25.76,68.8,6.94,1322.58,Wheat,Silty,HD-2967
92.21,42.57,73.87,18.94,77.99,5.77,2464.42,Potato,Peaty,Kufri Jyoti
70.76,47.77,78.12,20.15,68.93,6.53,1142.62,Vegetables,Loamy,Local-1
67.74,76.0,91.4,20.44,40.13,7.33,680.2,Rice,Chalky,Basmati-370
96.41,50.34,108.17,32.3,61.22,6.17,1789.49,Wheat,Clay,Lok-1
117.25,67.1,130.04,23.67,71.7,6.69,2053.08,Cotton,Clay,Bt-2
104.08,36.8,137.53,29.66,79.08,6.55,1606.99,Cotton,Clay,Bt-2
39.52,61.67,137.5,23.91,41.08,7.96,798.62,Millet,Chalky,ICTP-8203
114.7,41.54,85.21,16.33,77.45,4.75,1838.84,Potato,Peaty,Kufri Bahar
83.96,49.0,133.32,27.05,73.69,6.04,1114.43,Rice,Clay,Swarna
41.18,58.19,77.24,24.4,64.75,7.62,1300.0,Cotton,Chalky,Bt-1
113.64,46.14,82.88,26.91,72.21,7.83,1854.35,Sugarcane,Clay,Co-86032
113.81,52.44,97.91,29.36,56.53,6.16,1089.92,Cotton,Loamy,Suraj
100.8,39.5,119.78,24.31,68.4,6.79,1712.4,Rice,Silty,Swarna
32.81,31.42,55.74,27.87,36.09,6.19,857.51,Cotton,Sandy,Bt-2
67.81,35.36,82.07,28.69,57.67,7.21,1515.57,Tomato,Loamy,Pusa Ruby
54.74,41.16,104.51,23.38,75.13,7.05,1154.42,Wheat,Silty,PBW-343
120.0,59.9,79.87,26.39,49.13,6.81,1586.24,Maize,Loamy,Pioneer-3396
24.33,68.17,98.83,23.84,44.7,7.97,883.22,Cotton,Chalky,Suraj
129.05,40.38,70.65,22.0,65.15,5.26,1345.73,Tea,Peaty,TV-23
43.8,22.17,56.7,32.0,49.88,6.31,701.02,Potato,Sandy,Kufri Bahar
112.37,52.14,96.43,26.48,79.65,6.82,1468.81,Rice,Clay,IR64
115.0,42.56,121.25,24.91,66.17,6.75,1626.75,Maize,Silty,Pioneer-3396
95.96,33.05,30.0,19.42,79.48,5.45,1609.45,Vegetables,Peaty,Hybrid-A
149.82,46.19,51.67,21.26,80.33,5.46,1696.5,Tea,Peaty,TV-23
104.41,23.12,110.0,16.67,83.69,4.74,1611.54,Vegetables,Peaty,Local-1
36.72,79.85,91.06,24.95,38.97,7.59,645.13,Cotton,Chalky,Suraj
76.87,60.86,112.62,26.32,40.24,7.66,672.38,Rice,Chalky,IR64
138.71,50.33,76.47,22.17,74.27,5.56,1429.99,Rice,Peaty,Basmati-370
40.27,69.52,92.71,30.53,41.71,7.92,666.34,Barley,Chalky,RD-2552
76.65,61.86,107.21,23.65,74.0,7.1,1678.44,Rice,Clay,Basmati-370
74.2,30.51,87.98,24.49,83.42,6.34,1643.79,Wheat,Silty,Lok-1
67.65,28.21,59.28,33.04,45.42,7.4,521.29,Watermelon,Sandy,Sugar Baby
98.68,44.17,62.62,22.61,72.1,5.07,1432.63,Vegetables,Peaty,Hybrid-A
88.11,41.04,89.06,26.55,67.68,6.26,1060.38,Cotton,Loamy,Suraj
56.89,51.22,99.46,30.05,41.88,8.25,536.97,Wheat,Chalky,Lok-1
15.0,53.09,47.48,29.08,40.85,8.21,663.66,Millet,Chalky,ICTP-8203
51.9,57.39,90.14,23.71,70.08,6.11,1687.89,Cotton,Silty,Suraj
54.71,34.83,40.56,30.23,49.26,6.35,734.03,Potato,Sandy,Kufri Pukhraj
74.43,49.24,124.7,23.99,70.05,6.86,1112.56,Vegetables,Clay,Hybrid-A
50.68,23.3,50.7,26.36,48.8,6.62,836.85,Watermelon,Sandy,Arka Manik
94.63,61.49,110.95,22.57,64.85,6.38,1417.95,Maize,Silty,Pioneer-3396
65.18,47.92,102.39,27.68,65.9,6.08,1507.7,Tea,Loamy,TV-1
33.34,25.18,40.62,36.73,41.13,6.09,614.4,Watermelon,Sandy,Crimson Sweet
96.33,34.48,103.38,21.02,62.91,6.54,1168.0,Rice,Silty,Basmati-370
60.01,44.54,71.49,16.0,60.41,6.21,1383.16,Wheat,Silty,HD-2967
117.37,65.63,136.93,23.23,66.3,6.79,1569.71,Vegetables,Clay,Local-1
57.8,42.95,62.24,22.67,73.44,6.95,1973.38,Vegetables,Silty,Hybrid-B
99.9,42.55,84.02,20.52,72.24,5.76,1732.25,Rice,Peaty,IR64
107.46,25.0,130.15,24.9,64.81,6.57,1236.23,Cotton,Clay,Bt-1
139.61,43.18,53.5,19.25,86.84,5.75,1531.47,Vegetables,Peaty,Hybrid-B
97.09,54.96,106.12,27.42,74.98,5.87,936.11,Cotton,Clay,Bt-1
78.0,40.59,99.53,25.31,69.98,6.49,1243.11,Sugarcane,Silty,Co-0238
144.32,54.38,60.73,20.85,89.31,5.48,1986.89,Vegetables,Peaty,Hybrid-B
119.71,67.23,107.72,21.89,66.38,6.54,1800.83,Sugarcane,Clay,Co-0238
75.06,51.6,102.1,25.76,77.99,7.17,1213.6,Vegetables,Silty,Hybrid-B
62.2,55.95,78.16,30.56,46.75,7.99,708.11,Cotton,Chalky,Bt-1
103.11,48.37,128.83,29.32,79.51,7.02,1380.58,Cotton,Clay,Bt-1
115.16,49.84,123.52,26.17,78.14,6.68,1542.94,Rice,Clay,IR64
70.33,40.17,104.03,24.26,72.38,6.56,1554.67,Wheat,Silty,PBW-343
70.44,36.47,106.02,26.33,52.71,7.13,1106.17,Soybean,Loamy,MAUS-71
64.37,24.52,46.6,24.75,44.67,6.58,811.69,Potato,Sandy,Kufri Bahar
49.72,57.93,99.08,27.37,50.94,7.82,1044.4,Millet,Chalky,RHB-173
52.96,26.05,40.0,33.17,50.62,5.86,463.46,Watermelon,Sandy,Crimson Sweet
64.35,49.42,106.34,25.46,68.89,6.61,1073.05,Tomato,Loamy,Roma
72.93,29.96,91.64,20.02,72.42,7.66,2100.0,Rice,Silty,Basmati-370
118.42,30.1,90.8,25.62,80.03,6.52,1642.97,Watermelon,Clay,Arka Manik
53.77,46.54,62.86,25.08,48.23,7.34,594.48,Barley,Chalky,RD-2552
76.01,47.31,88.62,21.74,60.09,7.03,890.6,Wheat,Silty,Lok-1
88.22,41.57,122.43,25.64,70.05,6.38,1890.32,Cotton,Clay,Suraj
68.0,47.0,86.42,20.58,53.9,7.06,1325.41,Maize,Silty,HQPM-1
42.2,78.02,117.6,27.22,55.51,7.54,808.53,Millet,Chalky,RHB-173
87.24,62.78,119.96,24.85,68.89,6.81,1473.96,Rice,Clay,IR64
138.81,51.53,84.72,22.57,75.96,5.02,2402.5,Potato,Peaty,Kufri Bahar
63.94,45.18,112.5,22.81,53.55,8.07,1109.57,Millet,Chalky,RHB-173
81.52,46.81,107.67,23.35,66.52,6.77,1733.74,Sugarcane,Clay,Co-86032
65.0,46.45,70.95,21.94,70.06,6.74,1186.18,Cotton,Loamy,Bt-1
65.73,31.96,45.5,29.79,44.78,5.98,549.28,Groundnut,Sandy,GG-20
49.36,54.79,71.81,25.28,41.95,7.53,1067.24,Barley,Chalky,BH-902
92.88,42.08,102.35,18.0,62.01,6.76,1167.87,Millet,Loamy,ICTP-8203
76.03,58.78,103.27,24.27,69.81,6.67,1594.85,Cotton,Clay,Bt-1
82.18,44.68,103.6,24.19,65.11,6.54,1806.58,Wheat,Clay,HD-2967
100.62,56.53,83.11,14.5,75.4,5.37,1604.11,Wheat,Peaty,Lok-1
56.89,63.22,66.56,25.72,57.51,7.99,522.95,Cotton,Chalky,Bt-2
49.47,31.25,35.78,31.98,60.8,6.33,664.92,Groundnut,Sandy,GG-20
87.91,46.66,97.62,16.15,70.25,6.48,1026.21,Wheat,Silty,HD-2967
44.09,59.67,78.54,22.7,63.93,7.95,902.96,Millet,Chalky,ICTP-8203
93.53,53.81,123.34,28.18,78.26,7.92,961.67,Cotton,Clay,Bt-1
33.2,29.16,50.2,28.8,54.97,5.99,447.01,Watermelon,Sandy,Arka Manik
38.37,67.62,87.42,22.18,37.23,8.31,484.4,Cotton,Chalky,Bt-1
115.97,28.49,67.42,24.43,77.82,5.47,1923.05,Vegetables,Peaty,Local-1
77.86,48.4,136.12,28.62,68.19,6.22,1724.55,Sugarcane,Clay,Co-86032
96.75,72.78,123.78,28.94,70.99,6.02,1612.61,Cotton,Clay,Bt-2
45.0,55.73,105.69,30.17,56.2,7.17,1435.1,Soybean,Loamy,JS-335
27.81,63.87,79.48,30.31,56.47,8.15,686.04,Cotton,Chalky,Bt-2
95.3,65.81,110.66,26.8,71.18,7.13,1422.4,Wheat,Clay,Lok-1
79.73,56.86,80.78,29.01,70.15,6.13,1170.43,Wheat,Loamy,PBW-343
97.76,68.28,67.14,27.49,55.61,6.52,1084.1,Tomato,Loamy,Roma
69.01,51.31,94.02,18.81,62.06,6.85,1314.3,Vegetables,Silty,Hybrid-B
75.43,39.47,85.95,22.44,68.83,6.61,1122.03,Maize,Silty,Pioneer-3396
89.95,55.59,65.73,16.74,72.63,4.5,1592.59,Vegetables,Peaty,Hybrid-B
104.76,53.39,92.34,30.52,63.06,6.56,968.84,Sugarcane,Loamy,Co-0238
73.81,47.31,105.09,25.93,68.38,7.45,1054.43,Rice,Clay,IR64
79.95,57.37,126.59,27.67,73.94,7.01,1434.2,Sugarcane,Clay,Co-86032
40.88,22.64,49.65,28.98,54.66,6.72,680.73,Millet,Sandy,HHB-67
104.25,54.07,99.5,26.79,71.82,7.05,1716.45,Rice,Clay,Swarna
50.12,33.81,62.9,30.6,41.6,6.35,577.54,Millet,Sandy,ICTP-8203
65.14,38.06,100.9,22.88,55.18,7.24,1339.66,Wheat,Loamy,HD-2967
81.43,34.27,86.74,25.11,57.19,6.13,905.32,Wheat,Loamy,PBW-343
80.46,42.27,98.74,26.33,57.15,6.71,847.87,Maize,Loamy,DHM-117
105.03,25.0,122.85,33.0,77.71,6.9,1371.08,Wheat,Clay,HD-2967
98.71,33.01,94.31,22.76,79.32,6.31,1164.28,Potato,Peaty,Kufri Pukhraj
44.59,58.92,81.76,20.81,39.0,7.7,734.73,Millet,Chalky,ICTP-8203
88.42,29.67,87.66,24.67,61.19,6.7,1463.95,Wheat,Silty,Lok-1
49.21,30.3,50.73,28.87,51.5,6.42,569.24,Millet,Sandy,RHB-173
57.24,56.24,96.39,23.69,74.28,6.24,1877.27,Vegetables,Silty,Local-1
73.63,36.54,93.27,24.78,55.16,6.72,1140.07,Rice,Silty,Basmati-370
54.92,45.0,47.82,30.22,41.57,6.09,927.46,Millet,Sandy,RHB-173
35.04,76.74,84.67,27.88,60.29,7.78,1135.18,Millet,Chalky,HHB-67
95.72,29.97,67.52,18.34,70.29,4.62,1710.75,Rice,Peaty,Swarna
117.92,70.41,129.56,20.1,63.9,7.09,1248.53,Sugarcane,Clay,Co-0118
61.28,49.62,104.47,27.96,68.64,6.45,1348.04,Cotton,Silty,Bt-2
31.1,25.3,56.73,34.52,40.58,6.03,666.43,Millet,Sandy,RHB-173
109.22,47.88,68.96,24.06,69.35,7.18,1128.32,Cotton,Loamy,Bt-1
106.65,50.88,102.0,25.5,60.89,6.66,805.05,Soybean,Loamy,MAUS-71
74.71,42.65,56.36,20.11,75.43,4.92,1836.47,Tea,Peaty,TV-1
110.7,45.0,66.78,20.8,75.98,5.64,1319.17,Rice,Peaty,IR64
59.03,21.2,41.17,31.42,44.45,5.5,736.32,Millet,Sandy,HHB-67
34.87,76.99,66.44,29.51,53.98,8.31,566.44,Millet,Chalky,RHB-173
122.83,37.49,55.39,19.92,83.5,4.85,2114.7,Sugarcane,Peaty,Co-86032
95.88,51.92,89.6,22.07,73.43,7.0,1453.91,Rice,Silty,Basmati-370
116.53,35.31,49.65,20.55,74.64,5.71,2024.67,Sugarcane,Peaty,Co-0238
22.84,33.69,89.75,23.85,51.41,8.18,764.98,Millet,Chalky,HHB-67
55.22,49.6,90.96,26.65,55.43,8.01,899.33,Cotton,Chalky,Bt-1
76.01,57.06,68.91,32.33,58.38,7.13,1174.89,Maize,Loamy,DHM-117
133.04,57.98,89.91,23.43,79.03,5.08,2013.98,Vegetables,Peaty,Hybrid-A
39.58,73.89,91.11,24.45,39.23,8.15,1001.82,Wheat,Chalky,HD-2967
78.01,49.46,108.02,21.25,63.17,6.77,1208.66,Barley,Loamy,DWRB-73
86.41,62.61,114.17,26.68,78.53,5.92,1487.13,Rice,Clay,Basmati-370
104.34,62.99,79.7,27.54,71.31,6.06,1477.4,Rice,Clay,IR64
51.95,60.47,99.55,33.41,58.25,8.0,822.08,Tea,Chalky,TV-23
97.7,50.79,98.87,19.88,78.88,7.11,1217.83,Rice,Clay,IR64
77.87,59.61,91.73,24.43,73.87,6.61,1529.11,Potato,Silty,Kufri Bahar
65.32,28.64,52.54,31.63,44.98,5.97,590.78,Potato,Sandy,Kufri Pukhraj
58.2,53.85,78.28,26.47,61.44,6.19,1146.76,Maize,Loamy,HQPM-1
96.46,49.4,117.99,29.59,72.84,6.22,1572.35,Rice,Clay,Swarna
127.82,33.91,61.95,16.67,81.5,5.67,2099.49,Rice,Peaty,Swarna
93.96,69.71,116.57,27.34,81.26,7.28,1459.33,Sugarcane,Clay,Co-86032
82.32,74.35,115.22,28.42,68.71,6.51,955.52,Wheat,Clay,PBW-343
100.48,42.23,91.56,28.04,60.24,6.95,1257.87,Wheat,Loamy,Lok-1
128.93,52.57,102.19,26.74,62.92,6.12,1826.98,Wheat,Clay,Lok-1
95.17,50.11,131.84,26.16,77.71,7.3,1365.25,Wheat,Clay,HD-2967
122.01,33.28,36.39,16.91,75.42,5.41,1451.59,Rice,Peaty,Basmati-370
68.28,35.49,119.32,21.29,62.32,7.51,1193.4,Wheat,Loamy,Lok-1
75.36,44.06,78.11,27.8,78.57,7.03,1944.92,Rice,Silty,Basmati-370
55.76,44.91,62.58,28.09,49.73,8.01,787.15,Cotton,Chalky,Bt-2
49.11,29.6,74.13,29.99,36.14,6.79,881.46,Wheat,Sandy,PBW-343
50.21,22.2,55.59,28.55,36.24,6.61,808.72,Groundnut,Sandy,TAG-24
73.31,48.33,112.29,17.36,74.6,6.54,1325.11,Maize,Silty,DHM-117
132.99,35.23,74.82,14.79,84.77,4.35,1586.55,Vegetables,Peaty,Hybrid-B
127.05,61.33,94.48,26.85,79.11,5.92,1367.08,Sugarcane,Clay,Co-0118
102.32,44.95,77.57,12.31,83.36,5.34,2516.61,Rice,Peaty,IR64
74.86,55.81,83.77,24.22,54.91,6.48,1030.53,Wheat,Loamy,HD-2967
44.59,65.74,76.33,30.14,38.27,7.85,645.05,Cotton,Chalky,Suraj
103.06,40.35,132.59,22.57,76.21,6.47,1270.0,Rice,Clay,IR64
128.52,41.14,73.38,22.76,76.92,5.26,1772.93,Tea,Peaty,UPASI-9
93.75,39.59,58.62,21.8,88.77,5.81,1446.84,Maize,Peaty,HQPM-1
51.5,68.44,83.29,27.92,46.87,7.52,1051.25,Cotton,Chalky,Bt-2
137.77,41.49,93.96,24.38,80.89,4.96,1633.15,Rice,Peaty,IR64
65.99,40.87,96.06,25.28,71.97,7.16,1242.54,Cotton,Loamy,Bt-2
77.76,56.25,101.13,16.71,61.95,7.09,1127.21,Rice,Silty,Swarna
67.56,56.49,87.07,23.52,74.61,7.14,1471.45,Maize,Silty,HQPM-1
43.36,75.15,87.37,27.26,54.81,7.94,750.04,Millet,Chalky,RHB-173
63.48,67.81,74.2,22.67,66.71,7.3,1125.3,Soybean,Loamy,JS-335
89.35,65.29,72.69,24.47,72.95,6.2,1495.6,Wheat,Silty,Lok-1
100.3,42.01,122.43,26.14,71.81,6.98,1620.87,Wheat,Clay,PBW-343
41.44,36.44,82.66,23.49,57.11,7.35,503.83,Millet,Chalky,ICTP-8203
122.71,44.75,141.11,27.85,71.24,6.31,1506.63,Wheat,Clay,PBW-343
114.43,45.66,65.76,23.15,86.62,4.97,1566.87,Vegetables,Peaty,Local-1
88.88,41.89,124.28,22.3,61.0,7.31,1549.47,Wheat,Silty,Lok-1
80.79,59.22,31.36,18.31,74.23,5.48,1329.74,Tea,Peaty,TV-1
65.77,44.65,63.16,27.77,71.37,6.84,1298.02,Rice,Silty,IR64
111.11,37.94,101.48,25.74,65.56,7.27,1128.1,Wheat,Loamy,PBW-343
81.82,53.14,115.35,22.35,62.18,7.05,1034.0,Maize,Silty,Pioneer-3396
38.73,37.05,53.65,24.84,50.0,7.87,494.11,Cotton,Chalky,Bt-1
39.57,47.13,85.34,27.36,46.06,7.81,720.29,Potato,Chalky,Kufri Pukhraj
38.71,62.31,75.21,27.07,51.94,7.61,1203.16,Cotton,Chalky,Bt-2
117.46,54.62,93.66,34.0,63.29,7.02,983.95,Rice,Loamy,Basmati-370
17.64,64.69,91.68,24.54,55.7,8.16,518.22,Millet,Chalky,RHB-173
86.96,59.9,93.18,25.92,68.44,6.37,1178.46,Sugarcane,Clay,Co-86032
35.1,74.31,97.77,30.74,38.44,7.69,641.16,Millet,Chalky,HHB-67
72.26,46.72,89.13,30.36,59.03,6.58,1038.78,Soybean,Loamy,MAUS-71
60.93,46.31,72.09,24.06,73.99,6.84,1496.12,Rice,Silty,IR64
60.18,32.12,98.56,25.01,58.9,6.55,1020.24,Sugarcane,Loamy,Co-0238
36.43,36.42,52.79,28.44,40.87,5.88,390.43,Potato,Sandy,Kufri Bahar
57.9,55.12,101.7,30.06,73.95,7.98,1460.39,Rice,Clay,Swarna
57.53,52.97,90.18,29.4,64.06,6.82,1285.97,Cotton,Loamy,Suraj
129.63,45.89,84.3,19.9,79.41,6.12,2394.84,Vegetables,Peaty,Hybrid-A
67.23,60.86,60.64,28.35,44.91,7.38,709.38,Cotton,Chalky,Bt-2
64.86,31.98,115.77,22.65,67.24,7.87,1632.36,Maize,Silty,Pioneer-3396
62.59,39.01,70.98,32.42,35.34,6.51,472.08,Watermelon,Sandy,Sugar Baby
126.68,43.33,43.75,17.13,79.46,6.03,2183.37,Tea,Peaty,TV-1
104.31,49.22,96.57,29.88,66.74,6.21,1455.83,Wheat,Clay,PBW-343
89.65,47.62,89.71,27.01,63.96,6.72,1100.48,Cotton,Loamy,Bt-1
86.59,46.43,82.97,27.69,63.27,6.23,1022.79,Maize,Silty,HQPM-1
68.07,47.62,88.3,23.29,73.77,7.09,1018.52,Tomato,Loamy,Pusa Ruby
36.41,32.9,40.3,29.33,42.73,6.45,328.61,Groundnut,Sandy,TAG-24
94.84,37.3,104.33,27.38,81.2,6.13,2073.48,Potato,Clay,Kufri Bahar
40.0,51.31,105.41,24.79,70.3,6.7,1785.87,Rice,Silty,Basmati-370
44.35,50.65,72.22,25.79,40.04,7.57,811.42,Barley,Chalky,DWRB-73
50.81,19.43,20.0,26.79,41.37,6.04,923.38,Millet,Sandy,HHB-67
51.87,14.82,66.63,33.64,41.35,6.52,639.51,Wheat,Sandy,PBW-343
46.81,23.49,38.93,28.79,46.57,5.47,547.49,Watermelon,Sandy,Arka Manik
104.03,50.77,31.35,19.26,79.57,4.51,1832.62,Potato,Peaty,Kufri Bahar
45.08,24.47,79.65,28.65,42.66,6.02,681.71,Potato,Sandy,Kufri Jyoti
38.65,52.55,116.76,23.33,54.85,7.98,974.12,Barley,Chalky,DWRB-73
57.13,26.17,59.45,27.84,49.13,6.09,750.1,Groundnut,Sandy,TAG-24
100.35,55.22,98.35,21.48,66.61,6.84,1113.86,Cotton,Loamy,Suraj
94.97,74.65,127.49,24.04,78.81,7.09,1360.59,Sugarcane,Clay,Co-0238
112.72,47.18,102.31,16.64,80.29,4.76,1742.1,Tea,Peaty,TV-1
92.68,33.43,57.05,18.86,87.15,5.72,1721.78,Vegetables,Peaty,Hybrid-A
56.99,38.3,67.94,29.7,44.35,7.85,790.45,Barley,Chalky,BH-902
100.06,51.32,133.81,23.01,72.86,6.45,1248.1,Cotton,Clay,Suraj
28.56,33.8,25.35,28.29,44.58,6.4,556.25,Barley,Sandy,DWRB-73
119.11,44.16,66.56,17.08,81.62,5.04,1759.08,Tea,Peaty,TV-23
111.2,57.22,149.76,23.99,59.12,6.88,1292.83,Wheat,Clay,HD-2967
71.52,61.67,93.88,25.34,39.96,7.78,873.82,Wheat,Chalky,HD-2967
58.33,54.38,106.32,25.65,46.36,8.01,686.47,Millet,Chalky,HHB-67
53.01,33.35,29.77,25.38,39.34,6.25,738.45,Millet,Sandy,HHB-67
69.28,68.12,137.46,29.59,68.53,7.37,1567.4,Wheat,Clay,HD-2967
61.57,42.65,99.76,24.83,63.05,6.83,1481.55,Rice,Silty,IR64
46.26,33.05,80.47,22.95,69.82,6.87,992.14,Maize,Silty,DHM-117
82.04,48.72,104.22,22.37,57.94,7.05,1778.46,Vegetables,Silty,Local-1
81.09,48.64,69.68,22.77,75.87,6.93,1894.17,Wheat,Silty,Lok-1
77.83,66.04,120.52,25.4,78.17,6.71,1078.12,Rice,Clay,Basmati-370
85.21,43.7,87.74,21.23,67.03,5.86,1382.96,Rice,Silty,IR64
144.6,34.47,66.67,23.46,78.03,5.49,1584.84,Tea,Peaty,TV-23
29.61,20.11,46.53,27.93,45.91,6.55,1045.99,Watermelon,Sandy,Sugar Baby
66.34,49.16,103.45,25.43,88.57,6.28,1567.22,Sugarcane,Clay,Co-0118
95.17,52.22,121.96,19.75,74.68,6.55,1681.56,Rice,Clay,Swarna
94.51,61.8,98.76,27.76,78.28,6.76,1522.13,Wheat,Clay,PBW-343
54.38,32.5,59.29,27.95,46.79,6.35,710.75,Potato,Sandy,Kufri Jyoti
62.91,46.99,97.59,25.88,64.65,6.82,1056.42,Wheat,Loamy,Lok-1
91.23,61.78,129.05,26.09,77.23,5.98,1535.88,Rice,Clay,Swarna
75.51,43.48,114.91,22.01,62.48,6.37,1355.62,Maize,Loamy,HQPM-1
63.55,44.92,123.0,28.87,51.66,7.64,1142.53,Cotton,Chalky,Bt-2
71.44,57.1,87.82,30.65,56.48,7.35,991.39,Wheat,Loamy,PBW-343
81.52,47.44,74.47,23.23,69.14,6.74,1337.64,Soybean,Loamy,MAUS-71
110.55,36.88,103.49,23.44,71.14,6.73,1700.84,Sugarcane,Clay,Co-0118
70.0,29.9,68.56,25.74,78.59,4.91,1851.72,Potato,Peaty,Kufri Pukhraj
79.68,46.38,83.67,26.23,70.8,7.4,1166.49,Rice,Silty,Basmati-370
84.13,49.92,127.26,27.47,50.32,6.66,1789.38,Groundnut,Silty,JL-24
71.78,41.77,132.43,20.02,75.59,7.41,1304.22,Sugarcane,Silty,Co-86032
33.0,23.39,79.84,31.95,47.11,5.89,823.95,Millet,Sandy,HHB-67
64.74,58.42,96.34,23.74,42.26,7.84,749.02,Wheat,Chalky,Lok-1
35.11,23.46,49.75,30.78,41.32,5.9,480.78,Soybean,Sandy,NRC-37
77.39,46.68,84.4,25.63,54.51,7.33,1646.65,Vegetables,Loamy,Local-1
96.37,55.83,108.13,26.54,67.67,6.23,1193.28,Cotton,Clay,Bt-1
66.08,19.68,45.46,27.22,40.66,6.74,916.6,Millet,Sandy,RHB-173
44.03,59.78,89.51,29.06,52.81,7.53,1091.93,Wheat,Chalky,Lok-1
60.58,77.06,61.14,28.32,54.36,8.27,441.39,Barley,Chalky,RD-2552
101.55,58.41,89.73,23.64,59.21,7.05,1508.5,Wheat,Clay,PBW-343
97.05,33.24,92.44,20.89,79.27,4.49,1929.86,Rice,Peaty,Swarna
63.86,61.98,101.83,27.04,66.39,6.38,1226.44,Rice,Silty,Swarna
73.83,42.38,72.81,23.11,76.47,7.0,1774.47,Vegetables,Silty,Local-1
96.62,28.26,71.55,20.45,80.57,4.9,1349.72,Soybean,Peaty,NRC-37
43.9,74.21,98.93,24.97,44.76,8.29,712.13,Cotton,Chalky,Suraj
112.26,58.04,117.36,27.69,58.1,6.47,1665.23,Sugarcane,Clay,Co-0118
119.54,17.97,78.23,19.44,77.08,5.44,1668.69,Vegetables,Peaty,Hybrid-A
86.88,37.93,87.43,26.8,69.99,6.93,1762.03,Rice,Silty,Basmati-370
108.15,41.26,59.23,25.38,64.51,6.88,1163.67,Soybean,Loamy,JS-335
96.39,49.05,112.43,28.21,75.25,5.82,831.69,Cotton,Clay,Bt-2
94.95,29.39,96.4,17.87,64.28,6.92,1630.81,Wheat,Silty,Lok-1
83.24,51.62,93.23,20.5,80.0,6.88,890.67,Tomato,Loamy,Roma
55.0,75.02,88.51,24.33,62.4,6.6,1410.73,Cotton,Clay,Suraj
80.36,40.64,67.78,26.31,60.22,6.88,1552.38,Vegetables,Silty,Hybrid-B
160.0,43.4,93.82,17.74,70.91,6.04,1706.08,Sugarcane,Peaty,Co-0118
50.26,54.98,129.24,29.08,50.5,8.01,930.21,Cotton,Chalky,Suraj
47.05,20.43,48.39,30.8,29.74,5.77,592.15,Groundnut,Sandy,TAG-24
106.48,43.76,144.29,26.45,70.83,6.94,1799.23,Wheat,Clay,HD-2967
53.8,31.98,58.85,27.32,45.67,5.92,620.63,Watermelon,Sandy,Crimson Sweet
89.51,46.99,76.93,29.41,75.54,6.81,1617.83,Wheat,Loamy,Lok-1
112.65,68.79,84.71,28.98,75.2,6.22,1389.65,Rice,Clay,IR64
75.28,42.85,79.95,28.94,72.8,6.99,1450.7,Wheat,Clay,HD-2967
89.04,54.89,100.36,24.76,56.88,7.31,1024.49,Wheat,Silty,Lok-1
46.83,52.5,84.45,18.6,71.65,6.97,1150.05,Vegetables,Silty,Hybrid-A
75.04,32.77,118.96,19.01,64.98,7.0,2100.0,Rice,Silty,IR64
111.57,46.41,64.84,19.07,83.35,5.01,1496.88,Potato,Peaty,Kufri Bahar
29.82,51.86,89.6,22.26,57.08,7.6,905.26,Cotton,Chalky,Suraj
46.58,22.84,44.56,32.58,44.68,5.86,399.59,Watermelon,Sandy,Crimson Sweet
44.49,17.5,33.87,24.7,53.34,5.64,993.74,Tea,Sandy,UPASI-9
64.9,59.75,59.65,26.9,51.13,7.68,1088.37,Barley,Chalky,RD-2552
45.57,31.37,34.88,33.64,42.51,6.21,594.63,Groundnut,Sandy,JL-24
57.05,53.99,69.96,22.14,67.37,7.29,1163.43,Cotton,Silty,Bt-1
60.0,36.28,107.25,24.44,70.18,7.12,1402.89,Wheat,Loamy,Lok-1
50.85,21.68,55.74,35.32,46.31,5.69,536.58,Watermelon,Sandy,Crimson Sweet
61.74,67.18,113.52,25.43,59.23,8.16,409.2,Wheat,Chalky,PBW-343
96.25,78.62,106.98,21.76,86.15,7.07,1599.75,Wheat,Clay,Lok-1
93.63,32.58,66.88,25.79,66.3,6.81,1017.25,Rice,Silty,IR64
81.76,53.45,79.68,34.0,53.2,6.89,1266.41,Wheat,Loamy,Lok-1
103.87,26.2,99.02,32.49,63.51,6.91,1287.54,Sugarcane,Loamy,Co-0118
44.13,25.95,36.04,30.97,39.14,6.06,559.85,Watermelon,Sandy,Crimson Sweet
116.3,68.76,117.74,21.27,71.39,6.72,1319.72,Rice,Clay,IR64
46.62,27.81,69.43,32.04,38.26,6.03,755.9,Watermelon,Sandy,Crimson Sweet
92.0,36.59,68.54,20.25,76.47,6.93,1786.15,Wheat,Silty,PBW-343
69.89,85.0,128.47,29.25,89.73,6.6,1423.25,Sugarcane,Clay,Co-86032
31.61,21.65,54.07,32.04,57.92,6.2,533.48,Millet,Sandy,RHB-173
64.51,55.08,67.96,23.66,65.59,8.07,867.25,Barley,Chalky,RD-2552
92.1,39.13,63.08,19.01,82.19,6.11,1564.24,Tea,Peaty,TV-1
86.78,56.21,92.85,24.16,53.43,6.21,1274.53,Soybean,Loamy,JS-335
101.78,49.22,90.46,28.66,71.06,7.0,1337.92,Soybean,Loamy,MAUS-71
52.06,51.44,113.13,29.47,49.02,8.0,586.65,Cotton,Chalky,Bt-1
88.14,39.4,46.51,20.69,78.81,6.53,1564.24,Wheat,Silty,Lok-1
115.4,43.32,83.09,23.51,80.0,6.85,1457.32,Maize,Loamy,Pioneer-3396
34.92,23.96,76.67,25.64,36.17,6.7,604.52,Millet,Sandy,ICTP-8203
47.95,55.07,85.75,27.6,25.0,7.65,800.4,Cotton,Chalky,Suraj
67.84,35.09,53.72,27.11,40.93,6.33,681.13,Sugarcane,Sandy,Co-0238
108.52,53.76,83.96,22.27,80.33,4.99,1117.48,Potato,Peaty,Kufri Bahar
102.5,35.47,117.87,25.57,59.72,6.36,1591.82,Cotton,Clay,Suraj
32.99,25.8,53.78,28.45,47.15,7.38,655.12,Potato,Sandy,Kufri Pukhraj
43.36,78.59,93.13,27.41,40.09,7.74,566.21,Cotton,Chalky,Bt-1
62.49,32.94,62.45,35.87,39.59,5.88,556.96,Millet,Sandy,RHB-173
35.13,18.74,74.09,28.58,44.8,6.13,520.62,Potato,Sandy,Kufri Pukhraj
59.37,59.75,113.17,26.81,51.61,6.74,1308.17,Wheat,Loamy,Lok-1
48.85,51.67,94.96,27.82,57.58,7.94,514.98,Wheat,Chalky,Lok-1
43.61,36.49,39.45,26.67,50.79,5.66,768.63,Watermelon,Sandy,Sugar Baby
51.88,36.35,105.19,20.21,49.05,8.51,443.86,Barley,Chalky,RD-2552
85.89,46.88,97.18,20.3,58.5,6.97,1199.05,Cotton,Loamy,Bt-1
60.61,27.24,54.15,29.15,40.98,6.07,719.33,Vegetables,Sandy,Hybrid-A
38.23,57.02,124.19,28.24,51.58,7.87,832.26,Wheat,Chalky,Lok-1
90.56,53.16,74.68,30.42,57.66,6.67,1227.59,Maize,Loamy,DHM-117
135.73,52.3,77.63,14.48,73.9,4.76,2364.78,Potato,Peaty,Kufri Jyoti
96.15,39.36,106.03,18.9,61.93,6.63,1068.18,Vegetables,Silty,Local-1
131.58,54.58,89.36,19.03,83.45,5.02,1377.4,Tea,Peaty,TV-1
64.75,53.04,109.46,22.23,64.27,6.92,1723.55,Wheat,Silty,HD-2967
41.71,45.98,83.71,27.28,41.95,7.77,791.55,Wheat,Chalky,Lok-1
124.08,28.46,105.37,23.0,60.92,7.28,929.87,Wheat,Clay,PBW-343
66.84,47.93,64.4,25.81,72.14,6.52,1757.96,Wheat,Silty,PBW-343
98.64,35.41,63.45,16.22,75.46,5.73,2254.96,Rice,Peaty,IR64
52.27,52.29,101.51,25.9,81.45,6.25,1068.99,Maize,Silty,HQPM-1
34.22,69.85,49.36,21.35,44.88,7.89,715.21,Wheat,Chalky,HD-2967
116.26,42.47,70.0,30.5,76.57,6.54,1466.55,Sugarcane,Clay,Co-0238
153.04,26.91,58.17,26.69,86.23,4.37,1753.49,Maize,Peaty,DHM-117
78.96,59.1,106.93,24.08,79.41,6.51,1603.33,Maize,Silty,HQPM-1
99.11,47.73,110.5,24.41,78.16,6.55,1261.97,Vegetables,Clay,Hybrid-A
54.48,40.4,42.96,25.76,37.35,6.58,756.39,Groundnut,Sandy,TAG-24
104.71,38.68,67.0,25.15,70.55,6.38,860.8,Soybean,Loamy,NRC-37
125.84,69.63,112.29,28.62,65.31,6.65,1690.45,Sugarcane,Clay,Co-86032
41.66,62.57,45.18,26.8,51.25,8.0,1064.31,Wheat,Chalky,PBW-343
121.92,36.04,98.42,18.06,77.15,5.11,1388.8,Rice,Peaty,Swarna
99.86,48.57,85.95,25.99,54.13,6.54,1187.71,Cotton,Loamy,Suraj
60.26,26.21,47.65,29.66,46.61,6.08,757.7,Potato,Sandy,Kufri Pukhraj
111.08,38.36,72.74,17.06,62.86,7.04,1066.7,Maize,Silty,HQPM-1
32.34,19.81,36.52,34.02,49.08,5.94,582.75,Watermelon,Sandy,Crimson Sweet
96.5,36.67,112.59,22.96,61.77,7.06,1081.16,Sugarcane,Loamy,Co-0118
147.06,35.94,88.33,20.46,72.04,5.27,1564.2,Rice,Peaty,Swarna
90.53,34.35,43.97,16.06,78.6,5.53,1639.38,Tea,Peaty,TV-23
68.72,51.58,96.79,26.7,42.0,7.5,709.55,Cotton,Chalky,Bt-2
42.81,50.28,73.08,29.76,45.56,7.2,691.47,Groundnut,Chalky,GG-20
57.64,68.56,82.84,32.4,62.68,8.55,308.28,Millet,Chalky,RHB-173
117.09,51.66,111.17,19.79,71.64,7.08,1325.72,Cotton,Clay,Suraj
92.31,54.31,134.2,25.64,63.91,7.21,1613.94,Wheat,Clay,Lok-1
48.39,23.25,55.89,32.07,46.67,5.93,599.23,Groundnut,Sandy,GG-20
42.0,53.05,75.23,17.93,60.5,6.9,1482.05,Vegetables,Silty,Hybrid-B
112.54,26.12,105.69,14.74,67.74,5.67,1612.89,Vegetables,Peaty,Local-1
109.47,47.15,93.8,23.82,65.06,6.41,1465.41,Tomato,Loamy,Roma
126.87,62.94,95.72,33.0,72.39,5.94,1150.47,Rice,Clay,Basmati-370
91.92,41.19,59.8,18.65,85.33,4.75,1675.83,Rice,Peaty,Swarna
130.35,57.03,79.87,26.75,74.3,7.11,1241.29,Cotton,Clay,Suraj
71.94,61.34,65.65,27.79,67.64,6.86,1395.37,Vegetables,Silty,Local-1
128.11,39.02,96.18,23.84,73.96,7.22,1229.36,Cotton,Clay,Bt-2
114.11,34.05,86.47,18.86,84.77,5.51,1505.71,Vegetables,Peaty,Local-1
49.88,28.96,60.77,30.77,39.31,6.67,958.06,Potato,Sandy,Kufri Jyoti
49.02,40.3,124.07,26.0,45.23,7.21,501.79,Barley,Chalky,DWRB-73
80.14,23.45,59.11,24.97,61.64,6.68,650.79,Soybean,Loamy,NRC-37
89.32,31.12,144.42,25.18,73.86,6.91,1041.82,Cotton,Clay,Suraj
95.42,37.12,95.39,26.06,69.04,6.59,1432.15,Rice,Clay,Swarna
104.85,36.8,103.81,18.0,57.1,6.07,1485.28,Tomato,Loamy,Pusa Ruby
74.31,50.04,74.49,27.54,56.17,6.87,1508.16,Sugarcane,Loamy,Co-0238
21.04,16.03,42.09,28.28,41.86,6.32,624.04,Millet,Sandy,HHB-67
17.26,71.63,87.86,23.55,46.6,7.81,843.35,Barley,Chalky,BH-902
71.32,45.79,92.54,28.9,59.89,6.47,1331.54,Soybean,Loamy,MAUS-71
46.85,57.88,110.54,27.76,45.39,8.15,665.75,Sugarcane,Chalky,Co-0238
90.64,49.43,62.35,16.46,80.4,5.57,1944.94,Rice,Peaty,IR64
114.22,40.46,94.44,26.27,86.54,6.34,1343.34,Sugarcane,Clay,Co-0118
116.76,42.03,77.75,18.57,72.49,5.04,1899.43,Rice,Peaty,Basmati-370
98.81,74.73,127.92,26.3,64.54,6.12,1911.79,Cotton,Clay,Suraj
46.93,24.95,62.75,32.61,30.88,6.74,575.16,Potato,Sandy,Kufri Pukhraj
145.28,43.18,81.02,15.15,79.21,5.79,1787.62,Tea,Peaty,TV-23
38.09,52.87,89.32,24.62,53.73,8.68,726.85,Cotton,Chalky,Suraj
87.41,50.57,76.13,22.08,66.74,6.9,1729.85,Maize,Silty,DHM-117
82.88,47.56,103.2,24.38,69.32,6.76,1065.56,Watermelon,Silty,Sugar Baby
96.83,67.89,129.71,24.65,70.54,6.84,2059.3,Wheat,Clay,PBW-343
39.4,28.27,60.26,33.67,53.04,6.3,841.82,Millet,Sandy,ICTP-8203
96.0,43.25,84.21,22.66,53.44,6.51,910.21,Potato,Loamy,Kufri Jyoti
114.28,40.33,52.38,20.6,67.27,5.57,2002.8,Vegetables,Peaty,Hybrid-B
76.77,50.87,81.08,25.03,61.22,6.59,1184.76,Wheat,Loamy,HD-2967
85.83,53.49,71.4,25.87,66.25,6.69,1321.65,Cotton,Silty,Suraj
57.78,71.18,103.16,22.82,49.92,7.78,746.28,Cotton,Chalky,Bt-1
90.29,43.67,90.41,26.46,68.22,6.56,1355.71,Maize,Silty,HQPM-1
84.85,43.5,97.68,32.5,64.2,5.94,1299.71,Potato,Loamy,Kufri Bahar
78.98,81.13,113.64,28.11,78.22,6.82,1181.25,Rice,Clay,Swarna
110.87,48.73,94.75,20.53,68.76,7.51,1729.55,Sugarcane,Clay,Co-0238
90.02,46.44,103.96,22.98,59.96,7.43,754.37,Wheat,Loamy,Lok-1
134.39,41.33,94.6,21.87,77.43,4.4,1850.16,Rice,Peaty,Swarna
97.17,29.01,61.15,18.11,75.59,5.67,1654.22,Potato,Peaty,Kufri Pukhraj
48.1,55.27,88.69,28.85,47.23,8.18,1070.21,Cotton,Chalky,Suraj
47.95,26.92,49.08,32.43,33.21,6.08,786.81,Potato,Sandy,Kufri Jyoti
51.95,56.11,72.89,26.77,53.26,8.54,536.04,Wheat,Chalky,PBW-343
73.27,46.7,99.43,21.99,63.03,6.64,1661.23,Cotton,Clay,Bt-1
102.15,76.04,121.9,29.42,81.89,7.12,918.1,Tomato,Clay,Arka Vikas
98.07,56.33,72.32,24.82,68.0,6.87,1422.96,Millet,Silty,RHB-173
134.91,24.83,69.15,23.47,68.31,4.95,1255.21,Rice,Peaty,Swarna
102.69,29.81,85.91,17.78,82.32,5.19,1863.45,Watermelon,Peaty,Sugar Baby
48.74,34.38,20.67,30.54,42.14,5.61,688.39,Potato,Sandy,Kufri Bahar
87.44,52.07,106.04,30.3,74.54,5.91,1470.62,Sugarcane,Clay,Co-0238
42.19,70.59,69.79,25.91,54.04,8.12,897.53,Cotton,Chalky,Bt-2
87.96,53.98,97.61,26.5,71.01,7.53,811.5,Sugarcane,Loamy,Co-0118
96.8,40.75,75.69,22.96,65.55,6.78,1595.19,Maize,Silty,HQPM-1
76.48,38.88,116.5,27.47,70.64,7.06,1539.39,Cotton,Clay,Bt-1
55.43,23.5,44.55,29.62,35.19,6.47,846.48,Potato,Sandy,Kufri Jyoti
100.93,42.62,72.97,31.72,68.58,6.98,1554.28,Tomato,Loamy,Arka Vikas
81.65,45.14,63.69,20.79,79.86,5.05,1197.86,Cotton,Peaty,Bt-1
30.83,36.06,57.32,27.06,47.14,6.75,957.65,Potato,Sandy,Kufri Jyoti
35.13,29.53,49.77,32.78,39.5,6.56,943.22,Millet,Sandy,RHB-173
72.81,49.7,108.3,33.23,59.62,6.47,1320.53,Cotton,Loamy,Bt-2
45.53,53.06,76.25,26.78,36.94,7.72,858.38,Potato,Chalky,Kufri Jyoti
126.61,53.12,75.1,19.75,83.1,5.21,1922.17,Tea,Peaty,UPASI-9
38.19,38.91,33.33,36.22,47.22,6.72,816.94,Watermelon,Sandy,Arka Manik
131.72,42.27,103.62,20.01,85.63,4.82,1706.26,Sugarcane,Peaty,Co-0118
75.93,53.78,97.24,24.36,61.07,6.56,1474.63,Wheat,Silty,Lok-1
76.63,36.7,103.7,25.97,80.38,7.35,1118.0,Maize,Silty,HQPM-1
88.41,30.11,91.25,28.61,68.79,7.0,1187.96,Maize,Loamy,HQPM-1
32.66,38.24,51.66,35.87,54.4,5.96,661.11,Watermelon,Sandy,Crimson Sweet
141.78,36.18,51.21,18.46,66.65,5.27,2071.14,Tea,Peaty,UPASI-9
83.58,50.14,95.6,24.16,69.18,6.42,1055.65,Groundnut,Loamy,GG-20
63.16,43.24,108.82,32.32,43.14,7.32,678.62,Barley,Chalky,DWRB-73
82.69,66.15,128.25,25.88,76.48,6.51,1016.52,Wheat,Clay,Lok-1
97.6,32.14,66.73,16.61,76.25,5.08,2010.12,Vegetables,Peaty,Hybrid-B
72.5,46.91,61.53,27.09,54.04,7.69,1030.91,Sugarcane,Chalky,Co-0118
120.26,50.52,55.63,18.14,78.48,5.09,1437.31,Cotton,Peaty,Bt-2
89.12,42.96,119.7,21.75,57.23,7.1,1212.49,Maize,Silty,DHM-117
57.24,26.49,50.07,29.08,50.24,6.02,956.98,Groundnut,Sandy,GG-20
97.88,53.56,109.07,22.82,65.81,6.13,1057.79,Maize,Silty,DHM-117
30.66,29.53,65.19,24.9,44.94,6.42,625.84,Potato,Sandy,Kufri Pukhraj
66.16,54.19,108.55,26.56,63.24,6.91,830.32,Maize,Silty,DHM-117
83.88,42.01,64.98,28.72,50.64,6.52,896.43,Tomato,Loamy,Roma
113.07,35.64,89.63,22.55,89.48,4.41,1655.49,Tomato,Peaty,Pusa Ruby
64.28,63.61,65.22,25.73,49.78,6.9,1052.05,Tomato,Loamy,Roma
107.33,61.73,89.05,29.56,72.9,6.59,1189.36,Cotton,Clay,Bt-2
141.43,41.62,59.98,18.81,80.65,4.99,2148.73,Potato,Peaty,Kufri Bahar
99.0,37.3,114.4,25.76,69.47,6.25,1743.77,Potato,Clay,Kufri Bahar
47.11,52.34,105.89,25.76,50.62,7.73,643.06,Cotton,Chalky,Bt-2
35.68,30.29,59.73,30.27,46.69,6.19,916.64,Groundnut,Sandy,JL-24
88.32,44.91,86.02,29.76,65.53,6.85,1237.82,Cotton,Loamy,Bt-1
88.83,42.36,116.4,23.21,66.42,6.89,1462.67,Rice,Clay,Basmati-370
140.0,43.42,89.09,18.0,65.53,6.81,1763.63,Cotton,Clay,Bt-2
108.78,55.71,62.75,12.0,76.55,6.4,1363.32,Millet,Peaty,RHB-173
85.1,42.03,119.07,28.06,85.0,6.79,1623.8,Wheat,Clay,HD-2967
46.56,53.29,93.71,28.98,43.09,7.69,966.33,Barley,Chalky,DWRB-73
53.2,37.35,39.11,29.02,54.04,7.13,512.67,Millet,Sandy,HHB-67
121.74,41.93,127.35,21.39,89.71,6.1,1462.27,Rice,Clay,Swarna
78.67,56.99,117.05,25.72,63.85,7.72,1872.45,Cotton,Clay,Bt-2
73.63,50.34,88.84,26.82,62.64,8.14,592.98,Barley,Chalky,RD-2552
105.31,58.8,110.26,20.71,77.02,7.19,1460.05,Rice,Silty,Basmati-370
37.27,61.85,127.06,26.44,42.8,7.99,751.31,Millet,Chalky,HHB-67
93.13,51.05,134.04,27.7,79.02,6.19,1472.37,Cotton,Clay,Bt-2
124.18,38.26,64.73,19.17,74.5,4.35,1541.47,Potato,Peaty,Kufri Pukhraj
35.26,36.29,66.51,29.67,34.26,5.75,702.89,Watermelon,Sandy,Arka Manik
94.95,52.87,147.24,22.42,77.87,6.78,1305.52,Cotton,Clay,Bt-2
46.71,68.65,66.72,27.58,56.54,7.91,938.97,Millet,Chalky,HHB-67
60.42,28.03,59.38,35.42,59.99,6.27,587.98,Potato,Sandy,Kufri Pukhraj
79.5,56.52,71.47,23.63,57.59,7.24,822.33,Barley,Chalky,RD-2552
63.02,64.94,89.46,28.98,56.82,8.2,896.11,Cotton,Chalky,Suraj
45.0,51.24,81.53,31.6,62.27,6.51,966.24,Sugarcane,Loamy,Co-0238
41.97,23.75,39.13,28.78,53.46,6.4,831.69,Watermelon,Sandy,Crimson Sweet
77.28,65.32,103.14,21.67,75.83,6.5,1417.66,Maize,Silty,HQPM-1
73.51,39.83,66.86,24.9,69.03,7.04,1361.02,Rice,Silty,Basmati-370
29.37,41.36,82.96,25.4,49.79,8.64,819.13,Millet,Chalky,RHB-173
75.59,39.44,105.0,25.73,61.07,6.65,957.23,Tomato,Loamy,Arka Vikas
36.57,22.58,47.57,36.35,34.62,6.12,691.06,Millet,Sandy,RHB-173
88.5,56.18,97.66,27.42,67.67,6.63,1482.38,Rice,Silty,IR64
59.28,39.24,67.95,35.38,55.61,6.92,668.32,Millet,Sandy,ICTP-8203
94.28,64.22,114.17,29.73,78.03,6.33,1518.76,Cotton,Clay,Bt-2
74.21,41.37,85.64,29.01,63.86,6.6,861.17,Tomato,Loamy,Arka Vikas
73.3,28.5,78.82,22.01,56.41,6.39,1422.22,Tomato,Loamy,Pusa Ruby
44.09,19.17,61.58,28.21,41.38,6.08,685.25,Watermelon,Sandy,Crimson Sweet
37.83,86.52,110.98,29.79,53.64,8.08,1067.65,Barley,Chalky,RD-2552
65.2,52.2,109.17,25.41,68.68,7.59,1369.79,Rice,Silty,IR64
63.05,32.15,28.76,24.02,38.61,6.4,669.53,Watermelon,Sandy,Sugar Baby
64.57,28.87,35.22,30.69,44.59,6.67,774.18,Potato,Sandy,Kufri Pukhraj
84.36,60.59,64.24,22.58,59.37,7.35,1417.58,Wheat,Loamy,HD-2967
95.3,56.57,126.37,29.27,76.96,7.01,1305.66,Sugarcane,Clay,Co-0118
120.43,69.22,122.19,30.61,78.41,6.81,1312.42,Wheat,Clay,PBW-343
98.2,52.61,97.13,29.27,71.82,6.92,1306.11,Sugarcane,Clay,Co-0238
104.33,36.21,68.76,22.04,84.83,4.81,1770.76,Groundnut,Peaty,TAG-24
91.95,55.83,81.09,23.73,73.69,7.73,1791.9,Maize,Silty,DHM-117
123.44,28.32,84.91,26.48,85.13,4.32,2526.66,Tea,Peaty,TV-1
85.39,64.93,80.98,27.21,60.17,7.54,1639.91,Rice,Clay,Basmati-370
44.55,68.61,99.62,21.65,53.19,7.74,806.93,Millet,Chalky,ICTP-8203
70.03,39.59,80.28,29.94,83.94,6.93,1429.85,Cotton,Silty,Bt-2
52.1,27.37,38.97,27.99,42.72,6.41,676.53,Wheat,Sandy,PBW-343
79.57,53.88,110.25,26.61,76.28,6.31,1685.32,Vegetables,Silty,Hybrid-A
56.04,54.4,88.96,27.25,25.0,7.67,1069.55,Cotton,Chalky,Bt-2
57.17,60.2,118.81,23.24,49.03,7.89,845.69,Tea,Chalky,UPASI-9
108.59,56.65,101.55,28.15,67.64,6.43,1167.24,Sugarcane,Clay,Co-0238
45.43,71.4,76.05,26.99,35.43,7.88,1057.37,Cotton,Chalky,Suraj
109.59,28.0,52.17,17.13,66.84,4.78,1578.68,Potato,Peaty,Kufri Pukhraj
58.21,30.91,70.5,30.65,34.51,6.26,759.29,Millet,Sandy,HHB-67
86.45,48.51,113.72,24.31,60.72,6.11,1073.07,Cotton,Clay,Suraj
36.52,76.58,73.16,28.39,40.27,7.95,847.25,Millet,Chalky,RHB-173
57.26,70.69,99.48,29.16,58.92,7.99,660.59,Wheat,Chalky,Lok-1
74.61,38.12,82.6,28.83,62.03,6.91,1558.39,Cotton,Loamy,Bt-2
87.63,34.88,97.45,21.21,63.65,6.2,1355.51,Sugarcane,Loamy,Co-0238
24.66,43.79,126.2,27.75,42.19,7.84,1045.18,Wheat,Chalky,HD-2967
109.13,41.04,56.91,24.07,81.37,5.27,2047.79,Tea,Peaty,UPASI-9
47.79,51.62,84.47,28.83,34.92,7.75,635.54,Barley,Chalky,BH-902
35.54,61.25,108.53,26.09,54.55,8.04,783.78,Millet,Chalky,RHB-173
88.4,47.3,103.23,25.28,76.36,6.55,1783.2,Wheat,Clay,HD-2967
79.99,37.74,72.15,25.83,68.01,6.77,1080.89,Soybean,Loamy,JS-335
61.22,58.97,79.4,27.55,57.94,8.16,1047.48,Millet,Chalky,RHB-173
70.0,40.78,69.2,19.8,78.77,5.04,1191.36,Tea,Peaty,TV-23
85.49,44.71,62.78,23.23,64.9,6.7,1221.72,Maize,Silty,HQPM-1
44.88,33.71,27.91,29.25,41.34,6.7,784.97,Tomato,Sandy,Pusa Ruby
99.76,25.0,103.34,28.11,70.49,7.0,1335.97,Sugarcane,Clay,Co-86032
78.6,42.97,91.24,28.36,52.59,7.13,1215.71,Cotton,Loamy,Bt-2
54.01,31.58,42.02,32.76,46.96,6.12,713.29,Groundnut,Sandy,TAG-24
81.5,43.4,121.86,22.33,76.0,6.93,963.86,Rice,Silty,Swarna
72.66,50.2,102.62,24.06,73.83,6.0,1490.89,Maize,Silty,DHM-117
69.5,44.74,75.08,28.64,77.2,7.27,1031.05,Wheat,Silty,PBW-343
30.22,35.85,46.55,33.37,45.93,5.77,593.84,Vegetables,Sandy,Hybrid-B
40.0,40.69,90.37,25.54,76.1,6.64,1266.13,Vegetables,Silty,Hybrid-B
117.22,37.07,91.68,26.18,73.36,6.61,1312.62,Rice,Clay,Swarna
120.88,40.27,72.83,24.99,83.17,4.39,1852.07,Tea,Peaty,TV-1
94.47,44.92,97.26,22.34,62.37,6.95,1645.79,Wheat,Silty,Lok-1
73.77,52.14,94.49,19.6,56.94,6.62,1153.59,Soybean,Loamy,JS-335
41.4,21.45,70.53,27.32,49.33,6.71,651.11,Millet,Sandy,RHB-173
86.63,50.54,64.02,25.11,59.98,7.35,936.48,Millet,Silty,HHB-67
46.95,33.04,64.56,29.22,30.75,5.98,659.03,Potato,Sandy,Kufri Bahar
65.67,55.67,76.17,23.73,71.37,7.68,1449.96,Vegetables,Silty,Local-1
74.73,40.34,71.43,17.98,63.92,6.47,1358.6,Vegetables,Silty,Local-1
80.08,51.71,131.65,25.99,76.2,7.11,1280.74,Rice,Clay,IR64
99.86,50.38,107.67,25.38,79.26,6.49,1503.11,Rice,Clay,IR64
49.99,33.37,45.48,28.1,35.81,5.85,376.13,Potato,Sandy,Kufri Bahar
118.91,51.16,114.07,24.55,86.14,6.21,1303.4,Wheat,Clay,PBW-343
73.06,61.17,98.68,27.9,62.59,7.3,1408.33,Vegetables,Silty,Local-1
118.23,38.99,70.22,22.57,79.9,5.64,2057.75,Potato,Peaty,Kufri Bahar
50.76,52.14,89.52,26.13,66.01,5.99,1103.3,Cotton,Silty,Bt-2
20.0,35.87,54.21,27.48,52.65,6.01,562.46,Groundnut,Sandy,TAG-24
77.43,49.29,97.4,21.98,74.54,6.93,894.7,Maize,Silty,Pioneer-3396
47.47,22.88,55.0,24.82,32.42,5.83,732.13,Groundnut,Sandy,JL-24
94.19,52.82,79.65,28.36,54.62,6.64,1475.97,Soybean,Loamy,JS-335
58.0,72.33,84.01,31.36,51.78,8.34,814.74,Millet,Chalky,RHB-173
104.05,52.3,91.8,21.75,85.8,5.64,1806.7,Potato,Peaty,Kufri Jyoti
89.42,35.64,136.93,25.09,70.28,6.22,1312.87,Wheat,Clay,HD-2967
136.06,42.2,63.49,20.84,85.58,4.87,1766.59,Vegetables,Peaty,Local-1
82.08,48.64,76.77,23.83,78.65,5.01,1389.73,Rice,Peaty,IR64
40.36,46.44,97.58,28.4,46.79,7.8,680.99,Wheat,Chalky,HD-2967
90.01,32.87,95.85,26.24,53.34,6.9,1244.15,Sugarcane,Loamy,Co-0238
127.82,29.83,75.59,18.44,77.08,5.99,1534.73,Rice,Peaty,Basmati-370
47.81,76.46,82.55,26.62,60.34,7.7,1253.39,Barley,Chalky,BH-902
78.35,43.88,102.35,25.27,58.53,6.69,1480.47,Cotton,Loamy,Bt-2
82.11,40.37,80.56,28.0,75.23,7.7,650.0,Maize,Silty,DHM-117
76.43,42.37,108.42,27.9,54.11,6.38,788.42,Soybean,Loamy,NRC-37
120.64,45.77,102.52,20.64,67.88,5.33,2133.38,Rice,Peaty,IR64
61.25,55.06,90.06,20.11,71.56,6.67,1197.38,Tea,Silty,TV-23
82.3,46.0,73.52,29.39,61.43,7.38,1255.63,Sugarcane,Loamy,Co-0238
87.71,46.06,65.83,28.11,76.16,6.14,1424.78,Vegetables,Silty,Hybrid-A
56.63,49.33,89.93,24.64,40.79,7.9,712.05,Millet,Chalky,ICTP-8203
119.58,60.32,78.2,22.9,71.2,6.41,1428.72,Sugarcane,Loamy,Co-0238
80.09,63.93,151.48,28.11,73.78,6.31,1367.6,Rice,Clay,Basmati-370
51.22,26.46,57.56,29.18,40.01,6.98,846.46,Groundnut,Sandy,JL-24
81.28,33.72,130.04,26.22,82.03,6.88,1369.92,Maize,Silty,Pioneer-3396
100.46,60.74,119.16,25.78,77.64,7.22,1849.03,Rice,Clay,IR64
99.62,34.53,101.63,23.13,68.76,6.32,1600.17,Rice,Clay,IR64
105.95,51.43,89.43,16.36,73.09,4.82,1116.34,Potato,Peaty,Kufri Jyoti
71.79,43.77,106.1,22.4,68.5,6.78,1099.91,Soybean,Loamy,JS-335
74.88,51.98,88.31,29.53,76.19,6.38,1377.57,Wheat,Loamy,HD-2967
71.14,41.01,124.14,24.07,74.04,6.98,1544.85,Sugarcane,Clay,Co-86032
71.86,31.7,96.69,23.04,69.6,5.98,1091.88,Cotton,Loamy,Bt-1
122.47,45.56,68.03,17.92,70.95,5.68,1596.11,Wheat,Peaty,Lok-1
35.27,25.52,39.1,32.2,60.36,5.8,538.11,Groundnut,Sandy,TAG-24
89.5,25.8,95.62,27.71,70.93,7.35,1409.92,Maize,Loamy,DHM-117
81.56,61.34,128.87,25.2,70.55,7.37,1328.35,Wheat,Clay,HD-2967
88.09,49.48,76.0,16.0,57.85,6.26,1274.46,Rice,Silty,IR64
142.99,37.63,54.96,14.59,85.64,5.93,1356.94,Cotton,Peaty,Bt-1
97.33,46.21,65.34,24.34,71.66,4.94,2060.89,Wheat,Peaty,Lok-1
97.64,39.79,47.49,26.61,74.96,6.22,1373.43,Maize,Silty,HQPM-1
126.13,56.19,95.7,26.99,74.81,6.59,1190.95,Cotton,Clay,Bt-1
104.44,55.96,151.91,28.53,67.96,6.19,1335.13,Wheat,Clay,PBW-343
115.67,35.13,63.34,25.2,69.12,5.38,1068.88,Tomato,Peaty,Arka Vikas
30.18,33.55,43.39,33.35,39.36,6.07,731.37,Millet,Sandy,HHB-67
102.26,44.24,65.18,16.76,74.64,6.1,1708.55,Tea,Peaty,TV-1
75.99,75.0,110.59,26.37,68.53,6.87,1971.15,Wheat,Silty,Lok-1
78.5,54.86,103.43,27.17,73.2,6.63,1727.63,Rice,Silty,Swarna
95.79,53.4,104.46,24.5,71.26,7.16,1056.23,Cotton,Silty,Bt-2
82.25,45.29,67.16,31.16,66.52,6.8,1869.23,Rice,Silty,IR64
70.26,37.35,93.96,22.2,71.73,6.31,1067.2,Vegetables,Silty,Local-1
29.86,24.45,65.61,34.83,39.05,5.92,767.76,Watermelon,Sandy,Arka Manik
100.86,58.39,56.23,20.05,80.57,5.25,1808.21,Vegetables,Peaty,Local-1
88.09,59.31,78.22,17.59,71.65,6.82,1096.04,Maize,Silty,DHM-117
58.08,61.56,139.24,27.0,56.03,8.4,540.81,Sugarcane,Chalky,Co-86032
55.29,10.0,46.9,34.39,45.06,6.68,406.63,Wheat,Sandy,PBW-343
50.89,33.34,97.83,23.0,34.38,8.38,561.35,Cotton,Chalky,Suraj
100.02,52.29,110.69,29.91,64.05,6.58,1938.69,Wheat,Clay,PBW-343
57.69,22.62,41.83,31.41,52.6,6.32,464.72,Groundnut,Sandy,TAG-24
62.05,51.99,98.89,27.2,75.73,7.0,1343.45,Potato,Clay,Kufri Bahar
62.02,62.7,45.0,22.81,65.1,7.01,780.12,Vegetables,Silty,Local-1
129.48,25.18,76.7,17.67,92.48,6.12,2166.47,Vegetables,Peaty,Local-1
85.65,42.44,97.57,26.03,65.3,6.93,1365.11,Wheat,Silty,Lok-1
116.78,37.22,91.4,26.02,60.47,6.78,1092.75,Soybean,Loamy,MAUS-71
50.66,61.34,114.64,28.1,39.14,7.46,1054.31,Millet,Chalky,RHB-173
37.64,51.15,56.78,22.46,44.67,7.5,695.27,Wheat,Chalky,HD-2967
39.35,19.32,42.28,26.46,41.77,6.48,694.73,Potato,Sandy,Kufri Jyoti
78.16,49.15,82.1,27.39,75.63,6.26,1097.15,Tomato,Loamy,Arka Vikas
74.69,48.42,103.15,22.86,75.64,6.42,1287.41,Vegetables,Silty,Hybrid-B
92.0,57.53,87.31,26.26,65.78,6.64,1592.09,Sugarcane,Loamy,Co-0238
45.02,38.39,50.92,34.1,32.78,7.4,613.98,Groundnut,Sandy,GG-20
39.86,39.42,96.15,27.19,52.91,8.23,755.15,Barley,Chalky,DWRB-73
108.08,42.53,58.27,25.36,68.53,6.87,989.11,Tomato,Loamy,Arka Vikas
136.89,56.43,98.09,17.16,81.45,4.64,1926.09,Potato,Peaty,Kufri Bahar
45.3,22.38,61.34,25.06,32.85,6.16,646.29,Potato,Sandy,Kufri Bahar
40.52,66.03,80.08,25.49,52.01,7.9,615.13,Millet,Chalky,RHB-173
133.55,41.36,75.94,23.65,68.85,5.18,1826.61,Rice,Peaty,IR64
64.72,49.99,84.01,26.82,75.91,6.61,864.86,Maize,Silty,DHM-117
77.07,61.04,121.97,26.43,79.53,6.74,1465.05,Rice,Clay,IR64
78.11,55.11,63.74,26.3,69.98,6.44,1411.74,Wheat,Silty,PBW-343
139.92,23.35,35.15,18.3,82.09,5.94,1134.18,Potato,Peaty,Kufri Pukhraj
91.05,66.88,106.33,23.75,75.55,6.71,1526.14,Wheat,Silty,Lok-1
68.78,36.74,90.54,19.69,70.55,6.08,1170.52,Wheat,Loamy,HD-2967
66.83,38.95,82.15,21.89,62.08,7.69,1325.92,Vegetables,Silty,Local-1
57.06,64.62,78.45,24.0,58.75,7.88,705.35,Cotton,Chalky,Bt-1
46.6,74.58,92.23,22.44,62.73,7.81,611.08,Wheat,Chalky,PBW-343
134.44,35.01,110.0,23.31,68.38,5.02,1502.85,Rice,Peaty,IR64
56.41,82.6,77.61,27.78,53.97,8.12,753.09,Barley,Chalky,BH-902
29.63,67.42,84.95,26.04,47.34,8.05,281.34,Barley,Chalky,BH-902
105.82,19.05,69.38,18.11,81.6,6.5,1806.4,Vegetables,Peaty,Hybrid-A
40.9,42.8,112.02,24.71,36.95,8.45,838.55,Millet,Chalky,ICTP-8203
87.16,59.0,140.29,27.97,67.71,6.97,1514.04,Sugarcane,Clay,Co-86032
42.96,81.22,121.21,21.0,36.78,8.58,1216.32,Barley,Chalky,BH-902
113.53,59.92,80.51,16.98,70.13,5.14,1966.21,Vegetables,Peaty,Local-1
86.34,39.29,87.26,22.52,65.02,6.77,1243.26,Sugarcane,Loamy,Co-0238
96.62,42.95,94.49,24.54,54.68,7.65,1074.95,Soybean,Loamy,NRC-37
57.85,59.63,100.7,22.82,45.33,8.32,517.59,Wheat,Chalky,Lok-1
47.42,30.89,51.55,32.16,42.92,6.01,586.26,Millet,Sandy,RHB-173
56.83,32.25,43.43,23.86,40.62,7.18,533.89,Watermelon,Sandy,Arka Manik
81.57,20.0,94.06,27.93,64.65,6.3,1015.54,Rice,Silty,Swarna
57.11,26.3,79.96,28.42,53.96,6.57,741.09,Groundnut,Sandy,GG-20
129.78,63.56,141.87,24.39,63.14,6.53,1414.03,Cotton,Clay,Bt-1
95.89,47.69,56.88,28.19,55.29,6.71,1201.69,Maize,Loamy,Pioneer-3396
70.34,35.69,84.96,31.36,58.62,6.97,1447.16,Sugarcane,Loamy,Co-0238
36.79,28.35,45.2,28.37,49.66,5.73,846.2,Potato,Sandy,Kufri Jyoti
143.77,38.89,57.01,27.32,72.25,5.37,1781.91,Tea,Peaty,TV-1
109.36,41.03,56.79,22.75,65.0,4.9,1349.52,Potato,Peaty,Kufri Bahar
71.14,50.68,86.15,34.0,63.47,6.94,1219.44,Sugarcane,Loamy,Co-0238
73.77,46.36,87.86,28.4,60.07,6.89,1056.71,Sugarcane,Loamy,Co-0238
79.37,55.43,84.27,20.17,60.48,6.04,1563.45,Rice,Silty,Basmati-370
109.04,53.91,118.98,28.69,67.08,6.94,1157.07,Sugarcane,Loamy,Co-0118
135.73,44.69,59.68,21.16,72.32,4.9,2061.27,Potato,Peaty,Kufri Pukhraj
112.85,58.89,82.85,21.26,77.4,5.25,2048.57,Barley,Peaty,RD-2552
43.94,57.83,80.77,31.85,43.92,8.58,932.81,Millet,Chalky,RHB-173
53.42,33.09,97.84,24.88,64.55,7.47,1691.31,Wheat,Silty,PBW-343
56.38,53.87,85.53,24.53,61.57,6.74,1463.23,Maize,Loamy,DHM-117
82.92,36.03,88.29,18.44,67.23,7.07,1358.7,Sugarcane,Clay,Co-0118
63.55,27.31,64.92,31.63,45.9,6.62,975.76,Millet,Sandy,RHB-173
68.26,47.74,95.02,27.34,67.62,6.93,906.77,Maize,Silty,HQPM-1
71.92,55.31,111.23,28.49,68.24,7.32,1561.58,Cotton,Clay,Bt-1
101.37,53.73,103.04,27.44,81.41,6.53,1268.7,Cotton,Clay,Suraj
81.08,44.67,97.39,22.83,49.26,6.87,1321.48,Maize,Loamy,Pioneer-3396
84.83,46.89,88.59,26.35,83.0,7.19,1710.41,Maize,Silty,DHM-117
35.18,34.4,106.24,25.78,47.96,7.62,803.18,Millet,Chalky,RHB-173
62.12,32.66,73.87,35.69,52.32,6.6,641.45,Potato,Sandy,Kufri Pukhraj
44.96,24.98,45.73,35.47,32.39,6.45,635.89,Millet,Sandy,HHB-67
110.68,43.89,69.1,20.03,76.29,5.32,1896.0,Vegetables,Peaty,Hybrid-B
26.37,72.44,75.58,29.7,36.68,8.11,648.44,Wheat,Chalky,Lok-1
37.07,68.03,99.59,29.97,46.69,8.1,648.37,Cotton,Chalky,Bt-1
46.78,50.43,70.63,31.04,32.39,8.13,747.1,Barley,Chalky,RD-2552
74.95,52.6,142.89,23.97,78.4,6.62,1338.29,Rice,Clay,Swarna
55.0,53.94,113.22,30.62,82.44,7.2,1173.15,Vegetables,Clay,Hybrid-A
52.55,39.07,47.67,34.99,49.17,7.4,480.08,Watermelon,Sandy,Arka Manik
90.25,35.79,78.33,26.32,77.95,6.5,1085.91,Wheat,Silty,HD-2967
124.69,45.89,109.12,21.91,74.78,6.11,1447.66,Cotton,Clay,Bt-2
72.03,56.02,62.27,23.98,52.52,8.19,763.99,Millet,Chalky,HHB-67
59.68,47.07,80.76,32.78,61.46,8.14,400.95,Barley,Chalky,DWRB-73
114.26,55.3,111.87,22.7,77.44,6.68,1381.74,Sugarcane,Clay,Co-86032
87.86,37.37,138.7,27.31,71.89,6.8,1418.94,Maize,Clay,HQPM-1
50.1,27.1,67.87,28.34,43.14,6.75,659.96,Soybean,Sandy,NRC-37
76.42,30.53,98.44,25.44,64.76,6.83,1775.03,Maize,Silty,DHM-117
