Nitrogen,Phosphorus,Potassium,pH_Value,Soil_Moisture,Organic_Carbon,Electrical_Conductivity,Temperature,Humidity,Rainfall,Soil_Quality
74.91,49.97,127.63,5.64,45.79,0.11,7.03,40.17,30.38,2372.15,56.59
190.14,74.67,91.86,8.81,53.46,3.36,7.27,37.63,63.18,381.16,54.07
146.4,56.27,192.9,9.96,30.47,1.92,3.09,19.84,69.23,1105.1,62.69
119.73,8.33,43.8,8.96,20.9,2.48,1.93,24.69,60.62,1332.46,70.91
31.2,18.56,117.57,5.75,22.54,3.2,1.61,27.77,61.41,1662.2,67.53
31.2,21.93,140.04,8.12,43.33,1.57,7.07,29.85,32.99,226.29,63.57
11.62,25.79,165.11,6.97,36.22,1.6,1.93,20.51,67.89,1186.54,61.64
173.24,56.54,81.39,8.61,31.76,0.67,4.29,28.69,98.14,935.52,61.51
120.22,50.4,137.38,4.5,16.15,3.18,2.72,37.06,98.07,1385.77,72.47
141.61,20.32,60.64,7.65,53.15,2.3,4.04,34.01,47.93,2189.59,63.36
4.12,6.76,87.1,8.53,47.96,0.71,2.83,43.28,78.28,453.88,44.28
193.98,17.14,179.13,8.45,12.74,2.0,2.41,18.35,55.33,2047.56,57.32
166.49,98.44,189.98,9.76,25.21,1.22,3.48,33.74,31.02,1070.96,41.87
42.47,46.85,143.76,3.88,34.82,0.6,2.73,43.24,79.23,919.22,59.2
36.36,86.73,74.87,5.75,29.99,0.72,6.73,13.36,47.52,1206.78,52.76
36.68,84.88,164.01,6.6,26.88,2.0,4.69,29.67,80.87,2567.96,63.74
60.85,51.15,5.17,5.51,44.54,2.02,1.49,44.45,50.35,201.99,60.41
104.95,70.67,20.55,5.51,8.0,2.79,1.96,12.15,34.0,1723.38,71.99
86.39,19.28,132.27,4.64,30.93,0.94,0.52,22.7,88.24,2204.52,68.85
58.25,68.84,58.25,8.78,19.42,3.21,2.47,12.97,24.15,1872.55,68.85
122.37,27.24,190.28,9.4,9.65,1.86,5.39,30.5,49.25,1606.14,53.78
27.9,83.21,87.21,4.04,30.57,0.79,1.55,39.85,73.8,1866.5,55.68
58.43,8.37,85.87,4.51,14.43,1.51,0.88,18.47,90.91,1062.38,62.74
73.27,77.31,135.62,4.98,19.2,3.24,2.64,17.15,32.89,1274.23,70.58
91.21,9.99,153.51,6.81,32.89,1.73,4.94,28.55,27.68,1164.01,78.44
157.04,88.12,95.11,8.64,58.55,3.07,3.83,22.44,44.17,1740.01,60.77
39.93,30.42,42.8,3.96,42.63,0.64,2.72,38.91,40.5,2654.09,47.75
102.85,65.44,154.66,7.64,20.38,3.21,7.08,14.69,75.54,1418.18,74.14
118.48,48.75,64.07,4.47,26.03,1.56,3.8,42.01,39.01,1215.43,66.7
9.29,36.63,35.02,9.81,27.34,3.28,3.69,38.38,69.92,2032.81,58.99
121.51,64.54,126.33,9.34,13.45,3.04,0.35,10.53,72.48,594.49,65.18
34.1,94.75,18.09,9.67,13.84,2.34,5.15,19.75,84.45,2677.03,45.67
13.01,4.13,194.27,4.19,13.16,2.39,3.73,41.98,68.27,2270.74,43.3
189.78,91.89,126.48,6.67,33.69,0.82,1.25,39.93,93.68,1049.43,61.52
193.13,60.91,197.18,4.57,42.08,2.15,2.03,27.26,75.37,625.07,63.08
161.68,80.73,67.78,7.4,37.49,1.97,1.7,29.16,39.4,1918.72,73.58
60.92,38.39,194.24,5.01,58.78,1.24,1.06,12.83,95.19,2877.56,51.84
19.53,47.18,29.11,8.51,11.92,1.82,3.54,37.99,35.2,2623.67,45.32
136.85,86.89,8.14,7.69,59.26,3.26,2.97,12.67,34.88,231.65,61.01
88.03,41.48,6.6,7.22,30.67,0.12,2.94,32.54,79.38,833.11,63.88
24.41,53.47,92.97,8.86,17.02,1.52,2.09,13.99,61.52,2062.02,59.25
99.04,2.02,16.6,6.75,56.88,1.23,3.55,25.18,32.8,1628.11,62.68
6.88,15.86,102.43,5.25,30.77,3.37,4.43,22.6,29.11,584.0,69.97
181.86,64.17,65.5,7.53,24.1,3.41,4.93,24.52,33.55,2598.19,70.96
51.76,71.7,67.13,9.72,16.76,2.09,1.84,30.21,94.12,2897.16,56.03
132.5,58.26,127.12,7.41,19.73,1.97,5.85,14.91,66.92,1163.66,68.73
62.34,14.33,32.62,7.59,58.86,3.17,0.31,17.81,78.33,1780.96,66.08
104.01,44.54,153.31,9.58,21.72,0.12,6.03,13.69,30.24,1062.42,52.16
109.34,35.51,116.41,6.85,58.78,2.01,2.34,32.85,50.34,619.75,76.17
36.97,49.57,182.99,9.98,23.16,0.18,3.02,11.85,64.56,2694.44,43.5
193.92,87.03,72.97,4.54,17.73,3.39,4.69,33.04,60.78,1264.8,58.44
155.03,77.59,196.54,6.99,15.09,1.19,4.92,44.05,49.81,82.45,53.71
187.9,8.4,115.17,4.88,27.65,1.87,3.43,41.12,27.66,968.95,59.45
178.97,89.03,194.68,6.45,18.02,1.52,7.51,21.42,74.63,1188.83,60.66
119.58,47.18,5.41,4.61,43.33,3.14,6.88,17.52,67.83,509.58,73.48
184.37,74.39,145.6,4.95,18.19,3.5,1.88,43.61,53.64,2205.54,68.55
17.7,14.0,163.32,4.87,50.95,0.33,4.75,25.53,94.16,530.97,47.26
39.2,67.07,10.63,5.58,50.87,2.59,5.8,22.33,80.48,2601.04,58.56
9.05,23.63,115.79,4.37,20.7,1.35,1.81,14.41,49.19,1821.83,55.34
65.07,43.84,160.39,8.76,46.44,0.57,0.25,15.83,24.22,2376.57,64.04
77.74,1.69,112.21,4.93,52.17,1.48,7.81,35.96,84.03,2043.81,54.86
54.27,15.16,12.76,6.21,37.46,3.49,7.67,17.05,55.21,2288.48,69.5
165.75,9.21,138.69,3.6,25.15,1.32,2.63,16.27,57.78,1251.48,55.99
71.35,23.97,12.12,4.18,29.25,1.04,1.99,21.28,66.99,1779.78,62.79
56.19,10.0,163.49,9.33,48.24,2.98,1.32,41.97,72.84,1144.57,60.74
108.54,69.19,8.61,8.94,21.13,3.05,5.53,30.63,68.69,2159.85,63.17
28.18,2.9,27.48,8.97,23.4,1.25,6.07,37.13,42.51,931.66,47.86
160.44,61.77,55.02,6.17,13.84,1.12,3.42,35.16,34.23,1004.41,70.23
14.91,14.07,126.67,4.42,26.95,2.3,2.02,43.25,22.24,2483.34,55.02
197.38,94.52,195.27,4.2,9.76,0.8,3.64,34.16,21.05,540.44,37.64
154.45,93.31,23.56,7.44,22.66,1.74,4.18,14.38,91.11,1197.03,53.31
39.74,22.55,28.54,8.88,25.54,0.58,4.39,17.07,99.56,1719.76,51.42
1.1,61.44,73.77,9.35,19.05,1.14,3.6,34.6,48.61,400.51,53.39
163.09,2.8,167.24,5.38,10.57,1.11,0.13,17.53,37.04,1838.34,57.6
141.37,93.18,93.45,5.59,33.69,2.46,3.83,38.93,51.95,1121.42,70.2
145.8,52.3,64.32,4.16,52.58,1.06,2.84,40.79,28.26,642.67,54.79
154.25,4.32,112.24,8.53,23.46,3.15,4.5,24.5,70.38,171.23,67.45
14.81,34.25,52.1,5.29,18.02,3.44,0.65,23.38,38.0,1689.87,73.89
71.69,7.68,80.23,6.63,20.68,0.38,7.05,14.23,45.39,2914.1,56.21
23.17,39.29,66.52,9.54,52.4,1.45,7.02,42.82,88.44,2319.65,42.24
172.62,66.99,160.83,8.39,34.03,1.13,4.56,27.05,65.53,1188.51,54.75
124.66,46.99,184.85,3.84,12.19,1.3,5.92,34.78,30.79,568.84,56.25
66.18,38.37,151.91,3.55,44.01,1.0,3.56,15.52,27.64,2252.14,54.19
12.71,11.92,87.82,8.62,13.49,1.4,4.76,28.88,72.33,2591.14,46.91
62.2,24.49,100.87,7.09,8.31,0.58,4.98,37.2,33.01,1035.45,62.36
65.04,10.01,25.01,8.18,19.06,1.05,2.9,30.93,35.74,186.54,57.54
145.92,80.75,149.37,4.52,14.24,2.64,7.69,23.29,68.14,1857.7,58.21
127.51,13.52,119.3,9.17,38.27,1.27,4.86,31.52,92.85,275.09,53.45
177.44,59.54,180.49,8.53,31.65,0.81,7.93,44.84,63.31,520.7,50.22
94.44,34.27,40.12,9.29,44.82,0.47,3.52,33.89,57.47,13.2,54.09
23.92,22.6,151.95,5.72,33.14,1.28,0.36,27.61,88.69,782.68,58.75
142.65,63.95,136.93,5.29,28.05,2.29,2.49,39.94,43.48,2285.38,69.47
152.16,45.7,53.17,4.49,33.94,0.96,5.24,26.48,22.77,2462.19,58.52
112.26,40.01,133.48,9.55,28.9,1.54,7.29,25.83,64.62,2844.43,61.56
154.19,59.29,184.87,4.65,7.04,3.34,4.96,29.51,30.55,2468.35,58.47
98.76,49.13,183.69,4.28,42.44,1.98,3.83,21.21,24.85,633.85,66.59
104.55,30.35,143.93,4.75,57.92,1.91,0.74,12.5,27.76,1570.48,68.29
85.51,55.91,9.61,8.51,28.21,1.49,1.24,23.2,28.83,1760.54,62.25
5.08,66.95,174.45,9.28,28.31,1.99,0.52,35.56,72.45,382.51,58.8
21.58,2.67,131.56,8.77,7.52,3.45,5.72,27.06,66.59,1306.33,61.34
6.29,46.59,62.09,7.16,53.97,0.96,6.67,39.91,45.62,915.98,51.75
127.28,5.77,37.45,9.96,56.1,3.3,1.4,16.38,39.45,2258.52,53.71
62.87,18.64,23.24,3.95,49.72,0.61,2.67,17.77,20.06,239.05,50.82
101.71,56.05,10.05,9.14,10.85,0.48,3.88,32.55,32.71,827.52,58.91
181.51,86.62,150.82,6.28,54.51,2.33,1.23,38.65,66.04,311.05,58.34
49.86,88.28,47.17,6.46,6.32,0.95,3.39,34.34,64.52,1389.12,59.57
82.08,6.99,4.85,4.33,29.45,1.61,7.74,25.54,78.91,566.64,52.67
151.11,41.91,79.45,3.72,32.53,2.58,5.78,40.91,22.64,314.9,59.32
45.76,58.3,96.52,5.56,50.87,1.92,1.42,33.64,83.61,1975.29,69.49
15.4,14.71,33.85,4.64,46.3,0.15,0.88,39.22,66.54,2535.35,48.3
57.95,76.54,8.81,6.64,48.84,1.14,3.62,41.64,41.83,604.51,59.33
32.24,74.42,37.83,4.46,52.73,0.32,7.9,28.55,54.85,366.48,43.98
185.94,90.33,135.82,4.4,31.18,3.25,6.37,30.59,83.95,1981.04,66.41
161.62,0.85,16.45,9.2,47.91,2.8,2.42,33.34,58.86,129.82,49.93
126.68,21.67,111.01,9.49,8.74,3.45,0.31,44.03,76.64,715.01,66.1
174.29,82.72,29.28,9.77,29.45,3.11,3.35,38.21,52.6,914.9,58.96
160.73,67.06,39.14,7.92,6.66,1.72,1.37,11.22,63.71,2758.75,56.69
37.31,89.44,78.62,8.51,55.34,3.1,1.52,25.02,86.63,1053.23,65.51
178.51,5.72,20.17,8.93,57.71,2.39,1.38,40.4,59.73,1597.63,53.31
107.87,59.7,34.64,7.78,9.62,1.88,5.78,11.27,65.05,2319.0,59.82
161.49,56.9,69.79,5.65,34.29,1.36,0.38,32.06,53.77,2535.62,75.41
179.22,3.57,65.93,4.52,22.88,2.42,4.56,43.08,35.25,286.68,50.96
63.6,51.35,149.85,5.04,23.84,2.11,6.04,20.92,97.88,2262.52,63.49
22.01,60.95,14.96,8.96,29.79,2.19,1.34,35.28,21.65,2261.18,62.04
45.59,19.13,172.09,8.02,11.88,1.46,7.15,20.9,29.94,2634.89,53.04
85.42,27.33,163.25,6.46,14.94,2.61,0.72,32.4,77.02,2296.84,75.2
163.6,64.03,153.2,3.69,36.76,0.38,5.49,42.78,79.26,388.01,49.99
172.15,46.83,61.87,5.23,6.03,2.57,1.46,22.91,32.51,902.26,66.24
1.39,85.8,164.58,8.24,37.99,2.58,6.47,43.61,70.71,1270.14,46.79
102.15,34.24,36.56,6.83,22.54,1.85,4.61,23.38,90.79,339.73,75.57
83.48,26.67,24.88,6.33,50.77,1.0,4.75,23.71,84.03,362.19,58.06
44.42,98.49,8.99,5.54,38.0,1.87,2.83,36.75,20.36,2365.69,54.9
23.97,91.11,187.86,7.45,43.95,0.52,2.34,22.63,23.23,510.92,56.37
67.52,2.9,61.6,9.78,11.29,1.07,3.76,21.47,57.32,2715.26,46.62
188.58,77.07,183.52,9.36,19.62,1.53,6.09,16.5,48.17,637.63,41.79
64.64,11.03,54.52,3.7,59.82,2.39,1.43,13.11,27.46,1472.5,53.88
103.76,2.75,181.51,6.63,28.85,0.74,6.55,39.32,35.42,635.0,55.48
140.6,27.37,180.79,5.64,24.74,0.64,3.89,26.66,95.44,2823.43,54.02
72.73,26.93,184.74,6.82,53.06,2.17,3.67,32.79,49.43,1626.47,61.61
194.36,81.93,99.23,7.44,6.82,2.41,0.23,26.73,37.7,1678.8,70.02
192.49,71.07,173.19,4.8,34.41,0.38,1.08,23.1,32.96,2613.51,47.16
50.36,98.16,190.15,8.58,16.56,0.21,3.51,24.3,67.22,449.08,49.66
99.45,71.15,64.92,6.59,25.25,0.6,7.85,12.78,57.16,260.41,60.19
60.18,41.83,83.77,9.95,15.99,3.16,2.08,33.59,47.29,2923.76,66.25
56.97,69.89,143.85,3.66,7.08,2.39,0.18,27.93,49.45,2755.58,64.91
7.38,99.95,60.07,4.73,27.91,3.23,3.54,12.32,36.17,758.18,60.53
121.91,71.01,150.76,7.98,48.41,2.36,0.23,32.0,79.71,1776.52,67.33
100.54,76.17,14.78,8.02,57.36,3.38,2.76,17.34,79.89,2080.4,67.9
10.3,93.84,104.7,7.28,39.31,1.59,2.9,14.85,22.6,2780.12,55.36
55.73,11.37,24.46,9.82,26.39,2.14,0.12,44.2,37.22,630.63,55.82
181.65,70.48,58.66,6.2,47.34,2.14,6.26,12.77,24.92,2364.49,53.56
47.91,85.08,51.73,6.21,32.79,0.11,7.31,35.55,27.02,535.74,54.37
28.98,95.44,167.79,9.42,25.22,0.19,7.99,34.4,96.59,1678.3,36.81
97.89,21.1,38.7,7.0,14.85,0.59,4.12,28.26,56.4,601.36,67.33
197.13,50.39,161.69,5.8,48.79,1.84,2.52,12.99,35.95,893.21,64.16
48.41,68.06,158.79,8.17,32.52,1.56,5.77,20.23,97.24,1595.27,61.24
134.43,24.75,99.78,7.53,58.01,1.94,5.92,15.64,58.09,958.52,63.79
152.32,60.05,46.77,5.49,49.11,2.82,3.1,44.42,74.82,2991.47,60.85
47.53,25.76,45.38,5.44,28.1,2.9,4.57,13.47,96.59,1933.85,64.25
145.64,33.35,92.98,6.07,45.75,3.42,6.59,10.44,94.38,2509.07,70.03
73.56,44.15,1.76,3.97,29.94,2.0,1.59,17.66,97.16,590.34,66.6
126.46,52.92,106.27,9.63,9.39,1.28,0.26,37.46,87.16,390.66,62.28
126.71,44.94,190.56,4.69,33.42,1.15,4.36,39.54,76.07,840.73,60.54
107.15,49.32,30.94,4.76,52.62,1.26,5.35,34.55,36.74,2443.4,54.53
18.06,29.86,114.67,7.71,52.05,1.2,4.64,25.16,34.62,595.27,58.13
167.06,15.9,192.36,8.21,36.62,1.44,4.81,37.69,48.21,736.84,50.66
64.16,4.73,172.1,8.29,25.9,0.35,3.21,33.7,92.03,2229.32,54.96
37.3,19.6,170.08,5.94,5.56,2.25,5.25,44.78,39.77,2402.72,54.74
8.16,58.19,164.37,9.18,22.13,2.03,0.44,25.37,36.81,1642.39,60.71
118.18,78.61,61.8,7.04,59.44,1.67,1.29,16.57,66.08,432.5,68.85
135.51,16.92,178.12,6.35,44.96,0.38,3.61,12.32,38.52,2504.21,60.5
3.32,10.86,188.27,8.77,44.47,0.42,7.55,31.84,66.35,1746.32,40.32
102.42,74.93,99.16,5.08,46.86,1.95,5.19,42.71,72.12,2796.57,63.08
45.3,30.52,70.91,9.09,39.11,0.22,2.91,37.51,48.32,619.54,54.97
129.03,95.15,82.85,7.0,37.22,2.56,3.72,35.63,56.35,438.48,80.68
34.87,71.43,66.84,9.35,29.95,3.48,6.78,28.12,57.39,677.17,67.87
138.19,32.68,42.48,4.81,29.42,2.13,4.39,16.31,29.64,570.51,65.12
77.35,28.95,123.69,9.58,52.9,2.56,0.48,19.6,29.0,2416.63,68.36
187.35,52.37,112.52,7.97,26.64,1.59,3.39,19.87,31.88,285.69,59.26
27.5,7.91,92.52,7.52,51.22,2.37,3.17,33.28,80.56,2435.21,57.58
68.21,11.77,19.17,6.24,51.08,2.32,7.21,39.97,81.43,1937.35,52.0
22.69,17.59,159.38,9.72,47.4,2.9,2.51,14.79,54.35,2750.81,48.23
184.94,77.47,34.99,6.39,7.07,2.52,0.61,11.17,22.16,1399.03,63.74
175.47,51.39,22.91,6.74,13.14,2.65,2.9,27.9,21.1,809.79,64.71
51.59,1.06,124.61,8.58,22.31,1.99,0.45,41.42,96.73,2706.51,55.49
132.0,67.35,79.73,5.35,51.61,1.75,6.68,43.64,38.31,21.61,53.02
163.44,42.37,11.96,5.39,53.03,1.66,4.76,26.74,33.44,2754.15,56.53
111.04,51.09,71.11,8.54,7.29,1.43,3.81,18.74,26.78,1874.26,60.83
105.93,21.41,154.36,4.34,22.86,1.0,2.94,36.84,75.95,484.87,63.65
48.37,55.18,123.05,8.85,51.77,0.21,3.4,15.93,78.19,879.26,54.24
18.62,97.92,72.56,7.56,18.73,2.38,6.32,38.84,96.67,1770.26,59.28
179.44,7.34,38.36,7.0,58.68,3.16,1.52,40.42,87.42,291.24,58.64
180.08,28.39,126.36,4.99,31.91,3.26,0.66,20.89,21.99,172.23,74.51
126.62,24.3,177.51,8.61,56.55,2.07,4.54,16.42,85.08,1556.62,57.16
67.81,24.85,129.25,8.73,28.59,0.42,6.89,13.9,97.39,100.53,53.98
69.84,37.87,162.58,6.64,22.81,3.09,4.54,31.35,62.06,2312.98,79.03
145.19,81.81,104.31,6.03,24.93,2.64,6.39,44.37,33.09,2090.59,67.52
179.42,91.29,143.59,5.1,53.64,0.95,7.15,25.65,38.58,2782.56,46.08
177.42,20.22,179.25,8.4,23.19,2.83,0.71,19.23,87.01,2477.04,63.39
155.98,54.29,154.64,7.66,41.81,1.7,4.75,38.97,97.32,190.63,54.85
128.41,63.69,181.97,4.84,30.84,3.12,6.68,34.97,96.48,605.88,67.51
16.83,52.18,86.23,8.66,56.79,0.94,5.18,12.59,59.67,601.62,54.69
32.33,43.41,180.84,9.23,13.76,2.82,4.77,19.12,69.34,1326.65,59.49
179.71,19.2,124.31,3.89,28.58,2.52,6.33,23.06,73.52,1639.84,56.0
121.29,48.82,174.01,8.52,11.85,0.15,5.69,17.58,53.94,1388.39,56.89
1.84,40.12,7.88,9.04,36.8,2.02,4.06,40.9,95.1,681.32,45.74
20.29,79.56,131.57,9.94,27.16,2.53,0.45,16.55,85.52,2745.28,53.15
132.7,76.36,169.6,5.04,8.35,0.63,4.95,37.76,30.76,110.86,53.41
1.01,13.4,34.84,5.91,51.74,1.91,1.78,35.95,30.59,90.51,55.51
32.16,8.85,132.36,9.78,25.65,1.13,2.11,10.42,64.86,2277.13,48.26
109.75,90.82,164.99,4.11,32.15,2.47,5.47,19.77,62.87,854.64,66.48
138.38,53.55,57.59,6.9,27.41,1.94,3.68,27.87,21.51,2231.08,72.41
130.39,85.78,81.05,6.79,31.88,2.21,5.76,17.67,56.44,897.51,75.56
44.85,5.82,113.9,7.44,5.9,0.35,3.2,38.63,95.85,1697.83,61.16
142.44,52.65,103.83,5.65,49.85,0.57,6.97,14.71,55.63,2596.44,56.26
47.45,53.94,7.84,9.52,23.28,1.98,3.47,15.83,73.76,562.66,56.69
65.08,86.07,19.73,5.26,44.85,0.72,4.0,30.6,76.32,2151.75,50.72
149.3,9.76,20.09,7.72,8.57,1.8,1.1,10.82,22.43,2434.25,57.73
129.93,24.04,52.45,6.72,33.81,2.45,4.08,44.76,42.3,2921.45,67.04
169.84,40.65,49.17,5.23,54.98,2.85,1.99,28.56,95.05,572.49,65.37
131.52,86.58,148.44,4.73,26.9,0.59,6.13,32.81,60.82,1503.36,55.68
113.66,93.89,114.55,9.72,15.85,2.62,5.74,18.85,98.31,881.85,58.53
18.73,99.27,152.8,7.15,10.45,1.33,0.23,43.41,91.6,1306.97,53.71
73.54,95.92,13.98,7.43,52.25,2.41,4.0,21.7,42.44,199.55,59.51
53.04,0.59,97.04,8.59,18.13,0.59,0.46,14.47,41.35,2681.52,57.94
48.8,4.77,64.76,4.03,58.63,1.85,4.6,25.92,48.39,962.4,56.91
194.6,14.76,169.99,8.14,18.63,2.95,7.22,14.46,60.72,2966.79,51.74
78.62,34.89,141.56,4.57,31.45,0.46,6.95,43.68,91.76,1321.31,60.44
178.41,82.99,173.85,8.31,30.19,2.91,2.03,27.67,60.11,1062.26,69.44
126.23,89.27,9.29,4.42,8.41,1.64,1.21,31.01,82.68,1512.07,55.9
158.96,18.68,144.16,8.91,34.25,2.9,6.35,26.95,66.31,419.68,64.82
100.53,61.97,108.0,7.93,42.0,3.36,4.41,18.14,38.32,2539.03,80.3
115.38,91.74,165.0,6.01,45.82,0.64,3.45,15.96,53.73,2423.78,59.47
98.5,46.37,101.43,5.83,33.74,2.39,6.5,43.79,53.01,2470.02,74.55
39.05,10.35,108.04,4.47,49.69,0.9,2.09,21.11,99.39,1244.43,52.6
144.49,45.78,10.35,9.38,46.37,0.56,1.87,12.04,63.99,1076.21,52.05
56.15,37.58,133.7,4.27,15.67,2.24,4.93,27.66,26.06,2876.45,54.92
4.86,57.77,54.63,6.57,27.09,0.47,2.25,18.54,65.97,1703.4,62.91
129.09,43.87,3.94,5.04,12.84,1.68,3.47,34.72,65.32,2666.55,60.26
35.42,1.73,13.29,9.98,12.34,2.26,3.69,23.23,58.44,778.83,53.04
188.09,99.4,191.46,7.31,44.17,1.8,1.72,42.67,45.65,1633.81,51.21
190.79,54.35,69.22,4.47,34.18,2.47,0.59,25.25,39.83,2023.21,70.18
182.97,47.36,173.62,7.84,38.05,2.82,6.16,33.67,36.45,294.67,64.63
74.03,95.46,191.94,9.95,45.27,3.07,6.29,39.72,27.3,2651.41,44.53
3.09,15.59,188.65,7.43,20.25,2.0,4.83,40.22,50.27,1325.02,55.4
185.66,18.92,176.35,6.47,27.07,1.04,1.27,29.38,77.57,2390.29,56.17
85.64,80.8,178.97,5.41,38.37,1.83,3.86,38.12,66.37,2396.65,60.24
193.33,26.08,57.8,4.1,10.31,1.42,1.51,18.67,21.21,2044.14,48.88
192.72,79.92,30.29,4.98,50.82,0.87,7.06,31.08,86.74,1139.68,43.0
170.6,27.15,127.85,7.1,23.89,1.9,5.61,11.16,51.99,1684.48,61.61
58.89,3.32,97.62,8.4,41.23,0.18,0.35,21.68,76.21,2418.54,59.49
77.02,51.7,19.75,9.21,59.76,2.16,0.11,22.1,81.1,307.81,62.71
170.23,19.67,135.51,8.66,31.14,2.89,7.87,40.58,58.12,2452.67,54.13
63.38,75.78,112.57,4.32,16.83,3.5,0.41,26.58,83.39,860.66,71.54
33.9,64.12,172.61,8.53,16.9,3.23,6.94,35.92,68.78,1134.09,63.1
111.36,92.36,121.84,7.28,8.32,0.41,7.65,26.49,83.71,850.25,60.04
187.23,78.3,114.79,6.55,47.19,0.65,2.53,20.99,74.65,2946.72,58.24
139.21,18.08,88.15,7.22,21.14,0.57,4.37,42.88,33.1,2139.17,50.14
114.01,80.02,92.56,3.55,14.5,2.0,5.21,31.86,39.27,2994.13,57.05
19.44,64.17,190.88,3.94,44.25,0.26,4.21,32.44,53.98,288.44,42.33
123.0,66.9,27.69,6.92,22.0,3.29,1.79,27.19,50.32,2905.29,76.05
198.01,83.23,89.24,4.63,38.03,0.31,4.69,16.5,44.86,679.5,53.74
28.02,57.38,131.17,7.05,27.98,1.43,2.14,39.22,57.04,55.93,69.49
103.67,46.6,86.6,5.8,23.38,3.14,1.4,35.85,61.7,648.51,89.34
175.47,63.66,56.64,9.4,31.92,3.32,4.09,23.36,92.8,552.19,68.31
148.15,29.8,57.47,9.67,22.26,1.68,3.04,42.79,44.0,2242.08,53.68
139.4,18.26,46.73,9.87,52.88,1.76,0.32,22.04,24.4,2015.13,54.51
140.5,61.66,68.78,9.34,9.02,2.26,7.6,11.36,45.06,1067.2,56.66
71.9,23.38,174.33,9.91,6.66,1.49,0.41,19.13,77.3,555.67,53.44
58.72,7.99,101.04,8.09,27.35,1.2,7.23,22.9,50.54,1078.47,60.61
161.87,0.06,48.05,9.74,14.51,2.61,1.6,38.71,35.53,2897.05,53.12
162.02,60.83,76.91,7.67,45.9,2.12,1.22,37.57,50.99,905.03,71.13
173.41,36.21,21.17,8.76,24.44,1.74,0.65,25.14,77.6,2062.07,55.51
182.65,75.23,180.81,4.36,19.38,0.44,3.46,34.53,27.49,1006.07,46.59
102.27,37.52,81.64,7.94,24.77,0.33,4.74,17.99,75.65,2417.46,68.3
100.3,48.6,196.08,9.55,17.07,1.84,7.24,41.17,30.85,1727.7,57.21
159.66,40.71,69.51,7.01,21.48,2.21,6.29,12.15,98.39,1998.15,65.16
129.99,65.06,167.27,4.71,36.24,2.34,1.36,23.96,55.54,113.72,75.73
140.39,35.61,51.28,6.92,52.52,3.14,1.43,38.33,51.33,2207.21,71.71
159.16,96.38,15.23,8.1,25.4,2.88,0.16,27.88,66.82,806.87,66.95
178.0,93.61,6.35,8.5,22.64,0.58,5.53,38.48,31.55,1931.41,35.12
67.6,84.8,121.23,6.9,48.0,2.8,0.24,15.82,46.61,1257.4,77.22
75.12,92.03,62.31,4.91,6.23,2.4,1.19,18.82,65.75,961.68,73.29
18.8,44.91,88.7,9.52,21.61,2.92,5.11,23.96,25.52,1051.94,64.4
115.66,53.64,163.73,8.53,29.87,2.97,1.29,40.07,40.53,349.62,75.22
7.19,74.21,49.62,5.26,38.04,1.27,1.31,43.5,59.79,399.81,56.52
93.12,69.61,61.73,8.78,13.58,1.0,1.95,11.99,73.88,353.37,62.83
108.53,89.07,169.07,5.76,28.81,1.98,3.14,42.91,44.94,2022.35,65.23
57.31,71.63,98.55,5.53,36.15,1.12,0.16,34.44,70.01,841.56,77.65
118.17,99.79,165.53,9.11,33.06,1.29,5.99,26.93,40.11,2879.62,55.55
6.1,34.85,74.9,9.18,36.6,0.34,6.21,18.53,54.76,2461.65,48.86
7.47,83.3,79.67,6.09,41.43,3.47,3.0,19.93,53.79,1035.68,75.75
164.52,69.76,33.43,3.56,25.87,1.15,6.41,33.25,22.84,1547.58,49.15
72.04,69.14,183.27,4.71,8.5,2.75,2.35,24.72,95.21,2354.87,62.54
25.41,32.58,179.36,9.41,8.06,3.48,7.89,11.1,80.28,438.66,50.74
104.45,78.56,196.84,9.34,52.23,3.4,3.24,43.81,66.97,547.81,64.17
154.0,90.04,80.49,6.45,42.26,2.26,5.38,33.3,45.88,1136.08,67.45
43.16,21.85,163.72,5.48,47.03,1.93,2.65,37.62,86.03,1567.21,59.75
124.58,62.55,82.99,5.47,56.08,1.15,3.66,32.51,76.36,381.15,64.65
17.07,39.21,90.86,9.33,46.28,3.03,5.2,34.99,31.12,1399.79,54.74
10.34,98.95,166.0,5.61,43.08,1.25,2.85,11.37,65.13,588.51,48.87
106.27,47.88,35.47,6.83,41.07,0.46,5.29,23.62,41.1,2637.19,63.73
108.13,22.83,44.06,8.25,19.22,1.1,1.25,42.74,78.1,2805.58,63.66
127.49,38.19,62.95,4.86,57.65,1.17,3.92,43.49,53.79,2206.82,58.18
145.22,65.38,157.64,5.15,34.81,2.54,2.26,42.18,40.3,411.07,64.53
195.17,7.61,74.53,5.83,17.21,0.68,7.37,44.96,93.46,2062.92,45.53
103.26,60.36,71.63,7.75,16.54,1.18,6.62,12.47,92.86,1618.3,64.24
64.59,93.12,199.76,8.81,49.84,0.36,3.95,12.23,85.67,2548.45,39.91
159.04,85.04,76.76,7.05,18.76,2.98,3.68,42.65,27.67,1144.37,66.59
54.17,6.77,49.55,4.36,7.28,2.56,6.69,11.06,80.4,2941.81,56.84
87.79,99.34,124.64,6.4,28.56,1.59,5.55,40.98,26.49,2403.31,59.55
15.69,69.87,160.38,4.33,49.95,1.56,5.5,40.65,28.36,606.77,45.42
5.07,16.23,13.92,4.07,27.79,0.67,4.43,28.94,33.0,2008.82,47.5
192.53,1.24,123.78,7.33,49.2,1.41,6.91,40.81,75.13,1556.18,46.44
167.2,17.13,7.15,9.72,50.5,3.18,1.6,34.07,50.72,2206.29,52.82
139.19,83.82,105.27,8.94,52.17,0.57,6.91,16.0,87.49,1126.71,46.74
81.79,2.16,51.4,8.53,37.39,2.7,4.21,39.54,79.68,40.56,62.41
34.66,23.31,61.33,8.23,43.47,0.26,5.01,24.04,81.4,1162.69,54.86
31.29,75.73,93.42,9.33,19.4,1.16,7.7,17.6,94.47,1974.65,45.98
50.05,58.61,185.42,8.39,10.48,2.98,3.45,44.2,67.56,402.63,65.25
109.85,78.27,142.13,7.57,34.3,1.61,5.38,33.97,88.26,2815.7,61.04
142.92,74.62,187.37,5.87,5.58,2.49,4.22,16.48,40.51,1010.14,64.43
132.04,5.06,131.99,4.16,30.62,0.45,7.46,40.47,93.43,1770.02,44.85
55.99,89.25,1.42,6.5,10.62,2.42,3.95,38.87,95.15,332.15,61.17
190.97,22.7,53.12,9.51,10.96,2.88,2.12,13.61,51.24,74.69,55.98
147.58,55.34,181.15,7.29,52.89,2.84,3.91,14.43,46.69,1570.44,64.83
110.87,64.43,128.69,4.7,40.23,1.59,7.34,17.83,43.87,1417.68,66.11
122.34,16.86,196.33,7.72,40.49,3.17,4.06,41.49,58.46,2993.33,64.21
83.92,97.62,31.19,6.53,27.25,2.05,1.25,35.38,72.96,2473.48,70.14
49.55,48.82,59.35,9.55,27.73,2.88,4.38,41.55,60.54,2108.78,67.25
71.19,5.76,72.47,4.55,21.67,0.83,3.16,39.57,62.21,1921.51,54.97
151.57,93.73,65.31,8.13,28.89,0.81,5.23,28.65,24.84,2834.96,57.09
2.88,58.63,50.4,7.93,37.29,2.66,2.01,11.78,91.77,2679.21,63.21
23.21,69.92,88.69,9.89,15.26,2.3,2.65,35.23,33.95,297.47,52.45
9.2,52.52,128.46,7.17,19.39,2.4,4.18,31.59,77.76,943.92,70.38
8.15,83.47,62.25,9.17,32.21,0.9,1.03,18.13,44.23,643.15,53.52
171.09,3.31,15.94,3.66,26.16,1.46,1.76,42.36,57.6,2009.45,47.32
140.73,26.84,141.71,4.3,50.07,0.98,6.43,34.04,20.57,2561.94,50.99
94.83,46.96,91.8,5.75,50.19,0.33,7.52,38.09,85.31,2844.68,62.11
19.57,7.66,111.3,7.53,23.48,0.79,7.76,37.16,96.88,2987.19,40.17
98.32,70.59,91.08,6.42,29.79,3.48,7.5,14.44,29.87,2588.06,78.56
94.69,39.37,178.07,4.82,58.71,0.9,7.54,19.79,35.4,1021.36,54.39
34.64,27.27,111.75,7.33,50.51,0.64,6.59,36.65,25.79,604.69,51.51
86.77,0.34,184.66,7.18,16.86,2.47,5.91,30.43,26.31,818.63,63.61
79.7,71.98,102.12,6.91,20.41,2.15,1.93,14.37,63.94,2094.73,80.5
123.17,83.38,58.52,4.09,9.59,2.64,3.59,24.82,33.1,1942.79,59.9
127.02,39.5,71.09,9.53,42.28,2.32,3.24,18.37,37.72,2519.54,61.47
9.06,56.42,104.43,7.35,22.43,0.86,5.87,36.16,56.11,802.16,58.3
74.92,22.77,106.0,5.22,34.51,1.8,3.86,14.82,58.45,1694.09,72.82
125.17,62.22,137.47,7.97,47.25,0.7,2.95,31.46,43.01,2719.81,58.81
100.63,1.21,44.9,5.57,50.98,0.96,6.53,10.98,98.51,209.46,54.95
171.3,48.86,131.77,6.79,22.9,3.46,6.02,34.18,29.07,1081.63,76.95
131.74,64.42,155.72,5.72,18.05,2.58,3.01,13.13,35.32,240.91,69.15
32.59,91.82,135.32,9.22,51.67,2.76,3.41,14.5,54.33,2252.89,55.48
14.11,38.13,96.37,9.96,25.97,0.2,7.16,26.78,43.21,164.57,46.51
128.48,76.52,198.34,4.55,50.21,1.4,5.89,10.38,86.64,2837.91,53.35
5.3,59.77,80.96,3.65,13.24,1.99,5.55,44.23,34.15,2504.16,45.58
117.16,92.7,21.32,4.93,55.16,0.61,5.72,19.46,77.16,171.24,44.42
188.05,39.84,164.3,7.33,31.57,2.99,0.91,10.17,30.07,2455.2,60.13
115.09,31.91,42.44,4.63,14.36,0.57,4.55,40.25,41.43,329.52,55.62
77.63,88.71,142.66,8.77,34.43,2.26,2.4,12.33,79.2,2103.15,64.91
128.66,4.92,35.8,6.16,52.85,1.98,0.77,40.6,27.11,2086.28,59.16
91.65,13.64,3.38,7.47,26.41,2.99,5.88,37.96,92.61,2892.03,60.97
109.12,8.24,31.96,6.46,14.79,1.16,2.5,14.24,45.71,1371.44,69.46
188.29,84.31,75.4,9.37,36.71,1.07,2.55,13.96,46.72,2253.98,52.86
77.22,1.06,21.32,3.73,50.9,2.98,5.15,35.99,38.75,1698.3,54.24
192.24,86.17,39.54,8.24,11.67,0.85,5.36,37.48,89.71,2941.32,39.35
181.07,45.13,152.93,7.74,7.28,2.64,3.85,23.15,71.19,1507.57,63.84
39.16,0.4,153.98,7.72,8.1,0.75,4.5,40.67,23.53,2822.61,44.77
13.87,40.16,163.5,6.19,17.68,3.08,6.81,16.95,93.24,1221.19,66.61
20.16,18.68,168.23,3.6,5.4,2.95,0.95,31.38,94.53,564.78,57.52
3.64,62.44,84.09,7.98,28.58,2.78,0.62,24.54,64.02,1131.55,77.66
18.89,67.94,173.51,8.89,43.38,1.77,5.28,21.68,45.2,1341.48,51.59
136.6,48.75,105.19,4.05,44.08,0.22,4.87,28.81,32.86,1969.51,58.28
14.24,4.05,94.12,6.37,40.02,0.55,1.57,20.6,40.9,1850.98,62.5
63.8,65.61,143.71,4.56,21.29,1.65,4.22,17.8,90.11,559.28,60.91
168.98,84.2,42.76,7.47,45.48,0.25,5.99,28.92,36.51,379.12,48.95
4.65,72.03,157.9,8.61,36.71,0.32,5.88,28.46,31.95,1556.49,45.0
162.89,83.0,85.89,7.83,52.36,0.53,4.81,38.37,46.19,177.4,48.09
56.37,20.05,25.46,5.57,31.29,0.99,1.13,32.77,44.12,1849.84,60.32
23.63,88.89,23.86,4.41,14.91,2.65,2.5,21.71,79.2,1840.92,54.17
139.35,32.22,32.98,8.66,39.91,0.26,3.31,34.06,50.73,599.04,53.37
125.79,1.34,178.11,5.61,13.29,3.44,6.33,14.08,36.28,2834.36,58.13
175.49,84.34,198.19,3.64,57.97,1.03,4.4,16.35,31.52,1722.57,42.08
147.01,94.18,71.39,7.21,43.68,1.19,5.89,30.52,59.66,2999.72,54.52
160.7,65.56,58.43,5.1,46.6,0.94,7.4,29.49,95.81,128.94,51.62
56.41,23.14,43.75,8.97,42.36,2.15,5.03,28.56,53.18,2272.05,59.16
35.49,25.17,164.76,4.43,10.37,0.17,1.97,32.2,22.94,769.26,46.43
150.12,46.66,41.84,6.33,30.59,0.42,1.2,15.4,41.89,1555.58,67.94
161.37,89.78,184.82,5.15,40.83,0.44,0.1,38.04,46.27,314.82,44.51
198.1,14.96,133.47,7.98,17.61,2.36,1.49,40.64,69.55,450.08,62.33
82.52,82.6,179.43,7.07,42.37,1.22,2.23,28.24,89.41,954.93,66.98
74.4,29.13,110.8,8.64,50.09,1.59,2.23,33.97,97.13,2336.88,70.45
155.28,80.86,138.14,6.48,20.12,3.33,5.37,38.69,38.81,2472.75,68.42
68.16,92.03,123.89,3.53,15.98,0.78,1.29,32.76,88.29,539.37,56.94
186.15,42.75,166.24,4.9,53.57,0.34,3.54,25.21,27.61,392.42,52.52
171.68,36.51,167.17,9.99,5.29,1.6,0.14,33.91,65.09,2841.5,50.66
85.8,80.22,117.96,6.13,19.07,0.66,2.16,42.58,47.66,2163.92,61.57
150.17,52.95,126.5,7.53,27.37,0.59,0.42,20.03,29.74,417.44,75.43
150.91,68.44,184.38,9.38,41.97,1.49,5.71,38.04,35.57,243.32,47.7
20.62,62.28,185.97,3.63,59.84,2.38,2.9,44.91,41.5,1157.77,48.51
180.51,15.29,132.85,7.79,25.4,0.93,3.89,36.7,77.37,337.48,55.34
101.05,84.48,1.55,5.37,57.18,3.08,6.12,20.88,99.25,2132.02,66.62
165.29,19.58,20.88,5.32,25.17,1.33,6.92,14.27,22.56,545.21,54.31
64.01,93.23,171.59,4.96,43.25,3.28,4.18,29.06,83.92,1479.23,68.66
179.1,25.06,16.94,8.85,14.1,1.77,5.23,14.07,60.91,1098.99,50.36
77.84,73.39,42.7,5.92,30.32,2.57,5.91,26.16,29.29,1865.46,77.24
2.17,28.47,46.11,3.94,52.92,2.99,2.35,21.78,38.58,2779.3,54.27
181.08,31.78,120.05,4.13,22.6,1.9,5.69,26.65,54.07,1258.63,56.89
18.26,31.0,115.33,4.47,10.79,2.99,5.26,21.02,77.94,1435.37,62.96
63.86,74.79,57.88,9.34,33.75,1.39,3.6,39.57,39.27,2596.2,55.49
190.01,55.68,41.52,6.28,29.17,1.34,2.79,25.3,71.17,1897.52,64.86
190.12,88.3,152.91,9.45,17.62,2.8,7.79,13.67,41.89,160.13,44.98
114.69,30.74,187.09,8.81,54.81,0.92,7.89,32.6,85.96,85.46,44.83
126.37,69.2,10.56,8.95,38.09,2.54,5.59,37.24,44.46,2796.38,61.1
89.69,75.29,26.64,5.36,24.09,0.36,3.13,24.87,85.8,606.01,61.87
58.64,15.15,128.43,5.26,59.79,2.26,6.04,31.2,45.74,2734.8,59.05
65.73,40.06,160.89,7.14,12.57,3.3,5.47,25.62,63.88,1306.89,77.65
134.5,48.28,158.24,6.22,51.64,1.65,4.41,17.03,83.27,1373.46,70.54
150.47,35.57,143.94,6.81,17.68,1.51,1.14,30.9,27.69,2976.94,68.6
158.32,32.21,177.49,3.85,18.17,1.94,7.58,34.54,33.39,1544.53,51.95
157.92,68.64,43.47,9.82,32.4,2.55,1.94,18.72,96.53,2920.01,51.59
18.24,21.59,21.46,3.88,41.41,1.32,3.21,34.84,34.52,1914.1,42.91
98.88,70.94,123.07,4.66,42.98,0.1,2.81,40.1,91.78,2312.62,55.8
11.51,93.5,164.46,7.91,6.22,1.81,1.31,42.1,61.12,196.87,49.4
109.91,56.52,116.41,4.51,20.78,1.53,0.29,16.04,28.68,43.11,69.26
88.31,61.14,192.6,4.19,41.33,1.91,7.45,15.86,58.16,2161.48,58.38
177.54,6.89,159.11,4.5,53.94,2.53,5.94,40.42,64.84,1519.96,50.75
70.18,86.45,140.16,3.9,41.84,1.06,0.26,33.96,32.36,2396.63,53.16
23.41,28.54,12.05,5.13,19.62,1.82,5.53,14.54,81.18,536.4,56.38
28.6,61.51,21.55,5.26,32.93,0.96,1.12,27.33,29.33,2448.47,61.42
152.3,97.91,156.97,6.74,40.62,1.66,5.82,36.59,28.24,1993.87,56.27
123.64,59.55,39.65,6.35,12.44,1.27,4.09,16.97,65.86,762.52,68.36
20.22,72.47,5.77,6.58,34.97,1.35,7.83,41.86,86.7,2731.49,53.57
16.82,44.53,182.15,7.5,30.94,2.07,3.52,40.31,69.17,2908.97,60.38
140.19,6.04,178.16,5.0,23.52,2.44,6.02,30.77,23.71,1379.23,61.52
14.55,79.76,43.7,4.38,39.29,0.14,0.43,37.22,54.99,1353.9,47.83
164.37,3.5,156.04,9.21,39.99,3.08,7.49,15.21,77.76,1714.17,52.87
141.25,70.07,9.6,7.62,58.43,1.34,4.54,18.69,41.09,2146.83,52.62
16.27,2.29,57.01,3.89,28.56,2.29,2.58,37.1,75.72,2103.02,53.51
16.97,86.23,124.73,9.75,34.22,0.52,1.1,25.55,51.52,1596.11,53.22
197.33,15.76,152.64,8.0,13.66,2.04,5.16,16.34,97.28,2755.42,49.78
74.85,51.43,2.08,4.49,35.16,2.41,6.0,20.15,58.73,488.86,66.29
74.13,59.72,65.24,9.8,6.98,0.64,0.77,31.78,87.98,597.17,57.57
162.56,45.75,42.87,5.88,13.24,3.2,1.4,11.44,47.88,2165.03,64.73
189.45,34.08,199.76,9.9,14.42,2.68,3.14,15.19,79.19,2224.82,50.35
197.2,46.78,134.2,4.17,39.8,1.92,6.83,17.09,46.11,1180.68,58.21
150.68,31.14,81.13,4.54,36.2,0.66,7.87,41.06,42.77,896.59,49.93
75.25,43.81,15.13,7.77,48.89,3.04,5.99,41.07,34.04,138.05,64.94
16.7,35.89,119.73,3.64,30.54,0.33,0.14,17.44,71.24,1160.44,62.27
155.43,56.62,128.34,3.62,31.12,0.49,7.24,30.94,58.3,743.27,55.32
111.68,23.79,163.28,8.65,13.89,2.47,0.31,22.61,48.86,2502.17,68.07
84.84,98.87,57.72,4.59,45.85,0.96,7.19,11.76,24.44,1468.52,50.93
181.27,50.09,196.29,9.47,5.2,1.66,3.34,15.37,72.74,1695.24,46.29
22.24,19.42,87.89,6.27,28.37,1.93,5.96,10.19,74.85,2228.84,61.96
98.53,47.71,59.19,9.18,15.36,1.66,0.79,44.45,45.61,894.5,68.47
2.27,86.64,69.69,6.22,47.41,0.39,1.4,32.74,72.75,2664.98,57.88
93.73,2.18,103.92,6.95,42.04,2.61,3.66,14.64,90.41,1183.37,77.4
11.26,67.96,187.34,5.56,43.87,0.92,0.4,35.68,47.82,322.18,50.07
23.76,54.8,147.03,7.78,13.17,2.61,3.18,31.43,77.58,2572.28,61.25
23.51,16.96,115.42,5.57,41.78,3.04,6.04,17.25,87.64,2768.06,60.44
129.84,81.75,32.56,4.95,43.0,1.92,5.27,27.26,55.02,654.24,63.68
149.21,36.89,29.87,4.03,5.15,2.5,2.88,31.37,32.32,1957.41,58.85
116.67,29.38,100.44,3.87,22.47,0.23,0.17,22.67,23.14,2064.92,72.56
192.43,82.81,145.74,5.49,9.8,0.22,2.23,43.55,79.19,734.57,49.83
74.97,63.85,150.2,8.29,42.48,0.77,6.23,13.32,61.82,1284.62,60.21
57.14,89.83,45.18,4.84,16.67,1.32,2.79,14.41,34.07,1192.64,60.01
173.72,62.99,20.02,5.44,19.56,0.72,3.08,39.98,20.95,1883.51,53.56
44.72,74.08,76.89,9.38,9.31,2.26,0.69,18.76,54.14,1466.32,67.21
192.64,83.64,183.63,7.65,31.61,1.04,4.85,14.56,54.35,2028.13,50.58
2.43,5.47,109.07,9.48,6.82,2.98,5.01,23.54,97.81,274.59,48.0
193.98,77.6,64.02,9.42,51.51,2.01,3.5,15.89,31.18,866.43,51.71
8.63,61.37,64.73,3.91,6.45,1.39,6.11,27.65,34.92,157.57,51.24
178.23,6.95,26.42,9.71,8.39,3.14,7.03,35.68,96.27,1659.91,46.03
105.54,50.86,94.64,3.83,40.22,2.92,6.03,36.45,27.41,1261.02,71.13
198.59,8.25,158.27,9.52,55.43,2.89,4.4,20.61,85.35,2904.52,53.16
14.76,73.59,193.71,7.05,54.07,2.58,7.49,34.15,86.31,912.67,50.0
110.77,54.65,100.32,6.97,9.6,2.19,3.12,43.79,37.62,829.29,75.29
193.86,95.36,33.44,8.14,20.86,1.35,5.27,10.26,48.94,1061.6,50.34
104.62,18.31,136.59,9.21,33.66,1.54,4.64,32.62,92.95,1440.85,62.21
125.88,60.6,151.36,7.51,6.46,2.3,6.75,27.49,70.98,1837.77,66.18
139.15,21.16,14.34,6.27,34.08,0.69,4.05,23.8,87.23,1074.96,62.36
90.91,61.41,170.03,4.23,29.63,2.91,4.47,17.32,85.64,2009.25,72.07
125.51,72.26,165.86,8.63,37.36,3.29,3.69,14.34,61.27,2159.36,69.39
116.86,72.23,94.51,4.33,55.62,0.43,1.21,42.23,25.13,2225.21,57.24
180.23,81.51,112.08,8.22,20.1,0.18,7.1,11.07,63.13,2536.08,44.0
9.09,85.36,142.68,6.93,40.15,0.59,6.91,26.45,22.21,459.57,52.54
56.19,7.73,135.35,6.01,28.64,2.68,5.65,17.17,46.14,2239.8,63.3
190.08,34.33,3.31,7.48,28.93,0.47,2.85,15.16,30.2,887.01,55.62
178.05,68.71,24.49,8.52,40.6,1.37,2.91,22.34,53.64,2179.45,63.61
91.13,49.86,32.52,9.62,57.32,0.31,0.38,21.06,27.43,89.13,56.67
124.03,19.07,151.14,5.22,52.47,1.57,0.71,26.16,52.14,640.61,66.94
55.48,55.27,88.02,9.66,40.17,2.15,4.16,27.26,22.7,1444.45,66.67
37.62,40.74,109.1,9.75,30.38,2.24,0.49,27.65,45.4,1777.58,69.83
92.74,39.0,154.54,8.79,28.32,1.86,0.88,14.62,51.81,2840.5,74.29
70.67,80.98,68.2,9.23,48.29,3.29,2.08,15.98,37.2,739.74,70.7
116.73,40.76,149.78,8.0,17.0,1.91,3.05,21.35,96.76,1577.88,69.02
15.55,2.65,88.46,3.75,37.32,3.02,3.97,12.83,43.25,1477.67,55.99
194.88,5.81,75.44,7.24,32.77,3.48,2.66,39.17,68.8,2077.95,67.76
197.24,85.62,66.61,8.36,40.71,0.88,7.53,13.42,42.33,730.41,46.13
139.63,96.06,192.99,9.62,15.31,1.0,7.61,17.99,83.66,2784.98,39.99
107.22,68.84,154.39,7.21,43.27,1.87,0.54,32.3,74.82,2984.25,74.87
61.91,36.44,4.04,8.66,39.48,0.72,7.88,42.56,82.97,2653.74,50.11
162.76,93.86,191.48,8.08,14.91,2.02,1.47,14.71,33.05,2114.09,53.63
136.95,66.28,155.09,5.33,29.73,2.43,2.72,25.37,48.09,2019.78,69.93
32.52,84.43,29.83,4.51,42.32,0.31,6.71,20.4,36.19,2250.26,40.6
182.19,76.59,15.27,8.38,54.59,2.42,5.53,26.8,76.41,1677.72,50.74
164.51,37.91,61.64,5.02,11.72,0.64,0.56,25.34,74.33,707.92,65.5
189.96,47.87,124.84,5.09,5.48,1.12,6.22,30.22,98.02,2669.0,45.35
145.14,18.61,123.31,7.69,14.08,2.61,5.34,11.5,92.18,1970.25,63.14
122.68,29.2,55.17,8.63,59.41,0.66,7.61,39.02,94.94,236.82,42.41
83.65,77.81,89.13,7.29,47.26,1.91,7.29,11.16,66.36,1491.32,65.45
186.55,89.4,42.38,9.25,38.79,2.1,7.8,30.04,31.88,1343.55,46.94
173.21,72.45,10.12,4.87,12.32,0.66,3.69,38.49,94.66,284.73,40.68
9.04,46.52,103.39,5.14,27.88,1.03,5.68,14.04,89.86,1096.97,62.5
5.27,8.65,69.4,7.64,44.34,2.16,7.7,33.86,53.1,623.49,50.68
75.29,5.69,108.58,8.89,54.27,1.67,0.12,17.36,64.24,132.82,63.01
162.11,37.43,189.3,7.01,26.0,2.34,6.33,16.95,27.88,66.23,67.41
197.46,46.38,28.67,3.57,59.98,3.01,0.53,11.56,49.62,836.26,53.69
30.08,60.91,0.39,7.9,12.69,0.56,7.99,22.89,84.3,275.0,47.78
118.83,0.65,15.38,8.79,26.28,0.34,0.21,41.24,98.15,2526.55,48.45
76.18,98.97,92.54,5.3,53.15,2.37,4.48,34.65,58.78,2927.26,57.69
193.98,36.39,141.39,3.85,40.75,2.72,4.22,29.9,42.68,1391.51,65.04
168.42,84.81,116.15,6.87,49.6,1.63,2.51,38.65,81.95,1769.66,62.69
167.67,53.5,98.98,3.77,54.93,1.44,5.89,39.25,88.36,2848.63,50.99
93.74,13.04,70.79,6.2,32.9,2.13,2.13,30.77,70.88,2251.21,72.61
82.96,79.76,61.99,3.62,17.91,1.97,2.4,20.86,58.61,1527.74,63.58
54.68,70.98,75.26,4.96,43.15,1.77,1.52,40.82,91.48,1277.8,64.05
11.28,52.74,122.33,6.03,35.99,2.88,5.74,22.24,74.09,2239.93,70.65
172.94,51.46,33.55,4.23,47.5,0.69,1.44,16.06,20.08,966.3,56.55
162.58,8.75,154.27,4.24,33.14,2.42,7.19,29.58,97.75,2249.76,55.36
199.94,65.58,115.05,8.88,49.61,2.62,2.37,12.96,77.09,216.18,56.73
199.33,91.12,53.83,3.77,54.61,3.16,4.2,17.39,58.61,1544.01,50.81
111.09,9.32,100.23,7.98,46.23,3.31,3.85,39.66,21.22,543.29,69.44
153.8,26.35,192.56,8.79,45.9,1.83,5.65,24.61,23.63,2203.7,51.13
188.95,90.23,4.1,4.35,37.3,1.57,1.95,27.1,97.44,2909.22,47.01
169.93,28.43,39.9,4.77,30.94,1.81,6.73,28.86,83.69,1965.39,56.96
49.47,65.39,89.68,7.67,58.49,2.59,5.93,27.25,27.75,2174.45,67.33
90.11,53.48,127.69,5.55,40.48,0.16,2.81,17.63,79.84,490.35,65.81
25.83,59.63,42.45,6.6,51.22,0.69,1.05,42.06,33.82,1649.69,56.65
190.81,41.58,186.28,8.93,32.8,3.19,4.09,33.77,51.05,2336.51,61.04
121.23,30.0,128.51,4.4,35.52,0.76,7.85,32.79,60.49,2572.88,54.25
45.73,4.85,175.49,7.53,41.46,0.88,0.29,39.28,92.33,2926.79,52.05
134.34,74.43,65.86,9.63,45.07,3.29,6.77,33.68,24.16,2239.92,54.92
123.63,74.61,165.79,3.87,29.66,1.1,5.63,14.24,30.75,1720.68,56.0
71.63,67.07,75.64,3.89,24.6,1.09,1.55,21.88,81.76,2443.56,62.99
22.71,64.36,50.55,7.11,18.17,3.24,3.86,23.08,99.69,773.81,67.7
134.31,24.37,182.33,9.74,28.3,1.38,5.06,33.53,82.11,2618.24,49.3
104.06,2.23,18.44,4.93,16.62,1.78,5.6,34.68,82.21,2344.47,55.33
154.46,80.87,188.58,5.65,27.92,2.01,7.38,29.48,62.4,500.68,65.79
104.03,49.11,91.7,4.14,53.11,3.05,7.0,23.99,47.56,2553.93,68.61
170.44,30.68,198.53,5.85,58.74,0.36,2.69,40.67,31.32,2492.67,51.26
110.38,10.19,107.92,3.79,36.74,0.99,1.05,29.42,34.58,2774.79,62.82
112.19,6.27,151.5,6.03,13.03,2.1,0.92,38.83,55.47,2702.9,64.2
175.33,34.89,1.41,7.11,28.52,1.58,7.75,42.45,97.09,985.39,54.46
80.7,80.47,99.33,9.84,38.11,1.05,7.65,24.8,68.58,1534.3,58.49
26.8,91.87,147.49,8.82,25.39,1.49,6.57,20.18,89.3,2417.12,52.49
5.76,89.68,156.57,8.84,16.28,3.39,7.85,23.02,39.55,2308.73,51.19
151.03,92.0,31.61,4.98,17.48,0.17,2.27,12.9,51.42,2421.54,52.97
124.06,90.77,83.79,4.07,31.07,0.6,6.62,22.26,78.51,698.53,59.87
140.82,52.72,83.81,7.42,16.9,0.16,4.07,27.72,25.47,2380.9,58.41
42.59,21.94,20.73,6.89,18.72,2.12,6.41,17.21,42.05,304.82,56.55
27.27,79.8,88.61,6.86,53.02,0.14,4.93,16.23,65.15,1451.19,50.26
2.91,21.37,161.42,4.21,47.85,1.64,6.78,21.09,75.97,168.0,48.58
70.12,26.72,60.04,6.71,8.04,3.02,3.24,13.52,54.87,1359.42,70.68
117.98,23.33,86.51,4.48,22.61,0.43,7.91,27.26,89.32,735.89,60.77
78.45,51.5,192.19,6.24,34.26,1.34,1.83,32.24,66.75,1557.26,77.63
87.49,32.18,6.34,3.9,8.33,1.39,5.41,30.59,72.1,2139.02,59.94
180.83,15.42,118.3,9.07,42.57,1.33,6.44,19.81,41.65,92.94,50.84
69.65,45.32,148.69,3.59,26.14,2.57,4.73,40.12,46.23,790.09,67.44
102.8,87.39,152.18,9.61,26.84,0.11,2.39,13.84,23.24,449.14,53.11
156.73,57.06,143.19,9.11,19.59,2.75,4.53,10.05,26.0,550.84,56.39
79.31,87.83,145.29,8.39,23.37,2.95,4.09,14.71,97.1,1745.89,63.21
124.42,19.59,11.8,9.89,52.39,1.57,1.6,35.34,64.04,191.97,50.31
172.47,16.7,106.83,3.85,48.37,3.12,6.13,37.6,29.74,2117.99,57.37
189.9,57.56,156.59,7.67,56.47,1.4,2.21,36.82,44.91,699.06,54.7
29.41,46.33,18.81,9.02,43.44,2.46,6.67,21.35,70.74,2879.95,52.34
185.32,66.02,2.41,4.32,36.78,1.42,1.79,40.62,88.67,2803.71,54.53
98.42,79.46,162.91,7.3,19.26,0.23,4.07,41.13,25.26,2195.62,55.03
51.65,75.13,142.46,6.06,41.68,0.38,5.59,38.7,56.31,2362.32,52.38
91.83,94.23,82.44,6.33,54.84,1.6,7.97,35.8,25.48,2157.43,62.54
196.01,39.83,188.08,9.43,8.8,3.47,2.24,39.44,56.97,2179.33,57.7
98.52,20.64,153.32,7.0,29.37,0.7,5.12,33.04,77.76,540.46,69.49
65.75,55.09,193.57,4.11,13.21,3.14,1.31,43.74,81.89,2779.01,60.32
126.68,11.07,185.86,9.59,49.58,3.23,6.58,32.05,41.96,2404.71,51.66
48.03,28.89,96.26,4.7,38.78,1.49,6.91,15.78,41.38,1718.53,64.6
15.17,20.79,150.94,9.3,53.38,1.67,7.11,16.39,99.05,498.52,41.75
25.78,39.66,133.84,9.81,8.47,1.81,7.57,25.07,29.32,2328.03,49.03
25.61,11.12,162.29,9.21,54.82,2.72,2.91,35.18,71.63,2725.48,55.17
30.38,3.18,157.54,7.9,8.7,0.52,5.36,14.91,78.92,1415.81,44.08
27.77,65.68,30.65,8.33,20.82,1.22,2.59,16.82,81.88,257.84,53.96
128.17,61.02,46.75,8.05,13.59,0.68,6.45,12.7,73.29,2902.7,52.14
36.38,70.84,53.15,6.49,13.0,3.09,3.38,15.86,53.22,512.47,72.63
69.13,66.04,163.7,5.28,14.44,0.34,4.48,17.7,29.47,2382.66,51.44
179.36,11.43,162.15,5.35,31.41,2.64,1.15,29.55,65.72,2952.53,61.13
94.79,29.11,99.07,8.25,48.14,1.6,6.82,23.6,67.14,875.59,66.09
133.51,12.95,116.17,7.57,54.41,2.53,3.92,13.28,72.2,298.14,66.85
34.46,84.3,165.38,7.3,36.18,3.13,5.16,15.54,94.2,2432.47,63.9
38.46,74.69,62.52,7.74,13.68,1.25,5.39,28.2,55.12,208.47,56.75
8.17,20.15,10.04,8.54,9.36,0.87,2.27,14.62,96.69,1584.57,46.59
33.79,34.13,96.52,8.36,32.18,2.31,6.38,35.51,37.19,2191.8,59.58
55.72,96.66,182.74,4.19,47.1,3.49,6.68,13.34,40.37,1922.77,54.39
35.4,59.42,158.09,5.86,39.11,2.58,4.17,16.66,30.1,1697.35,67.94
17.74,80.12,73.32,5.22,37.05,2.81,7.23,40.66,26.01,750.97,62.74
24.13,26.46,12.95,7.0,7.65,2.24,1.37,28.68,57.12,948.35,65.81
92.16,21.01,127.38,3.9,27.63,1.35,3.37,44.62,70.76,1075.76,57.35
41.27,78.39,166.9,8.46,35.27,2.33,0.45,15.34,51.43,1966.69,60.98
72.85,68.59,132.99,4.19,37.91,0.54,3.25,12.71,64.16,2039.45,59.94
100.68,68.1,85.01,5.26,5.26,1.76,7.98,12.66,52.11,525.34,57.48
138.08,55.26,24.67,8.59,15.98,2.05,3.76,42.74,23.59,68.27,57.37
7.86,56.36,182.15,3.84,57.24,3.18,3.41,32.51,33.93,221.4,52.35
159.88,73.57,55.19,7.79,32.98,3.23,5.53,21.8,41.44,2049.83,68.81
125.58,27.0,44.86,9.51,43.7,0.3,0.48,23.44,70.79,284.64,54.84
16.35,35.28,163.2,7.51,21.95,2.25,2.89,34.51,89.2,937.38,66.43
174.72,87.16,196.24,8.13,37.2,2.81,4.31,31.58,34.55,1651.88,56.84
184.17,30.89,132.03,8.65,24.61,1.92,3.92,22.45,38.1,1654.64,62.3
12.22,54.63,124.96,4.94,21.33,0.43,5.18,34.15,77.21,1612.89,56.44
55.38,70.26,63.89,7.28,27.63,0.89,1.2,21.99,96.49,2759.12,62.28
161.24,99.99,4.08,5.51,30.29,1.17,3.28,25.83,48.24,1330.94,59.61
149.65,43.53,38.36,5.12,23.21,2.35,5.11,39.78,45.62,497.97,62.72
36.9,42.81,116.89,4.75,19.19,0.32,2.48,14.14,48.9,163.55,59.42
41.87,84.26,30.26,7.31,39.31,1.97,4.94,25.14,33.6,1541.39,59.15
74.09,80.55,176.77,8.66,25.94,0.47,7.67,13.22,59.38,1816.89,49.49
96.9,73.11,37.63,9.19,16.1,1.44,7.45,11.36,63.48,1732.54,56.37
123.65,46.32,104.42,6.29,46.71,1.55,5.83,43.81,32.58,575.81,69.3
73.78,32.39,102.4,5.92,44.81,1.64,1.5,29.69,37.91,128.09,70.79
92.51,60.87,120.79,7.97,53.77,2.52,6.3,44.2,36.16,2630.23,64.18
149.49,87.62,65.49,8.57,35.53,0.38,3.63,40.06,68.46,1334.92,55.46
7.34,88.38,174.71,5.15,20.37,1.01,7.62,44.48,76.92,318.18,37.75
50.49,10.85,88.86,5.43,52.5,2.28,4.93,42.71,44.45,1980.86,54.65
142.67,42.84,140.03,6.97,20.42,3.31,1.82,40.77,81.23,1958.21,78.85
179.04,46.47,127.18,6.39,41.06,2.21,2.57,35.35,92.73,1838.71,66.8
102.34,97.76,23.43,8.09,15.47,3.1,2.62,35.71,61.46,696.77,68.94
106.42,67.8,124.53,6.78,39.6,3.39,2.28,42.99,92.77,2550.24,78.08
21.43,40.72,110.14,4.23,51.25,3.11,6.2,44.2,70.11,263.69,56.75
89.48,2.61,179.72,4.58,34.7,3.41,2.76,43.04,35.64,350.82,70.15
106.52,56.54,176.18,9.36,30.9,2.74,1.65,26.91,40.55,1154.71,71.69
48.49,9.61,30.19,4.98,59.64,3.12,4.81,40.69,67.22,2698.79,51.75
53.85,83.44,16.34,3.83,6.23,1.77,3.77,27.86,38.01,2467.47,51.98
75.46,75.25,58.92,8.25,23.25,1.27,0.28,29.75,20.3,2726.76,65.68
4.01,46.05,197.32,7.95,55.52,3.5,2.31,38.84,40.8,2102.12,59.07
64.42,42.92,4.31,7.4,40.35,0.43,0.4,39.05,24.12,1864.83,61.02
42.29,89.73,134.58,6.76,34.82,3.36,6.16,38.83,91.82,2351.12,64.79
65.5,28.85,121.7,9.8,40.07,1.56,7.61,38.99,74.94,599.44,49.87
23.95,24.9,129.32,4.28,22.71,0.18,4.05,24.94,22.36,334.13,55.8
178.11,93.92,43.66,6.82,8.91,2.83,4.51,28.57,23.87,2791.25,54.95
118.72,80.92,45.34,7.17,20.13,1.61,6.78,18.85,22.3,2512.66,54.84
135.82,82.06,86.13,3.65,23.51,2.82,0.25,26.22,83.74,1264.42,70.75
157.83,19.52,19.17,6.18,31.39,0.25,1.38,43.63,82.87,2334.32,58.5
99.69,14.33,14.92,8.59,26.66,3.41,5.27,38.58,79.02,1529.99,61.41
17.38,2.6,17.67,6.56,33.66,2.38,5.96,22.69,32.03,48.96,56.14
107.42,23.7,114.6,9.19,15.78,0.26,5.05,32.15,98.93,45.32,56.2
117.37,77.42,79.55,7.69,15.12,0.12,7.52,18.87,87.63,1418.65,52.96
149.09,24.0,58.72,8.48,24.34,2.12,3.2,17.25,71.43,1758.8,65.29
86.33,72.91,63.16,8.73,31.05,3.42,4.49,24.62,74.41,2468.3,73.85
25.52,25.19,41.46,7.98,23.8,1.88,7.66,16.01,50.71,1769.16,55.78
56.76,39.53,82.3,8.37,36.71,1.3,7.21,29.42,65.65,1779.42,64.31
72.62,98.32,40.61,8.02,22.05,3.29,0.34,24.87,47.58,2990.2,67.39
129.18,24.48,139.61,7.08,14.74,3.45,2.88,14.84,77.15,4.84,76.24
114.16,37.64,24.79,7.18,52.46,2.77,5.94,34.52,46.87,1045.64,65.43
71.22,30.11,189.65,4.73,16.03,2.54,0.11,35.24,96.06,2788.59,62.44
197.3,10.96,17.96,8.88,58.17,0.11,6.92,41.17,97.42,1148.93,29.65
121.15,48.99,188.69,5.53,59.31,1.17,4.07,34.92,40.24,721.24,61.02
47.45,37.87,166.66,6.98,43.32,3.25,0.78,17.6,85.88,1315.02,71.65
20.36,69.49,136.14,5.12,32.61,1.35,3.6,33.21,28.1,2303.3,63.71
30.57,81.76,182.46,8.02,48.75,1.24,3.99,44.17,40.53,2288.45,46.16
49.19,54.42,27.84,9.84,53.03,1.93,3.0,39.83,41.09,1000.08,56.29
32.14,3.22,35.26,8.71,44.03,1.62,3.69,25.19,69.83,353.15,49.29
37.31,61.89,50.43,7.52,10.61,3.02,7.14,34.36,93.47,2893.3,57.88
57.02,5.54,48.96,7.19,5.16,0.38,2.66,10.57,43.75,691.34,46.16
34.67,61.64,62.17,6.68,15.55,2.34,7.69,17.66,54.02,2781.94,65.75
179.35,68.5,115.13,4.83,15.37,2.47,5.53,23.97,51.2,1209.56,62.18
16.05,19.78,5.63,5.76,15.04,3.09,7.18,24.38,50.43,2963.43,53.01
104.9,81.93,76.45,6.14,33.04,1.51,1.75,40.74,66.1,744.48,76.53
82.08,91.11,49.28,9.64,33.6,1.1,3.99,44.62,73.86,2006.86,42.98
196.48,81.31,121.33,6.27,44.77,2.23,4.57,25.92,51.84,2460.67,62.47
22.41,30.51,197.03,7.31,16.08,2.56,0.77,23.66,84.52,1218.14,72.59
79.57,58.66,103.53,9.5,10.1,0.68,4.0,14.6,67.04,442.56,55.09
193.89,91.48,85.14,6.87,41.64,0.64,6.9,18.19,41.74,292.03,48.88
173.1,32.07,73.65,5.13,31.62,1.0,0.51,14.89,49.73,677.24,68.11
163.41,82.0,156.99,5.98,41.65,0.94,5.17,22.13,97.1,164.81,52.09
51.58,0.95,14.4,5.94,25.94,2.65,7.91,36.16,68.21,2604.37,61.79
34.18,0.36,191.95,8.15,46.29,1.9,4.27,10.77,60.06,2112.36,52.94
133.73,75.97,83.58,5.42,42.54,1.96,2.5,40.5,39.77,1956.42,68.99
185.88,76.14,62.74,8.25,40.77,0.15,4.72,35.29,62.65,2087.21,45.71
111.35,78.9,194.81,9.28,6.52,3.48,4.38,22.9,26.53,1906.87,60.57
114.32,93.0,187.18,5.68,52.2,2.92,0.93,28.39,52.01,107.16,68.4
56.0,11.79,128.39,4.38,25.71,1.61,1.79,13.81,89.32,1728.23,62.17
153.9,23.2,3.7,7.65,12.46,0.33,5.39,37.26,54.55,1238.89,50.56
37.41,90.37,149.71,5.85,46.56,2.46,4.78,37.36,87.35,474.4,58.06
64.74,17.72,67.11,6.97,31.76,1.92,2.82,23.24,23.2,1998.25,70.08
85.09,68.22,77.66,7.62,6.76,2.4,7.83,19.12,31.08,1283.61,68.85
101.52,53.05,31.75,6.15,48.0,2.4,5.19,30.46,78.68,770.45,81.08
48.48,8.32,104.69,9.51,28.93,0.63,1.92,21.3,79.55,2196.46,52.89
22.97,28.53,148.91,6.1,46.52,1.22,3.82,34.64,71.68,180.91,60.47
122.12,52.04,54.6,5.5,46.56,0.16,5.72,34.94,93.71,1097.14,61.19
57.73,85.24,187.75,9.26,10.5,3.44,5.41,44.25,62.23,833.85,56.46
116.25,70.75,38.95,4.39,38.73,2.84,2.05,22.35,78.13,365.51,72.15
30.87,62.19,13.25,4.31,24.81,3.26,5.22,11.96,41.73,390.16,58.79
96.23,49.6,128.87,9.58,35.05,0.25,2.73,40.97,69.14,646.04,61.71
106.52,29.87,169.86,4.86,9.87,1.8,3.71,10.33,81.88,60.95,59.36
10.36,11.92,190.63,4.46,37.35,2.64,5.39,25.66,75.81,1789.08,56.31
67.32,40.91,153.43,6.98,47.76,0.45,4.69,19.0,84.71,1533.42,63.17
26.88,2.85,39.93,3.8,59.27,2.74,5.73,24.36,52.25,2570.75,41.1
12.67,21.11,195.53,7.53,22.62,2.3,3.12,16.11,42.61,2386.68,57.77
197.99,43.25,183.89,6.44,13.53,3.45,6.04,33.61,42.04,2933.42,62.07
64.47,41.86,32.63,7.66,25.12,0.58,0.22,29.66,84.32,67.83,68.59
161.97,4.43,111.76,5.35,6.06,2.24,1.58,24.14,88.33,1502.03,65.01
50.93,58.91,111.1,9.39,27.48,3.32,7.79,33.26,36.66,505.22,64.59
136.3,54.97,88.51,5.26,55.3,2.63,0.79,12.92,49.75,1408.51,77.54
152.05,7.81,196.86,7.64,15.69,1.24,5.33,40.03,93.64,551.37,46.37
119.13,94.32,11.92,9.64,31.27,0.51,7.34,25.9,21.1,220.1,40.78
94.32,9.94,125.44,6.11,36.49,3.38,6.89,31.55,47.81,2490.13,76.18
82.37,85.48,41.06,4.55,14.89,0.34,7.31,19.68,69.1,1295.47,56.34
69.77,0.03,105.47,3.94,23.16,3.42,7.87,44.02,31.77,2055.42,58.04
185.91,88.23,155.95,9.76,55.12,1.13,2.92,25.8,74.83,335.12,42.06
166.12,1.97,49.35,8.46,21.27,3.03,2.71,16.51,43.4,1726.49,65.81
193.01,75.78,78.67,9.47,39.94,1.98,1.05,15.57,95.42,2485.18,56.14
24.86,36.17,190.15,8.04,12.53,3.2,1.69,19.72,25.97,2674.36,61.06
146.17,73.82,152.3,5.73,41.84,1.55,5.26,37.04,89.34,908.29,61.76
187.67,40.17,114.54,4.3,20.35,2.99,2.72,20.78,68.07,2734.42,63.03
36.25,7.09,44.4,9.54,17.72,0.91,2.8,12.88,69.54,1462.05,49.47
13.3,76.75,85.06,6.68,11.83,1.69,5.2,25.65,21.27,740.18,55.95
148.22,7.13,154.81,6.08,7.58,2.98,0.93,17.5,92.47,1651.96,65.96
114.89,92.21,164.11,7.26,58.23,0.5,0.54,42.23,87.95,2064.61,54.84
168.37,5.1,48.92,4.19,27.76,2.58,6.44,23.05,55.89,247.06,57.99
27.95,47.93,132.41,5.51,47.77,1.59,6.34,21.03,58.78,2080.68,60.36
159.05,72.3,19.0,7.65,55.6,1.84,3.14,25.69,43.24,2271.59,60.98
40.33,39.32,4.64,4.15,16.22,2.07,4.79,11.01,46.33,1292.9,55.9
32.73,21.72,109.73,4.38,52.84,1.04,1.98,28.58,58.18,2688.06,54.38
32.85,75.91,44.88,6.82,43.94,0.43,3.0,44.54,26.27,666.11,53.41
162.91,78.43,15.78,7.55,36.79,0.16,0.39,22.01,26.24,571.1,58.66
133.04,92.27,145.97,4.72,49.5,1.57,2.26,42.73,85.32,1879.44,57.29
104.61,37.62,99.59,3.72,11.09,1.01,0.23,14.26,50.21,1378.92,67.02
71.77,50.63,159.26,9.73,19.5,2.25,3.45,30.65,98.37,1252.91,68.56
175.44,36.31,132.79,3.68,12.21,2.53,4.21,15.93,26.98,1880.31,53.85
78.49,25.71,145.96,3.51,54.28,1.81,4.01,40.77,94.96,1095.94,59.4
163.32,75.1,61.47,5.6,10.43,2.2,2.79,35.37,72.02,2874.39,57.06
87.83,33.97,52.66,4.95,58.9,2.01,1.73,40.63,44.63,2704.1,58.93
75.39,42.81,120.17,7.23,11.04,0.12,3.69,34.23,41.3,930.3,60.48
92.54,40.37,40.02,9.31,41.4,2.96,6.97,33.54,96.44,576.86,67.13
60.28,71.27,163.08,6.63,41.33,0.3,7.87,28.5,47.12,532.98,55.54
149.52,91.78,104.58,8.53,56.22,1.5,2.57,29.1,62.1,2336.32,57.04
100.54,66.68,45.4,9.41,22.77,0.48,7.8,37.4,96.39,1814.22,47.14
46.44,47.16,125.03,4.73,23.26,2.35,3.53,30.05,36.55,1622.94,68.9
179.91,77.92,189.01,6.67,51.55,1.21,4.94,25.15,34.59,1968.17,53.35
76.78,64.1,16.42,7.67,58.82,0.34,6.45,34.77,37.25,2214.99,51.03
108.71,6.06,21.87,5.66,6.66,0.25,2.94,43.74,38.86,678.04,53.52
181.29,9.57,168.77,8.31,39.94,0.91,1.75,41.84,76.4,2939.09,44.86
124.85,3.79,21.92,8.08,18.4,2.37,2.26,21.39,33.8,1063.2,61.08
23.38,45.68,7.88,6.24,45.04,2.54,6.73,23.54,23.2,234.71,60.66
187.97,82.59,69.59,4.07,47.5,0.54,7.48,43.51,77.57,2504.07,43.55
125.54,31.31,93.34,3.58,46.94,0.57,1.12,18.15,97.08,1593.49,60.65
66.98,38.42,113.89,5.9,28.95,2.12,5.59,14.47,63.64,53.99,69.45
27.85,90.95,101.46,4.03,13.68,3.35,0.38,26.68,49.08,1823.82,64.02
158.81,83.69,182.64,8.58,37.16,1.98,7.01,25.61,22.47,1860.22,50.15
124.01,66.5,153.73,5.67,48.4,2.52,6.87,29.17,65.65,2025.68,66.37
106.69,26.68,196.76,7.83,55.17,2.06,6.22,11.12,46.23,1787.13,61.33
178.78,11.7,95.29,5.75,29.9,0.46,6.61,17.22,71.99,800.42,49.09
157.72,1.61,16.87,8.67,18.51,3.32,4.87,38.09,96.45,2997.08,53.12
30.33,10.7,191.11,9.27,11.54,0.34,1.26,22.61,21.79,1402.72,42.16
62.34,29.26,0.82,8.94,48.87,2.68,7.33,42.08,75.26,1164.29,55.65
49.7,55.18,155.22,6.65,34.44,3.43,1.21,29.91,73.84,11.44,81.31
148.79,6.4,6.26,4.05,42.08,1.18,1.88,10.74,67.45,1706.52,57.06
6.71,13.62,152.24,5.92,13.76,0.68,3.52,44.24,78.18,1464.14,50.6
113.98,18.11,187.59,6.26,5.36,2.02,4.03,21.1,49.93,2840.5,67.83
152.49,63.2,77.85,9.74,58.22,2.8,0.86,22.91,29.84,958.4,61.82
175.35,61.58,48.19,7.18,49.6,3.33,6.12,41.87,20.35,2038.26,60.7
68.42,55.08,45.26,7.67,27.0,2.46,1.18,40.73,52.0,1890.73,68.55
164.25,25.05,98.34,8.58,30.14,1.24,5.27,33.98,84.44,2370.82,58.66
22.13,37.11,34.18,7.19,56.1,1.78,3.67,10.36,67.26,2385.79,55.11
169.29,9.67,134.58,7.39,16.42,2.69,6.51,10.13,31.81,10.98,58.27
25.5,22.65,73.67,5.09,49.16,2.78,2.44,16.24,45.46,2604.77,62.3
79.46,89.77,64.62,3.88,5.99,0.35,6.71,36.69,73.06,353.96,49.89
159.46,97.97,92.26,8.19,53.16,2.19,2.09,39.22,94.06,157.98,56.31
29.98,64.77,108.52,9.02,37.41,3.39,4.64,17.87,88.7,2421.5,66.9
45.85,91.68,28.39,6.18,31.27,2.77,3.94,12.75,70.58,254.2,71.55
144.45,64.27,141.55,7.07,43.86,0.12,2.89,24.94,37.47,135.28,66.97
144.01,3.32,176.59,5.5,8.72,0.86,0.19,42.51,89.56,726.62,55.04
128.23,99.68,55.6,6.43,15.75,1.61,3.24,28.36,93.66,1571.49,66.78
138.79,9.9,36.08,4.86,27.38,2.5,1.04,35.65,92.74,2610.83,65.51
108.54,68.26,152.1,8.44,38.98,1.99,1.88,34.8,65.29,2753.86,72.47
50.36,25.28,36.71,6.7,12.95,0.36,5.54,39.9,89.7,1360.09,54.65
69.14,39.2,8.25,7.06,25.87,2.61,4.61,44.45,83.45,1771.48,68.18
36.32,64.59,123.85,3.74,19.35,2.95,4.26,44.31,69.52,2771.76,56.58
181.69,43.65,47.95,7.55,40.51,0.8,4.56,28.9,98.57,2321.56,53.24
116.68,25.05,34.36,4.82,55.56,0.33,1.05,21.67,39.55,1866.19,59.52
80.17,33.44,196.32,5.99,14.13,2.79,1.4,37.59,69.93,734.8,69.82
92.4,34.15,58.37,6.18,15.41,2.28,4.39,34.59,22.12,1411.93,74.29
189.46,95.93,180.69,6.42,38.03,2.83,3.31,37.43,56.07,2577.19,59.73
30.67,79.86,35.64,4.98,29.95,2.03,3.76,20.5,86.69,932.44,60.64
117.25,45.85,163.8,9.03,44.5,1.56,7.05,30.41,38.8,435.71,55.6
101.18,19.98,100.4,6.28,20.83,3.37,1.56,16.48,80.13,463.27,92.39
122.29,81.1,15.72,7.48,34.97,2.75,7.29,17.68,80.91,2317.51,65.39
3.62,15.72,146.72,7.49,26.28,1.5,6.87,22.92,70.77,494.8,51.37
174.42,21.05,178.41,7.45,20.47,3.19,7.22,34.87,91.48,134.92,65.65
186.42,36.6,32.6,7.14,45.11,3.48,5.17,20.66,55.95,2562.63,65.58
113.03,88.03,145.12,8.85,48.77,1.15,6.93,21.5,36.7,2801.63,49.05
139.33,13.18,89.01,8.78,23.09,3.13,7.93,37.97,72.12,2958.86,59.21
184.5,12.22,150.77,6.21,39.26,0.25,3.82,41.97,95.89,1096.53,56.46
141.45,49.4,142.79,7.63,14.82,0.83,6.91,39.4,70.41,2728.41,53.73
30.51,27.64,5.32,4.17,48.5,0.65,7.24,16.47,90.29,462.87,39.55
115.26,56.87,35.74,4.09,20.47,1.31,2.55,26.02,89.28,2978.68,63.65
121.34,45.16,94.21,6.62,14.4,2.01,3.6,34.61,20.48,50.96,73.31
84.83,43.5,186.72,9.35,56.7,2.55,4.63,34.93,26.19,1039.03,63.01
147.29,11.2,68.41,7.72,28.24,3.17,2.86,23.89,64.18,2233.99,71.36
186.87,14.1,125.77,7.85,40.39,0.64,2.64,24.72,88.45,1805.62,53.82
185.11,82.11,2.42,4.52,49.51,2.07,3.11,30.21,50.69,1199.25,52.48
90.17,88.59,142.23,6.45,42.74,1.99,3.45,33.73,91.11,232.94,68.8
22.65,23.47,120.61,6.11,36.06,1.66,2.09,12.57,48.17,2856.07,65.13
196.97,11.35,143.08,8.59,25.44,2.46,3.84,32.57,53.35,2562.04,55.32
167.78,5.34,180.93,4.4,55.52,1.85,6.25,27.93,45.89,226.59,44.06
24.93,60.83,29.3,7.0,12.34,1.97,5.03,11.33,55.34,2257.56,60.4
184.17,71.54,52.32,9.42,53.62,3.17,3.1,12.09,56.7,499.69,54.01
173.98,37.28,199.16,9.3,44.04,3.02,1.33,16.98,58.46,2890.72,60.48
103.77,67.97,31.26,9.04,36.43,2.06,6.61,22.45,42.86,199.52,56.64
118.26,71.3,144.13,5.94,22.86,0.63,4.14,36.63,50.81,550.78,65.72
79.8,93.53,145.02,9.62,13.03,3.36,7.77,21.02,68.33,2318.07,57.69
10.95,6.49,136.6,8.73,29.37,2.22,2.1,36.72,20.69,51.23,56.77
67.04,19.23,45.49,9.03,48.11,2.85,1.49,27.42,63.79,2629.14,66.18
160.57,6.85,43.03,9.56,45.99,0.29,0.16,17.33,21.46,783.17,47.15
0.93,86.8,133.27,9.59,40.5,3.15,0.75,37.19,68.58,2583.71,63.21
66.7,79.26,37.25,5.06,59.59,2.46,3.14,35.28,50.28,1414.96,64.33
79.63,57.46,132.31,4.33,58.49,2.43,1.67,11.26,57.07,170.44,71.86
107.48,8.37,98.51,7.99,27.0,0.47,0.4,35.72,84.83,1620.39,68.71
183.97,27.33,77.33,7.16,15.59,2.52,1.88,33.4,73.78,2165.37,65.57
69.27,29.77,60.05,5.63,30.51,0.36,5.86,23.14,94.42,1605.62,56.52
69.39,56.07,189.52,7.95,51.45,0.29,5.91,32.03,39.69,2701.42,51.05
147.5,25.8,101.62,3.9,30.22,1.21,1.28,15.3,51.8,2259.01,66.0
90.44,7.3,112.25,3.81,23.48,0.18,7.5,30.57,37.78,371.92,47.98
44.92,73.08,189.85,5.8,45.77,0.64,1.36,16.04,34.44,138.29,56.15
90.49,29.91,130.78,4.76,40.76,2.57,0.81,13.95,73.37,1085.1,71.7
28.17,45.24,191.57,8.17,58.28,2.94,1.39,17.03,72.58,2112.16,64.03
35.28,12.77,21.27,9.66,35.21,0.71,1.21,14.25,59.35,2571.2,49.8
99.67,80.25,169.33,7.8,58.21,2.9,5.09,14.33,31.72,2581.95,56.56
83.79,56.55,67.08,7.76,21.0,1.73,1.33,40.91,65.38,203.77,67.48
182.97,90.16,162.1,3.54,52.57,3.36,5.11,41.47,60.73,2415.85,42.83
72.48,49.55,171.13,6.83,24.3,0.57,2.29,35.69,65.5,863.57,70.38
116.12,94.14,54.3,8.81,49.53,0.28,2.06,37.38,55.9,2755.14,51.95
126.45,89.19,81.77,7.75,55.93,2.97,7.19,22.6,26.55,1489.26,67.35
2.62,57.65,145.2,4.98,39.28,1.33,1.79,29.04,52.87,454.14,57.78
132.71,93.39,19.81,9.02,45.07,1.65,6.93,38.52,45.23,2978.43,44.01
35.61,32.31,151.11,9.77,57.73,1.84,2.5,27.12,41.57,613.23,51.21
192.21,36.56,22.09,5.31,25.63,2.91,7.93,35.79,73.01,821.23,56.52
29.73,4.55,182.89,4.85,33.14,0.36,7.85,24.82,73.65,1585.55,43.67
82.92,58.92,55.27,5.7,54.41,1.97,6.64,22.12,97.89,79.51,60.19
17.07,72.19,115.12,3.91,42.0,1.56,6.96,39.64,70.77,2478.84,50.14
199.37,77.35,23.43,9.18,53.05,1.26,6.6,21.64,43.81,1355.95,46.95
100.44,14.98,53.9,9.54,39.0,1.28,5.07,26.65,62.7,1053.21,63.75
119.08,44.42,80.79,7.62,45.69,3.26,6.49,13.78,70.77,1320.07,74.15
13.42,17.69,97.41,8.47,5.72,1.01,5.06,27.85,52.83,2907.62,48.84
149.99,66.21,0.01,7.85,23.68,1.65,6.75,31.2,71.04,1477.56,59.52
41.98,15.79,177.73,5.95,47.37,1.78,7.49,23.67,85.49,2258.69,55.24
179.61,90.42,1.53,7.61,27.22,2.55,6.05,32.63,70.46,45.57,52.73
41.03,23.06,154.74,8.94,24.96,1.86,7.72,25.45,33.63,2266.57,55.22
38.14,29.14,94.12,8.76,57.34,2.21,3.64,24.92,45.9,284.49,62.63
7.31,85.09,104.78,4.03,35.39,1.46,7.41,24.79,97.06,2381.02,47.22
94.41,45.85,41.65,6.51,15.59,2.54,1.89,40.08,48.94,2755.17,76.64
112.97,2.4,121.47,6.08,30.97,1.68,0.35,35.47,86.41,701.9,73.82
13.14,49.46,107.45,8.39,33.53,0.86,1.11,25.98,31.22,831.54,66.99
155.11,8.45,32.85,6.76,59.38,2.88,1.37,32.35,98.81,2424.17,60.57
90.66,98.53,47.62,5.77,44.5,2.7,6.61,38.83,36.91,2354.14,68.34
104.88,58.81,13.38,8.09,33.57,2.23,3.27,25.96,96.91,2379.02,65.85
88.15,25.65,13.26,6.58,28.76,1.87,1.94,39.55,23.98,2424.04,75.07
80.15,56.37,2.76,5.17,55.35,0.81,6.52,16.2,66.13,1035.89,52.89
111.93,7.69,44.09,9.29,40.53,3.05,1.7,30.75,34.29,2851.06,65.92
31.05,79.99,135.93,4.23,24.58,0.43,0.72,22.6,71.63,2695.34,52.29
36.39,92.53,63.24,3.62,30.55,1.4,3.78,13.47,91.94,383.15,49.77
172.36,87.44,68.55,4.44,20.3,3.0,0.65,41.21,43.86,126.61,60.33
189.22,34.18,26.38,4.56,57.82,2.12,2.3,27.14,52.2,2753.95,52.16
74.66,32.58,115.09,7.0,43.61,1.59,5.63,28.92,23.72,644.42,65.87
54.15,3.51,68.43,7.56,26.58,2.79,3.06,28.11,66.05,2223.38,76.84
128.8,65.14,135.26,6.42,15.08,3.46,0.79,29.0,68.27,1986.77,86.08
81.75,53.49,148.29,4.83,14.74,0.74,3.28,30.51,69.44,2174.72,62.49
5.08,45.93,116.94,4.36,31.28,0.27,4.15,40.5,93.11,1853.42,55.02
31.23,90.76,55.21,6.7,30.72,1.67,2.08,43.17,27.41,859.01,70.6
143.19,16.79,101.72,7.18,27.98,1.08,1.45,31.68,57.69,1782.07,74.67
131.78,0.97,50.39,5.48,51.85,2.37,6.12,23.16,43.72,1595.81,65.99
5.42,7.33,180.58,4.93,58.86,1.78,0.64,28.03,39.48,918.94,56.04
44.39,22.34,153.28,4.02,24.52,1.8,7.66,34.6,46.89,1044.22,58.94
46.21,3.33,98.6,3.67,21.2,1.31,0.16,28.52,95.09,1941.53,62.43
134.38,50.28,193.09,4.19,47.36,0.82,5.24,19.12,40.15,2507.28,48.72
3.94,31.41,109.35,8.32,29.74,0.83,1.16,31.24,26.78,1782.93,64.96
20.82,18.05,65.71,5.74,16.97,1.42,4.42,41.11,52.89,1312.87,58.34
159.98,75.01,19.09,3.68,14.95,2.42,1.58,13.73,41.35,367.67,57.17
35.71,20.45,108.75,6.8,20.43,1.25,0.37,12.48,43.26,54.25,60.59
130.55,68.76,172.08,6.98,5.07,1.21,6.89,44.13,56.23,263.19,52.22
47.64,34.93,173.34,6.29,56.78,1.55,3.45,38.12,85.23,204.37,62.36
19.89,51.18,120.91,4.22,28.66,3.47,2.27,24.44,86.82,494.21,76.39
48.63,93.39,78.69,8.41,9.56,0.41,7.58,11.01,58.67,2711.47,46.16
144.45,3.74,130.06,7.98,14.07,1.1,0.75,42.68,87.04,452.28,52.63
171.14,50.03,152.43,6.07,22.78,1.09,2.85,37.8,33.27,579.66,64.69
166.04,85.44,82.32,5.98,35.34,3.41,1.5,31.26,41.33,1838.23,75.81
79.44,58.8,95.25,4.51,43.7,1.48,7.93,37.73,32.79,1616.65,63.45
133.62,27.69,136.12,8.4,21.93,2.03,4.41,32.0,93.69,2509.14,61.98
41.0,39.77,175.33,7.4,57.67,0.77,6.52,33.58,80.54,689.15,48.79
58.63,68.03,158.2,4.06,46.82,0.14,1.39,41.66,81.45,1450.17,50.34
179.27,89.08,4.48,5.96,50.42,1.25,2.51,24.23,74.93,327.31,46.58
2.6,4.11,24.87,9.37,22.8,2.27,4.99,28.49,21.06,1761.58,46.63
17.1,7.15,170.56,6.44,25.95,2.45,1.51,37.34,36.92,1806.91,64.49
41.58,32.51,166.76,5.61,34.59,2.66,4.05,19.48,89.82,2543.29,61.97
5.31,23.28,77.76,7.68,29.84,3.03,7.46,31.05,58.53,990.86,64.4
36.29,26.49,116.86,4.82,19.29,0.49,7.45,22.25,79.42,893.73,62.1
116.61,22.13,181.17,6.9,59.85,0.38,2.9,11.78,37.38,2856.92,50.32
84.28,19.58,182.31,7.85,51.66,2.78,4.18,15.41,25.24,1350.29,67.15
178.53,13.06,156.62,9.06,18.09,1.58,1.67,13.97,86.21,867.69,53.0
163.49,93.4,41.92,8.0,54.08,3.32,7.83,29.21,38.68,1818.35,56.89
68.36,14.42,146.06,6.0,37.28,3.31,4.21,14.2,37.62,429.53,75.04
51.88,20.44,20.22,8.49,5.69,0.58,1.73,28.99,52.0,1158.65,46.78
75.94,24.63,178.79,9.34,24.04,2.45,6.77,35.69,63.7,1376.97,61.16
118.06,93.3,29.83,6.61,6.42,0.33,3.42,32.12,70.18,2650.09,52.73
53.61,75.57,132.47,3.53,9.83,1.47,5.13,36.22,94.0,2180.22,52.04
124.83,78.97,122.05,9.23,14.84,2.96,6.76,27.2,80.53,1173.55,66.39
81.88,10.48,155.38,4.58,31.64,1.67,2.54,35.84,62.13,1395.6,60.9
110.41,83.63,110.32,4.32,25.97,0.21,4.67,37.7,31.53,2826.62,59.74
87.23,40.82,11.91,5.5,13.19,0.92,0.54,18.78,30.91,2510.95,66.19
58.89,26.28,141.17,5.97,26.7,0.39,1.95,39.98,30.45,352.49,62.6
189.69,57.58,76.63,8.7,21.74,1.49,1.2,42.77,98.93,1076.27,65.9
152.72,82.22,64.06,6.03,27.56,2.47,5.19,35.59,84.96,1389.05,66.48
28.02,77.87,198.33,3.82,14.48,2.35,2.11,44.0,26.9,605.47,49.55
173.69,89.0,118.08,7.63,38.53,2.54,6.1,12.27,44.32,386.52,63.64
97.49,92.81,142.14,7.86,7.45,1.4,6.11,15.26,45.71,952.62,61.92
178.91,23.81,105.27,8.79,26.33,1.0,6.3,41.6,45.23,1985.16,53.13
159.97,42.39,153.99,6.09,54.22,0.29,1.15,11.08,20.4,2876.32,52.07
85.04,1.46,150.41,4.06,28.08,3.3,4.26,30.58,54.57,2925.96,67.05
4.49,87.93,131.43,7.09,29.26,0.5,5.46,19.41,88.56,2627.5,60.78
53.74,15.46,199.55,4.29,8.74,0.71,2.65,25.93,28.68,2132.4,51.77
108.33,86.15,91.96,3.61,38.3,0.19,2.15,23.52,25.09,224.6,60.55
126.7,32.94,141.24,8.56,56.5,1.18,5.77,16.59,71.85,47.58,64.43
51.58,36.81,159.56,6.12,21.04,2.88,2.88,30.5,81.83,71.27,76.22
27.87,3.91,75.21,6.91,26.63,1.23,2.07,17.09,39.47,299.7,64.5
166.99,32.69,91.44,7.81,37.35,2.36,4.55,24.25,92.57,1390.84,68.66
196.88,88.84,193.83,6.11,10.13,3.38,5.0,36.97,74.56,55.59,54.47
105.14,2.55,6.46,3.83,57.27,3.13,6.24,33.43,58.15,1065.97,53.45
34.34,40.63,67.06,5.14,30.72,0.71,0.42,32.74,83.95,2855.81,62.78
54.46,3.14,97.24,4.76,11.33,1.32,1.48,27.51,45.91,1683.13,60.91
3.68,37.09,0.29,9.85,23.44,2.65,6.24,16.61,41.58,1817.5,48.56
182.86,17.26,179.83,8.31,25.56,3.42,4.3,25.59,40.95,1471.69,64.5
23.55,25.22,57.25,6.44,24.0,2.53,6.47,26.44,34.71,2944.95,62.69
115.3,87.76,51.54,3.91,43.13,0.96,3.64,17.1,90.26,501.0,57.87
54.81,43.6,164.07,4.25,24.0,0.55,3.73,31.05,51.36,2926.66,54.68
110.84,27.38,55.6,8.78,22.81,1.78,3.08,27.96,89.93,1401.08,66.25
130.28,58.93,131.52,9.65,22.71,0.76,5.56,21.45,90.68,2776.01,56.19
165.95,14.21,164.3,3.7,47.78,0.87,4.76,17.26,30.5,1921.9,44.67
41.28,25.94,158.5,9.42,21.96,2.26,3.2,14.98,23.22,607.55,53.55
2.2,54.62,156.39,5.97,5.77,1.85,1.58,40.82,97.48,2388.37,52.81
27.38,23.75,17.73,4.89,25.1,0.51,0.12,42.87,36.89,399.22,51.6
180.0,67.91,15.97,4.16,20.3,0.62,0.82,38.66,50.57,2435.51,54.37
174.78,49.15,61.35,8.52,55.0,0.17,0.95,30.79,30.41,105.5,54.16
119.48,77.2,7.19,6.55,31.28,0.85,4.6,43.66,95.75,428.26,62.04
120.1,94.82,100.09,8.91,17.9,3.12,6.1,26.36,27.3,1077.35,67.29
133.01,11.58,78.96,4.97,58.99,2.8,3.71,11.57,84.58,195.29,62.48
35.07,33.47,111.41,7.91,18.57,1.51,3.37,23.08,88.88,2455.14,65.54
182.88,31.95,59.76,4.27,46.97,2.62,1.14,16.27,93.89,1354.42,61.84
83.75,15.12,97.15,4.08,40.73,1.48,7.22,34.2,56.84,1856.73,55.55
76.63,81.03,66.95,4.37,30.42,2.79,5.91,20.36,64.98,303.64,66.17
103.78,75.99,39.04,8.76,27.32,0.72,3.39,26.43,60.66,20.81,60.05
9.39,48.44,129.87,7.76,52.98,0.62,0.87,42.7,63.08,2944.02,61.32
33.26,53.78,134.69,4.58,31.13,0.36,6.78,44.74,39.35,432.7,52.51
147.61,5.95,165.85,6.0,25.64,0.92,1.44,28.72,66.17,2490.03,61.62
16.56,55.55,174.95,8.46,24.48,0.6,5.42,19.64,40.82,1921.95,47.26
120.63,79.13,140.89,5.36,20.17,2.82,2.78,25.38,66.75,2416.46,76.36
49.07,57.38,137.5,9.49,27.49,0.92,6.89,40.64,85.91,1807.09,53.22
77.86,26.53,11.34,9.44,11.6,1.86,4.74,18.33,20.24,1167.23,55.03
57.74,66.75,21.96,7.09,8.58,2.67,1.9,12.19,89.05,1586.51,68.8
71.13,36.15,162.51,7.61,34.78,2.4,0.2,38.63,55.64,1603.34,71.58
143.81,54.49,46.59,7.75,29.98,0.8,1.78,28.55,68.82,535.12,68.48
59.42,48.76,71.11,5.18,14.54,0.36,2.99,41.39,40.55,1917.5,60.13
113.28,38.12,29.06,5.87,10.87,3.2,5.7,33.99,99.9,524.71,72.37
95.21,71.89,39.03,4.38,12.88,2.21,1.81,11.24,69.2,1624.88,69.76
132.73,88.39,155.08,9.51,22.34,2.5,2.17,37.56,97.83,2016.49,50.7
187.37,0.52,52.37,8.21,29.83,1.41,3.54,16.68,81.81,2434.55,51.8
146.51,93.36,89.81,3.8,15.63,0.92,0.44,14.44,90.08,1630.13,59.17
42.99,51.15,30.33,7.07,46.56,1.9,6.17,29.68,40.68,1843.48,68.42
6.24,70.07,135.59,5.73,15.63,0.36,0.72,25.42,71.54,2181.99,55.8
52.45,85.56,145.65,8.8,11.83,2.82,5.92,20.56,48.32,1088.68,60.46
119.02,46.71,72.34,5.73,59.7,2.33,2.22,30.6,85.41,140.43,73.94
10.29,83.5,156.95,7.69,29.62,2.69,3.73,36.01,98.09,887.39,63.75
99.27,17.76,47.98,4.58,14.35,2.04,3.34,27.27,37.08,355.05,62.19
119.37,15.92,138.38,7.13,54.2,2.06,2.1,37.58,78.91,2280.37,62.55
66.85,65.75,145.99,5.41,17.71,2.14,2.12,24.65,79.6,2441.87,64.15
154.18,87.01,193.73,4.57,55.91,2.77,7.6,27.46,48.01,2906.16,48.11
21.32,89.24,46.46,7.53,11.54,0.87,2.51,29.05,31.45,1804.62,51.07
15.03,64.37,18.74,7.65,51.3,2.42,1.55,21.04,45.53,1428.86,56.67
145.64,52.55,52.61,9.89,15.13,1.98,2.08,22.72,33.41,2822.81,60.42
99.1,33.14,24.57,7.85,56.61,1.78,5.59,27.9,90.68,2758.57,58.66
137.68,98.0,33.94,6.85,36.58,1.94,2.54,40.92,86.18,1925.18,65.09
86.97,31.97,66.82,9.43,15.45,1.03,1.46,29.26,81.21,2321.47,62.28
49.28,74.42,82.8,8.88,51.47,0.23,3.37,13.8,80.67,596.16,53.45
163.82,53.2,180.74,7.07,26.48,2.68,1.03,35.58,51.98,1544.59,73.28
159.88,60.85,39.12,6.82,45.3,3.21,3.25,28.07,92.56,1022.04,73.65
138.94,39.35,194.35,9.62,40.39,1.73,6.91,23.98,84.82,2470.68,50.92
54.43,96.48,162.03,7.51,44.29,2.95,3.05,34.2,92.48,2670.27,64.79
118.05,57.17,176.29,8.14,23.9,1.99,4.16,15.84,59.94,1203.87,71.78
72.19,93.78,185.89,4.06,56.64,3.26,6.33,37.49,42.7,1436.44,56.23
18.32,0.76,150.65,8.17,35.79,1.83,4.18,35.07,71.89,692.29,50.72
183.46,57.27,157.76,5.22,9.27,0.8,0.47,16.49,74.58,2634.1,61.71
27.36,71.72,87.56,4.25,8.67,3.06,1.8,39.62,76.51,416.43,61.85
190.05,74.51,102.09,9.02,45.6,2.82,7.16,16.75,51.0,2751.37,53.71
89.2,90.5,186.5,7.99,51.75,1.45,6.44,33.71,61.25,1851.35,59.63
37.03,0.44,75.65,6.15,43.24,2.96,6.11,22.88,28.93,735.25,66.17
108.38,0.03,8.39,6.3,20.26,0.13,4.43,36.45,68.01,1278.38,56.62
174.59,47.23,152.55,4.78,17.42,2.82,2.89,12.03,57.15,304.83,67.58
146.44,2.93,114.63,3.56,36.1,2.44,5.59,18.74,35.21,1783.34,55.38
161.31,97.45,162.98,5.77,15.82,1.39,5.34,26.47,59.42,2420.86,50.52
131.76,22.21,15.11,4.46,25.85,2.79,5.18,35.01,47.85,1956.02,60.59
138.46,47.27,124.25,6.24,39.58,0.53,4.08,31.54,72.36,495.37,73.3
169.84,6.11,49.54,8.92,20.67,0.79,2.15,43.39,84.59,1656.47,45.73
49.93,52.2,180.65,4.25,25.65,1.91,3.54,29.57,52.76,2483.54,61.18
97.88,38.0,21.98,4.1,24.83,3.1,4.15,20.56,86.7,2582.06,69.7
44.24,4.47,168.61,9.36,30.33,0.54,1.81,25.18,33.91,2235.24,52.96
197.53,33.51,17.71,8.34,42.09,2.02,1.92,12.64,70.86,1095.83,58.18
188.81,39.14,5.02,3.84,48.03,2.66,6.36,14.09,54.35,2938.56,44.86
7.89,98.99,47.01,4.02,41.58,2.63,2.63,28.12,50.1,2450.23,59.01
141.12,20.79,66.61,7.95,6.44,2.24,7.79,44.15,38.26,2524.34,52.64
185.05,54.48,125.31,5.91,54.33,3.3,3.55,18.56,39.38,2551.26,71.69
36.12,98.73,26.34,8.21,36.97,1.74,4.91,37.2,56.66,2196.32,48.72
113.59,79.2,87.47,6.13,55.61,3.09,4.08,22.83,87.07,1512.86,77.63
183.1,99.34,40.85,9.79,58.01,2.21,4.0,11.11,64.12,1338.27,46.41
6.79,96.83,171.06,8.01,30.73,2.61,7.13,15.74,65.78,2283.35,50.71
139.48,48.95,8.99,3.8,55.4,1.68,0.83,31.76,77.0,1457.7,61.74
59.47,69.64,71.19,5.65,25.1,0.67,2.83,18.02,43.29,2700.88,59.35
184.88,11.04,126.27,7.16,19.32,0.47,2.36,39.8,50.43,684.8,52.36
194.21,44.11,182.62,4.42,9.05,2.42,2.68,22.84,87.85,2338.33,57.91
188.85,80.9,173.6,3.52,29.85,1.38,7.31,17.9,24.14,717.76,40.47
94.84,50.53,179.04,4.02,42.88,2.03,0.65,37.26,61.08,1407.76,72.28
172.41,70.27,12.57,6.91,58.73,2.64,2.34,15.56,62.82,256.12,58.51
168.91,74.58,168.18,7.61,33.67,2.77,5.93,43.35,64.16,1488.67,64.6
63.82,25.35,155.98,4.1,45.4,1.83,1.99,18.32,80.91,1581.93,56.33
165.78,87.57,180.49,7.82,54.29,1.17,6.68,38.53,56.1,541.05,45.06
7.4,45.98,62.32,7.51,34.88,2.74,2.71,28.09,87.5,974.6,72.93
119.25,21.02,182.35,9.61,14.17,1.51,0.99,35.87,47.13,636.31,62.49
46.0,86.54,80.53,8.96,51.65,3.28,4.2,14.83,47.16,1289.9,60.67
24.11,41.78,126.82,9.63,36.58,2.9,4.14,17.29,97.12,1913.67,55.84
15.39,75.03,84.84,9.78,46.72,2.64,0.41,16.94,45.95,426.32,56.55
139.26,54.8,85.53,6.37,41.22,0.92,5.77,14.7,35.37,1183.73,70.07
67.97,38.19,109.33,6.67,8.36,1.33,1.22,19.27,64.14,1639.79,80.19
144.95,80.99,71.19,5.33,14.3,2.99,1.79,39.4,96.18,2393.25,64.88
13.07,58.45,158.55,6.8,20.74,0.18,4.54,36.17,82.34,1867.35,57.58
63.06,39.06,126.73,4.48,20.66,2.76,7.14,20.72,54.89,2471.1,66.43
107.9,10.96,137.95,7.86,51.16,1.47,0.26,22.8,60.47,209.51,69.36
158.14,89.54,46.21,3.66,37.9,2.82,6.6,35.71,99.83,558.6,52.57
63.75,3.55,193.92,5.03,9.59,1.98,6.06,38.83,77.51,2776.47,45.51
125.18,86.32,132.04,4.85,26.3,1.89,1.38,24.84,28.08,1987.31,73.67
177.2,36.0,39.44,9.6,35.6,2.49,3.05,35.92,68.78,1235.18,58.61
123.17,63.93,150.1,4.44,18.83,2.84,7.26,29.92,95.36,1087.94,63.73
46.59,92.22,34.74,9.29,7.19,2.46,1.26,44.73,35.44,2243.3,51.99
4.88,15.17,12.68,4.31,25.91,1.63,0.98,34.17,81.89,2661.49,50.66
174.02,56.7,105.51,7.73,30.37,1.19,5.91,35.83,53.19,1600.76,70.27
4.25,76.44,110.7,5.58,54.76,2.98,3.82,39.5,31.47,397.93,60.81
174.94,75.76,37.79,5.55,54.96,1.87,2.34,14.99,87.07,2603.64,55.37
105.79,52.56,69.68,9.99,32.52,2.76,1.46,22.86,71.16,1208.44,80.3
187.81,62.47,189.15,4.97,30.93,3.49,5.81,27.2,21.02,2675.36,61.06
159.76,75.75,57.0,4.82,40.23,2.29,3.57,15.35,86.47,2306.97,62.86
199.59,84.1,31.11,7.33,19.2,1.05,1.99,22.67,62.86,975.11,58.67
70.14,76.18,198.51,8.31,20.71,3.04,7.55,34.0,69.93,334.96,63.06
153.44,35.4,60.46,9.89,5.14,1.03,4.53,18.77,65.07,1528.96,54.04
80.39,99.67,136.05,8.06,9.3,0.99,2.89,26.85,51.23,241.95,56.26
95.98,43.45,46.31,7.15,14.82,0.35,5.79,14.78,30.88,2483.7,56.85
125.5,2.45,110.02,6.16,40.23,0.37,4.02,13.99,77.51,169.47,57.14
174.74,36.26,77.26,7.37,16.7,3.03,0.17,22.86,74.72,2828.02,74.67
196.82,12.78,192.32,7.41,11.82,0.88,6.74,35.44,88.74,1491.28,47.69
153.65,12.14,86.56,4.92,38.9,0.47,0.62,28.41,69.17,1448.92,57.68
83.55,28.15,116.83,7.86,40.85,1.3,7.92,31.99,23.54,2528.11,65.25
84.27,5.34,188.95,4.83,8.28,2.53,2.86,24.11,52.97,1640.97,66.46
147.52,68.85,197.85,6.68,47.51,1.25,4.25,30.52,28.36,1267.39,57.1
47.76,7.4,20.33,5.19,38.34,1.15,8.0,26.94,67.74,611.68,51.05
22.09,20.33,166.86,5.53,26.84,1.76,2.23,23.91,36.27,2188.89,59.75
70.92,9.29,76.42,7.49,59.08,0.17,3.76,10.84,95.48,1500.36,56.09
57.45,6.32,118.97,3.92,5.56,1.77,6.06,39.59,32.43,1518.12,52.86
59.26,26.78,75.01,3.58,34.97,3.47,3.79,43.33,86.64,763.99,64.61
46.72,57.19,80.22,4.35,13.78,2.82,2.74,28.55,68.7,430.82,69.83
8.42,96.47,31.77,4.6,23.11,0.34,1.05,25.64,44.68,948.85,53.67
3.57,87.56,114.55,4.79,12.33,2.33,4.15,36.76,83.31,2415.9,53.11
197.54,87.59,109.34,8.53,41.75,1.67,4.46,10.45,97.27,1880.25,48.48
85.55,17.61,37.87,6.4,27.09,2.91,1.94,14.85,31.55,1056.21,78.17
76.87,26.49,108.35,6.55,59.25,0.43,2.74,19.71,87.15,887.23,66.37
135.93,7.64,194.62,7.69,40.96,0.89,2.46,12.94,84.93,11.1,50.01
43.65,77.85,142.88,8.24,55.45,2.79,3.48,11.61,80.82,92.4,57.85
189.99,6.98,96.2,3.52,18.25,2.99,6.41,42.86,41.65,1441.14,52.77
157.27,55.67,183.22,9.07,22.53,1.9,2.73,16.46,81.65,769.0,59.94
17.88,24.79,115.06,9.92,24.95,0.17,2.25,30.75,26.32,2810.45,50.41
83.52,24.34,27.01,4.29,51.12,3.14,6.73,28.86,28.43,1671.6,63.47
175.82,99.07,109.5,7.73,16.64,1.4,6.51,20.02,44.55,2706.02,53.84
188.95,75.68,36.19,3.52,57.07,0.23,6.37,32.66,40.58,609.2,32.94
93.48,83.69,153.5,3.82,7.4,2.88,5.97,21.39,58.06,368.8,60.42
122.68,57.2,193.43,5.35,53.94,1.52,7.12,26.02,65.25,2499.58,58.73
33.41,87.1,72.16,9.0,29.83,0.75,5.73,23.33,44.06,1828.24,53.11
198.23,64.55,86.98,7.74,33.92,2.83,1.44,41.87,75.66,2127.67,70.44
46.33,94.62,84.3,6.4,59.86,1.66,0.36,42.57,20.55,1656.36,63.86
188.55,28.13,57.06,6.35,52.85,2.17,1.54,23.09,38.32,1072.45,61.02
129.93,59.53,158.84,6.53,54.72,2.9,2.98,18.64,48.25,865.51,76.05
121.55,69.01,123.55,5.52,37.2,1.88,0.52,35.78,51.51,285.83,75.99
102.54,39.29,12.81,9.21,57.6,0.48,6.08,21.03,49.13,239.18,43.67
46.13,87.97,167.76,7.19,42.83,3.38,5.17,26.83,20.98,1350.31,68.29
35.31,97.98,37.42,6.65,50.06,1.07,5.77,29.03,95.03,877.49,61.73
44.1,49.38,195.83,6.52,44.65,3.48,0.86,44.54,81.08,1737.17,71.73
37.29,39.06,75.33,9.58,47.95,0.12,2.7,23.4,20.46,2126.16,48.61
155.92,47.19,123.29,8.2,40.09,1.74,3.73,24.35,48.07,1963.69,68.36
70.03,85.27,15.56,4.44,44.95,2.5,4.86,12.39,55.4,2649.41,59.36
11.57,64.55,68.93,6.34,28.98,3.18,6.44,33.2,37.34,2203.97,72.28
193.82,4.48,160.47,5.37,43.88,2.75,7.82,16.69,93.28,1182.98,50.85
176.76,54.22,95.44,9.91,20.22,0.97,0.75,31.48,78.36,1082.04,60.97
185.55,1.73,180.92,6.2,39.92,0.93,5.17,18.47,89.08,181.14,48.35
198.98,77.85,115.03,3.94,33.81,1.31,1.17,43.06,79.02,1654.41,53.16
34.78,32.83,185.71,6.17,54.42,0.48,2.47,12.82,48.4,2035.51,56.34
79.25,47.2,196.52,5.59,42.03,2.38,6.2,42.54,58.12,954.96,73.36
151.65,79.87,90.78,7.4,37.81,3.3,7.95,29.28,24.83,2539.18,66.4
139.2,4.64,113.03,4.97,22.22,2.28,4.26,42.8,53.72,1084.68,63.02
30.78,15.85,166.98,3.73,52.45,1.91,2.89,27.26,84.12,1071.74,49.76
163.17,39.8,44.31,4.12,7.98,1.81,1.79,11.58,79.83,951.83,61.24
44.89,22.99,172.33,5.34,54.49,2.11,6.28,16.93,82.77,282.4,60.9
44.76,33.79,118.38,5.76,40.91,2.52,7.24,22.3,41.65,2980.17,60.89
107.39,99.82,145.1,8.92,15.42,2.8,6.8,42.82,27.9,1450.61,56.74
118.59,82.54,15.97,5.26,54.66,2.47,4.13,36.58,56.81,2818.98,52.78
116.02,88.39,153.24,3.7,22.95,2.5,4.75,31.06,58.44,1724.5,65.33
18.3,93.71,62.16,8.57,14.25,3.34,6.71,25.39,69.95,2605.4,54.66
175.49,34.09,161.05,9.15,22.55,3.16,7.44,25.64,27.54,1806.99,55.62
53.12,29.71,101.83,6.7,57.86,2.9,7.52,32.84,23.09,1944.36,64.61
25.9,23.41,54.92,5.35,46.4,0.25,5.55,35.21,79.77,2852.16,42.66
177.75,83.01,190.55,8.52,55.42,2.37,1.61,26.71,71.26,2286.35,58.11
191.13,67.96,153.01,3.56,21.44,1.65,2.57,37.94,37.59,534.65,54.43
172.43,23.62,197.14,9.51,9.53,2.2,2.2,28.36,87.15,1974.17,55.11
161.9,37.7,72.89,9.13,35.95,2.43,1.47,28.02,47.81,1017.71,67.89
131.05,50.67,129.84,7.04,31.57,2.53,2.08,32.69,58.38,1219.75,84.32
110.17,52.81,122.32,5.3,44.63,3.06,6.97,37.8,30.09,2605.96,71.64
17.4,88.87,137.51,3.71,34.85,3.19,6.19,30.9,97.81,2559.55,55.91
81.69,38.06,7.66,10.0,26.81,2.16,0.45,42.3,78.02,1059.86,61.71
74.54,90.85,58.34,8.45,5.26,3.14,1.27,40.68,39.21,2722.52,64.39
51.95,44.14,181.87,5.7,30.73,2.7,7.88,36.95,95.95,1421.34,68.23
144.68,74.64,84.76,3.63,11.64,0.79,1.89,26.18,50.56,856.01,59.64
99.18,93.03,192.13,7.66,55.71,0.22,5.11,31.45,54.03,131.57,51.26
16.21,90.76,42.7,9.91,55.69,0.13,1.72,27.73,33.2,929.57,45.98
44.04,5.7,199.48,8.1,49.2,2.09,1.95,10.22,54.13,2299.58,55.53
136.65,20.57,139.52,4.04,13.68,1.87,4.04,33.2,97.86,1441.66,55.99
15.23,47.69,155.28,6.11,13.11,2.47,3.95,42.05,54.65,646.12,63.83
170.24,43.16,79.37,4.21,35.98,2.97,5.2,28.16,76.01,1430.76,73.54
99.03,64.09,181.4,9.43,45.01,0.66,1.43,15.97,98.28,2726.99,62.39
96.12,94.47,109.09,5.65,54.75,3.01,2.18,26.08,69.83,878.51,75.32
118.48,11.24,136.19,8.27,54.17,0.43,5.03,10.11,42.77,2061.97,52.05
164.94,45.19,18.96,4.05,13.54,3.1,0.87,35.9,47.5,398.11,65.33
69.56,19.24,126.34,4.33,59.75,2.99,7.28,33.4,38.93,2619.86,58.3
135.6,89.41,175.82,7.92,13.62,2.47,1.51,32.81,95.75,1526.5,61.31
113.15,96.46,35.66,8.98,51.21,1.12,3.56,25.19,91.45,855.29,56.41
53.41,47.87,147.55,4.81,37.28,0.42,0.96,23.72,70.89,2557.77,61.09
175.73,10.4,5.08,6.22,42.31,2.75,5.51,19.54,26.32,425.89,53.4
159.49,78.53,185.24,7.53,38.22,0.84,2.68,42.06,83.33,1058.42,57.93
131.69,69.71,196.58,8.68,52.83,1.6,0.68,22.91,85.4,506.83,64.75
170.12,35.47,70.84,7.58,40.04,1.9,4.78,29.41,80.04,2614.23,61.29
173.46,88.74,21.41,4.12,51.68,2.43,7.85,26.01,33.74,1313.67,49.2
141.67,97.58,131.72,7.03,13.49,1.76,6.98,33.13,42.58,881.17,57.15
167.4,55.79,5.97,9.25,52.67,2.46,5.65,44.36,85.0,2567.84,47.64
139.49,56.57,96.5,9.14,59.61,2.87,0.2,30.3,55.49,2710.92,68.6
136.03,29.75,54.36,7.3,41.38,2.52,6.89,24.26,39.37,291.03,64.97
123.72,58.45,94.67,9.97,58.7,1.12,7.18,31.22,71.37,1806.15,51.14
150.54,43.96,3.66,4.18,17.09,3.14,0.4,11.19,67.49,1665.36,61.02
31.72,30.22,10.32,6.61,50.61,1.97,1.07,41.66,61.55,2501.21,56.05
176.17,6.72,3.2,8.54,14.3,1.68,3.67,15.89,47.52,1514.41,43.48
174.37,25.27,123.83,4.42,33.38,2.06,3.28,28.91,81.98,276.61,60.43
5.85,19.79,112.02,9.82,41.52,1.74,2.43,23.29,65.53,2917.36,51.82
165.16,54.2,46.63,5.8,41.31,2.67,1.66,39.77,89.24,1642.49,71.33
25.77,60.17,129.33,5.78,41.9,1.53,4.44,43.7,86.38,1907.93,63.0
67.02,60.86,176.84,4.89,22.65,2.74,6.19,12.17,95.43,155.93,57.99
148.7,38.82,55.46,5.37,58.55,2.68,7.5,17.24,79.25,2403.2,62.54
32.15,42.12,166.4,7.25,5.36,1.04,2.48,39.73,31.07,2711.7,52.92
163.59,83.42,132.5,6.29,39.15,0.43,5.66,25.89,49.23,869.56,62.07
166.43,47.62,6.76,4.76,52.64,2.99,6.33,32.14,80.22,862.3,60.99
101.49,98.78,75.03,8.76,54.01,0.67,3.88,22.99,30.79,611.27,56.38
1.28,43.96,101.55,3.9,44.61,0.21,7.38,28.7,74.14,1635.66,49.16
57.41,64.96,146.34,8.93,36.61,1.47,0.28,19.34,46.28,64.22,66.47
123.39,5.04,57.43,5.29,30.15,0.96,7.21,30.65,38.87,384.08,65.99
196.24,65.33,196.55,6.72,29.72,0.85,7.15,25.15,63.6,1835.63,64.37
126.36,85.14,136.91,5.98,28.38,0.69,1.18,33.85,27.2,1455.35,67.09
51.96,94.25,74.56,7.21,43.49,2.65,3.57,31.28,75.51,2234.27,71.34
126.8,99.73,19.41,8.67,45.22,2.76,4.18,14.68,52.57,2227.35,57.93
108.0,28.22,36.27,9.93,33.31,0.26,3.28,16.67,67.8,1303.44,58.28
155.97,57.54,97.52,5.49,45.74,1.96,7.17,10.81,26.98,2026.44,59.75
21.4,45.07,98.94,7.1,34.07,0.56,5.73,22.53,55.08,2579.9,66.31
152.21,56.38,153.54,6.53,10.35,1.8,1.08,19.55,82.78,1791.17,72.86
108.25,15.75,145.24,9.99,51.84,1.28,7.42,12.88,76.78,2905.28,48.96
192.6,85.61,40.25,8.76,52.88,0.79,0.46,33.73,63.06,2981.0,43.73
68.37,90.96,118.99,6.08,19.66,3.32,4.81,35.06,35.38,1539.65,65.61
126.52,44.97,4.12,6.6,48.25,3.35,4.23,33.18,67.18,781.25,80.93
186.41,28.04,79.71,5.1,33.11,2.02,0.67,18.16,74.14,2364.13,64.48
20.5,14.08,152.82,8.41,11.82,0.74,5.6,31.99,64.76,522.27,46.73
187.45,68.38,79.9,8.99,26.89,2.08,7.7,23.29,80.45,2321.76,61.36
137.58,31.22,167.12,9.77,9.21,3.26,3.72,10.36,50.06,1331.05,57.41
13.57,90.95,195.23,7.18,48.26,1.38,4.16,43.86,51.59,2336.1,48.67
60.19,67.1,121.44,7.86,15.79,0.57,3.13,35.12,95.35,893.94,66.95
141.63,64.57,29.0,6.4,14.04,2.46,7.01,18.35,92.8,1363.79,67.32
13.47,55.94,75.94,7.46,16.47,2.33,7.43,20.83,34.5,2508.2,66.92
116.43,4.58,1.9,5.77,17.44,0.1,3.24,41.43,39.64,1018.72,53.56
69.18,93.19,120.55,8.29,42.07,3.0,7.14,18.92,65.4,1221.07,69.67
124.18,62.79,164.31,3.65,40.12,2.35,1.71,13.23,64.64,1725.73,65.42
9.15,99.41,125.99,3.68,12.11,0.77,3.72,39.44,26.29,1925.68,38.83
174.31,53.74,157.22,8.15,44.84,0.11,2.09,34.42,93.12,566.32,53.75
194.7,71.01,159.98,9.55,24.2,3.41,1.87,28.99,81.92,1835.46,54.89
193.78,5.62,170.2,7.61,30.16,2.67,6.87,29.4,83.75,1444.91,55.02
149.93,63.17,53.33,8.22,11.87,1.34,5.74,34.07,75.33,2372.03,54.8
26.02,76.46,174.25,8.86,43.97,1.57,0.63,41.88,33.32,1957.02,53.62
151.65,77.85,130.82,5.85,25.69,1.93,6.08,38.79,49.12,1498.2,70.49
4.92,77.01,57.95,4.2,39.77,2.54,4.63,18.16,46.11,2578.74,54.21
4.42,22.63,197.46,9.57,28.5,0.69,6.32,32.53,99.07,1800.69,37.35
64.72,97.54,190.04,9.6,7.69,0.77,4.79,33.5,29.05,1406.33,43.29
97.73,99.52,114.89,6.37,43.69,0.26,3.08,38.76,64.39,585.56,62.51
154.08,7.56,168.64,4.91,35.39,3.45,4.01,41.89,81.75,618.25,57.63
136.66,93.64,52.3,9.3,28.88,3.08,1.22,12.05,52.56,445.48,64.23
89.18,28.94,83.21,8.1,16.09,1.98,2.55,13.31,62.15,2466.29,66.02
54.73,68.93,36.79,3.55,39.34,1.56,0.28,13.33,33.27,107.43,60.03
199.42,33.81,104.02,4.2,20.14,0.91,3.31,34.23,36.63,2905.77,49.21
85.24,96.78,99.2,9.89,28.6,2.12,0.82,42.49,75.63,1772.14,67.19
90.28,10.15,42.56,3.75,8.11,2.45,5.32,30.37,77.92,338.89,55.48
32.72,49.77,134.56,5.34,47.72,2.44,7.31,29.88,64.65,2435.44,63.96
158.96,42.8,23.56,7.07,9.95,0.12,5.95,39.39,92.43,2626.96,49.6
138.74,32.6,12.34,4.7,54.0,2.49,1.74,44.73,49.79,1104.09,59.25
44.15,64.55,76.98,5.01,52.72,3.05,4.11,42.97,78.07,1089.59,62.93
16.48,13.11,81.96,5.79,58.41,0.49,5.72,31.24,78.01,2539.74,49.88
136.1,71.67,63.95,5.25,54.96,2.67,6.47,44.91,57.04,1455.72,59.48
130.9,98.06,51.59,8.72,58.43,2.9,2.34,35.31,86.28,1536.44,55.7
54.65,80.46,67.76,6.75,53.8,1.04,3.87,34.52,62.05,2673.13,56.8
190.17,86.0,32.68,5.31,11.19,2.52,0.92,13.42,70.08,387.59,56.92
30.21,35.96,80.69,5.54,29.07,0.43,5.84,20.4,23.51,2654.75,60.28
86.47,32.49,180.92,3.76,9.19,2.31,3.53,30.42,75.22,2779.98,52.93
188.72,51.7,44.89,3.82,34.99,1.84,0.43,34.42,72.09,40.56,64.56
83.95,4.57,136.89,8.17,34.14,2.99,4.28,17.06,92.55,2046.68,65.89
127.71,94.54,28.36,4.23,55.72,1.64,6.35,38.31,31.27,847.17,48.91
79.52,14.38,70.78,6.59,58.33,1.56,0.45,40.65,35.21,1693.79,69.69
54.84,90.3,64.23,8.98,19.28,3.27,3.29,39.81,58.49,1946.91,63.15
196.8,8.36,187.41,5.89,37.03,3.28,3.91,28.81,47.77,1750.82,60.18
81.87,82.26,85.6,5.75,30.54,0.22,8.0,21.89,31.2,2037.14,65.96
178.82,15.2,138.09,9.17,35.07,1.75,1.83,39.47,32.25,1673.79,54.35
45.99,3.81,120.49,9.12,34.25,0.65,6.57,35.97,77.21,2225.56,46.53
42.62,71.95,28.21,9.22,55.28,1.03,1.25,11.32,79.89,1610.65,56.08
6.23,28.03,187.91,7.22,54.29,2.36,7.72,27.54,91.34,609.09,50.68
130.33,71.45,69.17,9.69,11.75,0.54,2.52,38.81,44.83,597.21,46.4
73.71,55.51,8.95,8.82,23.98,0.14,1.25,29.92,56.29,1951.44,64.11
172.87,10.88,60.09,6.2,46.4,2.57,3.12,19.38,31.1,1525.37,62.59
94.64,93.21,67.13,7.59,42.62,2.28,0.22,10.58,29.91,1075.19,78.15
193.64,45.23,18.55,4.29,39.72,3.17,0.96,17.93,20.9,1702.11,64.15
37.11,73.44,124.0,7.08,59.66,1.94,4.02,31.42,33.55,2961.07,58.57
173.72,50.1,69.35,5.21,23.53,3.31,7.53,18.86,42.39,1891.36,64.84
155.32,60.44,125.83,5.34,33.34,2.17,3.61,10.4,65.23,2081.14,70.51
154.18,30.28,1.35,4.32,58.85,1.42,5.32,12.45,69.71,2007.08,43.44
168.96,20.04,196.41,5.83,43.26,2.17,5.69,23.29,63.8,2085.45,60.42
152.2,54.26,34.1,6.63,40.68,2.65,0.39,26.27,22.59,585.88,77.35
125.24,44.02,131.87,7.4,13.51,1.28,2.64,36.57,61.66,393.33,72.58
26.25,39.01,143.16,5.48,18.57,1.37,7.98,28.95,56.09,2340.34,54.28
6.51,67.26,34.32,8.65,25.76,2.24,0.16,37.26,81.72,721.63,57.3
184.17,69.05,22.34,6.89,30.57,1.65,3.81,15.24,92.64,27.33,57.91
123.33,4.59,30.52,7.65,32.35,1.89,6.72,22.26,73.09,896.44,64.21
159.31,33.87,49.36,5.31,54.62,3.44,2.38,28.11,76.92,1392.42,75.02
96.3,41.18,33.65,8.79,10.9,0.25,7.97,10.55,51.05,805.89,49.54
23.46,9.69,134.8,7.56,18.66,2.3,3.94,43.63,67.34,280.39,57.79
25.04,23.59,84.17,9.11,12.9,3.24,7.32,42.29,63.72,753.05,57.29
137.11,5.16,107.56,4.54,45.44,0.9,4.27,33.24,97.83,241.45,51.59
86.06,99.62,9.47,5.97,58.38,0.82,3.24,17.47,78.59,1608.35,51.43
40.1,73.66,172.25,4.23,54.17,1.33,5.71,14.83,42.13,2055.79,47.11
98.32,8.75,34.11,4.9,44.78,0.35,7.67,41.09,90.98,2139.01,50.34
12.84,2.02,72.03,6.06,6.18,2.0,3.07,20.07,62.9,2369.51,57.6
116.39,71.93,14.38,9.31,24.09,2.29,6.93,23.18,32.69,153.9,60.79
53.8,43.92,27.36,7.12,52.5,2.89,5.31,23.85,86.69,2231.67,62.16
159.51,78.68,133.16,5.65,40.92,0.32,3.09,17.46,62.17,2238.24,57.84
62.07,92.35,138.52,8.35,16.53,1.58,0.54,35.36,26.34,1523.05,55.21
91.04,59.93,135.39,3.63,30.66,2.77,2.56,30.13,51.27,1802.53,75.74
2.32,18.71,110.43,5.91,9.84,2.71,6.67,41.11,59.01,2030.01,55.67
14.49,78.22,190.5,7.41,33.64,0.35,0.85,17.68,42.15,1491.05,58.26
78.5,95.58,101.44,7.29,54.56,0.14,4.62,21.88,43.48,2974.41,45.87
95.99,58.02,89.88,7.45,7.13,2.76,4.14,27.31,30.42,146.21,78.85
120.0,68.2,49.51,4.87,38.76,0.57,5.33,26.53,76.84,340.61,55.75
58.33,33.75,19.77,5.69,17.82,2.06,7.52,44.36,24.27,826.05,55.7
139.0,38.15,109.63,9.56,59.47,0.42,6.04,30.87,42.6,1717.83,46.95
172.02,73.47,62.98,9.83,8.58,1.1,4.13,24.36,36.92,2769.1,48.74
155.97,92.78,104.81,5.53,38.95,0.64,6.66,19.98,55.89,2890.46,55.42
7.92,62.9,41.22,7.69,19.1,2.6,5.64,30.21,82.87,2885.06,60.68
96.1,78.98,167.63,5.07,53.54,2.39,7.17,29.13,43.91,2858.91,60.68
20.99,17.16,199.94,5.9,11.71,0.56,5.82,27.78,89.84,2585.64,43.87
48.41,21.2,64.48,8.65,28.61,0.3,6.05,43.03,89.37,1599.78,47.12
197.33,53.2,168.47,6.76,15.19,1.69,0.76,27.65,52.61,2020.63,67.93
28.5,17.66,174.6,9.02,48.97,0.76,0.13,17.98,86.33,69.6,50.1
99.78,63.5,199.21,7.59,24.33,0.13,7.65,15.46,43.97,85.49,52.68
123.63,29.17,68.54,7.59,15.27,1.0,2.09,41.84,40.69,2615.61,58.93
140.49,79.15,151.21,3.72,44.92,0.83,1.4,44.92,89.55,1100.49,53.51
111.93,80.81,45.76,8.37,49.95,2.43,1.35,30.73,73.93,1124.67,73.36
1.95,46.38,124.96,9.86,30.43,3.03,5.93,35.45,39.52,574.64,59.13
65.29,18.08,140.97,6.57,25.84,0.91,0.47,24.72,22.05,780.1,70.87
103.54,64.68,148.22,4.53,39.77,0.86,5.32,40.16,79.96,2128.85,58.03
17.57,99.28,41.43,9.85,40.83,1.42,4.61,22.13,44.93,2587.11,39.18
70.13,62.26,169.75,5.39,41.34,0.69,1.26,10.67,27.8,1128.85,66.39
6.64,3.58,84.19,6.16,20.17,3.32,1.17,11.33,43.07,1991.23,68.27
15.72,1.73,43.27,4.0,56.77,0.93,1.15,38.9,54.67,2195.89,40.96
79.38,32.04,108.51,4.22,16.74,0.42,2.15,24.73,37.46,1548.18,59.24
26.54,19.58,172.67,4.91,25.58,1.99,5.17,43.87,24.81,1197.42,56.93
113.51,81.31,193.42,7.07,20.6,1.93,1.73,24.62,46.67,1807.4,73.38
137.89,84.48,149.64,7.13,56.21,2.25,5.31,43.11,60.12,1690.64,60.89
160.12,25.86,1.12,7.44,50.56,3.39,7.78,26.47,83.61,961.03,62.73
40.03,32.56,26.94,7.29,49.62,1.2,6.91,35.26,82.6,1010.09,53.76
33.5,23.62,15.25,6.72,5.26,1.32,6.4,20.26,32.84,597.41,49.62
20.91,90.84,20.24,8.71,42.72,1.25,7.6,29.21,57.53,1703.9,49.36
127.29,50.26,76.61,9.57,17.67,2.24,4.94,21.39,89.3,2813.12,65.24
141.3,65.61,67.7,5.25,58.23,2.15,6.17,33.69,24.06,1021.58,58.23
6.32,41.55,22.74,4.35,34.19,1.9,6.21,17.97,58.81,2014.96,57.16
187.24,63.1,176.45,6.26,36.06,1.34,7.8,22.53,60.18,2469.37,60.27
10.39,38.59,123.09,3.67,24.61,1.55,5.21,32.19,86.36,2894.85,52.15
108.26,33.97,159.29,9.24,34.52,2.79,2.26,20.63,59.77,2413.65,69.74
141.81,63.45,74.31,5.06,46.24,2.17,1.65,19.77,28.1,287.29,70.03
174.19,59.11,82.05,7.07,35.91,2.54,2.52,23.31,75.19,219.58,74.54
142.82,29.35,63.52,4.25,40.27,1.04,6.12,31.76,65.46,2147.33,53.96
160.35,14.93,87.69,7.1,30.99,3.2,5.29,21.66,57.36,2189.65,77.3
67.89,36.86,122.08,3.75,44.4,0.22,1.83,25.21,42.99,2637.58,60.1
162.97,41.52,98.6,8.5,54.48,2.13,6.89,10.73,26.13,2367.55,56.09
16.02,62.87,167.58,9.71,7.81,2.86,7.85,34.5,93.45,1773.09,46.82
178.96,91.45,180.03,5.5,10.9,3.05,6.08,38.41,87.35,2102.77,57.43
109.52,3.62,93.94,5.18,42.71,1.19,0.59,38.95,95.19,1838.81,63.81
163.46,24.37,47.95,6.41,25.77,1.66,5.06,29.23,95.25,2706.72,64.05
90.46,19.37,189.04,7.53,20.49,0.22,7.51,24.87,33.88,1353.55,54.14
128.72,50.23,147.01,4.73,14.82,2.79,2.57,16.51,45.72,543.08,76.58
105.28,42.97,128.03,8.72,36.49,0.52,4.72,32.96,58.21,557.14,62.7
146.32,72.9,149.08,4.79,24.11,1.56,1.89,30.18,52.51,61.29,63.4
16.33,24.24,15.2,3.54,32.94,3.47,7.06,25.04,97.12,2452.37,52.99
12.07,59.45,13.53,6.91,57.72,3.22,6.97,31.51,43.57,1751.31,57.18
49.42,88.39,30.62,4.25,46.7,1.22,2.98,43.4,29.69,1392.08,55.63
31.91,91.07,29.49,8.04,48.78,0.86,2.86,14.75,57.16,2230.31,51.65
174.36,95.88,84.13,4.59,11.83,0.96,0.1,43.76,60.7,948.17,55.38
43.84,77.33,31.48,8.81,22.87,2.43,2.61,29.96,52.7,2187.68,60.28
195.17,90.6,170.91,6.56,10.84,2.57,6.27,39.12,83.03,2572.26,54.17
67.38,23.45,115.62,7.18,58.27,0.84,0.33,44.78,59.52,1849.11,59.75
36.42,19.76,73.65,4.71,42.52,0.92,1.7,42.5,44.46,2913.58,49.47
157.94,0.65,13.92,4.45,6.06,1.2,5.87,23.97,58.91,2202.96,43.28
131.74,70.68,118.21,7.6,31.15,1.57,5.22,26.02,91.97,1315.74,72.94
99.64,93.75,23.31,5.16,19.49,3.22,7.89,31.21,88.93,1874.88,67.22
111.07,18.69,148.64,6.01,34.7,0.19,3.19,32.33,72.42,361.73,64.74
143.84,63.69,160.55,6.62,14.83,2.27,1.15,17.99,72.07,2737.56,70.5
45.69,74.65,108.8,4.99,8.13,3.03,5.35,43.17,68.2,1952.07,63.14
199.27,92.76,29.92,8.67,22.77,2.56,0.72,38.98,38.33,1231.55,58.91
194.96,64.69,157.37,9.61,21.25,0.84,1.02,14.56,69.25,2560.62,42.75
130.07,97.03,61.57,6.31,44.43,1.72,4.59,44.7,68.03,183.62,62.46
39.91,34.47,44.53,9.46,31.1,3.19,3.83,44.86,65.51,1595.45,65.42
136.05,34.99,94.11,9.24,21.02,0.49,2.18,22.4,84.42,2228.81,62.64
14.44,54.3,184.53,4.58,36.37,3.46,3.88,39.69,23.64,2112.48,61.7
6.13,38.35,59.47,4.63,8.92,0.59,6.96,19.12,56.57,51.01,47.88
51.54,0.14,181.12,6.6,41.43,0.58,5.83,15.61,24.29,678.23,56.57
92.52,73.18,10.73,6.92,13.1,2.86,3.69,39.9,83.66,2581.19,65.58
173.65,75.17,16.7,5.72,20.38,2.92,2.56,29.64,38.64,778.56,66.8
145.43,74.7,139.71,5.53,20.52,0.23,4.7,12.15,49.25,1437.27,57.04
148.54,34.5,38.12,6.3,30.62,0.67,0.12,39.14,46.24,2963.6,68.66
85.1,52.23,63.32,7.99,57.42,3.32,5.89,23.42,94.97,1791.52,70.45
69.19,36.0,27.27,4.05,22.86,1.05,6.44,15.91,47.12,1671.29,52.55
74.21,1.6,66.45,8.12,20.47,0.14,1.06,28.45,24.14,1735.92,56.43
197.53,56.24,56.09,9.52,14.28,0.96,3.28,26.46,23.01,538.61,45.17
8.02,12.38,147.27,8.46,26.56,2.6,1.25,38.12,37.31,2064.75,59.09
173.41,8.0,140.4,4.75,15.01,3.22,7.6,26.76,27.17,70.02,56.14
115.74,75.55,190.99,4.07,12.58,0.63,6.63,33.25,83.51,969.51,45.43
87.72,0.95,144.88,6.69,52.15,0.86,0.26,22.39,73.96,924.78,65.92
145.05,95.9,138.96,9.72,7.9,1.6,7.77,13.83,82.06,224.53,42.24
97.33,51.53,138.84,8.82,44.1,2.64,1.22,11.52,62.6,1007.47,78.1
174.68,98.3,176.59,7.16,16.14,2.34,0.76,21.22,57.88,1808.21,61.21
180.14,5.8,59.25,4.43,5.64,1.21,0.36,33.4,48.96,1130.94,50.27
84.34,58.35,60.02,8.14,48.73,0.33,6.35,10.37,85.08,62.25,52.74
55.37,34.93,148.24,8.78,43.63,0.96,7.41,18.71,20.14,1877.52,53.55
118.47,84.35,45.74,9.58,23.39,0.85,0.86,15.3,61.24,916.64,59.07
182.47,36.12,182.4,7.48,9.36,0.17,7.87,26.18,49.9,2995.38,44.91
42.13,26.05,106.96,6.84,24.84,3.42,2.6,36.12,32.33,2698.97,72.81
124.59,85.76,60.02,7.52,14.97,0.97,5.46,29.34,76.94,1462.68,61.95
126.31,37.47,155.22,9.63,56.29,2.94,7.89,31.29,41.45,1104.7,59.7
146.62,1.68,62.46,7.58,34.13,1.75,0.17,43.12,53.42,208.76,61.59
26.31,39.03,192.66,5.17,58.01,3.41,4.42,26.0,43.19,4.43,58.29
143.16,65.45,196.6,7.63,24.32,0.61,5.28,38.49,68.77,2395.97,47.53
181.81,25.44,133.36,9.22,35.61,0.48,3.03,22.03,20.87,1477.1,53.45
35.94,43.2,22.73,7.19,15.46,0.11,0.97,31.71,72.46,955.54,57.87
47.51,5.67,52.64,6.77,49.46,2.54,5.01,36.89,53.05,1709.39,62.4
194.28,58.81,103.08,8.27,7.26,1.14,0.47,38.95,77.14,917.42,58.62
36.2,75.63,170.29,7.8,43.26,3.06,7.4,17.77,87.11,1150.05,62.48
170.88,41.33,36.98,3.87,26.54,2.25,3.75,18.92,61.14,219.39,59.31
98.46,42.02,20.88,8.21,36.81,2.06,7.29,23.19,89.54,1326.03,66.65
49.45,8.83,14.9,6.15,37.57,1.76,6.71,18.76,30.66,426.69,60.99
174.15,20.19,101.39,9.62,44.09,0.98,0.13,28.9,22.76,1291.71,61.86
89.06,15.47,176.94,9.81,16.23,0.32,3.73,38.25,90.84,2325.78,47.15
102.96,48.17,8.47,6.42,34.23,1.61,7.11,15.37,29.43,706.84,72.61
71.85,52.93,42.46,9.8,28.48,0.44,3.04,24.26,34.48,688.16,60.18
118.59,94.89,138.65,5.52,20.52,3.18,2.65,35.43,29.7,2132.93,70.66
32.7,7.32,165.17,7.94,32.27,2.92,5.52,34.63,33.71,1611.19,62.96
78.22,59.99,161.48,3.99,57.36,2.21,5.67,18.36,91.93,1260.86,57.45
193.88,52.65,157.01,4.44,57.19,1.64,5.18,33.11,87.83,146.79,46.19
51.63,51.62,25.96,9.12,20.33,1.64,2.97,43.83,41.24,1410.77,55.68
131.35,87.32,79.45,9.31,53.63,1.68,0.6,31.92,76.37,1225.38,58.45
65.04,20.55,196.95,6.96,53.22,2.63,7.39,21.45,83.07,486.45,60.72
154.69,4.08,197.78,5.71,18.73,0.53,2.61,28.02,32.39,2791.61,51.05
26.17,67.23,120.49,6.43,37.94,1.91,6.39,21.83,38.25,1220.02,61.39
193.96,34.52,141.85,9.15,52.85,2.86,2.88,28.61,58.22,2.49,57.05
90.76,1.76,190.26,4.87,33.32,1.83,4.01,39.43,70.93,2905.57,60.0
47.21,25.14,89.99,5.42,25.34,0.15,3.05,14.69,53.66,1398.74,67.09
14.7,30.93,27.37,8.61,40.79,0.93,0.74,24.45,82.62,1868.07,58.63
33.95,61.68,133.79,9.58,14.48,2.37,2.7,32.19,99.22,1154.95,56.16
103.95,17.26,192.02,4.1,13.9,3.28,7.65,26.28,89.18,2350.75,60.53
67.4,41.31,139.44,8.72,50.8,3.14,0.97,37.36,88.13,929.95,70.15
165.78,48.25,160.66,7.69,7.3,2.9,4.49,15.65,36.13,1359.8,69.31
86.18,45.92,84.55,5.0,49.2,3.33,7.75,40.61,92.36,1273.27,66.81
49.74,97.39,19.29,8.41,20.98,1.05,0.26,44.24,99.28,1302.14,54.14
123.43,4.55,33.78,8.23,31.57,0.14,0.65,22.6,65.26,1883.38,64.28
141.36,95.1,196.53,4.42,34.89,1.3,7.28,13.99,80.81,2362.64,41.07
33.41,58.19,98.64,6.76,47.19,2.06,5.91,44.57,67.94,1174.57,66.06
33.52,79.57,2.4,8.43,53.61,1.18,4.41,22.28,99.36,1885.16,43.58
7.33,43.04,191.07,4.75,49.23,0.25,4.34,27.23,68.37,193.53,48.48
147.28,45.38,99.56,6.51,36.48,1.82,7.8,18.49,57.92,215.25,72.44
132.76,87.93,167.25,4.28,24.14,0.78,0.27,11.94,32.47,319.21,58.85
94.93,89.59,109.69,5.49,33.96,2.57,2.24,14.39,87.52,684.28,73.82
168.83,23.87,20.34,4.92,6.65,0.4,2.6,18.32,36.2,533.95,47.94
161.13,19.92,123.11,6.78,18.47,3.36,1.04,44.58,74.23,1435.5,73.98
117.07,49.62,199.48,4.42,25.14,3.08,2.92,37.87,39.59,800.38,71.81
173.65,90.03,6.95,5.99,22.59,3.07,3.03,24.72,75.88,2062.3,66.8
41.17,32.24,168.36,5.29,10.23,2.79,7.67,21.18,23.69,2339.01,53.91
22.38,65.2,47.1,8.35,7.79,2.25,3.59,15.03,34.02,1210.74,58.92
53.95,70.82,78.77,8.05,28.14,0.28,7.48,26.97,77.56,2654.04,49.91
11.42,77.87,74.54,4.12,9.11,2.35,6.5,41.75,67.27,1756.0,52.41
106.23,56.39,179.76,9.7,20.74,2.64,5.92,44.76,64.48,2629.57,53.82
187.32,40.25,100.9,8.34,31.12,0.54,2.71,41.57,27.5,1396.09,60.32
7.87,96.7,89.43,7.5,16.55,2.19,3.47,12.3,88.93,1028.43,57.12
24.42,61.13,163.61,6.61,9.37,1.73,0.45,15.53,70.75,1605.58,68.45
90.44,72.86,9.78,4.66,28.77,1.71,3.08,14.96,66.23,1155.9,69.79
186.78,34.5,17.29,9.75,29.67,0.78,6.98,15.65,96.82,956.56,40.41
63.23,66.99,4.34,3.55,55.36,2.61,6.27,14.35,64.1,319.84,55.84
101.45,25.78,137.6,8.0,12.03,3.25,6.49,13.37,84.6,1415.83,66.82
8.31,24.51,105.12,6.8,38.82,2.78,1.85,22.26,37.18,1917.29,73.27
29.67,71.47,175.2,9.37,22.58,1.35,1.76,15.53,46.36,2387.24,50.12
197.33,52.14,99.71,5.97,11.8,3.45,5.34,15.07,72.82,2605.57,63.18
193.02,68.33,44.36,6.87,26.62,1.34,5.25,28.36,70.4,509.36,61.71
0.99,26.94,161.03,8.33,28.54,0.9,1.64,17.11,26.91,1158.47,58.44
190.36,59.87,58.86,3.81,25.0,3.39,5.79,10.21,24.36,1833.79,57.43
127.82,44.39,187.14,3.85,47.12,2.79,3.07,34.36,37.09,1907.26,65.28
173.58,59.7,50.08,4.88,51.16,2.69,7.11,21.5,62.71,2610.43,55.17
90.95,29.09,33.54,4.45,13.18,0.36,2.98,35.8,81.86,1554.53,58.45
103.12,71.55,98.66,3.54,14.23,0.75,1.92,41.26,51.11,1635.0,52.76
97.77,80.59,10.1,7.55,28.17,0.16,1.65,42.38,40.14,1077.36,65.19
133.37,25.99,7.28,8.67,22.61,2.74,7.2,16.22,67.28,2871.13,55.16
27.93,30.06,99.2,9.72,50.08,1.05,6.89,33.54,27.91,641.15,43.63
5.99,66.12,43.02,6.37,59.82,0.55,3.46,12.62,33.73,2177.13,48.27
61.59,69.56,1.87,5.32,14.96,0.72,2.0,26.21,56.23,1569.18,66.44
140.94,70.41,59.21,9.12,46.94,2.28,2.35,24.94,97.33,800.53,65.27
40.37,68.27,95.47,8.99,38.4,1.57,3.14,17.11,46.11,594.31,61.67
134.69,39.28,78.86,7.56,40.44,3.3,0.45,37.13,88.08,1757.69,87.01
193.98,39.49,27.09,5.28,19.54,1.34,0.63,41.97,98.12,135.58,57.25
18.78,25.48,115.93,9.41,10.35,2.94,7.43,19.03,85.8,2868.58,52.59
134.52,15.68,142.07,4.66,34.88,1.96,6.15,18.73,55.35,1025.14,66.69
88.75,69.26,135.11,3.78,38.74,2.5,6.53,16.85,84.89,2995.59,64.67
173.63,9.32,78.75,8.68,57.97,0.67,3.88,34.04,23.59,1680.16,44.05
35.43,93.78,27.52,7.16,42.14,2.65,2.98,11.97,89.13,925.08,58.78
138.53,82.67,99.9,5.1,29.4,0.39,0.83,12.23,59.16,690.56,63.37
167.62,85.75,178.09,7.86,59.67,2.45,4.51,16.09,56.02,2299.11,53.35
188.92,90.67,93.74,8.48,25.53,1.68,5.97,29.1,78.61,163.29,54.61
136.65,40.86,39.14,8.99,13.94,0.88,1.65,18.84,94.49,2336.88,54.67
99.43,84.67,18.61,5.33,38.99,1.73,3.17,44.56,40.35,1897.6,59.98
123.57,15.81,188.79,3.67,19.64,3.01,7.43,23.83,53.89,1043.24,64.02
173.78,2.16,148.6,6.82,55.72,0.63,6.77,26.45,72.06,1708.94,48.04
114.12,78.49,62.59,9.06,28.53,0.68,6.41,12.29,68.52,2657.24,50.69
6.08,7.48,59.07,4.85,13.23,1.92,0.41,34.69,38.78,2843.84,52.97
186.19,98.85,179.04,6.24,12.79,2.23,1.41,37.6,21.43,2802.7,51.89
137.91,67.48,35.51,5.17,40.73,1.53,2.52,21.7,33.04,1543.04,63.15
135.3,75.34,107.01,3.59,25.12,1.01,2.5,35.41,23.17,1762.54,59.53
43.14,24.58,142.7,9.34,25.0,0.33,1.12,17.97,24.84,547.91,55.38
131.78,67.39,79.28,4.38,38.68,0.27,2.39,37.93,39.66,2757.62,65.76
78.77,4.32,7.98,8.48,17.18,0.24,3.48,28.98,77.91,192.76,55.2
130.25,83.78,45.55,5.75,13.0,3.16,0.49,23.9,40.54,1451.05,72.6
21.32,16.96,180.36,5.3,41.15,0.55,3.29,35.21,38.01,626.83,49.54
131.57,69.74,104.62,9.62,5.29,1.1,4.02,31.51,70.93,1310.25,59.04
199.88,22.45,163.09,7.77,54.91,3.45,0.42,28.63,65.06,2065.18,65.15
9.64,6.85,111.14,7.96,15.06,3.25,5.43,17.39,60.66,1268.55,61.76
195.43,48.15,188.72,8.44,29.63,0.25,0.73,39.73,71.68,2776.32,53.25
81.38,16.93,181.83,5.72,16.63,1.97,5.22,25.11,48.56,1920.41,62.27
174.15,72.94,96.58,7.16,17.0,2.25,7.95,25.59,21.19,1703.59,61.74
156.48,23.76,63.65,5.26,50.93,0.28,0.58,17.04,54.4,1303.89,58.46
113.4,34.25,120.33,8.92,37.18,2.58,2.25,42.6,49.34,1044.2,70.05
147.69,56.74,134.98,7.4,22.13,3.46,1.12,29.41,81.75,2684.42,82.03
175.7,28.5,99.67,5.08,18.81,1.56,3.02,26.2,27.22,1255.14,66.92
80.83,37.8,164.46,9.35,16.71,1.63,6.7,44.21,82.49,1740.33,55.02
65.41,81.56,36.67,7.28,35.49,2.34,7.44,22.81,76.88,1476.88,64.41
133.52,17.92,66.88,6.72,45.19,2.6,6.73,11.11,46.74,1806.81,74.57
161.57,8.22,137.28,3.72,18.94,2.79,5.56,18.03,70.2,643.52,53.43
152.46,32.84,49.34,9.41,23.28,0.36,5.77,36.13,62.13,2947.9,49.53
159.56,42.44,87.97,9.69,44.62,2.82,1.05,15.47,37.03,1146.23,73.55
87.12,54.27,192.75,7.16,45.55,3.04,2.06,15.45,92.32,800.02,76.18
163.57,37.24,125.18,6.38,16.4,0.25,2.97,25.95,35.18,113.2,63.32
24.04,78.99,189.81,5.84,26.02,0.23,0.5,25.85,31.04,2529.04,55.08
108.9,3.93,144.49,5.24,52.85,1.97,6.59,26.1,52.79,1952.96,63.33
1.15,43.18,144.93,7.23,45.71,1.79,2.12,17.68,79.44,894.04,63.47
64.92,38.23,118.37,4.33,13.94,3.43,0.51,15.9,37.71,1117.1,80.94
73.29,64.76,28.44,9.47,26.23,1.1,0.68,36.92,89.33,1427.67,58.89
79.23,96.63,103.94,4.64,58.53,2.11,7.76,31.14,66.22,1258.93,57.04
139.09,51.04,50.53,8.35,33.9,1.82,7.3,21.24,35.21,1275.04,62.26
77.71,98.69,199.73,5.49,44.56,1.92,7.67,16.9,63.42,1871.11,59.9
89.74,30.22,53.39,4.97,10.06,2.34,7.66,40.72,38.61,2547.17,60.66
47.51,3.09,46.14,7.13,50.79,1.93,6.42,14.78,36.19,1131.72,60.88
74.65,16.57,124.78,8.47,38.26,0.12,2.28,30.44,32.27,540.49,57.71
45.45,39.51,102.19,8.22,14.66,2.97,2.67,31.36,67.07,92.2,67.53
14.64,31.63,4.27,5.02,25.91,0.78,3.28,39.99,20.8,1346.09,54.07
120.69,9.71,25.91,5.65,9.57,0.89,6.3,11.99,96.23,640.09,54.54
133.64,43.27,162.21,9.15,47.74,2.3,7.42,20.77,22.15,648.4,55.31
123.9,33.81,96.74,8.2,45.97,1.72,3.58,43.81,94.42,263.95,60.49
92.7,12.26,29.2,8.13,31.96,2.05,2.48,29.91,46.55,461.14,66.52
75.96,29.61,93.05,5.25,29.86,1.79,2.02,24.62,65.6,1345.51,77.94
172.67,88.64,50.63,8.65,30.49,1.52,2.13,21.09,60.01,2056.03,59.89
103.82,30.2,44.72,5.83,7.06,1.74,0.15,15.22,44.62,1347.48,74.29
95.84,71.4,191.55,6.11,25.25,0.58,1.95,16.55,44.95,2156.95,64.96
5.13,61.2,72.4,5.37,12.07,3.4,2.43,37.28,30.8,2317.37,71.67
68.25,42.72,9.29,4.29,15.16,2.05,6.23,18.55,46.98,1982.72,64.38
76.04,23.9,194.07,6.23,57.92,1.08,4.43,17.7,70.71,74.6,57.83
79.76,36.9,158.97,3.61,19.4,2.52,2.72,21.17,67.35,1654.18,68.99
116.03,59.21,50.88,6.46,31.6,3.09,4.82,36.47,88.36,864.69,78.15
106.72,35.08,81.78,8.21,53.83,1.11,6.33,24.71,37.9,2598.03,64.19
121.58,21.49,172.46,9.74,27.74,1.2,4.92,11.0,32.93,2713.65,50.84
152.98,11.65,71.48,4.01,34.07,1.59,0.65,27.96,84.36,1262.31,60.11
162.6,87.98,113.48,5.33,14.28,0.84,2.0,19.73,84.55,2250.48,56.56
143.62,44.03,106.97,6.71,20.68,2.85,2.36,26.04,78.28,1138.74,83.9
191.1,62.52,80.26,4.61,32.84,2.09,2.97,40.92,31.22,1456.63,65.62
3.65,49.04,127.9,4.26,25.07,0.29,0.29,16.89,91.87,2948.39,46.92
39.16,87.26,94.66,6.44,7.1,3.49,5.98,21.85,51.87,518.27,71.7
1.51,54.69,4.25,7.27,27.05,2.05,3.82,43.08,48.51,1813.74,59.06
129.49,48.08,162.88,8.83,49.83,3.13,7.18,37.07,31.78,1913.92,59.87
179.61,92.46,22.63,9.99,11.38,1.81,4.19,19.6,34.31,2533.39,40.75
48.7,71.97,92.82,8.53,6.03,2.08,7.91,13.72,27.78,445.3,57.64
185.41,11.15,115.98,4.94,11.53,1.65,5.64,42.69,62.74,2713.98,49.43
12.05,17.77,141.1,8.36,42.78,1.54,7.11,15.09,50.3,2037.55,42.05
186.89,78.71,82.16,6.99,48.71,0.84,7.79,22.76,32.09,2980.24,49.9
70.32,83.59,147.11,6.43,7.68,3.37,3.83,21.61,74.24,1606.07,76.13
20.28,54.52,26.27,9.58,53.82,0.72,5.1,14.06,46.1,1883.55,41.17
97.17,55.45,130.69,8.06,39.5,1.89,7.32,13.53,74.07,572.9,62.34
51.36,63.19,165.27,7.93,33.5,0.4,4.64,19.88,83.98,1208.95,62.76
56.97,43.91,177.89,3.58,18.95,3.48,0.52,22.89,70.18,2355.96,67.92
61.46,68.02,115.91,9.12,25.44,1.99,5.61,43.91,20.76,905.78,60.5
160.61,10.85,62.58,8.66,57.08,2.87,7.49,28.77,42.68,2835.42,46.03
107.83,96.13,32.67,5.44,55.14,2.01,6.27,41.82,22.05,2259.16,57.48
62.26,75.02,69.11,5.4,39.4,2.84,6.35,14.5,48.58,668.52,64.5
122.07,63.12,107.99,3.85,36.84,1.92,0.73,18.35,87.16,2757.57,72.66
143.23,31.63,39.27,3.83,16.58,1.61,5.93,15.7,84.73,691.3,51.97
54.52,16.1,190.5,7.85,57.43,1.65,0.35,23.13,33.0,1628.8,60.34
82.71,40.93,179.43,4.71,46.55,0.11,7.45,42.11,74.07,1792.0,51.86
24.38,66.16,6.59,9.5,26.02,1.36,7.32,20.29,90.19,1161.86,44.26
36.23,63.37,112.39,8.98,49.87,3.34,7.84,30.85,89.15,801.54,63.22
136.22,38.26,157.86,5.77,16.65,2.4,2.5,42.04,84.32,184.62,69.75
36.29,61.33,49.08,5.97,16.73,3.23,4.37,27.59,39.34,2563.43,64.76
105.03,81.37,104.78,5.63,48.5,0.78,4.67,28.47,97.97,500.07,63.01
141.81,2.63,81.2,4.1,35.76,1.77,4.5,29.34,77.5,741.75,55.93
21.38,45.06,39.31,3.7,35.57,0.22,3.36,19.81,75.61,2494.15,43.23
113.46,75.86,122.95,6.44,36.55,2.4,7.9,24.64,93.51,1001.5,73.85
51.31,54.61,198.74,9.63,11.92,2.77,7.1,39.66,47.5,1917.95,51.1
192.59,65.15,73.06,9.46,24.23,2.64,4.92,23.99,55.96,1750.34,58.92
96.71,51.67,110.48,8.76,36.52,0.4,5.22,24.66,54.84,2366.44,62.98
161.2,99.19,65.57,7.59,18.62,0.94,5.74,14.06,29.31,1944.24,46.6
110.05,5.46,175.39,9.07,32.72,2.33,4.87,26.22,43.09,1158.29,64.0
8.68,49.1,172.92,6.85,35.64,2.68,5.69,12.91,76.31,2533.23,65.08
126.63,9.14,35.75,4.67,56.85,1.03,6.55,19.35,23.14,1928.83,49.37
190.28,15.98,179.99,7.95,18.52,1.48,7.83,44.28,56.98,1351.85,41.26
120.32,38.3,30.3,9.48,29.16,1.29,6.81,41.67,77.9,1099.51,58.24
163.84,15.55,19.09,3.63,58.98,0.12,1.12,31.75,78.85,1819.97,45.59
176.84,96.37,130.59,5.13,15.27,2.06,4.42,34.95,93.24,58.32,61.33
45.62,94.68,77.18,5.23,47.9,2.37,5.09,18.32,64.83,2251.39,58.48
42.41,33.61,106.15,4.14,14.74,1.04,2.2,15.04,36.59,2205.36,60.02
122.2,63.97,130.51,4.97,51.75,2.44,3.86,29.28,81.67,1409.05,74.85
82.21,53.38,10.57,6.0,31.84,0.93,7.47,41.43,60.46,1158.6,65.62
167.97,81.56,58.59,9.61,58.47,2.53,2.15,39.13,85.13,2407.9,59.92
180.0,62.74,92.18,9.09,14.35,1.65,2.61,30.62,37.65,470.3,58.2
70.68,0.03,53.32,9.65,42.84,3.06,7.28,44.46,20.57,2220.93,49.14
47.37,76.32,9.79,4.28,43.24,1.95,0.85,18.68,42.46,80.63,52.75
156.11,74.68,17.34,3.68,44.54,0.73,7.05,36.84,34.63,2724.4,40.12
54.96,50.97,160.35,4.21,10.55,2.89,2.5,19.93,77.39,2856.85,64.89
164.52,90.29,182.28,9.44,20.87,2.74,4.04,44.11,60.16,2167.14,52.51
84.75,90.84,30.45,4.52,23.59,0.39,5.18,19.26,49.91,2243.26,54.96
133.51,52.39,49.85,7.22,22.84,0.26,5.21,22.79,26.16,1098.57,63.68
19.11,60.8,130.45,4.98,42.13,0.56,7.84,26.67,37.07,2634.17,51.19
124.77,99.65,190.85,3.63,8.02,2.97,0.37,21.26,94.27,911.48,59.49
90.35,29.88,59.92,4.05,45.15,1.19,5.66,19.64,36.49,1701.83,60.94
117.32,32.46,171.04,8.11,33.96,1.82,6.78,26.47,66.39,2219.49,60.26
33.6,18.28,101.2,4.69,14.51,2.15,4.75,38.58,85.68,1754.16,57.08
147.37,89.59,191.31,4.99,17.44,2.63,7.81,37.08,43.28,1480.54,55.98
172.56,74.45,27.25,5.95,10.37,2.92,3.4,25.55,84.14,686.31,68.23
43.35,10.56,194.73,7.77,30.25,1.85,6.02,20.95,45.91,1967.95,56.79
19.14,98.18,88.2,6.55,37.72,1.51,5.52,14.6,66.03,2272.01,58.51
4.73,73.1,190.59,9.64,36.95,0.77,0.35,40.44,42.54,1706.78,45.53
128.39,85.05,91.74,6.32,57.93,2.17,4.47,41.01,66.09,2454.84,62.29
121.42,4.82,106.02,4.79,21.28,1.97,2.16,12.34,36.88,1797.75,66.12
109.34,50.5,160.96,6.98,46.91,1.09,4.28,36.2,84.7,2244.38,68.93
46.39,69.86,144.53,6.43,44.77,1.62,7.08,40.94,58.45,2798.3,58.46
78.18,54.29,123.92,8.62,8.37,2.61,5.08,35.77,93.38,816.47,65.66
118.9,66.66,83.4,9.58,56.15,2.23,4.79,21.89,70.39,1344.48,62.8
99.35,81.79,158.49,8.94,56.22,1.74,5.41,25.01,86.23,2722.24,61.16
197.56,37.43,189.65,6.03,26.8,1.03,4.27,20.52,88.02,1457.37,60.32
27.29,84.87,1.96,4.9,27.97,2.37,3.64,29.0,62.11,21.32,61.53
139.03,16.29,117.57,9.44,50.08,2.23,3.06,41.15,77.3,132.52,58.05
80.86,27.09,173.2,6.01,32.23,1.66,5.63,33.5,64.46,301.44,68.75
85.64,4.33,130.62,8.51,48.96,0.91,6.23,26.04,21.82,1222.57,58.33
143.52,36.44,160.17,9.93,6.99,0.69,3.44,40.11,77.45,1144.84,53.58
138.49,37.99,179.01,7.25,18.76,1.25,0.45,10.03,99.48,1855.64,64.58
198.25,80.53,150.19,6.62,10.01,3.19,4.39,19.61,89.6,635.0,64.36
25.68,65.31,143.4,8.05,29.98,2.66,4.63,25.26,24.21,1262.53,72.72
20.82,43.67,192.95,4.76,51.98,3.13,3.88,30.74,94.75,2070.89,59.28
144.87,65.21,172.74,6.67,36.34,2.96,2.94,44.85,36.07,2969.84,71.37
115.68,5.28,163.08,5.53,33.62,1.66,7.18,32.38,24.36,1423.79,60.09
54.83,18.03,17.28,4.57,25.14,1.9,3.9,23.35,20.93,8.37,53.73
15.88,62.69,47.81,7.47,8.5,0.68,6.41,35.37,53.83,1850.95,46.71
17.13,64.14,111.35,7.24,47.15,2.55,5.14,44.45,44.06,1560.3,68.72
178.84,77.41,141.91,8.45,36.39,1.53,6.32,31.39,34.28,1058.25,63.52
38.37,40.3,60.64,9.17,56.2,0.65,7.03,22.31,26.92,1003.75,47.9
64.67,72.26,18.67,4.93,28.76,0.42,2.02,33.88,48.58,2178.99,57.25
45.33,68.4,62.22,8.57,27.08,2.47,6.65,26.24,38.3,966.98,66.17
71.0,96.34,154.21,5.89,58.59,1.74,5.8,28.75,71.04,2920.16,53.77
13.88,21.51,175.48,7.59,12.76,0.13,4.53,43.44,50.15,287.14,49.64
103.81,55.17,182.58,9.03,18.88,2.9,4.41,25.28,56.0,260.93,67.73
13.52,60.18,75.77,5.17,31.85,2.21,2.56,20.98,81.32,2767.69,62.42
160.07,99.86,74.51,7.41,33.79,0.23,4.37,32.22,47.91,1271.66,57.42
46.74,20.12,81.34,6.62,35.18,1.14,3.14,29.89,33.24,1443.37,70.86
108.0,52.32,75.16,8.64,16.67,2.56,7.12,23.91,43.59,291.29,69.66
176.02,34.62,133.24,8.03,55.98,0.3,4.7,20.6,74.36,1076.91,56.35
130.18,52.59,71.66,8.5,43.69,2.6,2.46,28.38,29.45,1693.31,72.89
106.59,23.21,4.07,5.37,19.21,1.82,1.24,15.72,72.41,269.28,65.77
64.87,4.76,87.8,8.08,21.18,2.76,5.58,19.38,78.14,2097.83,73.87
66.6,57.26,44.83,7.44,53.42,3.01,5.35,39.77,71.52,1944.16,68.21
133.9,33.59,5.76,6.47,25.92,2.71,2.94,41.82,49.06,1740.25,70.28
198.83,18.19,94.17,5.96,35.6,0.37,1.38,23.77,72.28,1122.98,60.06
132.37,32.39,41.19,5.66,11.62,1.67,5.76,39.2,86.5,1138.85,57.91
111.56,4.93,90.55,3.56,18.85,1.18,2.24,13.61,45.23,2609.98,48.81
146.13,95.04,55.55,4.6,27.91,1.83,6.91,17.57,41.5,101.79,59.51
93.04,58.11,120.74,3.88,41.09,3.38,5.84,30.88,96.57,2282.07,69.94
12.03,81.48,198.18,9.01,20.41,0.52,7.15,33.73,91.29,569.68,40.43
112.46,42.31,109.45,9.09,57.29,3.04,7.88,18.81,41.59,2314.99,64.49
191.53,90.33,129.38,9.0,17.11,3.47,2.79,42.89,33.66,1464.42,50.74
35.06,48.33,183.86,8.82,47.84,3.47,4.08,31.82,53.85,1082.62,64.13
138.0,57.39,74.8,4.94,25.05,2.81,3.29,42.25,60.43,854.43,73.24
40.19,49.18,33.31,6.7,50.84,1.68,0.71,13.71,33.47,1452.82,72.37
107.17,73.33,56.56,9.4,55.77,0.71,3.3,30.42,21.96,2126.93,55.96
19.34,56.67,80.56,8.44,15.29,2.17,3.61,21.96,85.48,1659.35,63.3
90.07,27.16,129.0,3.51,32.03,2.18,1.47,40.33,93.97,1918.57,66.6
151.23,14.55,0.92,6.49,13.49,1.18,7.08,10.47,25.52,2805.86,46.25
69.51,60.61,170.68,3.57,43.82,2.2,2.41,36.85,87.25,1864.69,57.67
132.98,48.92,15.22,5.32,50.77,0.5,6.09,15.74,55.39,1761.68,53.17
159.09,9.6,180.13,6.33,26.42,2.26,0.7,41.15,34.25,1127.43,66.85
185.44,39.56,189.89,9.3,26.82,3.15,0.34,26.18,50.9,972.83,67.37
46.93,51.48,198.02,7.75,16.21,1.71,7.96,16.03,89.27,1587.31,54.73
79.86,82.69,161.9,5.86,21.86,2.7,1.07,38.63,29.77,40.22,72.04
30.48,7.61,28.37,6.69,22.81,2.26,6.15,27.61,27.89,1728.42,59.64
198.5,34.85,141.23,8.81,13.56,0.11,4.88,12.15,97.26,1000.17,45.6
185.4,82.27,40.66,5.45,22.05,0.51,3.68,11.15,43.48,2326.75,55.77
107.99,64.84,179.43,7.5,54.9,2.73,0.39,18.88,88.9,411.46,75.85
168.41,29.0,63.32,5.2,22.9,0.24,2.7,34.98,64.92,2168.04,53.61
104.19,84.53,65.36,6.62,20.09,3.35,7.21,25.2,39.23,1338.93,76.6
124.72,49.33,183.53,3.66,26.16,3.14,7.25,28.42,43.6,1262.83,70.85
17.82,49.84,2.65,9.04,57.82,1.33,4.84,14.76,52.96,136.1,40.49
151.05,97.66,38.79,3.81,47.05,1.16,4.64,35.21,31.96,1031.0,46.58
25.54,94.71,84.39,4.96,16.1,2.18,3.46,22.64,76.8,2797.13,59.07
165.21,35.85,140.14,5.67,46.39,2.18,6.23,21.72,53.41,36.7,62.01
156.41,14.06,129.51,7.56,47.14,0.4,7.08,30.37,91.14,430.21,49.73
141.75,32.57,133.88,8.18,57.26,0.83,5.85,36.79,93.25,2357.49,51.41
7.23,3.05,176.0,4.02,54.01,2.26,4.25,10.85,93.09,1218.73,45.14
60.63,2.08,24.21,3.78,10.24,2.82,5.11,11.71,71.94,442.44,50.09
52.62,39.55,104.43,8.69,30.0,0.75,1.84,13.36,58.09,520.54,70.87
72.03,94.1,145.1,8.13,43.66,2.49,7.93,39.61,26.75,357.99,55.78
17.53,87.14,127.22,8.91,58.54,3.06,7.49,39.94,80.44,131.84,49.45
187.39,51.14,89.66,7.9,9.68,0.5,7.66,32.34,27.12,2975.26,47.09
110.76,56.52,3.42,8.38,25.25,1.59,1.42,11.61,34.6,1462.72,66.81
61.1,0.59,12.09,5.96,32.07,2.99,5.26,36.28,87.42,799.21,62.78
79.4,21.55,23.79,7.34,27.73,1.36,5.29,40.37,88.3,1557.52,58.06
89.44,2.48,68.65,8.74,30.07,1.02,2.91,42.04,54.78,1109.39,64.02
120.12,75.45,23.53,4.62,25.3,2.64,6.93,38.09,77.6,2444.0,57.78
103.14,14.56,85.22,6.25,58.38,1.46,6.28,25.7,37.61,1800.59,65.24
183.88,86.9,35.73,8.31,49.18,2.5,5.78,26.06,91.73,2491.03,56.93
99.39,64.33,155.83,6.96,45.52,0.53,0.33,27.4,72.32,707.05,75.98
198.43,22.94,174.3,7.93,27.59,1.98,7.93,26.59,88.62,1623.44,51.15
170.28,15.77,77.93,5.4,53.48,1.39,5.78,28.0,51.35,789.86,58.0
41.7,62.76,102.27,3.71,10.13,3.49,7.76,12.85,23.2,756.19,55.54
186.12,90.08,190.7,3.69,12.89,2.11,0.79,38.51,99.45,542.06,51.6
23.27,71.84,107.1,9.63,57.47,2.42,5.59,10.1,80.97,1204.38,52.81
163.49,34.85,199.01,9.64,36.18,0.55,5.98,11.09,33.31,2090.75,45.34
76.12,58.74,28.43,4.87,13.77,3.47,0.61,10.93,71.21,1523.01,75.05
175.59,31.08,172.45,4.46,57.2,0.27,0.61,41.51,95.65,2917.67,41.53
173.61,99.91,99.44,3.62,58.62,0.34,6.12,44.84,91.86,796.68,36.15
161.19,74.88,4.54,5.0,53.48,0.36,6.4,20.4,95.2,2071.02,42.13
158.01,61.44,194.44,5.67,18.12,3.06,7.29,14.39,28.8,1124.39,64.34
60.94,42.33,193.01,5.07,20.32,2.58,6.2,10.66,88.33,1045.9,60.12
16.18,61.82,76.65,8.68,27.38,3.41,2.0,41.56,91.31,1296.15,68.83
80.6,34.16,190.83,8.37,36.86,0.33,7.75,22.52,34.46,720.33,53.46
34.7,2.89,28.2,4.03,59.57,2.45,2.21,27.23,76.6,2799.68,45.76
138.99,39.51,136.02,8.03,57.59,1.91,5.84,23.13,75.42,1136.63,59.94
69.22,93.05,38.39,6.88,55.66,2.27,4.28,41.75,75.09,791.37,56.01
195.12,62.63,49.33,4.36,9.91,1.84,1.07,39.14,65.81,1765.71,55.43
128.19,8.4,155.87,8.31,46.64,2.4,7.42,41.37,39.05,491.44,54.45
164.5,88.5,75.47,4.06,53.23,3.18,4.74,25.04,28.6,2190.03,61.02
26.5,26.89,1.43,4.65,23.33,2.1,0.83,17.59,39.66,1219.4,58.93
172.4,24.38,82.85,4.47,17.08,3.15,3.13,31.07,93.15,1567.65,62.24
184.55,29.71,45.61,9.6,46.16,2.76,6.14,17.39,38.06,2499.34,48.75
97.41,57.72,136.67,8.04,10.0,3.04,4.99,21.38,54.54,433.47,75.54
121.25,54.47,38.89,6.17,56.75,2.34,1.87,43.08,55.27,1761.85,76.21
152.96,49.14,168.45,8.84,13.58,1.86,4.6,40.49,93.95,101.96,54.66
34.97,71.75,53.42,4.9,30.16,0.34,2.54,25.3,29.2,1195.84,57.61
100.51,31.65,78.61,9.55,59.05,2.94,4.27,21.23,58.28,2561.11,66.64
79.73,78.21,59.61,8.03,59.35,0.92,2.61,30.26,84.76,2175.17,58.12
29.27,17.53,128.78,7.14,47.68,0.22,4.02,36.7,24.94,2355.94,50.9
73.51,78.26,20.23,8.67,51.16,1.86,6.75,16.8,79.66,1259.95,50.68
13.63,66.38,95.62,7.69,58.19,2.25,1.77,41.74,27.52,1431.2,62.79
5.16,68.32,66.89,9.27,56.01,2.35,0.11,16.56,56.19,2520.72,54.74
27.03,48.16,176.83,8.89,39.22,2.38,1.32,31.35,32.64,1518.56,62.2
192.62,66.7,14.68,4.79,45.4,2.32,6.75,29.24,51.19,1779.62,56.29
109.91,7.98,165.94,5.06,37.66,2.85,3.38,21.51,22.98,2527.55,69.0
193.16,85.16,33.54,3.92,32.86,2.72,5.94,29.65,87.37,2446.52,48.61
86.5,5.55,17.72,4.93,53.45,2.86,0.34,40.8,30.7,731.17,68.49
62.36,14.87,40.46,5.73,45.59,1.66,1.26,21.57,35.0,1762.64,69.04
101.23,57.68,20.53,3.69,52.29,0.31,4.59,40.98,56.66,617.18,48.94
87.9,73.94,104.2,5.55,10.28,2.27,5.79,12.19,21.56,121.06,59.64
21.13,7.63,197.64,8.52,36.71,0.81,6.32,28.68,93.69,311.52,44.12
128.17,92.08,6.87,8.96,23.12,3.02,5.18,20.25,53.08,1406.57,62.97
43.21,97.36,92.23,3.56,33.24,2.55,6.08,42.56,62.38,2666.17,51.82
123.92,60.6,77.21,3.55,38.71,2.7,1.41,11.65,89.56,1432.19,75.72
130.04,48.12,67.92,4.45,51.52,1.07,5.3,10.66,66.09,378.61,57.63
30.4,74.14,66.37,9.17,6.75,2.25,3.46,38.33,26.38,427.56,53.1
12.27,32.84,179.0,6.55,14.02,1.9,7.33,35.89,84.25,1861.95,56.32
156.15,49.33,3.8,9.89,55.68,1.01,4.96,15.43,93.27,2576.2,45.79
91.96,91.62,154.98,9.27,58.2,2.86,4.38,42.97,84.66,960.53,57.88
11.63,95.57,50.59,9.29,8.05,1.97,4.67,40.58,35.21,1649.93,44.67
198.97,92.71,76.66,4.34,23.25,0.75,6.67,18.5,58.49,2677.02,40.67
11.56,26.24,84.03,6.59,5.54,1.14,0.19,33.95,43.96,397.46,62.72
139.01,23.25,60.95,9.96,46.66,0.87,6.9,25.0,67.84,469.52,53.43
196.74,29.77,18.71,4.47,42.51,1.16,0.33,29.63,86.98,1131.55,52.99
47.84,44.13,22.87,7.23,36.06,0.74,4.7,37.69,52.01,1360.32,61.45
28.45,31.42,59.63,5.74,43.04,1.36,4.07,32.08,67.39,688.47,52.78
24.28,37.42,164.36,6.02,34.58,2.46,3.03,13.29,20.82,1648.82,71.25
60.66,62.06,26.93,9.29,18.14,3.36,1.12,31.22,48.06,2694.26,66.53
20.21,76.25,148.53,7.32,46.49,0.82,1.08,16.49,69.68,2653.74,55.95
138.43,73.56,57.77,8.43,48.08,1.12,5.96,25.6,99.24,185.69,56.11
12.46,81.44,176.69,7.88,51.98,0.11,1.0,23.75,42.26,1810.58,50.26
101.88,3.22,85.67,6.94,57.47,0.87,5.53,12.93,33.98,645.16,60.65
199.34,4.77,34.34,8.65,46.11,1.52,7.92,13.47,91.65,1992.23,36.05
162.79,78.94,197.17,9.81,8.0,1.67,5.49,37.57,65.01,1705.61,47.64
123.04,53.31,35.33,9.78,6.15,1.01,0.69,30.16,99.66,671.18,60.46
61.25,57.81,113.52,8.63,45.69,0.61,4.38,44.08,40.33,2822.98,54.68
124.78,5.26,113.86,6.67,8.08,2.01,6.69,43.3,35.66,1420.05,67.22
105.41,25.53,74.56,4.56,22.38,1.49,7.64,16.67,48.46,1175.91,64.26
85.22,63.84,190.3,3.79,12.49,1.55,5.85,39.94,66.23,2374.7,50.89
26.14,85.92,168.77,5.0,58.29,3.14,2.55,21.41,26.11,892.87,60.79
177.32,91.7,165.96,5.71,22.4,2.01,2.08,16.02,51.11,1775.5,65.27
89.96,50.04,194.83,4.34,8.03,1.42,6.29,25.81,25.25,613.63,56.47
38.92,54.55,91.42,4.96,57.23,0.96,6.11,19.98,72.62,183.74,54.73
73.55,83.3,19.44,4.04,38.48,1.56,3.94,27.8,47.53,1494.98,55.97
82.83,53.76,153.09,6.9,6.99,3.03,0.79,32.67,97.65,488.33,77.56
165.51,51.69,76.16,4.32,50.83,3.38,5.41,20.61,28.25,1082.09,67.44
146.72,90.51,38.07,8.33,13.39,1.38,4.76,29.05,91.55,1428.61,51.29
153.86,78.99,96.65,5.66,49.13,0.81,0.19,31.9,22.1,17.78,56.49
2.21,90.91,185.14,7.87,38.15,3.21,5.18,31.56,72.39,1044.95,57.5
83.23,21.82,34.27,9.24,14.74,0.59,1.15,42.36,95.83,1333.51,54.67
96.27,52.44,169.74,4.06,46.39,1.11,6.62,32.7,76.59,1635.54,63.52
3.84,84.25,83.64,9.93,30.0,0.79,5.42,21.64,22.45,2520.86,47.19
51.96,11.11,27.36,7.69,40.1,2.02,0.51,13.31,72.57,979.46,72.04
152.06,79.47,169.68,3.85,52.82,1.49,4.3,27.04,43.08,2766.65,47.76
27.42,18.3,193.92,5.54,19.32,1.08,6.46,30.16,78.37,1009.05,53.39
107.06,80.81,58.25,9.26,25.13,2.71,6.66,29.47,56.16,1693.32,65.93
43.04,61.2,60.71,7.38,59.85,2.36,0.77,29.26,69.48,234.14,75.74
2.42,19.32,78.11,5.37,32.95,3.48,0.72,23.14,21.9,1206.4,75.13
48.24,47.34,162.83,9.61,35.72,1.16,6.22,43.52,42.42,2332.91,42.45
195.17,68.19,2.08,8.62,20.7,2.97,1.94,31.45,44.15,890.98,58.62
160.31,63.39,44.79,8.28,27.88,1.13,4.79,17.78,55.81,33.55,53.98
191.92,42.72,141.18,9.27,32.59,0.13,4.91,10.22,90.45,2785.59,47.67
97.57,89.94,81.13,8.5,19.21,0.61,5.08,29.96,49.53,20.54,56.43
21.95,51.93,66.06,5.36,18.1,1.83,2.77,36.12,76.29,799.11,66.82
109.59,50.59,174.46,7.3,38.03,2.85,0.42,13.83,48.54,2706.61,77.46
90.88,6.23,183.47,8.97,15.1,0.3,4.35,26.32,36.08,412.73,48.84
168.87,92.21,189.6,4.68,35.44,2.93,4.17,44.02,57.03,2578.32,51.95
19.62,17.71,54.51,4.56,43.84,2.53,3.52,27.3,39.49,2868.03,55.87
97.65,52.83,182.5,4.53,15.9,0.22,2.31,39.87,24.22,1869.28,57.62
30.01,80.36,147.39,4.76,46.02,0.46,6.76,14.92,37.14,997.32,46.32
64.94,21.55,30.84,4.17,24.78,0.36,3.02,25.82,26.61,925.39,57.58
147.47,52.74,122.05,8.94,59.59,2.41,1.1,22.37,23.79,415.95,60.08
95.2,24.07,5.27,8.82,58.85,2.01,6.09,10.99,79.09,2705.25,46.0
75.18,75.97,141.68,4.48,48.92,1.32,5.13,28.24,75.61,2381.57,59.86
78.9,56.43,146.71,8.09,23.85,0.4,2.54,23.96,32.28,669.58,62.69
91.89,85.6,157.87,7.58,56.55,1.44,1.29,31.41,23.26,2005.78,57.8
157.0,89.46,34.51,5.3,59.93,2.42,3.57,29.13,21.9,1777.78,57.7
178.42,64.87,125.65,4.98,30.43,0.42,0.62,25.87,78.52,423.65,62.82
191.07,72.54,35.77,5.13,38.8,3.01,1.86,13.54,53.87,714.75,67.64
157.38,54.92,189.33,8.25,5.33,0.31,7.72,25.49,54.37,405.67,39.33
63.08,38.44,135.0,5.58,7.39,2.17,1.29,43.99,25.1,1617.08,62.03
137.63,64.81,19.07,5.31,32.53,0.74,2.27,19.6,84.1,581.02,64.51
87.52,90.83,37.41,3.65,38.51,0.41,1.2,23.47,43.34,2950.74,55.81
50.93,41.67,132.69,9.4,22.18,1.31,7.3,39.45,53.59,827.91,56.92
168.17,31.44,95.33,8.39,10.45,2.37,7.41,28.2,55.36,2168.58,61.78
7.69,38.84,147.26,6.57,48.02,0.51,0.57,10.07,90.56,979.67,59.37
180.35,43.54,56.16,9.63,28.03,1.72,7.2,28.88,86.66,1072.61,53.05
92.3,7.36,131.58,5.41,40.69,1.48,1.22,40.52,46.29,933.54,62.59
127.44,49.84,35.39,7.89,40.76,1.55,3.24,34.16,25.88,325.06,71.02
131.87,49.43,108.74,5.48,35.08,3.31,4.73,36.5,64.58,2782.65,74.49
179.02,58.84,191.56,5.54,14.82,1.29,3.75,11.34,41.94,2336.59,56.95
127.33,36.28,125.64,8.99,38.88,3.47,1.17,16.27,44.71,710.96,73.49
122.79,61.31,10.0,8.62,22.71,1.93,6.35,30.48,90.6,922.4,60.06
13.33,87.82,197.75,5.41,50.05,2.96,5.53,15.36,78.91,1323.33,52.4
103.68,95.55,31.37,4.03,15.63,1.29,7.54,36.39,51.18,2323.91,50.13
30.03,58.36,143.61,5.82,21.01,0.39,2.89,17.94,71.78,2629.18,60.79
147.49,4.26,106.51,8.44,29.22,0.39,3.5,21.13,35.31,2303.59,51.61
102.44,96.92,58.87,4.15,45.7,2.05,2.86,11.46,73.4,2850.18,60.65
136.05,70.59,35.46,7.87,44.64,3.26,0.6,24.92,25.01,2283.46,77.7
8.33,33.6,35.54,9.28,23.54,0.34,0.53,18.95,72.53,671.86,53.2
16.96,14.72,171.68,4.66,33.09,2.44,6.11,11.16,90.93,1135.65,56.94
143.26,14.34,174.58,9.1,17.88,2.02,2.35,14.69,66.44,2227.36,55.88
14.42,16.77,93.03,3.83,47.37,2.32,3.95,23.73,47.23,379.68,55.83
14.25,4.56,20.72,7.83,15.82,0.83,7.83,21.98,64.67,689.3,45.77
2.42,90.22,176.83,8.64,50.06,0.34,0.24,40.13,46.5,2946.14,37.07
191.3,54.08,97.4,6.39,56.53,0.35,4.19,20.6,43.32,1994.63,57.83
147.5,70.0,87.75,4.82,59.54,0.94,4.19,24.53,20.39,534.66,51.65
70.65,82.81,81.47,9.51,52.13,0.83,7.99,24.3,40.14,276.77,45.27
59.31,79.15,73.0,3.63,17.19,0.53,6.69,30.96,91.51,2887.01,49.9
69.94,88.26,105.2,7.11,27.91,1.0,0.63,41.6,34.33,1496.25,62.31
154.93,96.73,120.91,5.92,9.89,1.92,1.34,33.61,70.67,1262.74,68.83
132.27,43.91,93.29,6.5,14.05,3.33,0.37,39.34,69.09,2389.27,89.14
37.04,95.03,179.33,6.99,7.73,3.24,1.65,16.55,38.06,2007.65,64.82
34.82,72.33,63.53,6.98,40.26,1.02,1.78,39.38,81.74,1674.23,60.07
19.68,7.07,115.66,4.82,34.33,0.33,0.81,34.51,55.14,686.63,58.68
132.06,68.18,59.99,7.92,55.44,3.49,4.27,20.32,83.78,1665.87,65.35
152.87,68.67,150.67,3.62,30.47,1.72,7.8,41.34,20.99,1620.97,49.39
53.01,90.59,20.42,3.64,40.33,3.43,6.45,33.28,31.92,304.4,50.86
4.19,37.29,37.74,6.61,27.09,1.93,1.71,26.37,50.04,1503.81,66.43
16.43,58.49,160.24,7.02,50.62,3.11,6.29,34.66,58.0,1807.48,66.82
193.57,1.22,36.64,5.29,55.95,1.62,7.86,10.24,63.71,2192.89,41.26
59.09,33.21,125.15,7.09,28.75,2.21,6.7,21.32,83.1,1666.18,73.36
153.84,6.22,194.05,6.85,9.55,1.92,3.8,37.18,92.24,1680.4,56.6
124.93,52.19,104.58,5.77,13.99,0.85,2.23,40.07,45.38,1700.49,65.21
76.39,81.74,37.48,7.74,44.63,2.7,6.01,38.01,90.95,812.02,62.08
41.14,20.64,64.14,9.73,22.89,0.29,6.31,35.59,41.31,2627.15,40.3
24.28,52.74,164.69,6.69,48.2,1.33,2.45,27.42,25.73,1853.25,62.4
123.0,20.4,70.33,8.61,46.24,3.06,1.87,16.64,66.39,2048.42,70.12
154.93,12.07,144.7,5.11,43.19,1.81,5.41,13.88,73.29,1507.97,57.02
128.78,51.1,155.47,8.45,49.78,0.36,7.12,42.34,43.63,439.67,51.18
106.06,7.91,100.24,7.72,46.61,0.81,0.26,17.38,33.57,479.96,67.62
8.39,58.74,156.64,7.66,39.79,0.47,7.9,18.58,27.75,1380.34,47.03
193.7,3.13,63.38,9.3,5.23,1.04,1.62,35.26,55.28,2613.36,43.78
159.74,10.67,103.23,5.02,33.36,0.66,2.86,36.46,52.72,363.46,64.64
58.56,55.0,137.31,5.89,37.74,2.52,0.52,24.29,42.8,1508.37,79.19
195.99,59.14,33.61,4.04,57.84,2.34,0.54,12.63,37.67,119.15,48.98
120.38,2.9,54.72,8.22,40.78,0.56,2.25,26.96,23.12,2615.44,55.55
116.48,57.34,130.41,8.99,36.65,1.61,4.56,38.45,75.12,784.43,67.36
149.61,83.85,131.07,6.14,34.77,1.11,7.22,40.87,51.26,1053.95,62.34
162.35,72.23,98.66,5.82,10.68,1.25,0.65,32.76,37.27,492.45,67.56
131.3,13.12,159.12,7.78,28.52,2.06,4.41,33.96,61.28,941.17,71.56
25.62,59.25,96.41,3.99,12.39,3.16,3.39,10.83,90.46,1178.78,69.65
67.65,67.23,176.26,5.41,7.9,3.15,7.92,17.46,38.6,479.56,65.93
185.62,3.72,147.18,5.88,23.12,1.5,1.58,36.15,69.06,845.46,59.82
44.92,85.53,62.94,6.87,40.5,1.44,3.02,28.57,93.43,2053.72,72.32
74.43,90.63,79.05,6.6,52.67,1.86,0.36,30.54,50.48,2601.78,68.6
86.42,85.05,133.54,4.86,49.57,1.71,7.32,38.36,95.89,1944.06,58.62
87.88,82.46,178.89,7.02,21.21,0.31,5.02,33.43,21.01,2888.25,52.98
122.59,74.5,35.74,9.52,7.53,2.07,4.74,24.7,29.5,737.49,59.39
188.62,63.34,102.93,3.68,27.15,2.09,0.48,44.09,62.64,1084.61,66.17
48.14,67.86,23.76,7.92,22.31,1.63,0.88,18.46,59.89,987.16,65.87
24.3,80.64,55.89,7.56,25.42,1.51,6.34,21.9,98.6,1590.55,51.53
39.49,66.25,137.2,9.51,35.75,3.29,4.44,33.37,31.44,2138.96,69.47
177.38,32.77,15.55,7.69,6.67,2.14,1.67,18.12,99.26,635.49,63.04
129.16,37.6,132.47,7.56,25.39,2.88,4.44,23.32,88.16,2473.0,78.69
57.18,89.71,180.16,8.5,35.72,3.34,7.75,34.2,37.82,1016.36,55.79
163.19,1.71,193.87,5.24,28.7,2.85,0.92,21.83,49.4,1388.65,70.44
172.27,69.88,43.33,7.37,41.7,3.31,7.76,12.0,29.58,2508.07,59.39
169.3,95.48,149.78,6.88,15.24,2.68,6.22,29.6,92.7,983.51,60.47
183.79,70.62,185.27,6.35,13.46,0.68,1.24,36.95,50.85,2010.69,53.86
50.45,99.39,18.27,4.02,21.93,0.87,6.54,36.0,23.1,1390.84,48.78
151.01,68.75,82.8,5.4,10.6,0.76,5.98,31.74,66.2,820.35,59.93
92.11,3.44,183.88,5.32,17.99,1.2,4.63,36.78,40.63,1343.62,58.33
168.4,82.7,40.56,8.21,9.78,1.31,6.22,16.98,50.75,2277.67,49.95
145.7,28.46,186.75,9.48,27.11,2.86,1.22,35.69,57.56,2004.18,64.6
155.29,44.61,105.44,5.0,44.13,1.33,5.8,11.75,26.1,2264.17,61.99
131.23,31.21,19.98,3.99,20.76,2.57,5.16,35.9,59.14,940.92,56.01
35.49,26.86,89.98,10.0,5.21,3.17,2.35,11.77,43.09,2311.72,56.81
109.01,43.14,65.25,7.99,35.64,0.49,5.55,37.0,76.98,1214.15,60.41
196.93,37.88,56.44,9.26,43.06,0.1,5.46,40.97,40.48,1610.75,42.89
187.48,63.33,108.3,4.44,26.52,3.12,1.99,39.02,95.53,2635.82,60.95
8.63,81.32,96.72,8.7,21.33,0.91,1.27,22.2,79.39,2153.08,53.28
32.96,29.71,96.39,8.79,31.99,0.62,2.96,44.13,29.57,2146.28,55.78
26.35,21.37,17.63,4.48,10.57,1.1,3.25,28.14,31.19,1498.43,49.78
145.2,66.69,160.46,4.55,40.42,0.73,6.61,23.27,48.74,1739.5,56.29
163.56,67.03,96.29,5.42,45.33,2.8,3.55,30.38,22.18,2263.69,65.1
42.7,90.11,164.18,4.91,43.75,2.26,5.92,20.67,23.92,12.24,53.69
101.17,1.59,164.92,9.84,23.08,0.67,3.76,16.24,77.5,1239.97,53.16
168.14,85.3,63.43,5.86,51.35,2.08,0.63,15.72,46.18,898.19,61.47
146.56,52.1,0.87,8.45,57.08,0.81,5.26,15.93,36.29,766.7,47.55
108.45,62.13,182.25,8.73,21.34,0.77,7.17,17.99,49.45,2487.12,54.84
118.07,9.14,152.14,6.01,19.45,2.12,4.19,41.03,98.61,1430.04,64.58
101.67,43.26,21.45,7.94,43.73,2.36,5.65,24.16,92.19,149.64,65.22
59.51,22.73,140.35,4.2,43.96,1.28,6.25,10.0,40.37,2927.93,50.41
113.0,25.42,4.0,6.08,33.07,2.7,3.79,20.64,26.11,439.84,70.76
137.78,50.41,5.55,9.79,55.78,2.95,2.07,44.86,46.26,1300.62,59.66
174.66,81.25,105.16,4.6,13.05,3.22,6.89,35.77,20.71,1895.39,60.62
127.26,74.38,19.21,6.01,31.26,2.23,6.65,27.63,37.74,1692.87,70.07
152.22,59.1,192.87,8.64,6.94,0.85,6.89,14.46,69.96,1305.76,48.58
32.01,53.94,178.77,7.83,7.9,2.64,6.62,25.95,27.18,913.65,59.94
92.31,42.73,129.96,7.6,7.95,0.47,1.15,32.39,33.77,1707.05,66.84
1.87,97.27,12.74,9.05,32.05,0.72,3.38,42.16,54.52,2566.61,44.19
49.34,56.02,64.97,3.69,37.39,2.93,1.61,27.22,77.2,719.92,69.21
145.29,25.4,74.34,8.51,5.19,3.2,1.33,29.18,62.19,189.0,73.25
198.36,23.01,96.18,9.24,39.79,0.33,6.27,29.87,78.66,1073.15,45.9
19.84,61.14,33.78,3.61,31.93,1.16,3.9,43.28,27.4,2242.1,49.93
80.3,52.28,115.5,7.13,17.31,2.24,0.82,21.86,32.91,2974.01,78.35
160.01,0.77,87.15,5.77,5.83,3.29,3.31,40.12,91.24,1952.77,65.94
40.81,83.01,189.46,3.83,13.59,2.04,7.95,25.1,96.77,1527.97,39.83
111.02,70.41,187.24,6.22,38.02,2.89,1.78,35.93,85.65,230.31,76.43
146.61,66.18,113.09,7.69,41.24,3.24,3.24,26.91,77.61,1023.65,76.85
123.2,6.88,128.87,9.47,40.59,1.86,4.8,29.4,24.13,169.92,58.33
37.6,36.21,27.56,7.53,13.42,2.62,1.68,21.52,99.89,1260.72,68.85
71.08,93.54,44.66,9.07,55.12,2.35,7.75,24.51,36.87,1471.46,56.54
156.76,86.26,180.14,4.29,27.6,2.38,5.12,28.39,52.93,823.99,56.87
110.85,28.55,139.83,4.87,47.24,1.86,1.91,31.15,70.29,209.61,62.84
1.05,15.71,37.89,9.81,14.16,2.22,3.63,22.96,63.4,1281.19,46.51
152.2,44.91,114.04,9.27,30.88,1.98,2.95,39.2,99.27,2912.95,59.94
7.06,35.58,186.95,5.03,33.68,2.27,1.07,35.17,67.42,965.68,61.22
149.15,68.22,69.03,7.54,47.37,1.82,2.35,25.8,37.74,942.25,70.38
40.5,96.64,37.16,5.86,39.18,0.86,4.47,35.72,65.08,444.75,58.42
191.61,36.3,188.41,6.55,26.96,2.46,0.8,10.23,46.03,1667.84,70.52
73.59,6.22,92.25,9.1,20.54,1.41,0.48,30.77,73.24,1608.06,63.25
65.39,89.76,83.45,8.28,58.51,0.53,4.38,28.39,23.14,1158.64,53.44
29.78,3.79,53.51,5.05,20.65,2.99,3.53,28.01,42.11,2682.09,63.63
61.12,95.28,178.32,5.55,12.12,0.72,1.59,31.12,63.87,282.44,60.6
175.33,66.46,169.12,5.38,21.52,1.94,5.73,38.09,82.14,2763.62,58.19
199.27,94.17,80.6,8.57,22.98,2.55,0.79,11.61,86.68,1235.08,64.08
73.66,19.97,6.12,6.69,12.03,2.3,2.24,15.21,93.16,407.76,67.11
89.72,4.07,89.33,9.68,43.95,0.65,0.9,10.34,50.26,1690.67,60.33
144.41,48.82,36.17,8.81,39.05,0.76,5.85,18.32,66.98,2039.55,58.09
177.24,45.06,28.55,4.87,22.41,0.61,5.1,44.22,66.87,838.15,47.1
118.61,33.15,78.62,8.61,59.62,0.35,1.59,23.07,91.95,2511.08,58.14
78.31,95.77,19.82,6.79,41.03,1.06,4.5,30.19,87.7,33.61,56.23
82.52,82.26,191.49,5.15,43.68,1.88,5.6,44.65,53.96,1046.28,55.79
139.12,66.16,9.51,5.86,35.65,0.69,0.37,31.95,67.6,2633.64,64.18
0.64,16.29,80.27,9.82,35.34,3.4,5.34,15.99,93.26,2032.96,54.91
123.92,73.43,32.54,6.65,6.1,2.48,2.56,38.18,99.99,671.36,67.06
71.1,72.7,137.76,8.18,47.4,2.08,1.17,29.32,79.08,1362.72,65.97
158.84,42.51,15.76,6.6,55.09,2.42,6.59,44.84,25.48,804.09,57.89
18.6,92.48,109.36,5.92,11.72,1.58,4.89,36.43,91.35,1420.7,53.75
117.64,16.7,154.62,8.68,48.76,1.7,4.42,44.82,58.23,2512.4,55.59
96.19,26.73,190.01,9.01,34.39,3.12,6.71,41.18,48.05,151.64,61.85
128.47,6.32,139.71,3.97,20.69,2.55,2.19,16.37,43.21,737.05,66.45
12.97,79.55,19.9,5.31,55.65,2.1,0.21,36.18,84.3,94.07,52.05
116.0,62.18,17.7,6.8,5.96,3.33,7.59,27.43,91.86,2974.23,70.0
112.3,31.49,146.32,5.56,20.07,2.35,2.18,14.54,74.86,478.01,74.3
112.13,16.38,43.07,8.59,53.74,1.46,5.1,29.87,24.77,845.13,66.52
120.7,4.01,89.45,4.25,31.46,0.26,7.82,13.28,98.95,2559.62,46.51
135.29,16.67,195.32,8.69,37.94,1.43,1.95,36.67,64.62,1534.63,62.94
161.0,45.33,163.98,7.52,46.24,3.24,7.94,22.64,86.2,2833.02,60.52
53.96,24.72,169.32,5.38,13.14,0.25,4.36,38.31,77.69,1770.63,54.93
165.01,25.9,172.15,5.74,16.83,0.73,7.68,33.88,46.82,2165.94,51.81
99.65,87.56,123.91,4.69,59.92,2.85,0.78,40.74,93.43,1851.29,62.97
15.41,51.51,148.79,5.14,18.06,1.34,4.3,16.51,44.39,2212.11,57.08
11.71,72.93,71.79,8.16,34.66,0.73,7.56,32.58,98.38,805.28,53.2
66.85,3.57,199.69,5.94,21.43,2.87,1.33,40.24,98.72,996.92,65.92
156.98,36.52,55.92,7.97,51.83,2.0,2.27,17.97,23.45,1809.71,65.42
141.54,47.92,118.0,6.84,57.9,1.96,1.78,37.41,30.34,2581.36,70.07
157.72,18.64,56.41,4.44,12.77,1.1,7.73,19.97,38.75,686.19,53.01
103.45,12.02,22.41,6.74,38.03,2.4,2.18,38.54,49.54,2871.16,71.29
88.04,87.03,113.52,8.42,49.64,3.03,1.06,28.04,72.28,1342.52,72.54
29.49,93.94,70.67,5.43,50.27,2.65,6.39,33.32,49.21,404.95,58.29
65.64,7.88,116.64,7.71,29.22,2.18,4.16,22.94,94.99,2615.78,67.73
86.8,34.9,111.74,4.79,17.4,1.29,4.76,38.91,58.09,2783.33,63.24
17.72,95.83,108.45,4.38,26.29,3.01,4.89,14.31,64.59,2468.7,58.03
44.12,8.32,24.66,5.84,46.31,2.02,4.94,16.77,70.1,1305.18,59.0
119.65,64.36,88.04,6.03,59.66,3.12,3.69,13.15,54.03,2830.04,74.36
147.13,97.22,162.4,8.45,35.49,0.96,7.81,43.24,70.77,996.56,47.99
199.67,97.82,63.03,6.49,15.73,2.32,1.48,26.32,27.17,265.69,56.27
186.62,47.12,88.77,4.03,7.31,3.28,7.67,26.71,60.17,1030.99,66.92
128.51,16.27,98.77,7.62,56.9,1.37,2.41,20.55,46.42,1097.12,65.25
84.25,20.21,172.55,6.55,31.57,3.33,1.6,26.44,36.16,2403.28,75.64
127.24,88.96,131.12,5.66,44.41,1.43,5.04,18.23,23.02,2145.3,60.76
157.13,91.17,20.04,8.71,41.31,1.59,7.15,43.31,82.47,1863.45,43.58
23.67,60.79,173.03,4.5,54.0,2.84,2.97,19.22,29.71,577.48,56.63
81.98,76.62,166.41,9.44,19.63,0.99,0.7,42.39,33.68,2399.8,55.13
167.96,73.99,150.73,5.67,29.29,2.5,4.34,27.08,33.45,96.0,71.25
76.77,66.18,93.21,6.5,55.25,1.11,7.88,25.3,98.43,657.69,66.13
114.37,82.73,151.51,9.54,37.21,2.12,3.18,38.13,40.27,1646.88,57.09
117.55,68.54,95.75,8.45,8.92,2.74,0.26,27.31,34.9,1427.86,75.77
36.9,53.4,147.32,3.98,15.7,0.19,4.06,19.34,97.54,2071.54,48.97
72.45,23.7,176.02,7.26,18.05,0.4,3.13,25.23,70.18,2379.14,61.84
66.9,74.39,178.11,5.52,59.66,3.28,0.63,25.39,74.6,2594.95,63.79
5.24,47.34,90.92,6.81,17.33,2.87,7.01,20.33,85.19,2894.66,67.56
4.84,29.48,171.87,8.33,52.83,3.08,4.99,24.71,63.7,1660.14,55.85
166.34,80.19,20.29,6.73,9.3,1.59,1.32,14.2,63.42,1741.6,59.73
54.61,69.67,20.36,3.96,14.99,2.54,7.42,42.91,99.86,1681.97,54.16
103.62,93.73,109.65,6.94,52.96,3.49,4.65,32.4,75.19,2688.74,73.77
59.75,16.54,130.37,3.66,54.44,1.57,5.54,16.76,76.92,2317.23,52.12
188.14,64.92,30.6,5.76,14.69,2.98,4.71,37.63,27.05,1492.03,64.85
51.86,24.42,94.44,6.61,17.64,0.37,7.83,19.32,29.14,2052.51,57.48
85.93,90.36,18.87,7.69,34.18,1.95,7.14,30.87,60.62,914.62,60.27
174.55,9.95,120.42,6.79,7.9,1.23,0.23,42.0,78.3,498.76,60.75
168.39,65.62,171.02,4.49,56.99,1.88,0.22,36.78,80.31,141.87,58.34
37.22,79.11,147.53,9.56,24.91,0.49,3.96,14.27,82.68,1244.24,50.05
160.53,35.49,75.66,7.73,31.91,1.35,2.58,29.1,77.03,1117.24,73.23
91.64,95.41,198.76,5.56,10.78,0.36,4.36,34.77,29.38,2275.91,49.4
96.59,85.07,132.59,9.78,6.79,1.64,2.77,17.07,86.71,1510.13,57.7
26.7,29.46,163.05,9.24,30.73,1.6,7.04,13.52,81.34,513.34,47.11
16.12,0.75,133.94,4.43,11.69,1.22,1.44,15.18,49.88,294.25,48.11
145.59,29.67,197.88,7.76,39.67,3.32,0.55,43.71,52.69,238.56,68.92
99.29,28.13,164.27,7.14,48.7,0.38,2.81,39.58,64.29,53.49,57.16
87.37,89.0,103.88,4.75,6.74,2.9,1.2,40.03,99.43,223.89,67.85
145.9,96.71,73.38,5.02,38.67,1.31,4.77,18.62,79.54,2261.47,57.24
153.1,7.04,136.43,7.16,49.86,0.78,3.83,29.54,87.02,2320.42,56.91
31.78,47.13,118.04,5.59,29.17,1.03,5.69,27.06,36.45,1065.0,69.72
122.05,54.83,125.87,8.93,57.78,3.17,0.68,39.2,60.46,98.98,72.12
27.07,9.29,68.6,4.14,11.12,2.9,6.06,24.76,65.01,386.44,63.95
150.28,37.75,85.75,9.44,22.76,0.15,2.28,28.83,23.54,1522.34,57.5
131.39,31.71,111.62,8.96,17.65,0.6,5.4,30.34,28.92,2931.05,59.14
191.32,53.61,167.86,8.3,59.79,2.4,2.4,23.0,37.15,367.26,50.59
13.79,66.12,152.58,5.21,21.18,1.18,6.69,11.19,90.67,462.93,52.19
11.41,70.35,23.73,8.15,26.34,3.23,6.69,27.33,82.01,1214.56,61.52
56.44,13.68,49.11,6.35,51.62,2.77,2.52,27.26,58.91,1846.72,72.54
52.34,81.29,5.33,7.62,56.15,3.08,7.29,11.43,82.74,1175.78,57.53
49.4,67.85,1.59,5.53,56.58,0.76,2.64,27.02,61.7,1878.27,58.54
181.25,88.91,44.88,8.93,35.7,0.61,7.18,27.89,93.75,195.67,45.54
49.91,44.93,159.86,3.76,41.48,3.27,1.63,14.71,42.82,536.8,68.34
54.39,89.39,180.95,7.99,24.2,1.47,2.37,15.04,29.51,212.47,53.57
151.88,86.58,78.35,8.89,38.39,1.51,7.09,42.78,23.92,2625.2,50.44
89.95,43.84,112.64,7.7,21.65,2.43,0.74,16.66,55.06,2396.12,76.29
155.34,38.11,141.21,4.75,46.03,1.45,5.64,20.92,44.42,800.28,56.9
13.07,93.28,190.59,5.35,21.9,3.08,5.49,20.42,97.39,2262.24,57.15
97.51,71.52,182.59,6.85,53.37,3.36,7.78,33.02,90.59,2432.52,67.03
6.72,92.82,11.44,5.64,12.89,1.23,7.78,32.47,54.39,2553.24,40.48
12.53,79.7,49.63,3.53,36.45,0.81,3.9,41.95,21.33,1299.08,41.52
181.29,60.93,9.83,3.76,33.64,0.36,5.3,24.1,27.52,2906.78,44.39
27.85,11.59,123.31,8.49,19.5,0.83,1.33,37.3,37.23,2676.81,51.98
106.48,29.15,142.1,4.04,6.54,0.57,1.89,23.21,51.38,2128.99,58.04
82.22,96.88,61.66,9.53,13.17,0.2,4.51,18.4,84.13,95.73,48.77
69.47,31.94,170.77,6.38,58.24,0.26,1.98,41.19,88.22,2211.53,55.88
179.97,9.33,90.56,8.43,56.77,1.83,1.81,26.93,99.93,1885.02,59.16
4.36,70.76,199.68,4.32,11.56,2.51,0.28,23.67,62.49,2836.59,57.78
132.76,73.4,0.08,9.52,25.62,3.44,0.68,41.7,95.85,1362.53,59.96
192.68,28.55,21.9,3.72,30.58,0.63,5.72,42.88,72.25,1765.49,37.71
112.03,29.77,60.36,3.77,31.29,2.47,0.21,25.8,58.24,1706.2,78.59
187.36,46.89,5.1,3.85,21.44,1.98,7.18,10.69,30.8,72.24,49.95
10.45,2.18,156.47,4.17,55.21,1.73,0.72,11.14,93.33,641.05,49.35
83.76,78.93,10.55,6.66,54.97,2.55,1.34,31.32,91.51,547.12,66.96
52.03,31.71,149.8,8.62,6.04,0.91,2.79,39.82,90.35,1064.66,57.77
146.16,85.38,10.51,5.35,40.75,1.16,5.84,40.63,97.09,827.06,52.74
196.26,80.26,50.55,8.35,9.09,1.41,5.64,41.54,85.52,969.75,49.21
51.31,66.14,168.26,8.53,37.86,0.72,2.05,38.26,20.44,222.49,56.43
130.83,32.49,190.22,9.4,52.68,1.73,2.68,40.53,77.2,458.77,51.45
39.62,51.63,82.91,4.47,40.72,0.55,6.59,39.46,53.27,1519.49,55.78
113.07,44.48,193.99,4.38,30.79,1.18,4.02,39.41,95.53,1527.64,60.28
92.79,33.89,125.38,4.29,57.68,0.48,3.72,21.46,82.75,291.08,63.66
194.4,84.81,83.17,5.84,46.06,0.22,5.1,23.78,84.25,1816.61,53.25
121.71,48.35,160.56,6.68,18.71,1.31,3.71,21.1,28.71,2934.57,69.74
69.9,83.27,59.07,6.5,26.28,2.2,3.53,15.41,57.14,1176.09,75.32
22.82,10.52,53.16,5.17,46.79,0.62,6.41,21.62,56.47,487.44,45.36
30.25,14.1,131.31,7.54,6.06,3.48,7.46,41.76,59.57,2986.48,53.49
45.06,97.73,78.1,5.7,8.52,1.03,4.44,43.99,83.69,1579.08,53.16
50.19,58.78,27.18,5.88,52.27,0.18,2.39,15.27,37.64,728.77,51.58
170.12,50.98,13.39,4.19,7.36,0.2,7.6,33.17,34.36,2631.95,37.96
112.24,52.32,157.57,7.35,42.32,2.37,5.65,43.84,88.63,378.84,68.41
104.68,21.53,135.18,7.76,22.54,2.38,5.27,17.23,86.79,556.86,69.33
22.95,71.87,82.36,8.43,50.42,3.17,4.89,39.4,73.3,2271.44,61.19
172.03,8.48,179.25,9.38,51.6,0.41,5.95,20.38,25.0,2733.2,37.42
144.56,57.33,82.17,8.48,57.43,1.38,6.23,24.36,77.6,1290.35,56.59
13.53,57.08,142.06,5.03,10.26,3.12,6.35,42.07,28.63,211.26,57.87
141.57,91.42,181.82,5.03,28.26,2.81,7.81,12.03,51.75,1874.46,57.97
108.71,52.62,168.14,9.45,36.57,0.89,3.35,25.7,87.15,2294.01,58.37
16.35,13.71,102.22,8.64,55.38,3.13,2.02,27.7,22.45,1579.14,60.83
91.66,57.28,136.13,8.58,19.66,2.41,3.21,41.53,70.74,1176.58,73.28
96.94,9.13,82.73,8.18,8.94,1.0,6.16,30.08,64.19,2033.29,54.65
33.15,20.38,129.44,5.24,16.1,0.25,4.37,43.08,50.15,1417.3,49.7
189.14,3.11,51.51,9.01,32.26,1.79,6.93,21.13,37.05,2345.03,46.79
170.0,51.33,86.95,4.43,42.46,2.52,1.97,27.28,33.25,18.55,70.04
133.8,8.45,41.91,5.78,42.99,1.01,5.92,10.79,87.2,1825.21,53.15
92.46,46.94,7.64,5.75,9.11,0.67,2.07,44.61,28.85,2537.0,56.28
82.35,93.29,117.71,7.14,46.88,0.36,6.41,18.16,97.21,2044.37,54.99
130.19,71.98,172.89,6.51,41.31,2.96,3.56,42.51,35.69,1703.71,75.58
109.09,7.74,5.12,6.49,27.41,0.29,7.92,24.01,77.71,669.88,64.22
12.45,22.42,39.21,7.1,36.41,2.17,5.38,15.78,64.58,1652.77,61.84
102.5,67.37,92.04,6.2,47.23,2.7,5.96,24.7,49.95,2445.09,69.61
161.28,89.47,133.18,5.12,19.42,2.75,0.44,21.34,93.14,2574.33,69.4
91.85,3.29,34.25,7.82,56.7,2.32,5.65,43.31,22.73,1913.87,52.0
10.39,81.25,11.34,8.64,12.58,2.32,3.41,36.99,81.36,2953.06,49.05
157.26,56.18,103.81,6.61,54.62,1.71,2.65,17.26,79.17,356.05,65.41
40.27,54.61,163.74,7.72,45.75,1.52,6.38,28.9,86.85,2050.64,54.57
51.72,95.78,7.05,6.98,41.33,0.57,1.91,33.45,91.34,130.39,53.68
32.94,74.76,69.87,3.88,9.56,1.92,1.54,30.28,56.59,2562.93,58.96
66.04,85.01,132.7,6.25,55.55,0.34,2.91,42.08,74.01,2332.75,48.38
151.35,35.4,26.15,3.56,21.24,1.69,5.07,13.95,66.02,2444.14,50.0
103.88,55.44,47.19,7.8,46.01,2.59,2.13,11.42,67.34,1084.25,78.16
40.98,61.54,107.1,6.8,53.66,1.61,4.51,31.42,22.0,642.67,62.69
175.57,32.16,190.65,4.32,18.44,1.83,3.14,36.09,97.03,637.49,49.7
175.92,57.02,57.47,7.02,55.3,2.96,3.23,38.33,32.97,2724.4,62.59
174.12,23.67,97.51,9.34,38.66,2.3,1.7,17.39,53.15,1566.75,69.04
47.76,14.34,79.99,5.71,41.25,0.53,2.64,16.65,76.03,570.63,63.18
90.25,37.4,179.48,9.89,55.3,1.95,2.26,39.35,37.05,237.85,56.29
197.0,73.93,14.38,9.74,33.97,1.34,2.02,21.81,29.29,1250.65,50.17
154.4,91.62,113.23,8.6,29.24,0.8,0.74,33.09,91.66,408.77,62.02
5.43,45.77,169.22,8.79,39.83,2.3,3.52,15.28,66.44,1064.54,61.67
13.04,64.28,197.62,6.17,35.47,1.41,2.03,38.03,30.78,405.47,57.02
92.79,10.3,139.75,6.12,8.38,2.71,7.69,43.63,89.84,1626.08,61.21
181.84,90.45,75.99,9.7,14.93,2.09,4.85,44.01,35.09,195.14,45.52
107.74,56.86,82.36,5.88,5.75,0.45,3.75,28.17,72.6,183.44,69.52
99.56,78.03,70.34,4.13,10.95,1.29,2.77,18.38,88.44,2449.45,63.35
21.09,79.44,120.72,4.49,45.14,1.02,3.74,14.94,69.57,250.81,51.7
131.36,25.65,147.88,8.12,5.26,0.61,2.8,18.6,20.56,2907.23,50.46
164.42,52.92,163.89,5.99,21.74,2.82,6.87,31.76,71.97,1733.7,70.95
76.08,96.05,83.32,4.8,29.71,1.39,2.12,25.26,65.42,882.3,69.04
155.12,8.96,143.34,8.79,56.58,2.19,2.31,26.71,62.25,816.22,62.18
192.9,68.3,183.24,6.68,22.99,3.1,5.71,26.6,44.49,1994.54,65.92
40.75,96.23,184.16,7.19,48.07,1.95,7.22,37.77,70.12,2588.8,51.64
104.67,30.06,140.81,4.5,27.48,0.98,5.47,39.1,21.32,1564.01,59.22
57.43,86.14,127.38,4.75,10.42,2.79,0.77,10.49,61.45,2294.99,70.46
158.57,93.37,106.31,4.32,10.44,1.58,7.2,42.14,46.26,2807.22,43.92
115.52,74.71,36.64,6.84,28.78,2.02,6.18,23.59,23.83,1815.96,72.39
126.92,23.13,24.73,8.54,8.18,3.17,1.99,18.43,40.99,1264.52,64.74
159.58,33.4,97.14,8.26,36.44,1.76,0.59,44.86,86.93,333.59,69.47
79.19,3.58,31.89,5.2,32.15,1.24,5.77,14.29,40.67,2073.14,53.54
183.02,83.15,115.4,9.04,43.64,2.57,1.95,21.24,57.76,2556.0,66.18
106.61,84.96,129.14,4.19,15.21,0.55,4.24,41.75,65.22,52.62,59.66
31.59,63.27,105.12,4.24,37.61,3.21,0.81,26.65,42.97,1940.22,76.85
139.18,35.25,7.29,9.02,14.6,3.21,4.59,42.4,63.47,202.96,61.64
158.65,7.68,11.55,5.09,44.72,2.07,0.27,18.45,96.44,2828.06,58.78
63.35,75.31,22.67,8.1,21.89,0.62,4.32,24.26,34.74,1243.68,56.59
171.44,72.65,30.73,3.56,38.79,1.64,6.69,11.81,91.37,556.01,45.4
181.23,91.26,197.98,4.11,53.55,1.54,4.69,25.9,64.89,606.81,47.1
55.38,73.05,68.9,7.46,31.85,1.11,7.09,10.02,82.34,271.64,62.79
196.7,82.87,58.39,4.69,15.58,0.7,4.44,21.09,67.93,1972.92,51.34
28.14,74.6,10.45,3.68,53.74,1.0,5.53,35.03,44.42,2635.83,34.77
40.4,63.07,127.06,6.54,24.72,1.99,2.99,35.35,65.97,1142.9,76.8
36.84,42.7,130.44,5.65,45.16,2.43,2.44,24.97,54.09,1592.5,72.06
178.8,90.21,35.09,8.71,22.61,3.43,2.75,10.45,67.5,776.7,62.86
130.86,65.1,183.85,8.82,21.4,0.83,0.91,14.58,65.23,2329.57,56.62
30.42,39.84,160.1,7.49,40.31,0.79,2.11,18.47,74.24,1948.41,63.49
88.06,8.35,46.06,5.4,13.6,0.5,3.16,10.58,78.01,2994.69,56.23
123.06,29.07,97.17,6.5,52.68,3.29,2.8,17.6,63.82,2553.65,78.95
16.69,54.37,91.68,8.06,26.32,1.4,4.02,28.33,84.86,422.31,60.84
176.48,27.56,69.7,3.95,6.06,3.24,3.96,14.4,74.87,2532.32,61.21
160.72,22.12,163.53,5.66,21.8,3.12,5.91,40.32,40.33,161.6,63.25
101.04,52.74,21.85,8.85,48.17,0.25,3.23,12.1,95.1,448.05,54.57
193.43,16.98,83.06,6.14,52.26,1.05,5.45,37.16,25.68,1154.54,54.13
83.55,80.04,85.61,7.56,36.23,1.13,7.14,25.62,70.64,568.97,62.34
196.82,48.44,93.75,4.13,21.18,1.04,3.7,31.45,68.99,855.55,60.82
133.58,57.39,172.27,8.55,34.03,1.55,4.47,26.92,55.55,2130.38,63.04
126.93,14.74,43.63,4.15,51.0,1.8,5.45,24.99,58.18,1682.65,58.22
33.19,32.46,20.58,9.1,22.38,2.68,4.0,33.81,82.2,1196.9,60.73
176.39,41.01,123.56,4.19,26.2,1.01,1.39,17.95,77.78,1938.04,56.08
85.5,80.82,34.77,9.29,34.68,1.12,2.42,27.04,53.14,0.6,53.97
32.45,77.02,14.99,5.86,53.79,2.14,0.32,38.26,37.13,2636.97,53.63
2.52,22.3,85.33,7.56,37.02,0.71,5.5,15.43,24.94,1183.09,51.99
111.95,61.62,43.93,9.0,16.42,1.71,2.31,13.25,77.94,1467.12,64.07
105.48,24.35,72.24,3.57,9.9,0.95,6.61,31.13,75.7,351.49,49.04
143.87,98.82,51.94,5.23,10.23,0.77,5.28,43.73,42.77,2271.82,43.5
178.05,95.21,18.53,9.4,57.26,2.81,5.92,25.02,96.24,2985.07,43.82
15.88,56.33,112.07,6.02,50.23,2.5,7.07,38.51,72.06,2298.99,58.55
146.3,69.89,5.4,8.09,47.12,0.95,3.46,26.46,73.27,418.62,53.62
37.48,80.14,193.28,4.41,32.3,1.51,1.59,18.21,65.07,2789.94,59.49
171.64,72.1,68.27,7.91,41.99,0.62,7.49,26.98,71.69,1753.43,54.48
163.81,69.98,139.03,3.98,12.0,0.28,7.97,25.47,99.93,2598.14,38.09
108.16,95.86,162.07,8.16,39.15,2.09,1.82,18.83,84.12,1266.35,68.04
142.05,59.65,55.82,5.6,49.59,1.34,5.95,22.36,53.8,835.51,64.88
62.87,63.63,149.75,6.53,8.42,0.8,0.67,23.72,35.6,64.05,69.96
94.23,84.93,166.48,4.58,21.29,0.49,0.32,40.08,80.27,2845.75,58.93
164.33,66.99,48.26,7.58,11.07,2.41,5.43,20.76,90.33,461.35,62.92
91.85,73.29,198.5,5.69,19.31,1.02,2.12,42.38,61.82,2346.11,61.85
71.56,23.42,4.14,5.99,47.49,3.19,6.96,10.47,93.88,835.04,64.45
98.84,37.13,43.4,7.74,23.26,0.76,4.15,14.49,64.67,1712.23,69.05
165.65,14.73,156.0,4.66,42.93,0.93,6.28,10.95,37.33,2476.97,45.4
67.04,50.58,38.83,9.04,47.53,3.0,0.92,36.87,54.08,1049.92,68.62
34.75,45.57,139.65,8.31,49.92,2.05,7.01,14.36,53.73,1296.32,58.68
142.4,99.72,171.11,7.26,53.04,0.47,1.6,30.09,33.94,431.36,52.36
165.2,61.12,191.84,4.33,37.87,1.97,4.59,37.23,75.01,1261.96,56.93
20.13,78.64,94.85,7.97,20.44,1.15,4.92,27.13,87.38,2476.81,50.79
47.97,33.4,194.22,3.62,13.28,2.61,0.62,13.43,36.71,2640.06,59.97
28.39,83.15,82.32,8.73,32.7,0.36,7.82,39.31,81.43,1900.96,47.29
69.59,61.51,43.63,5.47,10.7,3.22,2.49,17.22,31.66,1403.31,77.16
90.07,69.7,102.78,4.26,55.09,1.73,5.74,13.31,46.57,620.17,58.7
149.77,29.44,129.96,4.57,29.34,2.6,5.09,36.86,79.16,1365.39,68.67
130.23,54.86,91.59,9.76,53.01,2.5,0.36,10.98,51.99,2419.93,65.14
124.19,63.4,113.39,8.53,44.01,0.71,6.91,31.62,20.64,928.85,58.44
70.47,58.91,83.28,5.05,52.15,3.09,2.51,24.71,85.16,2404.24,75.94
168.29,91.52,104.95,9.76,53.62,0.89,2.07,25.2,37.94,10.62,51.69
94.26,89.83,190.52,4.41,7.93,0.75,0.56,38.16,88.42,1044.33,53.52
195.82,97.1,99.97,8.27,44.89,1.87,2.08,11.63,40.34,2970.57,51.53
126.83,66.74,50.64,7.77,17.46,3.45,5.0,35.96,40.39,2733.0,69.66
25.25,97.19,151.75,8.84,59.41,1.17,1.69,34.69,90.7,1940.85,36.46
135.24,83.25,67.52,5.98,47.81,3.38,3.79,41.13,47.96,1476.93,74.15
65.02,27.08,163.24,6.11,5.21,1.58,6.42,30.2,73.33,2125.58,60.58
137.27,42.74,11.37,7.56,56.01,2.94,7.65,15.6,48.56,2942.57,59.11
13.93,23.84,66.44,6.09,21.08,1.9,5.63,11.63,63.3,90.76,60.33
34.98,0.42,18.87,3.77,27.92,0.8,1.65,25.47,81.66,827.15,46.66
171.15,18.8,17.06,8.24,38.68,3.09,3.13,35.21,93.48,2985.6,56.87
45.44,0.41,131.68,7.67,55.4,0.34,4.48,11.48,72.15,1813.02,49.03
167.41,71.98,77.07,6.25,56.0,2.42,6.98,18.69,50.46,2192.72,62.86
55.86,42.55,174.3,5.47,35.99,2.92,4.43,36.98,51.53,2261.53,75.37
128.58,31.26,103.28,5.58,22.42,2.93,3.98,18.06,32.49,1185.64,76.71
138.83,76.17,59.07,8.32,20.36,2.33,2.15,23.34,65.24,2822.97,68.31
102.53,83.25,144.18,8.24,25.04,0.95,4.05,36.14,87.38,493.44,57.25
61.06,97.53,124.8,8.82,14.93,1.91,2.62,25.06,30.41,2433.8,56.15
42.53,64.2,159.92,8.45,41.84,2.24,4.56,37.0,40.88,1654.54,64.54
6.64,46.15,128.72,8.43,34.03,3.12,6.49,19.46,21.55,862.79,63.29
60.79,30.53,33.4,5.14,47.54,0.64,7.57,43.53,62.09,1437.36,51.31
130.63,22.23,134.06,4.16,10.18,1.68,6.5,13.28,24.65,1599.29,55.25
187.66,21.29,78.31,8.45,26.99,1.23,6.64,36.3,66.33,1090.99,58.79
174.24,40.92,92.63,4.14,18.19,1.55,2.93,12.6,42.74,914.8,60.79
153.21,99.18,184.31,9.88,34.44,0.72,5.59,39.58,84.22,1330.87,39.91
157.69,0.09,71.99,9.19,30.75,0.84,3.17,14.78,62.79,2509.61,49.87
133.0,19.72,122.39,6.97,29.73,2.72,0.29,30.53,58.52,2137.39,81.48
52.06,18.84,72.7,5.79,22.36,1.73,7.09,21.67,38.53,243.99,64.96
181.44,71.71,18.95,6.92,44.98,1.85,0.51,31.17,94.05,2299.38,59.59
134.15,35.25,90.71,8.27,31.49,3.15,1.01,11.67,96.18,2784.51,72.15
112.09,45.73,119.41,8.42,16.12,0.92,0.25,40.85,80.33,2874.83,67.38
22.2,14.86,81.5,3.98,35.11,1.22,0.63,35.0,44.5,1218.96,62.54
89.41,40.5,78.13,8.73,37.82,1.15,0.57,22.1,83.07,2750.81,73.28
92.07,10.32,164.08,7.67,6.18,2.34,5.45,26.47,77.94,502.72,63.83
172.91,53.3,5.94,3.76,16.21,2.01,6.84,31.92,36.92,1198.6,53.55
109.33,9.79,59.12,5.54,18.33,1.7,6.39,31.62,26.53,1520.3,64.78
76.08,79.05,162.35,6.82,18.64,2.37,5.05,32.39,35.44,548.26,62.01
195.36,56.66,184.11,4.72,18.14,1.75,6.31,15.42,89.35,2065.28,53.73
22.14,72.4,82.46,4.51,19.94,2.87,3.71,37.76,32.51,1234.09,66.96
84.51,41.85,177.76,3.59,19.45,1.49,7.26,26.09,83.37,384.53,57.53
8.4,38.15,39.79,9.43,53.62,3.13,3.73,38.01,45.48,1580.84,55.91
147.98,9.82,44.29,3.86,22.58,0.51,0.32,42.5,77.88,860.3,53.03
183.62,52.39,169.24,5.88,24.24,0.42,5.65,13.61,91.96,2823.09,57.95
56.01,51.45,180.65,4.84,19.64,2.33,6.66,22.46,83.05,2476.94,56.08
171.67,46.81,44.56,8.32,58.22,1.42,1.87,28.58,62.99,2454.0,56.2
58.44,74.05,11.86,8.1,34.45,1.65,2.61,14.72,20.39,1928.12,59.89
182.15,83.25,18.06,8.74,38.58,2.47,5.59,19.07,31.03,290.55,55.53
150.79,75.08,52.28,7.51,45.45,0.83,4.63,11.72,82.67,1336.84,57.93
160.98,14.39,152.29,7.35,23.35,0.25,7.13,33.85,27.77,1944.15,47.85
3.6,62.21,102.0,6.15,58.28,1.59,3.87,27.37,97.85,595.64,58.65
192.56,8.03,91.12,7.64,13.38,3.14,5.41,11.09,97.62,1206.91,60.94
145.33,69.46,116.83,4.25,30.18,1.63,2.25,20.63,43.51,1445.19,67.7
60.95,38.18,178.04,7.95,13.0,2.04,7.44,24.28,22.74,2502.59,63.48
165.88,13.25,18.09,4.18,48.47,0.81,3.02,21.99,79.75,1141.72,50.32
56.3,86.21,138.94,9.1,10.9,1.68,4.36,10.64,35.29,1047.97,51.44
174.55,61.4,185.36,6.79,35.46,1.73,4.97,20.07,78.67,2177.51,67.73
22.52,35.47,42.67,6.95,10.76,0.9,2.11,12.84,46.8,1021.5,56.83
140.74,3.07,167.55,7.3,29.9,0.66,2.6,10.2,49.82,296.46,58.15
108.14,53.73,139.6,8.54,20.42,1.29,4.07,22.36,68.07,2358.02,65.22
19.31,92.32,2.89,6.61,54.68,0.23,2.24,23.53,33.11,1108.25,48.64
48.38,59.64,46.32,6.28,7.92,0.67,1.13,42.01,97.56,2960.09,58.45
2.48,97.17,121.17,5.37,40.75,2.59,6.71,14.49,23.47,1520.41,58.43
93.75,13.65,100.48,4.33,43.24,2.31,2.67,34.51,95.83,192.59,69.45
60.25,56.83,105.59,4.74,53.89,1.16,3.39,19.22,43.89,2289.1,59.78
119.67,79.81,46.39,3.5,53.28,1.97,4.42,27.41,73.32,1133.06,62.51
59.45,52.55,135.0,9.15,58.74,2.92,6.76,25.08,99.84,369.03,61.8
59.98,9.11,53.28,8.47,18.97,2.95,1.21,26.94,38.96,1671.17,61.86
148.64,58.29,77.89,4.92,20.12,2.32,5.05,36.69,58.02,746.63,70.31
9.63,61.17,73.78,3.52,26.85,0.52,2.87,10.65,21.88,2817.83,50.86
180.58,72.87,134.41,6.7,34.57,0.65,6.97,21.52,37.18,2102.66,57.77
170.45,76.12,18.05,6.18,25.19,1.09,5.32,21.91,31.09,1244.53,61.31
133.56,77.08,41.11,8.54,45.72,2.38,1.25,13.32,80.33,2310.16,68.59
118.64,66.34,40.1,6.12,5.47,0.98,2.45,10.37,75.38,1392.28,56.68
178.46,21.58,21.68,9.12,5.97,1.68,0.39,35.17,59.11,2761.68,51.6
37.07,40.42,41.52,4.12,44.38,2.91,6.19,40.9,20.14,2135.99,53.03
15.79,77.61,121.41,5.88,53.57,3.13,3.36,20.88,36.46,2936.29,67.53
47.9,95.34,146.43,9.57,47.71,2.95,0.48,32.86,74.11,1017.61,60.8
158.92,7.89,132.06,3.58,11.44,0.5,0.21,44.83,21.07,2486.6,46.07
6.93,53.55,95.04,6.04,56.42,3.2,7.65,15.75,66.61,845.2,61.36
116.56,31.25,10.49,5.19,33.71,2.43,6.83,19.68,32.88,1017.47,68.92
199.09,22.54,191.8,6.96,45.83,2.2,2.74,38.63,66.56,726.28,53.97
171.14,50.58,33.62,5.31,16.06,0.94,4.18,10.11,83.27,2512.39,52.96
104.29,60.61,133.68,9.15,35.18,3.26,4.65,30.74,89.94,2701.2,74.72
12.73,0.98,182.58,9.59,23.15,0.16,4.17,26.73,54.59,589.98,42.78
166.27,78.02,139.56,9.02,58.61,0.38,2.53,35.23,68.28,2595.43,44.35
119.8,81.99,43.61,6.09,31.08,0.62,3.19,28.51,62.66,2894.13,60.83
22.99,96.55,63.16,9.93,46.56,2.46,1.53,28.07,63.2,1594.0,55.58
18.77,18.06,6.04,8.28,38.18,2.22,0.36,34.86,50.89,727.89,58.03
181.93,59.46,122.55,5.81,10.19,3.31,1.32,29.25,83.14,2793.81,69.7
133.84,42.66,122.6,4.11,34.86,1.29,0.2,44.52,47.06,2771.84,61.56
165.86,33.48,145.1,7.84,34.71,1.28,3.52,34.43,67.38,394.66,60.38
175.8,56.56,2.2,8.24,44.36,2.38,5.32,38.24,56.45,2875.49,52.86
114.35,78.24,163.57,4.3,22.7,0.69,1.53,24.79,47.44,910.38,69.4
103.49,2.31,147.74,7.07,52.34,1.68,4.32,43.53,49.22,1326.55,59.3
86.09,96.94,28.18,9.92,39.24,0.15,2.67,25.7,54.66,1660.51,54.7
63.39,80.99,69.53,5.62,7.16,2.11,1.05,22.11,52.62,991.38,74.77
86.92,75.12,127.7,5.46,43.88,2.77,1.11,42.88,76.7,193.85,66.38
154.78,76.04,99.16,9.37,54.88,0.79,4.98,23.2,65.16,2151.72,49.46
120.38,38.91,23.02,4.26,42.57,1.14,1.03,22.8,60.85,2309.73,63.41
178.5,75.16,17.47,9.57,25.9,0.55,4.47,29.47,33.71,1593.42,46.53
88.68,38.68,156.29,8.57,37.49,2.19,1.61,39.73,57.71,1290.98,67.17
121.42,89.87,31.19,6.04,14.43,2.02,6.94,21.55,58.7,2181.59,62.05
126.26,17.72,34.42,4.04,38.07,2.91,0.49,39.03,76.6,2983.19,65.33
118.34,29.23,166.18,3.62,32.55,3.4,3.16,15.7,54.99,2796.95,63.07
140.53,55.13,122.43,5.94,6.44,3.44,6.12,16.04,61.56,1688.25,73.52
47.49,31.92,120.94,8.08,22.7,0.46,6.02,25.78,52.06,2452.12,54.86
102.47,42.42,95.87,6.67,15.52,1.98,1.24,19.22,98.28,660.5,80.68
20.84,49.24,113.8,8.3,26.49,2.78,1.65,26.95,88.46,1118.27,72.35
76.9,85.64,120.35,7.86,18.3,2.34,4.42,10.44,23.46,2882.17,61.25
97.53,52.32,193.57,7.22,50.88,3.15,5.51,19.69,88.61,1666.72,71.1
130.44,36.25,44.59,9.79,43.37,1.6,6.04,43.16,49.15,1617.7,57.91
190.11,24.77,42.91,8.23,45.71,1.55,5.0,40.77,46.62,723.65,56.75
120.13,40.87,11.44,9.44,24.85,0.19,6.29,11.0,27.63,1478.62,55.2
148.72,51.57,131.64,5.07,5.19,0.15,3.58,38.15,92.5,503.72,47.31
101.25,74.61,109.81,8.14,17.05,2.45,4.53,25.54,90.18,2198.48,74.05
126.82,12.1,22.25,7.39,46.54,1.7,3.52,38.59,94.78,2618.52,55.98
14.19,22.16,72.91,9.51,38.16,2.34,6.11,19.8,81.68,2321.2,49.66
50.88,37.97,35.73,6.82,34.62,0.91,1.48,29.26,28.47,371.99,71.47
72.37,36.04,66.3,5.32,20.43,3.03,2.09,44.51,22.13,1685.19,72.43
94.5,39.17,190.25,6.0,9.17,3.17,6.71,21.44,92.82,1098.68,74.29
9.13,79.35,136.66,4.92,48.17,2.35,5.74,40.97,63.95,974.58,58.25
28.0,32.42,1.51,4.93,7.13,1.04,5.91,40.7,39.01,2390.06,45.71
55.36,50.19,50.5,6.56,8.25,0.83,0.88,15.39,26.95,1439.76,66.71
194.31,62.39,2.07,9.3,21.22,2.23,3.93,18.52,31.65,2543.91,48.95
66.27,23.22,142.97,4.75,36.51,3.3,4.56,14.48,32.59,1217.05,70.64
96.41,71.87,93.88,5.37,59.57,2.07,6.26,20.08,71.19,1633.09,72.33
39.22,54.71,198.8,9.04,9.99,2.95,3.44,28.33,40.55,960.86,64.23
122.16,44.68,146.72,5.71,31.02,2.02,4.37,42.48,44.47,1197.39,72.38
56.14,80.98,103.58,9.76,38.1,2.39,1.98,23.88,67.89,2055.44,65.81
41.4,24.35,160.94,5.25,50.27,2.03,6.67,44.58,83.22,850.39,58.8
103.31,88.32,140.96,6.37,42.93,2.06,7.32,23.97,52.06,2992.58,63.43
1.1,56.1,48.76,4.12,49.43,2.61,3.77,30.62,23.09,2447.8,49.22
1.53,60.92,106.05,9.95,33.74,1.45,3.55,43.77,72.2,361.47,49.33
43.81,87.51,111.2,9.29,28.87,3.17,2.69,31.06,74.77,690.66,74.73
7.34,81.76,90.25,8.81,39.03,3.04,2.21,23.54,46.92,2017.54,61.63
21.61,60.16,35.84,4.52,54.55,2.57,4.47,28.39,20.1,523.42,53.85
67.77,75.32,44.67,9.8,35.3,2.63,1.43,29.03,65.73,19.06,65.93
160.52,43.33,56.21,9.54,38.31,1.51,4.76,13.68,82.0,1946.56,55.35
114.41,54.74,2.05,6.33,23.59,2.93,4.53,24.16,37.54,702.05,80.91
102.53,6.21,183.39,7.93,37.79,3.27,5.58,28.42,61.01,527.08,73.35
58.7,8.99,137.22,9.95,39.53,2.8,1.88,37.27,75.8,2033.63,58.58
186.35,82.94,137.92,6.16,46.44,0.55,5.65,10.21,67.13,1224.56,53.97
79.4,5.97,114.47,4.23,36.47,2.77,0.23,38.49,81.7,2825.56,68.77
17.42,16.94,137.86,9.14,15.87,1.68,4.32,19.46,52.65,799.49,50.84
123.41,79.58,196.37,6.6,37.01,2.17,6.77,35.04,89.61,738.75,65.76
22.77,0.11,77.03,9.92,21.38,3.47,5.85,37.03,45.47,1692.63,54.71
69.04,28.24,142.51,7.08,9.8,1.32,6.82,40.09,32.33,1479.7,60.02
101.48,58.4,71.91,3.69,50.4,1.28,1.27,43.32,82.75,287.44,59.84
174.84,59.54,170.86,6.7,8.63,0.99,5.78,41.5,20.81,1820.95,56.1
98.71,77.72,171.61,8.17,39.74,0.53,3.81,32.16,96.07,2220.55,54.44
140.45,50.59,180.45,3.67,59.37,0.67,2.65,35.39,25.89,588.34,46.85
198.56,50.94,1.09,6.19,9.82,1.85,2.91,34.57,83.02,760.39,64.93
26.3,72.53,59.64,4.51,17.11,3.19,0.91,28.13,29.68,197.95,65.79
54.95,49.86,26.78,7.68,46.84,2.85,5.61,36.9,42.45,566.74,65.81
78.92,60.85,90.8,9.72,10.33,0.72,5.09,25.85,68.07,1153.61,58.88
84.37,89.78,99.09,7.56,50.8,2.01,1.31,38.7,31.21,2008.69,64.75
82.2,40.15,51.18,8.02,5.01,2.98,4.4,36.03,27.79,1522.81,64.18
181.52,38.51,144.69,6.08,53.95,1.93,1.12,27.14,94.53,558.16,64.05
142.81,0.35,53.95,7.16,8.68,3.2,2.58,27.99,77.62,343.07,67.21
121.58,61.34,170.78,7.04,55.71,3.19,0.45,32.44,29.59,1485.44,73.49
61.87,2.98,35.53,8.44,52.55,1.28,5.01,21.66,61.53,2867.4,51.28
164.76,50.41,73.45,9.07,34.68,3.07,0.2,29.46,86.79,945.02,77.23
191.01,80.42,124.45,7.81,47.79,2.09,2.16,41.5,26.96,469.71,58.01
164.24,54.99,121.07,9.87,9.12,1.73,2.21,20.89,84.86,2482.4,55.19
0.31,26.96,15.61,8.88,12.43,2.73,6.01,34.13,87.43,859.63,52.86
127.28,78.62,169.25,4.31,25.31,2.78,3.66,11.39,47.32,321.06,66.1
10.23,26.97,119.61,6.8,34.56,2.4,4.63,14.49,99.64,2971.45,67.35
51.52,73.3,173.97,9.37,52.75,2.86,2.07,40.98,51.42,640.75,55.88
11.9,61.03,173.53,9.64,34.85,3.33,4.43,41.62,92.18,1042.86,54.67
120.76,17.0,109.18,5.97,41.59,3.07,1.28,29.91,91.83,580.31,81.94
137.32,90.51,182.16,8.22,42.39,0.35,7.94,30.89,77.08,2854.4,43.71
22.9,20.06,169.68,6.17,53.27,2.99,4.18,24.34,20.07,2041.41,63.07
76.77,98.96,191.62,4.3,47.72,2.76,7.05,30.89,74.62,2216.04,60.87
91.25,0.73,170.1,9.25,58.74,3.25,0.93,40.65,27.55,306.99,55.94
73.81,26.35,164.24,9.56,6.1,2.61,4.76,15.41,22.89,2016.43,56.34
24.21,19.99,93.87,6.78,16.43,3.08,5.4,27.52,34.44,1561.38,71.34
83.79,1.4,42.41,3.62,56.17,0.13,6.33,40.66,60.91,1431.32,45.94
150.24,73.24,182.14,8.8,48.57,3.42,3.94,12.48,56.83,1524.43,55.54
14.2,69.34,144.51,6.6,19.7,0.75,0.39,17.04,51.16,1887.79,62.66
16.04,79.24,56.35,3.99,58.58,3.04,2.16,27.95,62.78,249.79,60.03
70.95,25.67,68.2,4.73,52.84,3.26,2.32,31.61,41.18,1762.3,70.81
188.35,44.43,137.22,4.49,8.56,0.11,2.62,34.75,45.04,1457.85,51.46
133.71,65.91,95.56,7.96,49.62,3.21,0.83,16.47,36.7,1107.87,75.45
135.73,43.98,16.3,5.45,48.15,2.92,0.11,30.92,56.18,1655.46,76.58
72.38,69.73,28.29,4.33,17.16,3.24,4.21,22.02,77.14,1089.99,72.69
118.73,63.4,149.13,9.46,41.81,0.7,5.92,21.07,60.93,417.04,60.83
2.03,11.46,65.71,9.72,58.36,2.74,1.92,12.2,88.1,196.26,48.57
127.22,78.1,101.53,4.4,42.17,1.76,5.58,14.34,59.31,367.85,62.82
182.66,72.07,153.32,5.0,49.76,0.98,5.88,37.96,36.16,1966.85,48.5
122.51,65.58,150.24,7.35,10.47,2.67,3.35,25.99,60.97,2244.54,70.53
174.74,15.51,33.4,4.48,45.01,1.71,4.25,36.22,49.74,2017.4,50.44
144.79,26.8,19.68,4.53,16.26,3.16,2.58,38.62,59.34,22.93,61.02
24.11,39.32,118.23,5.69,8.95,2.52,3.06,37.77,27.86,1590.77,67.29
180.49,27.99,148.33,9.67,35.36,0.57,4.75,44.34,82.13,38.8,40.68
13.29,22.78,29.81,9.76,46.28,0.95,2.96,19.07,47.74,193.69,44.87
106.79,80.54,74.39,8.97,35.07,1.0,4.06,12.55,21.35,217.73,59.02
28.43,63.82,174.06,8.02,56.24,1.27,5.98,28.29,65.3,317.09,50.8
2.34,56.55,188.84,8.18,43.26,2.37,7.72,43.72,74.71,114.15,53.36
84.41,22.6,90.81,6.55,11.47,3.14,7.14,17.08,25.81,190.8,75.08
59.01,91.81,15.9,6.95,56.4,2.12,7.32,29.04,50.0,2172.81,57.29
97.2,19.12,51.54,7.62,13.41,2.66,7.3,24.34,58.37,1473.42,72.74
115.44,79.5,46.59,8.25,46.7,1.18,2.01,31.83,60.22,2865.29,59.1
8.75,96.67,47.79,4.13,13.17,1.88,7.58,25.27,22.86,1681.56,43.36
24.6,72.71,98.78,4.96,59.92,1.81,1.86,44.6,70.62,2908.78,57.1
111.73,99.29,116.65,9.76,23.27,2.48,6.93,37.28,27.53,900.93,55.41
68.63,65.11,24.5,5.68,32.28,1.86,4.69,37.05,48.04,1293.79,66.11
145.83,21.75,177.87,5.25,30.68,1.24,6.73,22.84,60.59,1912.02,58.86
130.46,20.38,123.99,6.24,10.6,0.93,7.86,36.78,80.06,1862.4,49.41
169.12,32.46,119.45,5.39,32.17,0.97,7.02,28.26,49.23,8.86,57.05
138.5,0.71,197.46,4.09,13.22,3.44,6.55,40.0,85.7,1505.68,55.56
85.99,68.17,125.63,4.85,49.11,1.32,1.73,37.38,81.84,1325.99,67.09
134.59,26.87,185.79,7.66,57.71,2.84,6.89,33.46,52.42,637.52,61.57
55.08,81.52,57.25,4.95,49.44,0.34,1.41,18.44,90.14,2198.58,56.83
61.26,35.92,48.03,7.71,28.71,0.4,4.15,30.08,96.97,2354.05,57.0
157.8,48.0,103.3,4.15,5.13,2.43,4.07,41.26,41.66,1833.66,55.68
89.28,96.57,101.72,3.77,7.02,1.65,4.2,31.84,85.73,1231.86,59.95
159.68,24.22,45.3,9.1,32.23,3.09,5.81,39.11,42.87,1035.95,60.48
164.48,72.13,139.93,8.44,42.37,3.03,3.23,28.68,74.87,434.5,64.5
171.51,75.51,5.93,7.83,50.07,2.67,3.71,39.5,73.42,1911.53,54.67
183.33,22.1,138.13,3.7,37.97,2.87,5.31,30.42,83.25,2308.55,59.55
86.2,50.1,91.44,5.06,58.81,3.06,5.49,39.79,37.4,384.34,67.55
63.77,35.02,137.8,8.78,32.16,2.76,3.56,26.55,94.73,1133.55,73.29
116.44,77.19,95.42,4.44,38.0,1.89,0.51,33.33,54.35,1268.75,76.32
74.23,62.25,195.47,8.78,17.66,1.0,2.15,12.01,20.19,2143.77,57.89
120.21,47.6,66.94,7.3,23.68,2.78,7.56,25.32,81.85,273.22,70.77
141.12,77.94,196.51,8.31,42.57,1.18,7.43,14.88,94.53,757.16,48.18
137.68,23.52,12.99,7.69,38.09,0.93,5.23,18.06,97.47,1939.84,62.62
74.91,75.36,136.75,6.21,25.33,0.68,1.56,28.95,49.02,2892.39,76.3
33.37,86.54,90.84,5.4,11.16,2.23,0.86,28.92,21.63,2264.69,70.99
86.11,87.86,164.43,7.87,23.84,0.92,7.6,37.98,47.36,2184.25,56.51
28.52,78.37,157.92,8.74,7.43,1.37,7.0,26.63,90.69,682.62,48.62
178.02,40.8,160.04,3.79,36.94,2.51,3.24,43.05,87.5,980.95,55.96
69.18,98.18,18.95,5.97,22.77,2.8,5.07,21.72,50.34,855.36,62.99
30.89,37.96,164.47,5.78,25.89,1.17,7.32,26.07,32.24,2238.86,60.77
5.09,63.86,42.81,7.14,36.63,2.97,1.19,36.96,71.58,84.63,67.09
129.16,16.11,5.14,4.24,36.97,0.3,5.13,33.0,73.12,1252.93,46.57
127.38,98.04,43.55,9.57,37.36,3.45,7.36,15.84,70.46,2317.52,58.53
68.12,70.4,95.86,7.07,32.04,1.52,6.71,28.16,32.05,432.35,78.39
14.34,75.34,148.42,9.5,31.85,1.2,2.37,12.65,85.95,2828.78,50.59
81.93,6.58,43.73,8.81,50.17,3.24,7.62,15.23,22.91,2726.76,53.74
62.24,76.34,22.6,4.75,30.72,0.55,1.7,13.66,97.59,2912.21,56.62
135.42,77.47,129.19,4.36,34.48,1.32,1.75,13.33,92.13,1631.8,61.02
121.16,67.18,196.78,9.1,59.35,1.32,0.86,15.12,99.53,436.89,51.91
72.92,29.19,120.17,6.98,14.96,1.54,1.03,41.17,67.95,2290.2,71.27
43.58,48.97,138.21,3.63,44.95,2.98,6.12,34.08,68.29,2530.12,55.74
197.61,11.04,112.23,9.57,31.03,2.99,2.28,33.64,50.76,236.18,61.12
90.8,47.16,156.47,6.57,50.68,2.11,6.97,41.36,29.03,1331.24,67.9
137.65,24.38,195.16,5.46,27.22,3.47,6.88,34.42,80.39,1815.31,65.77
28.11,34.91,108.83,6.86,21.66,2.97,1.02,31.31,59.33,1998.36,76.81
97.12,16.26,83.36,8.85,16.43,2.42,4.31,36.09,49.15,1470.2,72.29
5.51,23.01,172.07,4.22,52.97,0.78,5.94,34.42,90.05,148.65,35.96
101.09,7.66,193.95,5.83,44.51,1.97,5.49,31.03,20.16,1773.26,60.58
192.8,91.99,25.84,5.57,9.23,0.83,0.92,13.77,58.28,275.28,51.44
76.84,53.04,115.63,8.96,44.24,1.13,2.64,12.46,72.18,222.79,67.85
7.8,39.67,158.49,8.56,6.93,2.43,4.93,15.77,20.32,253.67,48.44
6.19,53.5,106.67,6.1,14.99,0.73,4.72,31.75,78.21,2836.18,59.6
77.6,62.83,81.84,7.82,37.6,0.41,6.53,28.27,33.28,2066.67,60.74
32.0,92.19,131.05,6.06,30.49,1.91,0.54,29.13,87.64,1852.6,76.55
4.67,17.87,54.03,7.21,51.23,0.1,3.89,23.5,81.16,2201.64,50.69
151.24,29.56,69.83,9.94,38.43,2.17,6.81,38.8,31.18,725.53,52.9
91.7,97.58,198.46,6.98,58.07,3.16,7.95,35.98,65.92,942.43,57.21
57.85,37.12,127.29,9.93,52.04,0.75,1.12,11.8,80.59,2709.3,51.19
180.02,2.26,174.59,8.36,23.71,1.4,5.2,17.01,22.34,1973.19,47.27
23.23,14.76,161.55,4.28,50.88,3.22,0.11,29.1,63.59,2499.07,54.54
191.18,2.63,130.45,8.67,52.85,2.49,2.86,16.7,24.05,2837.59,49.82
62.79,98.99,168.15,4.55,58.33,0.56,3.61,14.94,69.56,1350.63,52.5
177.68,27.89,57.43,6.96,5.69,1.4,2.83,10.33,90.57,1744.41,58.87
120.59,92.35,127.42,7.49,53.11,2.67,5.03,44.4,51.58,920.56,64.3
165.34,99.59,118.12,9.3,8.84,2.36,0.22,18.1,54.88,2510.5,57.28
196.8,59.98,124.48,4.87,34.05,0.63,7.28,24.79,98.18,1362.25,52.76
57.68,3.32,33.73,9.19,27.81,0.31,2.62,31.94,56.48,2155.52,48.86
192.23,8.16,55.45,9.57,55.59,2.42,1.29,18.62,42.84,1697.88,52.86
77.9,48.16,57.33,4.08,27.28,2.17,3.52,38.49,99.71,1592.72,66.34
77.1,40.62,120.39,9.25,37.78,0.3,4.16,30.74,74.46,471.8,59.77
68.08,60.62,194.51,5.18,43.05,3.41,0.51,33.97,66.53,2170.04,75.3
108.28,43.88,190.81,4.03,6.05,0.96,6.41,15.38,72.76,157.27,46.52
30.83,93.41,45.44,9.73,37.5,1.41,5.93,35.29,83.26,2336.2,39.9
110.74,53.47,60.97,6.05,33.49,0.7,4.14,11.85,22.99,2765.83,64.06
108.34,69.37,7.21,7.55,37.67,2.92,1.57,21.23,35.99,2398.73,72.38
152.38,89.65,79.76,7.09,9.17,3.37,7.42,25.07,22.93,574.6,63.43
166.73,14.69,166.93,4.89,8.06,0.83,6.37,13.33,44.05,917.72,43.88
88.09,22.97,183.15,7.85,14.76,1.06,1.95,29.57,80.71,630.7,60.09
60.47,10.73,47.3,3.8,52.82,2.5,5.91,21.93,52.28,694.58,53.78
51.87,13.96,53.16,4.82,24.61,1.89,0.9,14.73,75.72,2442.21,65.15
38.92,51.26,44.17,9.64,28.87,0.46,1.04,19.99,44.45,189.52,55.42
11.53,32.12,70.02,9.7,26.46,3.26,3.61,30.31,98.59,1408.11,65.31
68.49,42.32,160.95,6.64,44.29,2.18,5.64,17.89,27.28,1785.85,72.32
54.05,98.25,129.37,4.6,19.27,1.12,7.35,26.46,66.01,2847.82,53.1
193.28,15.67,157.19,6.24,8.76,1.77,7.77,34.16,68.1,1956.89,47.47
111.54,54.08,116.61,9.2,25.8,1.8,5.57,31.4,78.4,2114.17,64.57
69.46,9.89,51.55,3.96,45.03,1.89,6.29,36.74,20.91,1634.83,54.75
116.09,31.85,45.6,4.33,55.32,1.79,4.13,34.22,40.94,1110.78,65.85
27.84,52.75,1.8,9.32,7.8,2.01,0.54,26.95,55.49,1060.14,53.69
88.81,94.66,156.2,6.2,49.58,1.44,1.09,28.19,62.13,2110.06,70.94
125.25,39.12,169.42,4.04,8.64,0.6,7.77,19.26,25.31,1107.73,47.09
97.78,6.49,153.66,4.4,23.19,2.36,3.2,42.62,85.28,2011.48,58.01
80.36,38.82,14.88,9.24,6.23,2.79,6.2,41.57,30.75,1640.7,58.21
198.77,14.57,152.44,6.69,55.13,2.96,1.84,38.57,66.03,1665.98,58.74
176.06,23.0,9.15,4.56,43.87,0.17,4.31,15.22,46.24,977.4,41.4
124.68,61.81,21.12,9.31,25.3,1.48,1.31,37.03,59.95,600.56,70.21
113.88,6.74,88.1,8.99,25.76,3.43,6.49,42.46,23.7,99.68,58.34
124.13,46.47,95.23,3.65,40.19,0.31,1.43,41.84,87.69,798.34,57.18
40.26,60.95,163.22,7.28,9.93,2.77,5.68,41.68,42.35,1698.93,62.16
79.03,42.19,135.91,5.09,12.98,0.53,1.29,33.59,43.18,2491.74,61.17
7.89,1.91,30.66,6.97,51.6,2.9,6.57,18.76,54.44,2404.5,55.23
95.11,98.55,45.23,5.32,16.13,2.39,4.07,30.49,41.48,2297.47,66.87
108.6,36.71,57.14,5.55,44.97,2.57,3.36,19.93,66.52,522.99,72.39
45.55,77.86,24.73,7.41,17.42,3.42,2.76,38.03,89.13,2043.69,72.65
192.81,32.56,57.53,7.0,9.85,3.29,5.53,16.03,55.33,691.59,60.61
181.89,47.5,145.72,6.07,54.5,1.13,0.8,17.57,29.03,990.46,62.41
144.43,38.85,48.28,4.2,54.59,1.38,6.86,19.28,90.14,2223.84,50.77
106.68,34.25,167.07,9.8,38.29,1.48,6.11,30.8,61.8,900.13,59.15
173.99,2.19,93.9,4.63,30.41,0.71,3.05,30.58,96.77,1880.49,57.76
26.13,36.0,64.59,7.62,35.4,1.4,7.82,29.23,89.69,2029.17,59.86
158.1,88.95,82.48,4.04,27.45,3.43,6.67,15.09,89.4,2897.16,59.21
24.96,69.04,141.9,7.97,46.64,1.76,2.24,26.22,29.74,480.16,64.67
158.84,14.54,103.36,4.12,46.5,3.34,7.11,42.5,61.97,536.15,55.36
55.15,59.12,1.46,4.99,50.04,0.34,0.88,42.84,87.77,1378.08,54.2
175.42,89.22,184.46,7.71,33.76,0.23,5.55,26.82,83.05,1577.85,52.19
188.81,70.0,13.2,5.34,49.07,2.06,1.14,19.18,61.86,1155.82,61.47
29.76,14.87,187.72,6.96,13.56,2.6,7.81,44.74,99.51,1909.6,50.82
92.54,86.78,5.63,4.31,6.66,0.84,0.49,17.7,93.5,1785.64,54.55
196.2,30.15,154.2,4.82,40.64,1.81,1.94,39.43,53.95,1982.35,57.67
96.68,45.41,106.93,8.27,10.8,3.07,4.29,20.31,38.9,2706.66,74.99
172.71,52.61,101.15,3.73,35.29,2.69,4.71,41.85,50.35,441.73,66.13
117.75,85.05,14.56,4.23,44.66,0.89,4.15,14.16,42.61,2446.94,52.92
75.07,93.16,47.75,4.9,27.39,1.24,5.95,21.07,71.92,1810.04,59.19
57.16,92.97,155.51,3.63,7.41,1.14,0.11,32.5,76.56,2647.39,51.74
40.64,0.8,178.25,4.12,53.79,2.55,4.55,13.31,31.08,48.77,46.67
152.36,92.19,105.82,5.33,7.38,3.39,4.96,23.71,43.02,2491.72,61.18
77.31,5.44,70.67,4.1,54.76,1.05,1.75,23.78,94.72,635.05,60.89
102.26,26.58,11.99,9.13,7.89,2.1,5.31,27.89,70.94,2850.46,61.1
98.47,51.5,136.44,3.93,45.43,3.46,5.27,10.13,75.8,957.0,72.23
115.46,47.99,55.69,9.1,55.87,0.64,4.29,32.79,23.78,2155.01,53.28
173.12,60.47,11.0,8.85,54.88,2.34,2.15,24.33,53.14,2433.25,55.13
196.15,47.94,133.17,4.15,54.14,1.23,3.39,18.47,95.97,2773.35,53.71
81.52,93.44,97.14,3.66,53.57,3.47,2.25,17.22,83.08,603.33,64.78
165.5,24.05,2.39,3.82,33.07,0.47,6.18,37.13,82.54,1860.96,40.96
152.91,27.4,22.18,7.34,35.67,1.63,4.99,20.02,91.77,105.28,53.34
114.71,92.07,139.84,7.86,39.08,0.97,1.29,33.71,36.4,177.2,64.91
191.21,7.67,12.73,7.53,54.28,0.21,4.58,10.34,98.88,1243.82,44.69
40.09,60.96,173.19,7.02,51.1,3.38,7.24,43.96,55.42,2081.36,63.7
21.85,68.17,62.27,4.64,48.06,2.03,6.68,12.81,87.46,1963.11,51.3
170.79,50.55,17.73,8.97,42.16,2.48,7.14,24.16,44.37,1404.91,52.9
87.83,69.42,151.95,5.63,39.01,2.21,7.34,33.37,72.04,1809.92,69.16
169.39,17.28,104.89,9.91,55.74,0.6,1.59,31.85,25.01,1859.17,48.48
178.62,85.26,61.33,6.0,15.6,0.68,5.79,41.24,96.68,2517.73,46.37
12.49,14.0,81.22,5.21,15.6,2.23,5.19,43.94,29.36,2662.67,52.31
176.69,40.08,4.28,9.31,59.04,2.75,0.36,35.19,75.21,1145.84,59.14
89.66,7.53,132.54,7.19,35.42,2.18,6.25,32.36,20.5,196.49,68.71
102.09,54.52,73.15,8.19,31.59,2.04,1.74,13.44,61.11,720.86,79.96
125.32,66.97,142.81,6.15,51.78,2.64,7.34,25.42,45.82,287.93,73.06
185.28,94.12,125.63,9.26,51.74,0.93,6.7,16.54,38.59,2376.54,40.85
3.82,73.93,130.25,9.47,14.71,2.59,6.17,23.29,77.11,178.98,54.73
95.37,54.11,158.58,6.34,14.55,1.5,5.6,14.95,55.46,1402.48,70.28
137.54,93.26,126.23,5.06,48.74,2.39,3.81,37.49,45.41,1625.11,60.02
144.54,47.84,83.75,7.71,48.21,1.03,6.4,27.96,55.89,2488.78,63.23
138.51,56.12,77.99,9.7,17.39,0.57,6.57,13.87,45.21,2103.33,52.58
26.89,59.61,23.92,7.55,51.28,0.2,0.88,28.23,53.79,1795.94,55.07
59.88,41.0,155.89,9.7,31.4,2.83,2.72,21.53,33.17,1741.92,70.59
71.74,83.85,152.22,5.73,30.85,0.77,2.6,27.55,93.98,1413.63,65.69
160.89,18.52,49.26,9.45,59.21,1.34,1.08,18.99,53.66,2696.85,43.8
55.75,55.48,172.54,4.23,33.56,2.71,7.81,36.47,57.28,532.82,62.24
42.14,72.22,117.8,5.83,12.54,1.63,4.71,10.28,78.06,2890.63,55.04
191.49,90.4,95.74,6.71,20.41,0.84,4.76,14.91,29.93,1810.66,47.17
1.77,88.39,3.5,7.75,23.35,0.76,3.12,30.0,35.62,713.13,48.42
199.56,50.87,76.55,5.41,57.72,1.49,6.17,32.69,32.02,2195.29,55.15
135.36,64.32,128.13,9.51,19.52,2.02,3.86,11.46,58.35,1121.22,61.99
165.69,39.42,17.95,9.37,28.67,1.43,5.96,33.32,66.97,302.32,52.79
58.92,46.82,91.91,8.7,46.23,3.18,7.04,17.05,77.17,244.74,66.06
2.86,90.63,198.69,4.24,20.08,0.11,5.29,15.16,95.48,1693.11,35.79
147.57,93.07,143.31,4.01,43.59,1.47,5.02,10.7,26.89,1929.72,44.8
166.83,89.54,109.37,6.74,16.41,2.63,6.32,27.21,73.83,987.58,61.19
148.1,13.84,106.61,8.47,18.34,3.13,4.07,36.33,80.4,2078.62,66.32
28.57,85.01,8.75,4.3,59.25,1.32,6.51,30.84,73.16,807.91,41.45
150.69,94.84,191.46,7.67,25.29,2.39,0.83,40.3,88.4,1035.3,58.99
153.78,36.12,185.64,6.93,45.13,2.07,2.01,28.69,61.62,685.35,67.99
131.71,51.86,136.48,8.22,51.2,0.79,7.4,10.31,85.45,1902.62,49.86
153.22,77.91,19.8,6.33,24.08,2.42,1.45,39.92,25.57,1468.94,68.22
169.18,56.21,41.57,8.01,24.64,0.95,3.68,42.16,70.94,450.2,49.02
122.72,99.35,36.78,4.54,47.52,2.77,3.9,40.56,95.27,2920.75,59.17
17.72,45.57,103.92,4.89,38.39,3.04,3.4,16.66,56.4,2688.53,72.57
97.53,71.39,41.56,9.37,24.9,1.73,6.95,44.67,29.74,2348.08,51.73
15.53,79.26,139.16,5.64,46.23,0.28,6.02,43.65,49.09,288.51,47.77
81.51,49.41,109.05,9.91,52.5,2.61,6.5,39.97,88.03,1310.14,59.9
81.42,85.7,3.53,3.8,17.93,1.69,7.93,30.35,30.17,1557.39,57.38
13.2,54.62,148.81,6.72,6.34,0.42,7.8,16.94,62.18,2833.85,44.97
69.76,41.17,37.77,5.61,20.08,1.23,7.15,16.78,88.58,1083.92,65.49
22.2,10.78,164.98,9.97,42.1,1.09,4.57,28.16,82.9,2008.84,46.5
161.65,39.34,71.01,9.94,55.34,2.57,2.48,41.24,60.99,1660.91,54.28
189.54,73.39,67.72,5.03,52.47,1.54,5.82,23.4,69.95,2429.56,56.21
14.46,92.13,2.36,5.24,17.22,2.1,7.6,27.29,42.38,333.23,47.82
191.02,25.17,197.55,8.37,53.46,1.8,7.92,24.67,94.65,2476.95,40.53
104.52,35.52,122.4,9.28,49.59,2.56,4.94,35.84,22.48,1954.73,64.69
59.91,15.4,84.55,7.81,45.39,2.54,5.64,13.46,49.24,330.46,63.25
15.37,69.07,19.32,9.12,42.85,1.63,2.3,35.2,51.64,2234.27,51.75
100.12,96.02,139.83,3.91,49.39,0.56,1.69,37.49,82.05,999.38,53.78
158.9,64.1,56.55,7.66,52.4,1.49,5.15,35.03,57.83,239.41,57.86
141.42,61.71,197.66,8.05,50.05,0.64,1.88,33.7,88.62,1319.83,59.15
10.05,55.35,190.11,4.74,11.7,3.36,3.22,23.66,42.74,527.62,59.96
14.58,8.85,147.06,8.56,44.72,3.33,3.99,26.93,34.2,816.11,61.64
80.57,72.95,194.21,9.64,51.27,1.65,7.47,17.41,39.77,2994.08,43.52
59.06,60.2,21.13,9.34,15.21,0.19,7.82,34.23,33.86,453.68,41.63
46.48,66.15,55.98,5.09,16.76,1.37,2.05,17.32,47.29,1142.49,72.19
56.2,89.88,50.65,5.61,48.23,3.14,1.14,29.53,39.45,1987.14,74.95
160.7,78.4,14.4,6.75,23.92,1.08,1.88,36.14,69.34,2924.59,57.26
185.85,78.09,194.45,4.53,26.98,2.21,4.2,16.46,21.07,1122.82,53.35
81.02,92.72,11.99,9.7,25.74,0.73,6.29,19.48,60.37,638.01,46.69
181.22,98.99,171.34,4.55,16.71,2.91,4.22,25.37,51.43,1218.4,61.36
64.3,58.13,153.63,8.45,56.63,3.13,7.47,32.65,46.57,480.0,57.79
95.29,10.89,75.17,5.72,49.32,2.19,5.14,21.31,26.02,2959.48,66.33
45.21,45.91,3.76,7.23,18.78,2.22,3.92,16.22,78.2,1424.99,73.14
128.1,78.76,1.22,3.81,10.83,1.39,6.19,15.45,48.97,1982.7,48.89
195.8,2.77,40.8,4.83,25.49,2.5,7.63,19.2,95.2,1072.55,55.63
120.7,5.69,98.78,6.39,27.84,1.73,2.73,24.16,96.01,778.83,78.6
71.56,6.72,91.58,7.9,5.39,2.63,2.27,13.25,65.89,279.66,65.14
129.56,73.1,117.06,8.55,53.79,3.39,1.79,43.33,48.13,2343.2,63.53
24.58,50.12,154.39,3.7,51.82,2.9,4.33,44.96,51.97,1690.26,59.82
177.73,36.89,75.47,4.49,51.76,1.86,3.8,40.49,43.01,624.19,59.28
100.62,10.56,32.07,8.24,49.32,3.43,2.05,38.96,74.7,2005.76,74.14
89.87,73.22,160.01,8.78,45.32,2.16,5.8,25.02,62.75,735.35,64.58
117.17,32.1,66.54,5.04,39.9,0.32,2.45,21.8,53.78,636.14,62.51
124.96,26.53,57.38,4.99,57.82,2.58,6.08,25.15,61.88,2616.93,63.45
14.36,65.23,152.86,4.07,44.15,2.89,6.73,10.66,29.72,1483.41,52.2
136.52,55.9,186.83,4.48,39.66,0.56,6.94,15.59,73.03,1596.01,55.39
48.39,36.24,182.99,3.55,48.39,2.41,1.26,29.12,61.19,2308.3,62.15
142.79,64.15,27.49,7.33,18.54,3.23,2.52,42.45,69.2,1437.87,73.93
164.51,27.12,100.63,9.38,58.19,0.95,4.24,42.46,42.21,717.19,46.54
160.79,79.48,18.57,4.47,6.05,2.09,6.78,35.0,79.44,2194.32,47.77
110.5,22.93,192.2,8.38,40.66,1.03,3.27,26.97,58.29,2547.69,54.41
104.03,15.88,43.05,7.23,9.24,2.73,5.31,19.37,27.9,1903.17,64.88
28.58,78.24,39.49,9.61,51.93,2.07,3.69,24.49,73.55,2405.81,49.2
155.07,70.79,177.78,8.69,58.22,1.56,0.33,44.47,29.03,86.35,47.47
54.28,18.26,193.57,9.04,27.47,0.2,2.6,40.0,24.75,1462.64,46.86
99.34,11.62,139.53,7.65,52.14,3.31,6.08,26.96,79.56,1249.66,72.52
56.85,83.84,24.2,8.77,23.46,1.79,5.87,39.88,57.7,174.39,49.74
26.77,77.66,97.17,5.78,13.77,2.83,7.08,36.16,22.03,627.54,59.76
125.91,32.73,163.32,4.86,20.22,1.43,4.78,24.12,61.03,1295.82,66.42
10.87,65.82,114.5,9.43,21.6,2.99,6.15,27.29,91.62,2043.93,58.71
149.73,12.42,26.52,8.27,39.69,0.64,3.38,26.22,27.59,1160.38,56.15
63.52,50.7,34.38,4.09,48.79,0.89,2.86,10.51,47.75,2168.82,58.08
0.03,1.87,172.83,9.13,16.29,1.23,2.78,21.25,86.42,2022.77,46.1
102.23,39.16,105.41,5.77,9.85,0.4,1.36,11.36,40.33,2884.62,68.97
9.37,7.48,141.17,5.44,17.19,1.61,3.56,40.97,28.68,424.56,54.01
55.23,47.51,74.61,7.55,21.31,1.75,6.5,30.53,55.48,2921.73,55.92
141.4,42.17,106.5,7.2,20.39,0.49,0.2,24.14,89.17,243.02,68.34
12.54,44.44,195.42,7.0,17.1,1.55,4.64,13.49,45.99,2441.29,51.22
167.87,4.53,65.94,5.16,30.63,0.77,1.47,11.42,86.92,937.69,57.97
0.76,36.16,134.96,9.74,52.08,3.08,5.98,18.97,29.09,1266.21,52.53
49.36,75.65,34.5,9.68,10.52,1.83,1.21,23.85,52.58,827.09,60.81
148.18,36.89,24.35,3.53,52.41,3.34,1.4,30.96,59.08,2443.64,57.98
63.25,71.52,156.73,5.7,32.34,1.26,0.44,22.32,51.6,1425.67,68.51
20.38,36.95,168.82,3.8,41.33,1.26,3.6,26.84,90.99,2017.7,50.35
72.05,42.32,133.66,9.03,49.85,1.25,5.22,33.8,45.01,2854.8,57.0
54.08,56.39,31.64,9.26,21.74,1.01,2.38,11.53,89.13,1102.08,55.8
168.54,95.07,48.12,6.87,57.48,2.77,0.43,28.37,86.68,1446.4,68.37
62.67,10.89,182.24,8.96,9.61,1.06,7.47,19.97,82.34,201.79,43.91
157.79,3.29,57.74,8.07,34.02,1.08,6.9,37.37,40.4,1798.29,51.66
178.37,60.8,163.77,6.75,19.01,0.26,3.76,21.3,49.15,949.59,60.24
86.76,94.91,57.19,5.86,27.44,3.38,6.6,15.94,64.99,1832.45,66.62
181.99,98.97,187.89,5.23,29.69,3.11,6.43,37.63,31.91,908.03,58.16
75.46,48.42,182.89,5.19,55.3,1.09,4.54,36.91,54.87,327.44,57.04
192.82,46.81,8.65,7.15,29.29,1.87,4.26,26.24,20.57,920.18,65.11
17.86,64.5,154.08,4.58,43.39,1.74,5.24,16.45,37.49,2461.9,58.26
137.4,55.56,33.89,4.64,57.35,0.4,5.8,26.55,89.65,547.53,55.46
98.76,63.41,43.05,3.57,32.2,1.91,6.58,25.46,20.84,529.09,62.95
77.53,87.4,91.97,7.49,27.46,0.49,4.64,15.15,49.82,2469.63,63.97
126.54,74.63,115.26,9.96,58.51,1.58,6.0,22.7,94.31,774.61,50.67
140.77,49.69,65.16,9.28,50.52,0.4,1.57,38.51,83.2,996.42,52.26
0.87,46.19,115.08,8.09,56.69,2.1,5.99,27.61,31.91,1621.03,54.54
33.39,63.96,34.13,8.61,26.85,0.27,0.56,14.53,44.56,1271.29,60.03
142.61,45.57,4.47,6.21,43.3,2.24,5.3,40.96,78.32,2463.53,60.76
133.28,45.78,114.24,5.44,18.73,2.5,5.73,36.04,64.03,1732.74,72.47
193.21,1.63,103.48,5.9,52.62,2.04,7.74,29.01,83.74,2144.9,53.24
152.21,17.41,137.93,4.03,56.32,1.7,3.43,19.36,33.3,2125.49,60.54
190.15,48.85,129.96,7.62,19.73,0.31,1.0,13.39,49.48,230.9,54.51
140.51,82.27,179.5,4.64,10.77,0.14,2.74,35.84,80.54,2923.0,45.67
59.61,27.87,91.89,8.46,16.04,1.26,3.41,31.96,53.01,212.78,63.98
21.07,52.26,1.67,4.73,39.81,2.72,6.18,38.69,73.17,2846.63,55.61
156.36,34.5,126.13,4.98,19.97,2.3,1.57,34.12,35.66,2963.11,64.98
128.83,10.48,135.03,9.72,40.12,0.53,1.44,15.41,72.15,782.69,52.95
9.64,95.83,104.3,4.19,24.26,2.44,1.84,25.84,33.84,1931.17,64.92
72.01,85.47,137.86,6.74,55.43,2.05,1.92,20.92,80.96,159.66,64.61
191.36,7.85,64.72,3.91,29.89,0.67,7.4,40.29,63.37,2041.89,43.67
100.08,71.98,29.76,4.09,32.37,2.67,1.37,19.58,54.43,561.75,71.07
86.55,34.76,132.91,7.62,24.14,2.92,3.36,27.34,25.64,2823.17,73.04
91.54,99.48,49.04,7.6,9.02,0.89,3.29,29.19,73.2,1965.16,57.88
41.78,30.24,91.26,4.76,32.15,2.26,1.11,31.89,35.22,2295.43,69.65
73.74,23.87,98.32,9.17,47.59,1.39,0.96,32.23,29.76,2836.9,59.4
73.96,56.79,95.44,8.06,57.42,0.3,7.29,32.6,32.5,2573.46,53.67
10.47,83.51,119.69,5.45,9.21,3.03,6.71,22.44,34.79,1402.2,63.39
153.51,19.25,5.89,5.11,48.86,2.89,7.47,27.7,74.77,512.08,58.73
83.3,70.94,197.94,8.4,19.69,1.18,2.61,12.05,58.97,968.73,60.85
164.44,6.14,143.26,8.27,50.25,1.91,4.26,28.46,57.38,1766.58,56.6
170.07,91.89,85.08,4.47,23.81,1.84,2.12,31.77,57.03,2238.05,61.63
42.4,8.11,38.27,5.77,11.29,0.7,3.2,36.05,52.94,764.85,54.56
131.47,91.42,16.04,4.91,38.66,0.6,6.37,15.16,61.23,1345.0,53.02
94.46,49.08,134.44,5.41,54.16,2.97,3.86,31.7,32.84,1072.22,71.78
176.03,44.81,63.39,5.37,14.99,3.05,0.97,21.46,42.68,1416.25,70.17
43.15,97.33,45.9,9.84,6.2,2.57,0.13,24.13,28.02,991.42,57.23
135.56,99.04,75.99,8.38,53.61,0.35,1.97,26.62,86.93,474.4,55.01
121.55,65.02,118.58,8.57,43.38,3.19,1.55,14.51,99.99,1458.59,68.83
59.06,12.71,134.34,5.3,49.48,3.43,6.37,18.4,76.29,2849.33,64.06
27.32,50.62,129.03,3.5,8.29,2.74,5.37,12.21,23.82,319.36,53.06
130.33,52.92,172.65,3.88,53.98,1.3,6.72,44.1,57.76,2506.73,50.23
147.72,51.44,43.75,7.09,28.05,1.48,3.41,16.68,20.53,2205.09,63.98
63.13,56.95,127.35,5.36,54.37,3.06,4.71,32.18,42.08,987.85,77.55
128.97,1.87,20.22,4.75,8.57,1.05,3.4,14.04,26.43,412.94,50.94
79.03,71.12,109.59,3.82,53.66,0.58,1.85,34.39,53.62,2796.4,59.42
142.64,71.24,116.79,9.19,42.04,2.9,5.08,40.62,54.52,1137.89,64.01
39.84,11.55,43.25,7.4,35.48,0.76,3.17,26.63,34.11,1303.99,62.41
178.04,57.02,78.34,4.2,8.4,3.18,2.07,34.03,86.36,959.27,67.84
57.48,56.84,165.44,8.48,42.86,2.13,7.51,33.12,81.37,2543.97,55.09
73.56,68.25,29.68,8.41,37.88,1.99,0.95,32.88,86.16,681.46,66.46
11.62,8.54,86.9,5.38,44.95,2.74,6.24,13.71,63.7,2279.46,62.76
22.3,62.65,186.55,4.72,44.42,0.16,4.44,38.58,20.66,737.5,48.49
103.17,28.08,100.82,8.79,29.41,2.53,6.13,30.51,93.9,1024.13,68.45
53.52,50.7,145.03,5.64,16.26,2.13,0.81,17.94,93.53,2774.4,73.04
167.1,77.33,165.37,9.01,55.54,1.88,3.18,25.4,63.5,1852.12,53.62
2.94,70.56,40.75,3.78,55.91,0.84,6.39,35.38,92.31,2076.52,37.51
75.82,11.89,43.64,6.75,16.66,2.92,6.54,32.49,41.34,1878.17,67.19
67.47,59.12,151.72,4.67,39.69,0.95,6.33,15.34,61.37,535.03,61.42
3.87,96.91,150.66,7.87,16.16,1.77,5.98,31.03,75.14,1996.76,53.78
24.87,15.68,12.04,9.98,52.37,0.64,3.08,27.8,60.23,1617.06,44.86
82.73,85.29,64.5,6.18,10.4,3.41,5.76,32.89,87.95,2482.08,69.67
98.57,70.25,79.71,4.15,59.46,0.76,0.96,37.45,63.36,2964.78,58.76
80.86,77.4,165.81,5.56,38.6,2.83,1.38,21.52,33.38,1870.02,73.65
106.19,28.2,84.37,9.29,6.26,0.99,4.37,24.31,86.32,1003.03,56.54
119.03,28.79,185.19,8.48,53.5,0.97,4.44,30.8,76.56,2574.33,53.23
1.98,90.6,199.32,5.01,42.65,1.53,3.83,37.37,61.01,2534.64,50.01
92.82,35.98,156.15,9.7,43.35,2.98,5.91,31.59,59.82,2566.05,66.4
192.7,6.3,133.28,7.54,20.13,2.44,4.55,10.52,75.27,1075.22,57.85
103.81,60.06,78.38,4.59,23.52,3.06,0.62,44.69,73.13,1239.68,79.18
135.51,12.48,13.41,7.22,55.29,0.26,7.11,11.0,40.91,2308.95,44.6
62.37,79.66,114.63,6.43,39.92,3.35,5.06,40.39,79.97,1268.02,75.68
154.8,64.17,72.34,8.83,5.93,0.36,7.17,41.7,88.38,1469.41,44.29
154.58,87.47,70.18,5.74,23.01,2.55,3.49,17.52,38.89,29.09,68.31
104.26,78.48,137.54,9.19,37.92,0.8,0.11,37.13,55.98,2669.85,59.27
195.2,11.21,92.73,8.78,13.14,2.96,6.13,26.69,44.37,1426.5,59.51
25.11,38.11,150.42,7.88,10.41,3.03,4.57,24.61,34.23,2707.29,66.9
3.39,77.46,79.63,5.18,8.27,1.97,0.26,15.14,27.37,2914.12,55.36
154.03,41.73,30.17,9.81,39.68,1.47,4.62,26.11,86.32,475.34,54.67
161.43,97.24,92.27,7.07,22.63,2.8,7.46,32.31,38.1,255.06,64.9
24.04,73.57,190.2,9.4,25.55,3.07,1.75,27.43,70.2,2005.93,63.75
53.12,1.55,160.3,4.9,8.3,2.61,2.33,17.84,54.96,762.53,59.6
3.51,88.0,41.15,9.89,45.59,3.18,5.23,27.04,60.38,1320.53,48.82
58.66,10.08,78.26,8.8,47.17,2.23,6.59,40.56,62.81,23.83,60.43
154.63,14.05,185.56,9.67,50.62,2.38,5.17,38.62,69.47,1284.42,51.62
103.59,73.45,24.74,4.88,40.84,2.04,5.41,16.71,83.73,2913.08,58.64
69.62,86.5,50.79,6.3,47.53,1.76,2.68,27.13,34.14,290.16,62.07
74.35,53.63,52.44,4.13,36.75,2.33,0.18,31.13,45.1,2061.74,71.09
0.27,28.9,114.19,4.39,32.04,2.01,6.73,28.62,29.1,1598.94,58.6
59.96,35.13,82.15,5.35,19.29,2.59,7.96,33.12,75.7,2548.5,62.3
129.29,34.29,15.97,9.69,7.94,3.28,6.94,33.95,45.05,1954.82,57.27
194.84,32.67,125.84,7.84,21.05,1.37,3.24,24.15,83.56,0.44,59.54
169.41,24.29,19.82,5.55,42.6,1.5,2.88,18.47,78.18,2018.77,58.82
4.72,60.89,121.28,9.7,55.98,0.15,7.68,25.48,23.45,2453.7,43.17
179.71,90.04,101.4,8.31,19.09,1.89,7.91,13.78,28.15,2195.22,55.53
156.64,30.71,98.73,9.4,41.84,0.55,4.94,36.16,68.19,2193.56,49.36
156.08,18.67,13.5,9.53,31.3,2.53,4.16,37.14,76.14,2646.88,50.32
91.6,83.86,127.84,8.38,39.52,2.75,4.18,43.01,49.66,1820.42,65.23
79.6,74.18,86.26,5.08,5.09,2.56,1.69,41.46,35.96,2006.88,66.3
60.58,93.08,82.22,9.98,11.75,1.96,5.85,14.46,32.67,1607.84,53.92
13.14,16.55,119.29,5.61,16.94,1.92,1.45,29.11,39.24,2837.34,61.06
45.65,14.43,121.25,7.87,54.14,2.3,1.76,34.69,33.29,2018.28,61.46
49.32,54.14,3.01,8.99,7.23,1.99,5.43,38.99,45.7,846.75,56.87
96.82,61.44,25.05,4.64,36.33,2.65,6.97,20.43,59.24,2533.42,68.04
149.49,48.02,47.3,7.46,56.08,3.14,5.36,44.54,74.24,1012.25,67.49
94.76,59.9,135.6,5.94,40.86,1.92,3.85,27.65,89.34,2584.16,69.17
11.57,18.04,115.35,5.09,31.64,0.48,5.59,26.18,77.97,513.22,54.84
191.56,47.96,151.53,3.58,26.23,0.55,3.69,24.77,72.17,569.36,51.87
188.54,65.81,148.12,9.17,39.33,1.38,5.27,16.23,83.0,1574.56,47.4
157.04,43.27,170.64,4.38,31.42,1.79,6.26,29.53,92.34,1103.76,59.51
198.27,67.94,75.36,9.21,43.8,0.87,0.22,14.36,38.39,2851.76,48.29
108.9,45.12,69.01,7.4,38.98,1.64,1.83,39.52,69.8,2141.32,75.6
192.55,33.36,166.2,7.54,36.21,0.56,5.65,11.69,23.02,1468.06,50.14
15.12,30.36,47.52,8.89,57.62,0.92,3.27,39.84,99.33,2904.37,41.5
73.14,41.09,92.23,6.81,50.96,2.6,4.22,38.38,88.63,2823.92,66.39
45.08,2.31,38.87,5.82,38.49,3.45,5.51,20.52,49.53,656.37,69.5
39.17,66.85,182.77,4.4,34.63,0.73,4.26,11.25,69.22,718.31,47.4
28.16,84.51,81.56,7.21,44.82,1.25,6.71,40.96,63.62,2415.85,51.86
124.48,35.46,42.5,7.1,49.22,1.29,3.1,38.15,87.53,1296.9,64.22
156.26,4.6,138.4,5.41,21.24,0.86,5.57,32.21,58.27,451.82,56.92
115.66,98.68,48.93,7.4,41.68,0.79,3.46,11.93,30.52,2757.51,54.98
29.39,26.37,188.7,6.36,12.43,0.55,4.28,27.81,58.42,2221.36,52.17
162.22,12.66,73.52,8.74,28.67,3.19,1.0,42.69,29.47,1138.72,70.5
127.19,36.98,132.93,7.14,56.61,2.31,6.67,13.74,84.61,2963.27,56.64
77.63,73.86,69.05,9.57,22.95,1.09,2.63,27.85,33.3,1856.92,62.86
134.83,29.39,161.45,6.87,13.48,0.98,2.48,38.12,49.54,1544.76,65.41
51.98,57.47,179.38,9.27,13.04,2.11,0.8,33.14,28.48,1569.11,60.13
69.04,41.56,157.58,6.88,26.66,2.47,4.1,23.81,50.29,1030.96,78.17
183.5,11.78,169.7,7.13,17.38,0.96,3.4,41.22,97.07,963.12,50.26
58.1,33.03,20.38,5.88,28.48,1.28,0.88,28.45,94.37,2912.73,62.88
94.0,72.49,184.81,6.1,44.54,1.09,6.04,40.41,65.06,2615.65,55.33
178.03,61.2,124.86,9.57,53.85,0.4,0.62,31.41,71.07,849.87,49.21
141.54,11.98,173.84,4.95,11.06,1.41,1.25,20.95,48.17,2782.95,53.23
12.44,16.33,136.89,4.29,47.26,1.91,3.74,41.45,36.84,245.19,52.94
29.46,64.07,40.37,8.9,10.69,2.33,2.93,40.79,42.25,863.53,58.92
1.57,81.34,121.91,7.25,25.87,1.52,2.28,20.73,26.34,2750.01,59.25
126.18,34.95,18.19,5.35,59.81,3.44,4.56,17.57,55.62,185.3,58.99
89.53,59.53,139.14,6.31,8.78,2.23,4.24,44.26,26.83,2778.35,65.49
26.85,17.06,81.8,6.91,6.26,3.11,3.52,26.57,49.79,1065.85,72.57
191.59,31.14,30.35,7.35,23.35,3.21,6.23,44.92,88.08,540.52,59.4
105.93,2.03,195.85,8.84,57.31,2.89,4.04,18.88,51.27,486.31,55.29
48.38,76.83,180.22,6.06,6.1,1.02,7.83,13.55,54.84,1241.46,51.42
100.12,40.1,178.71,7.9,17.25,1.57,6.43,10.27,62.16,2103.26,64.35
135.92,81.61,157.76,8.93,38.17,0.1,0.94,20.93,45.15,1938.36,61.58
15.25,70.84,138.4,8.98,17.86,1.63,2.26,30.47,26.57,958.54,60.22
54.94,82.87,131.02,5.15,7.96,1.1,4.33,18.71,80.93,1281.15,57.38
161.39,28.57,21.22,5.78,7.88,0.48,3.8,30.15,39.29,765.05,50.74
91.93,18.51,180.11,7.37,35.75,2.95,0.47,11.97,31.62,1221.61,74.01
109.32,97.19,176.23,9.26,35.9,2.39,4.27,43.97,26.99,581.83,59.98
86.56,71.73,149.57,8.64,43.86,3.5,4.88,22.16,74.42,2277.44,69.13
8.78,83.4,185.46,7.3,12.25,1.79,3.76,44.07,21.37,1166.44,43.98
33.15,1.31,110.62,9.89,32.49,1.22,6.94,28.71,67.47,1064.37,45.04
89.11,35.45,89.53,6.35,38.05,1.0,4.5,26.32,47.87,1874.46,71.37
41.84,74.28,193.59,8.98,17.23,1.58,6.31,13.14,60.55,788.05,41.21
10.0,7.8,92.83,8.82,35.1,1.15,4.74,12.97,92.59,1238.5,54.37
168.73,56.73,128.26,9.4,43.95,3.47,7.28,27.98,20.06,254.13,66.66
196.24,42.91,74.61,9.92,59.5,0.72,1.79,21.14,70.82,413.25,50.43
158.63,1.76,127.27,6.72,37.8,0.17,6.67,16.52,91.5,1568.02,56.6
170.76,23.6,144.02,4.77,52.37,0.54,3.64,14.74,39.55,2995.18,49.59
48.4,28.48,124.93,6.5,50.85,3.13,5.61,29.55,29.31,1676.12,67.82
192.13,11.19,102.91,9.05,56.71,2.46,4.57,20.54,51.16,1370.13,54.62
39.39,63.15,60.02,8.93,44.77,2.77,0.96,38.21,96.09,695.64,64.38
190.29,24.24,128.77,5.68,16.72,1.19,3.55,13.15,66.69,1102.27,64.3
198.96,27.76,181.69,3.81,21.4,2.22,5.42,10.29,95.76,2379.94,43.64
142.34,89.82,1.38,6.81,48.16,2.51,7.2,42.97,41.63,1390.02,58.97
196.23,46.71,26.79,6.58,33.65,1.21,1.83,10.6,77.7,2066.25,60.05
113.91,39.21,23.95,4.06,18.82,2.56,2.91,40.1,42.02,995.05,62.75
51.91,72.39,184.64,8.67,41.12,2.24,2.95,40.81,61.28,593.94,55.82
87.4,90.96,132.55,5.34,54.86,1.11,4.24,43.14,92.35,1591.44,51.65
118.71,2.5,190.36,7.7,24.67,0.28,6.92,27.32,27.06,1061.36,52.28
14.62,44.82,116.56,4.16,37.79,0.91,3.22,31.83,43.68,334.35,59.6
124.47,61.08,92.35,9.09,36.98,2.21,1.26,22.82,48.37,1033.0,82.72
196.24,31.86,158.47,8.31,11.98,2.14,4.1,44.01,24.68,1240.46,54.76
38.02,77.24,32.19,6.02,9.96,1.83,0.4,35.61,38.96,2203.02,60.04
158.52,97.15,76.27,7.59,53.92,0.96,2.82,35.22,25.04,1266.95,58.18
181.58,94.34,93.25,4.72,56.34,1.61,4.16,22.37,43.55,2755.97,53.95
188.74,26.6,59.69,9.91,54.73,0.59,4.19,20.54,22.23,1905.41,40.67
192.03,22.63,74.26,8.67,26.82,2.35,6.57,29.51,23.09,2637.63,51.48
104.29,95.75,15.62,8.63,20.82,3.06,6.43,12.85,38.79,594.18,55.6
195.46,45.86,39.6,4.5,56.82,1.68,2.33,24.66,50.3,2465.04,52.31
151.46,20.83,67.1,3.62,53.55,0.82,2.48,28.62,51.87,250.67,52.35
32.33,70.7,159.18,7.3,50.09,2.91,7.86,36.26,48.07,2191.81,62.86
95.38,28.44,36.5,4.44,23.38,1.16,3.19,30.01,61.09,998.27,63.91
143.67,26.72,69.33,8.57,40.13,2.12,1.23,23.65,93.06,898.6,68.89
49.47,87.92,12.98,6.2,46.27,0.36,5.29,10.98,56.63,1982.77,52.27
128.12,16.25,111.42,5.7,36.69,2.54,2.02,34.79,28.0,205.25,71.05
133.32,6.44,122.25,3.98,38.11,1.67,4.87,36.87,74.54,2859.6,51.12
32.54,26.92,173.1,9.97,46.62,1.54,6.59,39.9,96.44,699.71,42.21
113.02,60.69,163.82,9.71,47.18,3.28,1.47,16.93,35.64,2445.54,63.57
154.33,12.31,57.08,4.36,18.2,1.77,3.67,27.67,35.49,2037.28,53.11
99.78,47.16,27.39,5.66,26.49,0.16,3.13,26.11,40.11,1223.36,74.71
2.42,62.73,31.22,6.04,47.97,3.36,8.0,36.63,23.95,2160.99,55.79
1.81,84.87,193.79,5.43,19.38,0.14,5.72,27.6,84.49,1074.27,46.57
71.41,22.99,134.65,9.57,55.36,1.92,0.75,37.92,50.48,2002.04,59.64
185.24,81.73,8.51,8.19,51.14,2.25,1.91,12.9,81.97,9.92,47.93
45.74,23.49,27.36,9.71,54.25,3.14,1.34,11.88,70.09,2873.89,55.79
126.87,67.68,97.16,9.18,21.35,2.41,0.22,19.33,28.98,448.45,73.04
44.42,43.07,41.57,8.4,10.78,2.86,2.6,26.6,63.66,1547.37,69.35
64.33,11.47,160.73,8.03,10.53,2.72,2.66,36.29,77.3,790.28,63.69
169.61,71.43,114.64,9.13,35.57,0.83,1.96,22.79,23.89,1142.68,61.08
145.77,21.78,122.53,7.95,21.81,2.48,4.47,35.94,53.68,999.18,69.53
19.08,17.66,92.57,4.73,19.49,2.27,1.83,39.1,84.81,2944.1,61.04
85.74,35.83,51.21,7.71,17.23,0.93,7.53,27.59,98.6,394.11,56.04
5.83,65.33,117.88,6.85,35.92,0.54,5.89,43.53,75.85,448.26,49.85
96.18,23.4,143.39,9.88,35.15,2.66,1.06,15.33,44.78,2914.79,64.51
132.49,18.37,74.19,6.81,28.23,3.4,2.22,20.35,42.46,396.38,80.45
23.7,1.0,100.99,3.75,12.61,2.61,7.86,44.91,66.93,257.94,50.68
57.78,47.16,167.94,5.22,56.08,2.65,1.68,15.84,94.66,1522.38,73.36
79.57,42.86,29.74,9.46,28.54,0.67,1.02,41.9,38.23,611.62,56.88
183.91,23.39,109.04,9.76,11.8,0.94,1.94,42.21,38.45,639.39,51.88
198.65,5.37,69.68,8.24,7.04,2.09,5.74,32.38,61.01,2458.24,49.48
8.98,42.93,140.56,3.87,13.39,0.21,4.19,11.71,66.06,708.16,44.87
152.2,78.82,3.76,3.65,21.34,2.37,0.63,27.83,94.95,975.34,61.57
74.34,71.53,134.09,6.62,39.66,0.59,2.96,12.42,45.85,1999.3,67.34
78.49,86.08,20.58,10.0,58.4,1.51,0.78,21.6,54.21,2967.69,51.47
150.85,0.96,12.95,9.15,19.96,1.19,2.4,10.61,48.55,1474.98,53.76
183.69,96.64,144.92,9.57,48.44,0.46,1.45,11.61,78.69,1986.82,40.42
190.19,34.14,128.07,7.55,55.13,2.07,1.84,34.4,48.46,1502.91,63.69
115.42,99.04,178.99,9.08,26.54,1.33,6.25,44.38,54.83,539.27,45.38
71.42,25.26,103.93,5.58,18.93,0.25,6.29,37.39,49.17,1332.92,56.22
157.51,47.15,106.0,3.68,32.01,1.61,5.89,23.86,22.23,1887.38,61.73
50.2,35.39,141.4,9.47,54.32,2.11,5.54,21.81,63.36,193.52,53.24
112.81,35.58,64.68,4.92,5.6,0.54,2.04,44.79,51.54,507.95,62.98
71.72,84.23,7.38,8.24,31.76,2.09,3.58,18.11,30.36,2446.45,63.06
131.33,74.64,46.01,7.78,46.67,1.13,3.73,11.35,68.05,245.66,59.92
48.08,99.22,47.6,4.53,38.06,0.98,4.33,19.14,75.15,497.36,52.5
38.32,61.35,67.13,4.77,32.35,2.8,6.87,21.96,60.94,762.88,65.59
183.65,46.33,188.69,5.64,35.45,1.69,7.12,27.08,39.88,166.79,48.5
20.36,9.01,160.97,8.42,39.06,1.38,1.81,34.42,62.71,2373.33,51.1
101.19,99.66,187.19,3.76,42.51,2.86,3.51,32.96,42.22,1596.11,62.68
44.17,55.15,199.72,6.15,24.59,3.2,1.27,32.0,32.01,614.17,71.37
7.79,70.05,86.76,7.82,33.46,1.17,5.22,41.08,27.71,285.75,59.07
7.2,40.67,45.41,4.61,20.05,0.27,4.62,30.32,33.52,1719.3,50.34
35.04,54.77,112.0,4.28,59.12,1.94,6.82,16.16,95.25,1821.25,56.58
173.35,94.26,176.23,6.04,15.3,2.53,4.2,22.63,43.19,2055.56,64.88
56.5,16.64,93.15,5.36,13.29,2.1,6.27,33.53,71.29,2316.15,59.16
190.09,29.24,101.08,7.72,19.79,2.44,2.61,28.38,81.1,2916.78,64.45
116.32,15.21,26.89,9.8,55.6,2.3,5.58,30.26,65.24,2512.37,53.78
87.32,79.22,84.09,3.53,41.24,3.35,0.42,20.44,60.55,712.65,71.35
116.02,6.2,77.4,9.37,30.08,3.04,1.3,20.09,47.91,238.75,72.81
103.34,8.16,70.34,6.32,55.9,0.55,3.63,25.76,36.4,284.98,66.56
151.76,29.85,177.46,7.82,54.51,1.64,7.11,11.19,91.9,2512.3,50.45
56.5,51.42,11.86,9.03,27.09,1.65,7.09,25.15,67.93,2277.69,58.81
70.61,40.63,194.43,7.23,36.0,1.65,4.83,27.18,31.46,132.16,60.66
178.82,4.48,1.65,4.13,54.8,3.26,1.13,12.11,79.59,2196.57,51.89
189.29,95.75,189.12,4.41,22.57,1.21,5.48,11.15,27.63,2212.35,37.59
178.51,95.29,109.61,8.63,27.41,2.19,1.5,10.32,61.57,2455.7,60.3
83.89,27.94,140.49,4.99,48.62,3.15,2.87,22.66,24.91,1965.67,72.4
156.07,73.15,37.43,7.2,43.43,0.27,2.58,27.44,58.09,1616.72,57.86
95.27,57.86,130.84,6.28,7.68,3.09,7.09,16.05,63.27,893.59,80.48
99.51,23.75,176.39,5.47,11.46,2.7,5.58,41.35,60.22,179.94,61.06
40.94,26.22,27.9,8.62,51.54,0.81,0.66,30.42,55.13,294.93,61.45
118.23,49.12,25.42,8.25,6.64,1.21,6.76,30.91,39.51,1307.28,60.8
37.23,41.92,60.8,7.7,55.6,1.16,3.5,12.3,27.32,537.98,58.92
66.31,29.12,32.35,5.92,19.95,0.85,6.06,12.81,70.11,50.41,58.02
171.01,80.75,22.13,4.97,37.91,2.27,6.24,27.66,32.36,1371.73,53.08
41.42,48.15,135.66,6.85,36.05,3.44,7.99,36.69,50.46,2986.35,67.39
14.23,65.48,42.77,8.81,26.79,0.67,2.84,39.35,78.87,2920.83,47.83
13.8,18.93,133.4,7.24,6.73,0.89,6.93,28.94,68.52,2271.06,49.63
188.16,53.35,172.39,9.81,15.59,1.09,2.37,30.62,89.83,760.63,47.67
101.38,31.8,130.4,3.6,38.82,3.29,7.96,31.5,74.47,2361.37,71.27
81.88,52.64,23.87,9.99,29.55,2.23,3.34,20.86,95.18,1898.14,61.3
162.18,78.08,114.72,7.99,27.76,0.82,5.32,44.14,37.21,985.23,55.66
167.17,76.89,78.73,8.91,10.37,2.83,7.96,44.15,23.3,136.0,47.75
66.44,35.42,68.67,5.68,24.09,3.24,1.68,31.87,26.34,1465.92,79.22
138.72,69.43,63.71,6.8,33.95,1.47,5.03,23.26,36.28,1759.6,63.8
154.22,94.13,185.89,8.68,9.27,0.69,7.99,39.74,24.23,1831.6,36.15
130.93,62.57,148.5,8.44,8.67,1.15,7.56,16.14,41.19,905.73,58.04
30.32,14.84,26.77,5.67,32.04,0.84,1.84,31.12,88.24,2153.02,58.09
175.18,67.97,95.2,5.61,35.87,0.78,0.88,37.62,41.0,2049.36,59.56
107.82,10.49,63.64,7.81,19.17,0.68,3.47,10.14,85.29,912.19,61.31
56.49,87.21,195.59,9.57,22.92,3.08,6.13,25.11,45.58,2205.57,57.8
85.05,51.67,195.61,6.35,48.83,0.39,6.34,19.17,55.01,2242.27,60.62
7.51,38.51,63.91,5.79,52.81,1.51,4.9,37.94,88.21,2510.85,54.61
25.57,5.7,70.42,9.32,22.89,0.15,4.96,42.33,59.41,1278.57,49.47
153.11,38.08,119.88,7.94,24.56,1.1,1.05,16.06,29.83,2805.54,67.61
0.0,90.32,95.86,6.02,50.67,2.5,3.59,16.29,48.79,2886.3,57.28
83.31,2.1,42.62,3.87,58.56,0.79,4.65,43.67,85.11,2151.12,41.88
104.5,47.46,132.08,8.19,22.63,3.5,5.5,27.92,25.67,1967.43,74.57
10.93,93.12,66.83,5.79,48.38,0.26,0.83,13.42,79.08,2462.09,51.37
194.62,39.48,130.74,3.96,31.38,0.56,5.56,12.66,78.98,410.43,51.3
45.23,42.82,76.74,7.48,19.51,2.78,7.54,43.75,55.55,2329.76,60.54
60.84,57.86,140.04,5.6,42.5,3.42,6.31,25.12,21.62,1308.94,74.97
60.79,46.29,133.56,5.7,30.44,3.34,5.03,42.98,39.55,2744.07,71.03
46.08,16.86,101.76,6.61,19.75,2.81,0.87,30.19,41.94,281.94,74.0
0.29,1.86,140.95,8.16,10.9,3.41,6.38,35.28,81.01,551.3,53.73
145.87,60.98,92.19,5.3,52.68,2.96,5.34,19.77,63.01,1085.67,77.71
193.37,92.08,23.23,4.03,53.33,0.3,4.43,12.36,46.84,2911.02,34.0
44.86,10.64,36.42,6.26,9.12,2.98,6.44,37.52,69.28,1767.92,64.75
132.61,21.1,49.2,3.86,41.49,1.74,5.43,15.89,28.39,2756.51,53.7
148.38,37.02,12.65,8.03,13.94,1.65,3.81,35.07,99.65,2813.83,53.99
169.69,80.87,142.28,9.74,40.55,0.11,1.95,12.64,26.12,101.33,45.59
84.53,26.93,73.48,7.78,54.92,2.21,4.08,30.14,85.86,2190.4,64.46
60.59,88.21,18.7,5.29,19.31,2.38,1.32,36.36,55.33,836.77,61.4
65.06,5.5,163.99,4.68,24.14,2.79,0.58,10.67,91.01,1186.33,63.08
142.52,94.1,136.73,5.01,48.73,1.21,1.95,23.59,35.91,19.66,57.93
163.36,56.07,90.44,4.94,45.45,0.54,3.0,30.59,64.06,2077.91,62.03
36.32,65.88,49.49,5.54,27.48,1.6,5.21,37.94,67.54,2545.14,61.19
74.19,36.77,30.35,4.13,51.67,1.33,4.05,19.03,57.2,296.44,55.25
180.39,78.2,91.67,9.32,55.63,2.66,5.91,38.57,42.44,1867.42,52.13
161.34,16.66,177.05,9.25,29.9,0.88,5.93,32.68,84.82,767.92,46.81
196.97,4.89,37.68,7.5,7.17,0.57,5.68,22.14,36.54,2951.37,37.55
150.85,39.55,113.73,3.9,33.02,1.6,4.43,20.48,40.91,163.09,57.19
78.64,85.37,192.34,8.73,45.68,2.24,5.34,34.57,53.0,1580.93,56.24
118.13,75.49,127.42,3.9,17.1,1.06,7.82,35.34,86.44,2513.88,53.99
132.2,51.72,87.99,4.19,10.47,0.49,5.68,32.3,20.65,2218.93,54.71
15.69,57.21,143.27,5.61,20.69,1.59,5.97,25.54,91.54,1646.75,57.14
108.9,12.99,164.92,6.3,5.64,3.37,2.4,10.77,63.55,2578.14,74.46
141.86,84.07,118.1,5.8,44.35,3.39,3.88,30.09,27.57,2941.47,67.61
33.46,78.7,174.37,4.57,13.03,2.51,3.54,31.43,37.81,307.81,50.07
156.13,65.65,102.92,4.23,44.8,2.74,2.89,18.41,25.72,220.49,65.74
116.75,46.62,166.01,9.09,17.9,0.79,3.73,17.11,55.93,2497.92,61.28
190.44,96.45,190.4,5.86,59.56,1.37,4.82,40.25,21.51,731.92,43.65
8.48,87.9,100.25,4.92,34.25,2.16,5.03,16.29,74.07,2629.73,55.02
53.07,64.44,121.0,6.67,7.27,2.65,6.73,17.34,29.48,1037.93,65.8
120.31,37.18,121.89,3.74,47.5,0.67,5.28,31.8,36.36,638.19,59.51
59.31,61.8,156.29,7.4,27.55,1.66,6.97,21.17,21.17,967.16,63.02
142.88,57.54,164.59,5.12,38.4,0.65,5.29,25.44,38.75,2725.01,53.59
151.8,39.42,5.45,7.39,57.32,2.25,2.87,28.55,23.0,2221.98,56.88
20.5,30.67,146.67,7.49,33.45,2.73,5.08,42.59,27.67,122.53,60.17
102.77,40.7,156.76,8.76,49.24,2.93,5.86,19.12,96.97,2972.36,67.29
101.78,57.39,140.09,4.99,21.65,2.59,5.52,11.56,27.2,637.81,72.92
73.86,42.81,142.74,6.51,44.3,0.64,6.81,14.05,82.88,1464.17,63.88
186.58,26.36,8.28,9.75,10.46,2.92,7.25,11.81,71.57,684.55,52.97
165.5,76.1,88.41,8.23,54.13,1.24,2.75,36.39,43.41,830.77,58.8
139.44,53.15,163.64,9.84,15.99,2.94,0.72,44.33,88.84,213.26,70.16
142.87,6.77,186.8,9.53,21.61,0.95,5.29,12.81,57.99,1979.32,44.4
92.34,36.83,45.89,7.47,57.7,1.72,0.97,19.96,43.6,1600.44,70.43
184.2,88.49,115.84,5.22,13.54,2.06,7.08,39.88,83.81,1999.36,50.18
138.92,75.52,160.87,8.42,18.99,0.22,6.6,41.41,75.67,1120.28,49.73
145.8,32.32,150.48,8.04,36.91,3.17,5.74,17.57,26.4,2591.0,64.64
172.34,93.82,123.78,7.33,58.94,1.84,7.42,42.16,46.37,1593.09,60.0
54.81,7.66,3.74,8.04,43.03,0.75,7.11,30.23,73.19,2881.6,44.25
161.41,96.12,144.78,7.49,11.28,0.65,7.39,44.83,40.48,2498.81,46.67
39.05,24.57,154.65,6.88,46.15,2.43,5.91,10.79,69.2,1640.25,62.54
69.07,0.91,144.57,6.2,28.44,0.38,3.01,37.51,44.19,2929.93,60.38
67.12,43.38,153.16,3.79,59.58,1.6,0.48,11.94,36.59,687.98,59.85
195.71,35.9,86.18,9.13,39.58,1.94,0.59,35.71,48.36,1745.44,62.58
171.31,53.91,198.75,9.13,34.26,0.89,6.37,43.04,48.87,2093.7,45.94
140.23,79.68,154.16,7.36,35.65,0.54,1.61,21.44,72.48,241.18,58.04
145.41,84.24,115.74,5.24,40.29,1.77,2.57,21.86,67.27,1544.89,71.29
112.41,40.12,186.84,3.68,45.25,1.26,4.73,18.38,54.71,531.15,51.34
189.42,42.98,181.64,3.51,9.31,0.58,1.14,25.1,79.78,2037.64,52.53
99.25,14.82,162.91,3.97,12.19,0.82,7.88,26.55,89.06,453.94,52.43
76.1,4.75,112.74,5.84,21.53,1.7,6.56,30.02,26.58,2357.56,64.14
32.61,64.12,105.42,4.72,31.29,0.55,4.72,34.09,71.02,1807.08,59.82
157.24,6.44,65.74,5.22,22.11,3.28,7.28,31.62,77.01,481.44,67.55
146.89,73.38,50.18,8.05,16.76,2.74,4.0,13.46,55.07,1847.89,69.45
76.87,53.91,102.47,9.73,55.88,1.21,7.19,32.13,24.54,24.94,48.18
5.04,19.86,115.56,4.84,6.79,0.98,6.63,16.74,55.11,110.52,40.12
167.8,53.95,48.91,6.53,56.63,3.07,0.21,28.72,89.84,656.2,76.65
2.28,18.3,184.52,9.94,54.9,1.55,6.39,30.56,32.91,1134.45,38.72
140.74,43.87,111.45,9.56,42.61,3.03,6.29,25.27,49.16,437.51,65.28
194.05,79.96,105.3,5.79,6.79,2.62,2.61,24.62,79.43,2362.5,65.18
87.53,46.19,87.13,5.58,17.39,0.41,4.0,24.89,90.0,335.59,65.36
46.99,14.87,11.61,5.07,58.85,2.87,1.19,18.22,93.13,134.34,60.32
140.97,72.38,176.48,4.51,54.83,1.94,5.37,38.11,82.24,21.93,49.13
163.43,18.68,63.4,6.49,58.05,2.4,5.43,27.0,67.55,1692.49,64.33
109.29,73.85,128.49,5.72,59.79,0.84,7.85,27.68,47.96,1724.85,60.72
193.41,47.94,121.49,8.34,8.51,0.1,5.81,16.46,58.99,558.63,47.28
10.33,45.37,116.9,5.04,36.4,1.23,3.63,26.64,20.66,791.82,61.12
100.96,85.14,105.14,8.29,50.88,0.75,1.52,25.3,48.02,2339.02,64.77
143.69,70.86,36.29,5.37,22.58,1.58,6.32,24.49,78.0,2680.14,60.83
172.53,3.29,56.12,7.35,28.96,0.41,2.89,25.61,72.43,982.32,63.29
35.85,29.62,104.84,7.65,20.61,3.14,7.56,18.61,20.66,1309.49,66.7
160.0,87.09,157.87,7.87,7.09,0.5,2.29,37.82,63.78,206.18,52.52
110.54,1.83,86.4,4.64,9.0,2.7,1.65,16.83,20.59,2535.85,67.25
79.31,54.53,40.78,5.34,6.18,3.29,5.0,28.88,49.06,1971.18,72.85
26.34,72.78,17.59,5.1,34.0,0.6,7.33,21.29,99.25,237.73,50.71
173.06,62.19,132.6,7.25,39.01,1.28,1.21,35.16,52.76,1769.47,71.27
31.45,76.05,84.67,3.99,21.92,2.59,0.43,34.19,91.43,306.78,65.14
61.96,72.57,25.07,6.87,50.44,2.53,7.74,34.44,21.28,2229.78,61.43
58.01,69.2,134.89,4.07,53.84,0.23,1.18,40.99,77.58,395.15,50.04
174.28,82.15,41.52,5.69,12.69,0.34,4.9,37.33,56.55,1401.05,50.01
134.54,64.57,101.8,7.96,7.86,0.51,1.67,21.54,63.75,2125.79,61.29
159.34,40.24,61.24,6.18,22.57,2.03,1.42,23.78,99.42,546.62,72.46
50.09,47.19,186.34,5.32,44.21,0.29,1.33,40.36,44.42,297.38,57.18
124.97,71.67,45.66,7.5,32.91,2.1,5.71,38.83,88.96,2270.08,64.61
114.35,87.63,83.98,8.31,31.84,1.26,6.1,42.24,93.28,2209.54,57.92
166.57,27.22,191.9,5.15,13.38,2.38,1.05,39.35,43.81,1012.74,60.72
181.22,34.21,63.75,5.45,24.33,2.76,1.18,14.53,23.8,638.9,69.02
2.43,93.07,128.92,7.66,57.74,2.79,7.48,21.56,82.89,2762.05,50.29
134.8,57.85,63.35,9.77,23.73,0.23,4.75,20.24,94.68,1935.94,57.74
10.37,17.9,22.13,4.89,37.53,3.32,6.27,23.26,58.21,1602.64,61.03
109.77,66.37,125.51,7.75,8.21,2.09,0.74,20.23,89.98,817.73,70.68
57.53,99.08,183.21,9.39,8.51,3.15,0.51,37.47,37.66,1095.58,64.03
61.36,82.35,90.51,6.5,28.33,2.19,3.23,34.53,80.55,1013.94,76.07
70.59,74.57,125.24,5.56,38.23,1.75,4.49,16.96,76.27,2859.27,65.03
124.26,20.8,121.78,7.83,25.48,2.58,3.04,16.29,62.19,413.16,70.79
66.81,87.61,83.02,3.7,14.85,0.85,5.74,17.63,45.52,1303.56,51.39
146.54,52.58,122.98,5.84,45.48,0.45,5.39,20.99,40.05,130.61,66.3
80.91,88.93,51.86,5.18,12.7,0.41,3.63,33.89,77.5,1559.42,54.32
13.67,32.98,75.61,4.96,41.74,2.99,0.73,22.91,65.68,2529.6,67.52
156.75,6.21,88.46,4.67,57.62,3.2,4.8,24.85,89.06,2904.09,61.32
57.15,47.6,172.8,8.29,30.88,2.87,2.01,11.47,85.64,929.59,66.98
86.55,26.98,69.67,9.71,16.02,3.18,3.15,26.8,34.06,575.65,71.97
137.09,71.52,127.03,6.0,51.31,3.45,0.21,25.46,37.15,1859.92,81.4
66.49,95.71,42.68,3.82,32.8,1.89,4.22,33.93,95.52,925.41,56.75
11.32,69.1,50.51,8.17,55.78,0.62,5.62,17.06,50.11,298.35,47.21
74.78,88.69,129.69,7.0,44.63,2.17,4.66,35.29,63.78,617.87,72.87
188.89,45.3,152.46,8.2,28.68,1.3,6.04,35.12,53.82,64.3,58.0
128.35,77.16,92.42,7.71,38.96,1.28,8.0,31.78,65.13,2654.58,63.3
134.3,84.3,67.02,9.39,14.35,2.57,5.1,22.53,74.03,1126.87,63.8
126.46,71.09,182.05,4.41,26.3,0.41,1.85,12.05,49.14,2337.76,55.65
39.8,50.78,27.16,4.6,37.66,0.23,4.62,18.28,46.54,1965.21,53.54
83.67,62.59,144.14,5.72,37.45,2.46,2.04,42.56,87.6,579.88,74.51
150.19,70.05,138.03,6.69,37.3,0.99,2.71,40.77,69.42,1186.77,68.9
20.27,25.31,138.05,9.52,45.89,1.41,2.88,16.9,88.28,1336.42,50.95
55.57,80.96,187.08,9.4,10.81,1.15,4.21,21.25,89.5,1952.79,49.48
55.26,95.03,145.64,9.17,9.05,2.19,4.24,10.35,32.93,2780.57,48.79
86.4,46.52,60.31,4.95,13.14,0.63,5.37,20.87,84.05,570.92,62.67
196.07,70.11,70.68,8.24,48.58,2.55,3.56,38.02,92.02,1210.67,59.18
13.5,73.7,78.22,5.99,8.57,3.24,1.58,29.99,55.11,606.94,72.91
103.74,66.22,6.16,9.55,17.39,2.94,3.98,40.41,60.4,2473.0,62.51
35.87,54.71,182.7,4.89,19.01,3.18,6.39,43.65,50.03,2208.39,60.08
194.14,88.16,14.71,4.42,40.6,3.29,5.65,17.74,32.05,2476.91,49.55
22.66,44.89,139.96,8.98,27.09,1.37,1.01,29.42,62.69,2320.26,66.72
80.72,6.11,146.03,8.16,15.94,2.81,7.59,36.43,51.82,81.35,58.69
147.58,84.46,168.74,8.84,29.72,1.78,2.52,31.76,85.83,797.3,64.06
140.91,67.4,110.67,4.53,42.7,1.02,4.73,19.11,58.84,1060.42,59.53
84.55,84.93,145.05,9.25,48.23,2.64,0.35,44.2,96.53,2406.63,57.56
69.3,13.85,60.54,7.9,11.81,0.93,7.28,33.6,78.93,2555.96,54.98
79.52,3.08,149.12,7.74,44.31,0.47,5.5,10.36,38.62,1411.52,58.66
52.86,93.44,68.68,7.29,5.25,2.5,2.28,28.07,52.21,2958.71,65.8
41.07,14.77,180.57,8.47,44.84,1.08,5.5,15.81,69.05,1590.65,45.3
96.61,80.97,32.68,6.2,41.36,1.14,2.41,35.31,30.77,1527.48,71.1
53.71,82.32,63.15,4.36,30.78,3.1,2.15,12.28,60.68,1609.73,67.74
57.49,70.87,99.75,7.01,12.53,0.56,3.63,21.92,89.48,2214.43,60.27
131.35,13.13,155.17,8.36,47.05,2.7,4.84,20.97,33.97,1129.82,64.11
193.71,66.74,149.76,4.5,8.95,1.41,1.75,41.2,26.76,2719.46,47.42
120.73,88.91,42.14,4.96,54.26,3.14,5.97,40.58,59.75,1648.47,64.55
15.4,42.55,28.85,8.03,47.54,1.6,4.67,38.82,91.28,1290.2,55.5
15.12,41.35,60.79,5.25,45.75,1.49,0.16,36.12,76.24,738.31,62.35
190.28,44.29,96.75,4.6,46.49,1.56,4.44,43.41,65.96,1100.44,60.22
59.46,8.23,107.8,9.28,8.72,2.95,3.43,16.69,33.99,1979.31,67.76
18.41,89.2,85.83,4.55,59.45,0.14,5.39,38.7,79.43,2921.38,37.93
119.81,86.92,132.62,5.74,52.22,2.5,7.19,33.57,73.95,1746.24,65.37
124.73,99.79,85.51,6.28,32.94,0.8,2.17,34.55,96.63,1610.04,69.07
129.7,58.52,189.27,6.59,44.57,3.1,5.42,24.94,29.9,908.34,75.62
53.48,75.12,52.19,5.85,45.66,1.38,1.3,32.83,46.42,2762.11,69.73
3.02,20.27,125.47,9.43,50.64,1.25,0.78,18.31,58.67,1842.69,55.53
193.0,66.75,122.28,7.78,19.05,2.52,7.46,28.56,71.23,2545.94,56.54
50.18,64.97,56.31,5.84,25.46,2.56,6.91,43.97,57.59,198.5,62.62
135.21,90.12,82.34,5.83,48.98,2.25,4.06,33.97,51.12,2296.87,65.48
141.33,83.08,73.09,6.77,47.29,1.22,1.19,33.64,49.57,787.68,69.6
122.0,93.85,34.5,3.72,33.74,2.18,2.18,18.24,27.67,2870.22,61.63
62.58,86.88,95.46,9.52,26.79,0.28,4.58,39.43,52.73,436.06,55.37
54.22,86.87,77.33,4.95,58.26,3.35,5.25,42.32,40.12,322.92,60.23
119.53,6.37,35.66,8.03,27.83,1.64,5.56,13.79,43.31,1031.94,62.96
173.22,84.6,89.98,8.56,47.02,1.14,6.01,25.84,20.26,903.0,57.6
189.35,60.75,84.37,8.88,27.7,3.03,1.76,33.3,22.89,2958.32,66.34
21.18,38.04,26.27,4.58,22.04,1.2,2.44,40.92,42.78,1873.75,55.59
30.97,5.65,26.24,6.99,40.25,3.49,0.2,28.79,35.29,2338.41,72.21
188.95,67.77,129.5,4.04,49.42,2.45,0.68,24.7,64.64,425.21,63.85
147.31,32.82,141.32,8.73,58.98,2.31,2.54,11.37,61.03,2986.35,59.35
176.6,46.78,188.24,6.66,13.19,0.62,1.57,29.3,88.33,2595.49,63.73
40.53,68.17,17.4,4.53,53.19,2.17,3.99,21.53,24.91,2846.25,49.8
117.52,91.18,23.57,8.17,33.83,0.63,6.8,44.76,74.98,652.51,50.33
140.23,82.54,10.36,5.65,10.93,2.76,5.81,30.93,92.74,970.8,59.86
136.02,45.06,106.45,4.24,48.69,0.57,6.06,17.51,69.52,2613.1,53.64
81.63,38.78,124.55,6.5,23.23,1.32,4.84,44.74,88.01,1118.29,69.11
3.08,23.98,80.7,5.03,52.75,1.72,5.63,30.69,65.9,40.59,46.68
116.59,37.24,159.58,9.68,13.68,2.84,1.52,36.92,82.21,2815.94,61.65
50.62,11.1,137.34,5.85,44.11,2.25,4.46,43.92,25.35,561.61,63.91
90.05,97.11,197.17,7.22,21.54,2.64,4.61,36.27,33.3,42.9,59.52
191.52,57.39,27.58,9.66,19.15,0.93,5.07,43.02,27.19,907.99,38.29
79.81,12.78,11.66,6.06,7.76,0.91,6.26,22.67,92.94,2053.68,52.89
167.96,35.28,54.96,5.83,31.5,1.39,7.56,11.8,65.53,1900.93,57.66
37.71,54.7,3.81,4.56,26.53,0.16,5.72,43.74,47.35,598.62,50.44
134.49,53.29,186.52,9.6,8.39,2.92,7.39,29.17,62.58,1400.33,64.26
195.4,3.55,60.79,8.7,17.47,1.36,4.44,37.0,20.73,2040.34,52.05
20.38,95.08,110.49,4.94,31.8,0.33,2.39,29.3,75.44,1716.87,54.65
1.66,27.54,63.61,5.66,49.45,3.07,5.3,36.64,41.03,2180.84,61.66
86.72,1.62,49.16,9.45,56.12,3.39,7.85,12.09,39.72,1316.84,55.28
18.53,7.64,30.47,6.99,33.34,2.3,5.71,12.34,39.52,1171.93,60.91
149.68,58.02,64.07,7.12,27.18,1.31,7.76,42.19,44.81,173.0,62.49
182.91,13.78,123.08,7.71,57.51,1.51,0.28,25.25,73.12,2678.2,58.06
86.8,4.17,194.32,8.45,57.96,0.97,2.14,20.53,69.81,2639.17,48.35
51.74,37.96,111.62,9.61,15.47,2.52,2.26,42.02,67.57,1294.92,62.57
86.88,62.28,106.54,8.71,34.23,1.31,3.47,44.96,44.29,2480.27,64.93
144.69,11.18,7.05,9.57,50.15,0.21,0.34,31.5,79.95,1874.27,46.96
1.81,31.33,168.02,8.83,50.22,0.26,7.32,29.6,98.61,757.95,37.12
117.89,41.78,8.97,3.8,42.67,2.19,5.69,42.11,70.27,532.08,56.86
122.66,15.95,181.25,4.26,30.93,1.09,0.76,16.24,62.75,154.45,64.57
127.54,50.61,107.73,9.25,27.2,0.67,1.48,32.15,33.94,1981.1,65.96
48.4,8.52,33.69,3.68,49.35,1.98,4.86,38.22,26.32,847.98,50.13
142.81,4.65,90.34,8.66,17.41,1.05,7.28,35.88,38.06,2692.39,53.75
18.28,51.98,199.0,9.02,28.56,0.35,0.79,36.19,58.9,2561.85,51.93
39.85,24.79,61.02,6.2,36.18,0.76,3.52,38.17,42.85,2158.3,59.32
175.49,9.54,53.89,5.81,50.75,2.74,1.68,17.43,98.77,1847.38,61.44
147.74,42.39,23.6,4.76,25.56,3.0,1.52,29.44,69.39,2780.28,72.34
2.75,91.51,119.43,3.82,35.18,3.07,5.87,13.84,46.98,2534.4,49.53
49.68,72.42,17.85,8.34,20.35,1.92,6.63,13.18,78.98,785.65,59.76
42.88,81.56,153.2,3.98,51.03,3.33,7.38,38.62,37.62,772.17,58.26
54.16,87.19,183.84,9.64,48.2,0.62,5.5,38.42,92.82,65.33,34.87
49.51,97.26,186.37,5.43,50.11,2.41,0.62,16.38,58.98,1472.14,61.57
12.51,76.32,21.58,8.66,8.16,2.49,2.92,29.79,60.97,1366.82,55.23
91.79,60.84,111.65,3.89,31.78,0.28,3.59,11.36,38.08,749.91,63.94
146.55,36.54,19.42,6.99,12.47,1.06,2.28,22.98,21.34,2899.13,57.45
121.35,18.16,114.4,5.77,42.06,3.33,4.36,15.15,99.3,1627.25,67.46
134.57,68.67,163.0,3.7,22.13,2.68,1.94,23.04,80.05,455.36,70.39
16.23,99.49,107.56,7.76,47.6,0.29,7.21,30.3,82.85,2531.75,37.53
190.3,46.74,174.41,9.63,8.58,1.94,1.23,38.16,46.43,1331.97,58.51
167.7,72.37,160.33,3.57,33.23,2.31,3.47,27.96,67.77,2265.49,58.08
161.02,49.51,55.31,5.26,11.8,3.41,1.09,42.6,50.75,1085.91,73.23
164.6,43.19,126.02,8.07,35.68,2.54,2.93,13.54,21.23,219.98,66.28
186.54,41.03,1.48,9.16,38.4,2.27,3.93,28.86,83.83,2973.94,50.64
108.85,50.46,79.21,4.74,30.42,3.19,4.48,41.75,20.63,2493.95,74.91
40.06,36.69,47.59,3.96,20.38,2.35,2.72,18.2,63.13,665.1,62.96
123.36,74.88,187.42,3.56,6.78,3.27,6.5,36.98,61.67,2506.53,52.64
148.58,87.43,81.08,4.9,41.42,1.78,4.17,18.93,48.41,2428.36,62.72
147.58,88.29,130.81,3.96,52.87,2.54,7.94,44.22,21.33,2407.26,46.93
104.29,22.77,146.4,5.84,45.35,2.25,1.08,36.49,70.33,744.49,80.48
13.69,89.59,154.64,6.36,54.12,1.98,1.55,32.87,76.56,471.87,57.39
74.22,34.16,147.16,6.62,56.12,1.2,6.43,40.56,20.77,1540.1,60.85
184.15,30.93,57.83,4.43,29.73,3.17,4.48,30.57,45.99,2116.38,63.6
116.89,72.68,137.21,6.52,43.39,1.02,2.94,20.23,62.78,1433.73,70.41
107.67,30.47,109.8,3.56,26.86,0.64,3.34,21.13,97.93,1266.55,63.96
53.77,5.3,119.47,5.06,55.57,2.52,4.55,30.61,64.16,1388.67,65.07
73.69,37.36,0.16,5.9,35.96,1.96,0.78,28.48,86.23,2864.64,71.89
179.07,72.15,51.65,4.27,46.38,0.99,6.14,41.78,55.11,2773.2,44.06
133.29,32.7,186.14,8.79,5.8,3.06,3.65,28.97,22.53,2817.46,63.7
157.48,62.96,58.02,4.81,36.66,1.07,3.36,27.88,46.01,901.26,65.78
90.87,66.01,87.6,8.41,45.81,0.32,6.21,25.69,54.75,78.13,60.96
126.05,73.37,37.33,6.58,19.14,0.15,4.6,14.5,60.49,2928.6,60.61
49.68,89.71,27.72,6.62,5.79,3.24,6.06,14.22,40.78,193.69,58.65
141.09,43.26,41.73,7.69,45.9,1.47,7.44,33.38,55.07,2822.26,60.6
85.52,16.64,110.73,3.79,23.59,0.83,7.57,26.06,51.26,1499.93,54.82
88.51,31.89,183.81,4.01,28.58,2.03,3.49,29.12,32.09,1736.14,66.72
129.86,43.22,65.24,5.62,35.91,1.76,0.65,42.45,77.42,251.47,71.97
187.26,71.39,64.68,6.21,11.06,3.5,0.2,37.4,46.52,2760.67,65.32
12.8,1.31,112.83,6.29,10.7,3.12,5.67,23.28,45.15,453.69,61.0
164.95,31.58,71.35,7.9,57.85,1.02,0.74,37.23,26.11,2644.44,54.85
58.48,77.98,182.08,3.5,23.64,2.47,3.18,44.08,93.89,580.14,55.08
88.78,67.09,75.57,9.73,19.05,1.42,5.33,15.72,73.45,558.24,57.26
4.38,73.17,98.09,4.63,7.63,1.34,7.99,41.39,79.4,446.47,45.43
60.21,81.18,106.68,5.12,14.57,1.35,1.86,22.4,76.06,472.44,61.95
100.53,78.32,156.41,9.39,28.7,2.27,0.18,35.75,32.73,2009.72,64.37
11.24,68.22,112.78,3.54,23.81,1.93,0.43,33.78,30.34,6.61,58.19
98.22,43.97,47.83,9.94,28.35,2.67,1.86,34.75,95.64,2398.15,63.08
185.42,98.36,24.8,3.73,43.72,0.62,7.94,41.22,21.26,2184.42,31.44
21.08,56.91,187.55,4.28,40.3,1.55,0.71,32.07,90.74,1246.64,60.34
152.89,20.28,160.31,5.06,32.12,3.03,6.02,16.67,93.41,2494.08,61.9
81.93,29.28,4.59,6.35,49.82,0.11,1.28,33.41,64.3,2092.3,62.39
131.03,69.36,164.31,6.87,52.15,2.22,1.71,21.85,49.85,2913.38,66.3
52.05,92.47,118.12,4.18,37.49,2.77,0.78,43.4,67.51,1974.43,59.36
31.9,17.87,103.78,3.98,11.47,1.41,1.9,20.96,63.44,1885.07,60.32
32.09,8.23,2.45,3.71,27.34,3.1,1.01,18.44,98.1,314.96,57.38
14.1,88.15,156.17,5.17,39.9,2.6,0.24,10.54,48.07,2675.57,57.07
37.13,91.53,39.61,9.49,8.46,2.16,6.41,40.17,67.61,1874.59,44.77
132.84,27.64,145.6,6.03,6.09,0.77,1.6,42.06,61.96,1420.01,60.54
176.34,37.73,3.17,8.47,57.16,2.38,1.04,12.37,33.65,28.56,56.19
162.83,66.02,159.27,4.74,45.15,2.93,2.25,24.51,89.99,1503.69,64.79
137.03,32.99,4.61,3.92,13.42,2.58,6.05,24.65,36.57,1753.83,55.4
22.09,87.72,47.18,7.1,29.48,2.05,1.88,38.01,68.41,2134.59,64.08
57.84,10.76,53.66,8.84,15.65,2.53,4.38,22.03,48.45,508.46,60.95
61.96,3.8,31.5,9.34,5.57,3.42,1.81,22.02,87.77,288.15,58.58
49.99,20.85,96.21,7.05,26.54,0.14,3.16,21.61,87.88,1714.38,58.29
103.0,28.61,56.74,5.41,40.66,2.36,4.22,25.02,31.36,2525.76,66.81
107.11,11.29,198.66,4.21,57.48,2.8,6.09,32.49,96.22,1922.81,54.83
71.38,6.57,115.99,7.84,47.34,2.27,2.33,43.9,31.63,2296.77,59.21
70.76,75.56,113.3,5.32,17.66,1.03,3.63,28.49,56.36,1078.82,69.47
165.71,16.43,44.17,8.99,23.49,2.9,5.18,23.63,75.87,599.6,53.66
157.86,91.39,81.74,7.43,33.63,3.21,2.27,10.62,52.49,793.54,71.07
61.56,36.8,24.8,9.08,15.52,2.42,1.84,15.61,64.37,622.69,59.99
182.76,67.06,152.51,7.18,50.81,1.84,4.59,43.18,99.7,2734.09,48.05
190.56,22.54,66.23,8.52,14.24,1.35,7.62,19.09,40.65,2784.96,41.37
65.35,24.03,150.39,5.41,20.95,1.22,7.29,17.06,80.98,1732.92,57.76
70.88,57.47,74.34,6.77,36.77,2.56,4.84,16.03,72.71,1928.55,74.21
101.13,56.06,197.75,3.63,11.78,2.16,3.43,30.58,95.78,2647.15,57.29
188.22,76.87,34.22,7.45,39.35,0.63,4.57,23.82,28.03,949.31,50.13
175.26,75.78,0.3,6.97,56.93,0.58,6.44,30.44,41.45,795.52,49.48
20.51,67.07,118.97,8.41,43.03,0.34,0.83,44.09,81.29,2686.02,51.57
78.55,44.91,190.59,8.24,49.7,2.42,6.27,12.61,85.45,563.99,58.89
110.67,89.06,129.41,7.58,29.12,1.17,5.3,14.72,77.28,2996.09,63.83
100.63,62.26,17.14,3.87,25.09,0.17,2.23,30.08,32.15,2391.64,57.51
38.77,99.02,108.1,9.37,23.07,1.25,7.02,15.74,46.44,2653.65,45.14
171.76,81.94,181.9,3.62,41.33,2.93,0.73,33.22,37.98,790.47,60.12
135.39,4.43,1.3,8.72,33.52,0.94,7.36,38.5,81.2,2552.04,49.04
167.58,32.06,33.38,6.62,30.98,2.25,3.16,35.47,91.5,1081.05,68.77
171.75,57.19,162.91,8.82,10.54,1.59,6.5,21.11,69.03,1283.36,55.65
149.67,72.15,178.78,6.52,42.04,1.97,1.32,39.34,32.5,1939.67,69.84
87.84,55.03,141.43,7.71,44.9,2.13,4.58,27.86,89.47,2871.54,68.87
122.11,78.61,198.31,5.86,15.79,1.65,0.36,37.41,54.87,1618.38,69.62
32.07,28.27,18.04,8.33,46.78,0.3,2.3,43.67,33.97,1818.62,45.93
134.73,18.39,109.14,5.15,53.37,2.03,6.65,26.28,69.64,2704.05,53.84
35.85,5.39,137.0,8.18,14.6,1.45,3.69,26.28,26.7,691.35,51.9
138.79,57.33,140.53,4.76,29.86,0.78,5.31,18.72,67.94,1441.39,65.5
45.92,68.86,158.7,8.19,53.19,3.15,6.48,14.3,97.72,2634.39,61.83
23.51,32.61,183.53,5.41,31.8,2.6,4.29,35.73,67.48,2488.31,59.83
33.06,61.36,72.33,5.31,49.84,1.07,4.73,36.19,88.55,178.55,60.3
0.4,5.22,8.59,8.77,16.87,1.93,6.15,27.3,89.22,169.64,40.26
143.75,9.93,72.49,8.79,8.52,3.37,1.05,36.49,33.35,2594.95,62.05
146.48,70.18,134.32,7.99,8.27,0.93,0.67,18.53,73.61,775.31,62.32
102.99,36.81,42.69,9.51,58.48,3.32,5.01,10.12,62.73,1056.35,65.67
32.27,67.13,161.99,4.52,14.06,2.42,7.8,11.14,23.67,2034.27,53.28
16.71,83.17,43.95,5.25,52.57,1.94,5.19,29.54,34.83,1988.75,52.77
3.83,85.26,2.01,5.41,22.37,3.44,5.67,11.79,33.61,2112.81,62.71
33.15,17.22,101.62,5.48,7.2,1.23,5.3,39.03,69.6,262.28,56.05
178.17,48.63,145.29,5.63,18.25,1.05,4.88,34.98,32.61,1799.74,56.81
48.31,73.39,69.93,8.03,32.8,1.25,1.66,40.65,44.35,1441.49,69.97
70.85,77.4,149.78,5.26,10.87,2.65,6.74,34.1,28.64,2416.02,61.28
21.07,78.47,87.68,5.36,55.72,1.25,4.65,12.17,24.9,461.65,56.25
44.47,22.82,34.34,7.21,54.49,0.45,7.83,21.2,99.78,2110.04,42.33
103.84,19.25,18.11,4.76,13.2,2.29,0.65,22.49,51.69,2290.03,68.78
121.55,59.0,142.12,5.87,45.54,0.86,2.46,30.31,60.14,2962.29,65.68
49.07,74.11,77.14,3.88,30.34,0.11,0.88,43.7,22.91,1839.42,52.87
11.55,31.91,182.55,9.69,59.02,0.78,6.89,36.95,32.82,775.47,35.94
78.21,10.47,108.05,5.56,8.05,2.89,6.56,18.82,67.91,2540.6,69.93
46.84,71.67,69.69,9.03,30.91,3.3,6.21,13.41,52.02,2389.46,63.83
43.91,29.97,69.8,6.94,20.7,2.35,5.46,41.4,68.98,108.68,69.78
191.97,16.64,26.29,4.98,44.95,1.16,0.94,30.26,44.81,2271.97,49.09
123.26,14.77,118.76,4.76,11.11,1.58,3.31,15.08,59.32,2071.07,63.58
111.38,31.49,116.43,8.02,39.55,0.76,5.67,39.27,92.84,721.04,62.95
83.16,59.27,160.0,9.77,57.14,3.09,2.95,32.14,69.35,1769.27,57.24
85.79,35.84,40.24,4.69,29.96,2.36,5.77,41.14,76.96,1578.56,68.75
108.18,2.07,58.16,4.25,29.98,0.39,2.35,36.65,94.02,797.38,57.23
139.29,9.69,19.45,6.02,32.26,1.35,4.39,28.24,77.24,1392.67,65.11
140.43,29.05,59.07,6.06,27.86,1.93,2.9,29.73,71.78,581.35,76.88
34.34,65.97,85.62,8.74,29.61,2.81,7.38,28.32,88.28,476.27,65.22
100.02,9.85,192.81,6.55,30.48,3.23,3.59,11.91,75.43,2818.25,72.42
82.39,56.07,130.61,3.91,59.89,0.55,2.36,42.71,68.18,1721.68,51.22
174.11,11.99,156.57,9.48,11.4,2.94,0.55,44.57,39.2,2433.43,53.13
126.28,21.16,65.1,5.93,20.69,0.32,1.25,20.65,22.09,1015.44,70.72
106.5,17.22,28.9,7.85,16.59,0.92,4.56,38.68,53.67,1015.89,50.34
23.08,6.72,51.34,7.84,34.93,0.17,5.64,44.91,85.57,1500.77,49.37
121.13,67.13,51.29,3.87,5.15,0.32,7.64,10.68,61.85,2566.93,46.95
23.44,46.34,116.62,3.52,55.66,0.21,4.81,21.28,26.71,2847.19,44.31
67.44,83.11,68.29,4.07,34.21,0.6,5.48,29.95,55.24,143.28,57.18
28.57,9.89,171.48,9.72,54.28,3.08,5.0,23.8,68.38,1402.04,56.54
138.41,14.47,197.71,8.66,23.97,1.07,7.23,43.87,38.97,2626.7,42.89
41.25,30.65,68.66,4.36,13.25,1.73,2.49,16.71,26.72,1642.66,60.22
78.37,76.59,141.01,7.5,15.58,1.76,4.87,23.76,64.63,1351.97,68.91
179.13,30.58,131.5,7.48,30.89,3.48,7.68,35.66,27.03,453.67,70.09
40.86,40.84,38.89,3.5,7.21,1.34,0.16,37.89,20.95,1330.06,54.68
101.56,30.16,183.6,6.29,48.0,1.0,2.24,13.54,79.23,2218.96,65.55
83.85,8.02,39.89,8.13,48.49,3.38,6.09,17.73,56.67,2035.96,67.63
3.62,93.94,147.39,4.71,43.61,2.11,3.81,14.62,23.32,1316.81,54.33
158.55,54.85,69.52,9.03,54.3,1.08,1.43,27.5,67.77,2301.07,59.22
13.81,78.78,73.42,7.79,35.22,1.08,4.62,28.64,21.06,1781.75,52.7
94.85,65.84,91.09,3.55,31.36,0.39,4.17,35.8,46.12,823.81,60.9
112.14,51.43,172.9,9.06,34.1,1.99,3.69,40.58,33.7,415.85,65.08
125.69,8.97,28.05,3.63,15.01,2.56,2.8,14.81,51.63,2001.45,58.97
137.73,64.27,10.91,9.27,33.18,1.71,0.52,28.56,21.15,525.81,61.79
50.65,15.54,80.41,5.67,34.8,3.11,4.87,26.82,97.73,634.49,74.1
2.0,41.44,11.12,8.04,47.05,1.75,4.19,41.34,31.85,835.71,57.43
144.69,62.91,137.52,8.62,24.14,1.28,4.72,28.48,96.65,2845.46,58.41
107.13,78.22,152.07,5.33,10.07,0.95,0.12,18.07,60.49,2039.95,68.62
167.22,68.5,170.94,5.82,37.86,0.93,0.75,42.41,25.41,2781.98,56.24
164.28,67.15,148.77,6.81,48.34,1.18,1.42,42.58,90.39,734.7,57.89
168.67,14.9,183.27,7.29,58.33,3.47,3.64,14.4,53.13,1847.61,59.83
97.02,34.61,149.66,5.4,9.96,1.33,6.48,39.85,31.75,2019.88,60.54
66.73,4.29,187.22,9.95,46.05,1.88,2.04,39.3,41.65,2851.75,47.26
158.31,71.95,38.62,8.29,37.77,1.03,6.49,30.63,43.48,1400.66,55.39
90.26,95.26,99.97,5.28,5.84,0.59,1.96,26.55,68.68,1928.53,58.82
36.69,26.41,198.79,7.66,44.5,2.3,6.02,16.47,97.75,2632.79,51.71
170.99,8.77,136.32,6.33,6.44,1.95,7.01,17.36,34.88,425.19,51.06
176.51,47.56,175.73,9.09,48.19,0.33,6.55,19.2,37.02,2732.25,43.01
93.26,85.67,6.08,5.64,44.67,3.1,5.93,12.82,97.54,985.22,65.38
15.14,55.2,174.35,4.72,42.84,1.83,0.4,34.92,37.59,1287.69,61.33
77.57,4.68,139.54,3.8,11.6,1.24,2.71,11.74,38.41,1513.71,50.02
160.71,97.43,34.15,9.9,55.55,2.75,1.65,13.36,99.33,2152.44,48.47
180.35,82.86,5.14,5.83,54.44,0.48,3.85,15.78,72.38,472.56,51.29
40.69,13.16,51.99,4.93,54.51,1.71,2.9,34.11,44.59,2056.1,53.75
13.39,92.18,183.15,6.7,24.82,1.97,4.98,14.06,39.37,285.74,56.52
175.47,45.07,133.63,5.4,32.07,2.74,4.57,16.21,58.25,1148.98,72.83
77.88,37.19,183.89,5.01,11.32,1.36,3.5,42.79,45.64,1855.57,53.85
108.35,46.11,89.23,7.51,7.81,3.01,6.16,19.94,20.73,421.48,69.29
193.61,83.46,187.33,3.99,8.23,2.47,0.22,34.29,25.59,2003.34,47.09
13.31,65.95,92.59,6.81,36.28,2.72,6.94,42.65,63.16,2862.99,65.2
129.66,5.92,40.85,6.02,22.68,3.39,0.12,11.45,41.02,2869.86,76.3
14.82,95.76,30.28,6.96,36.88,2.97,3.67,26.33,95.36,1757.73,69.25
75.09,14.78,198.76,5.58,37.6,1.28,7.06,28.73,75.62,1556.34,57.59
160.76,74.56,66.77,7.21,54.89,2.3,3.4,36.63,98.22,1306.33,66.56
86.69,63.61,32.01,4.03,53.53,3.05,6.07,43.74,84.41,1367.88,59.47
199.44,18.75,1.68,5.95,44.52,1.89,3.28,11.43,45.08,1702.72,50.18
111.81,17.07,57.11,5.04,50.02,2.42,6.82,23.31,79.56,1304.28,63.0
64.23,87.03,177.82,6.35,5.17,0.69,7.99,25.08,57.17,1279.13,53.96
44.02,41.97,106.8,6.09,5.85,2.87,7.2,43.83,61.09,864.98,67.53
70.1,65.46,126.49,7.6,30.22,2.68,0.54,36.6,62.38,2033.38,78.83
74.51,50.41,184.48,7.59,40.95,3.12,1.27,42.74,74.75,2619.26,73.81
13.74,72.74,102.57,6.19,48.67,2.51,4.38,14.74,48.9,101.2,64.69
73.91,47.92,167.66,4.68,29.6,3.08,7.7,10.87,82.73,2891.5,67.54
92.85,28.74,64.77,7.28,56.71,0.65,3.31,43.99,33.9,2173.11,56.79
144.55,36.34,195.42,9.78,49.82,2.87,2.29,21.58,48.59,28.49,57.17
131.35,85.91,15.76,4.71,10.65,3.34,7.72,33.0,74.07,299.76,63.12
141.75,46.8,144.97,3.95,29.21,2.87,5.7,15.5,87.66,2800.17,58.02
1.67,21.34,132.11,5.22,59.72,2.19,6.19,29.37,88.5,2012.9,59.01
43.53,93.46,38.33,6.18,27.55,3.25,0.97,42.94,46.9,181.75,72.12
132.34,79.66,77.77,5.49,26.24,0.42,2.17,34.6,53.71,1012.58,75.34
96.8,5.57,62.57,8.93,21.17,0.16,4.08,25.81,40.97,2652.56,58.59
1.06,99.89,18.9,6.7,31.76,3.38,5.92,42.28,69.64,2567.19,56.88
160.9,69.49,116.96,5.1,45.14,2.42,2.84,14.41,49.93,572.03,63.23
154.56,16.03,198.73,9.68,7.61,0.49,1.71,26.43,94.2,1269.82,50.17
109.68,23.72,111.92,4.31,50.96,1.26,3.55,30.05,48.04,2257.69,57.31
13.29,69.24,109.05,4.3,55.47,2.65,3.45,10.48,74.18,2059.5,58.93
153.3,77.98,8.06,5.09,47.96,2.65,7.0,10.63,73.32,298.97,51.35
116.74,23.9,27.84,4.0,55.36,0.68,7.48,31.64,59.52,1786.05,51.41
156.39,25.7,102.64,8.39,10.22,1.7,1.43,32.91,21.69,75.88,56.38
150.35,30.71,197.04,5.53,29.76,2.84,2.31,44.36,43.44,1084.31,70.84
160.6,59.8,175.32,8.24,8.91,3.39,6.31,20.87,76.54,1553.13,64.42
103.6,17.18,68.04,8.46,51.03,2.22,2.04,22.0,52.85,128.95,68.85
28.06,10.42,108.6,5.04,57.39,2.27,2.19,30.81,25.56,2532.74,59.33
134.23,67.89,110.54,6.87,21.38,1.7,5.45,35.97,91.83,1239.89,70.81
124.09,77.91,137.07,6.88,34.45,1.93,4.14,28.2,66.84,1216.76,72.64
148.45,50.09,137.56,9.16,21.37,0.44,5.66,31.62,26.61,329.39,49.69
33.98,36.38,157.96,3.67,25.84,1.29,0.67,17.22,23.7,1425.01,58.66
39.0,43.2,4.99,5.56,31.21,1.82,4.08,35.06,27.64,260.29,67.83
178.08,38.84,188.74,9.24,48.49,1.03,5.42,24.09,99.91,454.87,47.36
150.0,96.0,14.01,5.04,13.08,1.32,3.85,30.21,42.57,2504.72,49.09
181.65,76.81,95.23,4.39,13.64,3.4,1.11,33.07,76.22,2047.74,69.54
151.74,20.81,183.92,7.24,16.1,0.12,1.16,10.26,33.38,1788.62,52.96
119.43,38.42,97.53,5.49,7.92,1.13,4.75,30.17,40.83,1522.11,64.99
130.83,54.4,12.73,6.54,40.39,2.09,1.24,42.99,20.57,1418.55,75.07
177.83,61.3,45.85,8.83,15.44,1.05,2.5,13.47,88.51,2854.06,52.4
115.76,46.82,115.73,6.88,29.06,2.4,3.59,13.8,99.34,2973.45,76.54
126.48,81.01,17.57,6.85,42.71,1.12,4.79,16.98,50.23,1155.33,67.14
31.3,76.76,84.74,5.31,29.69,2.27,2.2,13.5,37.01,41.04,68.9
94.78,50.52,65.82,8.65,54.83,2.99,3.3,39.88,33.06,2730.35,68.28
143.28,85.44,163.04,8.31,47.3,2.34,3.01,40.84,40.89,960.73,54.2
54.19,75.11,22.03,5.02,20.02,0.27,0.87,26.59,50.66,2771.24,60.62
40.45,77.86,136.56,5.58,12.17,2.8,6.45,37.69,77.8,1599.33,57.82
62.77,95.64,81.32,8.63,54.19,0.82,5.96,20.62,76.8,2893.47,48.9
48.3,26.65,117.55,5.83,26.83,2.26,6.29,27.64,61.11,1537.8,72.53
42.98,26.76,41.11,6.12,26.04,2.3,1.26,28.82,51.64,1292.46,73.17
84.97,88.9,121.94,5.87,49.55,2.83,4.19,20.72,60.84,2766.85,67.76
181.57,77.22,134.8,4.55,5.51,1.82,2.71,30.56,65.05,2158.92,56.15
101.41,92.65,14.05,5.72,29.81,1.38,2.85,39.51,69.18,2526.13,65.71
37.58,6.31,164.87,8.72,44.29,1.86,0.62,43.08,72.14,227.01,51.8
15.39,62.78,172.25,6.69,51.68,1.96,7.57,20.67,71.63,1839.9,55.62
139.23,14.46,12.71,6.48,53.69,2.89,7.52,42.38,36.83,2003.55,54.8
76.56,50.39,120.64,4.52,30.61,0.8,3.33,31.95,58.51,399.28,63.75
164.37,15.57,118.8,4.65,51.62,2.98,6.85,31.01,46.86,900.18,59.97
131.9,12.81,2.49,3.78,6.97,1.34,2.71,14.3,67.61,2673.98,45.61
159.25,1.22,68.47,3.59,21.8,2.63,4.52,34.87,59.87,688.32,59.74
54.39,63.02,193.79,6.67,5.58,1.24,5.98,20.75,36.01,2336.51,58.4
138.47,35.9,111.09,6.16,14.1,2.51,4.23,24.92,74.4,75.78,76.45
52.81,10.52,186.64,5.29,44.86,2.82,1.39,14.95,21.55,544.1,60.64
187.81,32.28,135.13,9.94,5.24,2.0,3.09,18.07,45.08,154.65,52.81
127.27,16.89,5.68,6.09,33.77,2.21,6.1,31.77,82.77,1221.05,63.35
64.9,94.17,15.54,8.63,27.77,2.51,6.27,31.5,81.35,609.06,60.71
53.9,32.0,144.44,4.87,11.76,2.44,2.77,26.04,95.97,780.69,68.22
38.19,33.4,110.91,5.11,42.71,2.57,4.37,32.07,66.95,1518.05,71.23
138.93,83.99,25.43,7.19,43.12,2.99,1.74,40.35,58.34,1554.99,65.73
43.74,64.78,122.81,3.53,44.95,0.85,2.08,11.12,73.35,638.63,58.71
119.06,71.02,162.06,3.61,47.09,0.83,1.24,17.2,87.6,2552.63,55.25
52.93,63.6,150.6,4.42,22.32,3.4,3.56,20.37,67.97,1006.67,72.08
132.39,94.62,49.23,4.95,59.68,2.99,5.79,30.2,79.53,1136.28,58.17
162.99,20.7,51.64,6.93,9.01,2.11,7.05,33.31,45.08,2688.51,54.89
155.61,98.9,193.57,7.96,40.62,0.13,4.4,29.37,46.16,1291.25,47.89
152.17,83.1,177.48,5.53,58.39,3.01,5.25,34.42,25.65,647.94,57.65
37.54,58.9,63.67,5.05,17.34,2.66,2.21,25.63,41.55,257.72,75.35
17.68,66.24,164.81,8.85,20.3,3.35,1.7,37.89,59.29,1998.2,63.77
139.79,64.88,32.35,4.56,36.68,0.14,3.23,12.53,73.13,575.2,54.03
73.67,5.84,39.37,7.91,47.97,0.2,4.52,31.69,63.81,2390.12,50.48
86.47,21.8,36.24,9.55,23.09,1.86,0.37,11.51,77.56,2680.3,61.82
6.23,96.15,17.54,5.01,51.02,3.01,0.83,18.08,56.3,1526.09,59.86
51.92,53.44,170.94,4.07,18.26,3.47,5.08,12.16,61.04,1752.23,62.09
6.74,37.84,115.76,9.87,53.09,1.19,1.67,30.8,57.41,224.48,57.15
175.84,76.2,51.79,5.26,18.91,0.22,3.68,17.37,68.13,1977.24,52.23
48.68,52.45,169.73,5.29,38.96,0.76,7.5,13.22,47.13,2739.87,49.05
111.47,1.32,160.53,6.64,24.68,3.08,6.91,37.07,69.06,2.33,66.68
7.8,73.62,20.19,5.0,22.7,1.69,0.6,10.02,52.53,647.77,57.73
133.37,73.22,128.83,9.95,24.47,3.0,0.56,29.22,67.93,990.01,76.65
64.61,16.51,144.37,3.78,32.46,1.61,1.25,42.18,47.42,2454.72,58.18
179.58,95.67,143.17,6.43,51.48,0.28,1.02,37.58,33.02,323.27,50.07
177.62,22.39,144.63,7.06,46.76,2.2,2.11,31.13,35.59,1325.86,64.7
65.06,45.77,33.89,6.54,29.71,1.58,3.04,13.61,31.58,556.89,71.6
180.19,11.47,63.02,6.88,20.52,1.77,0.76,37.66,32.7,2737.65,60.8
199.23,60.33,168.84,9.92,51.99,3.33,3.74,21.74,69.56,628.11,50.11
165.08,37.55,179.68,9.2,52.86,1.65,4.29,15.37,90.28,934.63,47.52
168.97,35.32,55.84,5.5,29.95,2.81,5.33,44.6,90.53,1657.19,68.06
49.8,82.7,4.6,7.08,43.27,0.3,3.31,13.19,78.31,242.21,53.05
115.34,0.96,171.95,3.5,25.31,1.73,2.44,35.14,63.49,1283.1,60.57
13.45,79.79,75.42,6.16,13.2,2.09,5.18,22.35,57.02,940.39,62.63
18.98,57.14,65.89,4.57,22.68,0.48,7.3,39.45,30.16,2607.43,42.39
199.78,98.61,69.4,8.12,42.51,1.13,3.23,29.16,35.91,2386.08,50.1
65.33,58.94,83.14,4.94,47.32,2.61,2.42,41.17,95.27,2779.85,67.96
149.64,5.54,75.65,8.37,51.84,0.73,5.77,29.4,45.65,835.3,56.91
161.33,5.06,113.29,5.54,5.97,0.54,7.03,21.33,67.1,2444.0,47.24
171.6,88.32,15.79,9.52,31.75,1.12,7.68,43.62,69.35,2464.32,41.54
199.53,84.12,194.31,6.4,20.07,3.02,1.84,25.96,37.39,347.33,66.87
48.3,34.59,187.29,8.96,42.62,2.69,2.49,39.76,80.74,1500.86,55.04
8.07,61.8,186.88,7.58,18.49,2.74,7.26,39.4,27.7,2918.23,53.04
82.24,48.96,175.86,9.85,36.15,1.2,2.23,29.69,41.51,2493.16,57.12
26.02,96.72,132.07,8.33,44.16,0.44,2.83,27.53,64.58,1971.0,53.59
4.49,95.0,44.22,8.23,47.35,0.21,5.15,20.34,58.87,1540.92,46.39
72.09,98.38,9.9,5.22,19.82,2.09,4.59,29.63,78.64,2128.85,57.17
156.75,86.64,19.86,6.78,9.83,2.49,7.04,30.11,96.69,2402.18,57.68
113.24,90.96,64.8,5.39,17.03,1.38,4.93,18.41,39.76,1481.74,69.39
62.56,21.73,100.78,3.63,37.95,1.9,3.96,38.17,22.82,2224.64,60.13
130.87,83.1,198.65,8.12,7.22,1.05,0.68,21.81,46.4,464.71,56.17
46.4,70.89,87.09,5.03,13.74,1.34,7.8,36.39,85.9,1182.05,57.68
2.88,96.28,104.93,6.08,59.75,2.58,3.44,44.58,79.0,168.57,54.19
152.87,57.13,139.03,5.35,26.03,2.54,4.62,44.84,61.07,2299.02,64.75
124.75,8.52,36.15,4.8,32.31,0.2,4.07,40.22,56.12,634.4,57.29
152.46,59.74,186.57,3.94,5.61,3.31,5.93,39.99,50.4,495.23,55.78
7.79,68.66,105.81,5.7,37.55,1.01,5.21,38.21,37.03,1313.26,61.0
167.42,22.03,55.25,4.03,22.89,3.19,2.81,34.4,47.28,1604.5,63.49
123.91,39.41,187.02,7.01,34.16,1.84,4.21,16.44,35.44,497.63,71.2
112.68,59.85,125.09,3.63,33.94,1.8,6.63,13.78,25.23,1088.41,64.91
124.92,37.41,96.74,9.61,58.21,1.63,5.1,30.02,91.04,1739.0,63.09
172.89,37.49,116.03,9.78,19.75,3.24,7.64,33.68,39.49,274.2,58.54
117.39,13.31,149.66,5.48,36.37,0.81,6.06,24.02,27.76,951.76,61.52
116.19,94.07,30.91,5.19,25.99,2.18,3.93,43.21,60.07,783.76,63.45
198.14,75.05,172.97,4.18,28.21,1.18,6.48,18.79,40.03,2162.39,47.71
151.35,0.12,191.9,9.38,8.06,3.21,3.59,18.81,52.29,497.36,54.0
88.46,76.56,113.4,7.31,42.86,0.68,1.78,40.41,97.07,1481.78,67.71
141.48,73.98,136.45,7.47,15.74,2.4,5.07,27.81,34.97,981.51,65.69
77.85,0.97,171.97,9.32,30.77,1.53,2.9,11.26,44.67,2167.02,56.03
45.78,36.96,74.96,9.42,28.88,2.35,0.3,16.86,61.09,2888.64,67.15
119.37,60.67,198.57,8.88,30.75,0.64,1.79,29.78,54.03,2595.02,60.67
185.64,45.28,136.1,8.53,25.66,1.44,1.42,21.41,27.9,1550.51,57.94
185.83,77.8,84.8,9.2,18.33,0.46,6.38,27.13,79.59,2568.32,44.47
68.38,42.55,135.47,9.19,29.68,3.39,5.84,37.79,57.63,2129.21,73.49
105.54,15.39,104.34,5.9,7.54,0.83,4.95,27.33,40.71,574.36,63.64
42.33,97.64,22.33,9.83,18.33,3.48,7.48,26.28,81.61,2074.47,50.75
199.13,24.2,159.17,8.11,48.17,1.52,1.51,16.16,50.59,1754.01,53.35
196.22,71.77,112.88,5.91,51.36,0.34,1.39,15.12,45.46,611.88,52.96
129.9,14.32,159.17,6.37,44.34,0.16,7.28,25.11,80.24,2918.84,51.38
160.88,32.9,30.98,7.97,39.79,2.14,5.21,17.34,28.85,2446.78,56.5
143.02,44.2,107.67,5.85,49.62,2.19,4.51,24.02,92.7,2306.53,72.3
118.63,19.22,153.32,8.87,12.03,1.88,5.95,29.79,23.76,2931.71,53.44
10.67,45.0,197.66,4.46,33.89,0.33,2.33,13.94,31.19,2964.8,49.46
90.95,15.72,176.88,9.4,11.4,1.23,4.8,16.88,38.57,1429.75,53.48
134.96,55.9,172.87,5.46,47.78,1.32,3.47,40.0,74.04,1517.57,59.87
135.51,66.37,49.49,4.49,33.63,2.5,2.53,32.17,74.96,2547.51,60.68
74.62,6.24,167.6,9.08,49.55,1.52,7.02,36.07,99.62,1900.16,52.3
188.34,87.11,33.86,5.06,48.95,2.05,1.37,27.1,63.76,236.22,59.48
33.47,18.51,39.62,8.98,30.64,1.07,0.24,34.11,86.27,2073.28,54.45
100.07,22.54,22.02,5.43,32.33,2.57,2.94,25.17,56.14,1418.87,81.21
138.18,66.13,171.52,9.57,6.55,0.26,1.67,14.53,71.39,177.76,48.44
139.43,46.88,21.65,4.92,33.79,3.46,6.51,25.31,24.87,2742.15,67.44
129.73,49.94,27.62,3.95,42.26,2.28,1.1,31.91,85.76,700.11,73.59
55.06,12.82,49.18,9.59,17.85,0.61,7.51,18.85,72.11,2857.51,44.32
31.24,80.57,114.53,4.58,59.26,2.54,1.42,34.63,70.31,1506.63,66.75
127.19,61.71,176.04,9.64,58.62,2.77,7.13,14.67,37.63,1934.17,57.46
119.86,13.54,83.65,8.86,20.56,2.78,1.43,18.11,52.38,789.83,71.05
35.87,37.4,109.26,4.03,44.21,1.02,0.48,35.39,38.33,2958.45,55.6
141.03,81.04,33.3,6.39,6.65,3.36,3.95,18.22,76.35,140.59,71.68
91.03,56.84,53.19,3.98,41.62,0.16,2.92,32.02,99.64,2586.16,59.02
133.55,10.86,26.79,5.64,39.32,1.39,4.82,34.71,35.45,200.76,58.51
167.47,37.28,81.98,5.78,50.22,0.45,5.16,17.43,29.92,2721.54,55.62
33.95,24.27,118.07,7.4,21.74,1.41,7.48,27.68,46.99,2726.1,57.55
3.83,51.75,56.8,9.84,53.29,0.29,7.63,42.97,60.4,1103.6,37.11
155.82,84.34,169.2,4.6,52.19,2.29,4.01,30.71,76.19,1799.86,54.41
121.94,43.63,196.25,5.64,41.83,0.31,1.75,11.3,59.69,2562.23,64.12
139.93,43.33,24.03,7.32,30.98,2.19,2.05,16.84,98.84,950.02,79.62
167.63,90.54,3.57,4.61,39.01,0.9,0.89,38.71,79.25,388.94,49.19
160.56,57.62,157.96,8.12,45.15,0.71,2.31,26.72,34.94,2748.37,58.06
192.18,56.62,38.13,6.12,58.64,1.28,7.3,12.45,43.5,222.87,50.13
107.19,26.19,70.63,9.67,11.7,2.28,2.98,22.56,84.24,395.29,65.89
97.7,60.77,78.85,7.59,22.22,2.07,5.07,35.0,90.26,531.92,70.78
80.38,57.59,183.32,5.86,47.94,2.41,7.85,36.04,62.49,1854.14,64.79
30.74,39.69,131.77,8.18,27.5,3.22,0.94,30.57,56.05,955.86,74.17
114.52,99.07,8.12,8.95,41.99,0.79,6.23,36.31,32.22,1672.39,46.6
55.4,88.19,2.96,8.7,12.32,1.51,5.63,24.85,39.7,2338.35,50.36
184.26,74.96,39.91,5.21,44.0,1.0,6.57,26.68,76.3,1812.65,57.06
116.64,53.73,63.63,6.21,42.07,2.09,1.18,25.05,23.92,2732.12,75.79
118.57,46.21,96.9,6.44,37.22,1.06,4.06,20.24,68.43,301.37,77.35
70.98,18.49,167.57,6.02,47.09,2.0,5.09,32.76,38.13,2774.64,66.96
10.4,30.57,62.96,5.52,53.41,2.9,6.1,33.2,37.76,1457.19,60.56
6.35,77.4,75.31,8.39,50.61,1.97,5.73,40.25,53.68,172.25,44.26
84.67,45.37,65.87,3.58,12.02,2.95,4.61,21.16,56.19,2666.5,62.46
16.91,88.23,1.79,5.41,45.94,2.18,3.81,32.47,71.92,341.65,54.66
121.37,14.79,191.04,4.42,29.74,3.06,7.54,21.99,31.97,2014.32,61.33
176.19,50.83,27.8,4.34,23.36,3.26,1.54,41.68,47.5,849.65,65.67
176.58,64.7,57.53,5.3,53.38,1.83,1.71,21.35,32.92,315.16,67.65
131.81,51.68,25.86,8.45,35.78,2.79,0.98,37.59,62.43,2529.0,71.83
42.25,88.92,98.11,9.8,32.57,1.69,0.99,39.16,35.39,1281.8,61.74
172.6,98.96,186.43,6.85,48.15,2.5,7.0,22.58,90.4,1859.1,56.73
177.22,11.58,20.14,5.7,35.43,0.23,4.89,17.44,24.51,2117.09,46.38
39.33,13.0,88.18,8.89,52.19,3.39,7.49,12.58,65.37,1657.39,59.61
147.49,13.03,4.47,3.94,10.66,3.14,7.11,41.87,76.57,2337.83,46.75
57.3,68.12,154.18,4.11,47.69,3.14,2.47,32.89,91.76,1500.35,65.97
160.53,37.27,128.25,5.74,14.01,1.06,5.17,38.69,39.67,1247.91,59.36
199.45,73.33,139.94,6.41,17.39,1.06,3.1,31.64,74.24,2255.4,55.06
6.01,40.55,94.47,8.69,14.87,1.47,7.02,15.59,76.77,628.31,52.48
179.47,62.76,181.53,9.51,18.11,3.09,5.9,20.63,66.02,2826.64,53.38
124.53,76.99,81.91,6.95,45.25,3.02,1.08,21.81,88.1,899.3,78.14
194.68,54.82,102.82,6.72,41.04,1.08,2.1,25.07,56.58,116.28,68.43
93.0,53.95,139.06,4.88,17.64,1.94,5.29,11.83,77.17,1627.88,64.06
169.48,8.82,104.11,6.43,19.86,1.72,2.04,33.45,34.73,904.56,60.06
12.48,41.08,37.87,9.5,10.46,2.31,4.32,19.47,97.59,475.41,43.96
67.06,54.58,63.41,6.05,27.79,0.83,2.03,26.8,69.21,2348.98,72.18
13.4,46.2,18.46,4.87,25.82,0.39,5.49,12.09,78.78,1770.77,51.22
195.07,90.08,86.52,5.69,13.02,0.19,0.69,34.4,44.07,1777.62,55.21
163.39,90.65,121.88,6.84,50.9,1.4,5.8,29.17,53.99,1547.71,63.48
170.51,82.19,23.71,7.39,51.89,3.32,2.76,41.68,34.15,1935.44,62.19
187.59,37.53,126.12,6.31,11.0,2.43,3.68,16.9,96.06,2766.87,62.37
17.02,71.73,178.57,8.43,19.65,2.65,3.92,43.52,92.46,990.7,54.0
77.12,39.53,67.54,7.3,45.48,3.31,1.64,41.7,32.11,1906.33,80.45
14.21,23.26,44.41,7.82,52.85,1.53,7.54,20.35,39.62,2349.83,54.93
42.16,34.29,178.6,9.11,8.94,1.71,0.1,41.43,62.56,609.76,57.02
45.87,7.1,138.39,9.13,54.63,1.32,3.04,20.22,29.54,2202.86,51.77
93.82,33.18,21.08,4.82,8.39,0.72,1.12,21.76,66.76,1144.97,60.58
53.71,46.07,81.62,7.55,39.86,2.71,2.94,41.82,41.26,2523.95,66.14
20.2,95.55,134.82,8.16,6.21,3.18,0.92,37.57,71.29,885.26,66.42
33.5,31.34,114.88,4.45,56.05,2.87,3.09,25.44,26.29,2078.76,58.98
29.46,90.25,123.71,8.98,24.45,0.26,1.63,13.98,33.06,1531.89,54.31
194.62,22.89,113.43,4.67,40.68,1.12,4.47,26.21,62.2,2248.6,61.32
151.86,19.1,159.61,8.7,15.15,2.11,0.19,39.55,75.6,2437.38,63.91
193.55,51.9,64.09,4.55,22.67,1.21,4.1,30.72,66.7,364.27,57.48
87.95,67.25,141.69,8.32,46.1,0.61,2.33,11.7,45.03,788.1,60.24
55.67,4.43,198.22,4.46,58.51,1.93,2.64,24.3,66.57,771.61,54.74
159.66,22.11,77.99,5.96,59.56,1.87,2.9,34.5,41.94,135.78,58.03
65.25,45.57,158.21,4.43,49.53,2.51,5.26,40.85,96.72,2874.24,57.22
59.88,33.1,49.22,5.26,51.6,3.5,6.09,44.19,32.88,1673.48,66.8
46.5,71.26,56.38,9.9,58.32,2.3,2.7,39.29,68.82,661.8,60.5
25.94,51.12,186.97,4.2,7.22,1.18,7.41,40.51,56.81,1696.1,49.27
51.29,16.04,5.19,6.14,14.36,3.35,6.0,17.53,47.56,2486.8,66.66
71.06,89.45,43.49,7.9,7.9,2.04,3.29,40.1,59.59,478.65,64.37
134.8,29.29,96.58,4.11,32.56,2.3,0.87,42.42,29.54,1945.19,62.49
12.51,73.11,80.37,4.21,57.72,1.32,4.53,32.2,54.37,448.23,50.73
42.1,77.99,125.83,4.43,37.03,1.64,4.95,27.06,91.92,2551.01,53.37
161.8,96.32,38.54,7.69,35.55,1.52,1.18,38.4,32.23,718.81,55.83
29.38,49.85,14.11,9.41,50.47,3.28,6.83,31.6,64.89,1815.71,56.19
68.53,61.58,73.87,8.87,56.09,2.85,3.11,38.97,82.47,53.14,67.92
172.93,33.49,104.87,9.89,43.42,0.41,1.3,25.8,85.57,3.5,51.93
30.99,67.82,112.4,7.26,54.25,1.17,4.21,16.24,33.85,2044.78,56.76
16.55,46.34,120.3,9.75,14.64,0.29,3.43,42.12,79.18,169.39,45.61
96.91,43.77,109.73,5.48,32.69,1.86,5.17,43.89,80.96,635.98,73.04
60.48,85.55,49.15,6.24,25.05,1.05,1.46,44.05,63.74,2817.61,57.96
112.68,5.02,152.91,6.07,23.29,0.35,0.26,43.45,53.87,1937.32,67.3
160.76,88.2,17.56,3.81,16.78,2.72,3.86,27.28,24.93,785.72,55.37
27.43,85.21,39.67,8.89,54.17,0.41,1.34,32.01,20.67,2014.38,42.76
116.14,50.64,147.88,3.66,29.77,1.02,1.34,40.82,66.62,2980.11,65.3
101.1,49.02,55.95,8.24,34.16,2.72,5.46,10.82,48.9,1307.88,71.89
28.82,36.18,98.69,6.15,20.2,1.84,2.14,15.68,42.42,1529.82,74.1
124.8,99.42,65.44,3.54,57.96,2.88,6.74,15.77,29.14,1603.21,53.52
54.73,11.12,101.4,5.38,38.62,1.51,4.17,17.72,94.62,482.01,58.87
97.57,59.02,69.33,5.75,5.04,2.87,4.9,24.19,34.6,1600.89,77.87
16.45,68.17,198.84,9.77,19.73,1.93,2.64,26.22,72.93,1890.09,47.71
91.92,93.43,71.5,7.8,59.96,0.4,1.87,23.69,23.11,1469.17,58.76
61.29,78.02,125.41,7.03,58.61,1.7,1.36,40.76,72.62,1382.61,61.45
164.48,64.38,177.67,4.33,34.95,1.98,5.69,19.04,72.27,659.97,60.37
11.4,11.68,127.59,6.04,36.03,2.18,5.54,35.86,92.49,1743.24,57.72
83.72,37.37,113.17,3.73,54.59,3.25,3.99,44.13,67.39,1644.73,67.07
91.69,13.88,113.85,8.45,43.97,0.72,6.27,32.96,22.03,2788.4,56.76
145.0,88.12,99.29,4.56,56.27,2.16,6.44,11.57,96.69,1101.23,52.39
114.86,74.96,161.52,7.36,31.35,2.66,3.59,13.99,27.88,2102.71,68.9
133.44,75.75,10.08,8.05,58.67,3.13,5.24,39.36,39.17,2350.15,53.33
155.41,65.23,177.03,5.88,34.68,1.89,7.31,22.63,79.47,2375.84,58.12
172.44,50.7,117.26,7.61,40.47,0.83,0.74,24.14,76.19,1696.42,71.94
62.78,15.0,169.77,8.47,9.54,2.88,0.2,40.97,77.74,1873.64,63.42
107.6,32.97,2.08,4.7,38.64,3.18,3.84,34.69,53.57,2404.22,67.38
168.02,13.69,173.86,7.41,47.23,0.46,2.72,34.92,50.52,86.95,47.42
197.89,72.49,24.03,8.27,29.16,0.88,0.79,33.55,67.09,644.94,54.63
177.9,16.02,144.24,5.82,32.63,3.06,1.28,32.15,41.8,1575.03,71.06
74.29,70.21,83.3,4.56,26.63,1.75,2.13,36.43,35.82,2190.14,65.36
39.03,69.23,136.21,5.36,58.3,0.67,0.89,34.52,32.72,541.12,57.97
97.88,45.93,125.64,9.56,31.21,2.29,2.62,13.33,50.81,2607.24,67.76
148.33,13.52,32.68,5.82,11.94,1.66,1.15,17.72,91.78,1540.11,58.52
98.51,31.48,102.92,4.2,6.59,3.39,5.04,13.81,93.97,1135.59,67.55
96.64,32.01,55.45,4.04,47.49,0.86,5.6,38.28,91.4,455.24,53.3
167.65,70.04,112.09,4.67,35.12,1.33,6.23,30.84,36.33,1679.98,63.26
72.28,11.37,147.6,4.33,5.15,0.66,6.97,43.77,67.51,2364.88,48.63
171.96,82.91,16.25,6.72,26.04,0.27,0.12,35.13,72.06,939.13,55.59
81.36,76.1,103.15,5.76,55.27,1.03,1.49,27.34,56.92,1489.35,68.0
65.65,18.63,123.53,8.97,57.13,2.89,6.54,42.64,65.64,530.53,50.25
90.8,71.92,59.07,9.23,7.95,1.01,0.34,43.8,30.02,779.58,57.59
152.49,66.85,190.6,6.58,11.79,2.47,5.36,31.96,91.92,2073.83,60.79
25.2,74.81,104.06,9.28,5.27,1.89,1.53,31.91,30.78,2899.31,55.1
39.28,18.89,36.5,6.43,52.78,1.87,4.1,30.3,86.78,1837.39,58.18
190.29,15.76,21.56,7.67,8.9,2.76,7.7,12.96,24.17,1894.4,52.07
35.1,23.65,108.33,4.56,10.93,2.2,5.22,36.78,52.16,2642.53,58.31
113.55,36.59,75.05,3.84,17.52,0.64,3.01,40.68,35.6,544.97,57.91
115.86,79.37,38.51,4.54,55.45,0.85,5.54,29.52,32.73,2441.19,48.77
97.92,73.79,6.14,5.14,42.85,1.95,0.14,16.77,73.93,2575.72,74.25
128.95,92.55,113.32,8.38,38.93,2.97,7.61,38.44,91.06,2080.88,61.59
45.97,5.86,119.72,4.63,48.16,0.62,2.82,41.33,83.22,105.94,49.02
110.53,1.16,28.36,4.35,43.13,0.46,7.84,38.22,43.28,2777.81,44.42
74.43,69.91,120.35,9.53,46.03,1.86,5.44,17.41,68.6,1778.94,54.04
132.33,27.93,190.39,7.98,9.05,0.74,2.37,17.59,43.57,665.14,54.04
28.24,33.41,195.66,6.58,37.44,3.48,4.96,26.04,27.25,1460.29,72.3
114.18,54.68,177.7,4.12,46.43,0.11,3.1,15.51,29.33,1704.67,57.16
37.05,10.24,161.42,9.04,36.11,1.63,5.18,34.06,33.86,240.11,51.92
55.73,64.27,41.87,4.2,5.65,0.65,6.35,34.78,72.86,1778.9,42.33
43.74,32.51,31.29,7.47,16.61,2.42,3.82,44.53,30.72,1860.4,60.57
36.57,63.27,88.99,7.84,57.96,2.24,1.85,23.25,66.06,2386.61,63.97
165.14,83.4,123.93,6.1,43.76,2.84,7.85,35.4,20.1,2767.24,61.17
57.14,17.11,170.14,9.42,42.87,2.02,3.36,27.38,78.53,1386.41,58.43
185.42,93.09,46.39,3.83,41.31,0.74,1.49,15.68,40.66,838.57,50.69
193.99,53.07,95.93,8.82,12.03,0.28,5.94,41.92,65.53,2038.27,46.1
114.25,92.29,129.49,7.1,5.22,2.56,5.28,12.1,47.75,447.39,65.72
28.6,20.77,89.12,7.47,29.24,1.6,6.55,11.48,62.73,296.14,65.18
74.91,60.46,90.84,9.91,29.44,0.86,0.11,19.27,35.51,2347.95,69.32
159.55,40.39,45.02,7.29,49.65,0.96,2.84,44.98,69.53,2586.33,58.98
73.48,77.42,197.33,8.68,14.99,0.61,2.58,10.73,90.57,2441.44,43.81
17.4,60.59,95.04,4.5,20.13,1.06,7.4,24.81,66.3,2667.66,53.56
111.36,49.45,106.55,8.76,9.3,2.79,2.86,28.15,55.37,831.02,80.48
169.02,91.3,43.71,8.45,26.99,2.21,4.27,21.01,57.89,1883.63,59.84
159.19,37.71,102.83,9.79,19.08,3.46,0.13,34.69,52.36,1835.17,69.03
35.02,22.0,51.07,9.58,19.46,1.88,6.48,23.06,38.84,133.08,51.63
134.55,60.81,40.47,4.89,18.97,1.87,1.0,33.15,50.4,76.62,65.61
44.1,62.4,55.14,6.52,17.73,0.75,7.07,22.04,53.73,2627.33,60.37
43.64,43.91,0.55,9.42,22.59,2.09,5.91,15.24,75.11,53.09,53.15
174.81,48.66,114.03,7.66,34.52,2.17,4.5,29.68,45.47,2189.89,67.31
49.93,95.96,77.5,6.51,29.07,0.8,6.02,29.35,50.14,1288.47,65.11
52.65,73.27,179.74,4.21,8.49,0.4,6.36,19.22,69.84,118.32,43.52
0.13,11.06,8.14,5.79,28.42,1.35,6.04,22.64,83.17,2552.72,48.74
174.13,21.21,8.64,7.82,51.55,0.69,5.32,25.23,87.34,1168.98,49.95
158.52,97.56,177.17,8.55,10.54,1.81,7.06,29.69,67.85,2206.19,49.44
125.47,72.65,25.33,6.41,56.94,1.89,3.44,32.48,56.65,1502.84,67.16
150.05,91.5,0.43,3.86,21.97,2.17,4.57,14.35,72.89,2607.96,46.98
30.41,30.39,35.78,7.62,5.8,2.15,7.76,15.08,22.47,1506.61,50.36
91.66,74.19,164.78,9.49,18.92,2.39,3.04,22.83,64.86,2265.32,68.71
70.24,71.4,160.54,6.73,8.83,0.88,6.03,24.56,44.63,1800.12,60.76
18.76,29.47,68.03,9.53,36.15,2.58,3.2,21.62,61.52,2344.4,58.66
97.23,55.08,133.61,5.8,22.4,1.88,3.81,32.63,43.21,327.01,81.43
184.15,62.74,101.45,9.26,49.38,1.59,2.75,43.73,34.49,1062.84,58.91
8.01,48.11,180.95,8.61,45.29,2.3,1.31,31.18,39.42,1101.29,64.45
58.29,82.72,11.28,9.75,30.77,1.8,7.78,16.08,79.45,335.67,48.85
41.51,83.29,162.64,8.64,35.83,1.89,3.63,21.49,50.02,2687.45,56.73
47.63,85.06,34.12,5.59,38.48,0.18,2.31,29.08,77.99,798.36,56.93
181.69,80.34,78.32,9.35,19.89,2.83,5.21,20.97,80.12,2334.09,56.15
93.61,48.81,38.39,7.85,12.67,1.54,0.98,26.17,21.57,1459.18,73.57
93.26,38.14,140.52,4.55,25.71,1.86,4.39,30.25,95.15,2663.5,69.4
152.12,83.14,135.67,3.8,10.22,1.43,4.64,34.71,28.01,2189.19,42.06
30.9,49.02,109.58,5.88,22.32,1.98,1.65,18.23,57.72,2272.85,71.18
97.45,24.64,139.63,8.61,35.39,0.28,7.68,26.46,96.03,1460.81,55.46
86.0,50.73,127.91,7.52,34.71,1.41,4.8,24.28,32.66,1167.75,69.57
119.38,14.18,155.29,6.93,11.63,2.37,1.86,13.36,35.37,1405.6,70.85
199.91,69.16,47.88,3.52,5.46,3.29,6.68,31.07,38.73,1468.48,48.43
153.89,33.59,85.78,6.33,9.89,2.99,2.53,37.28,86.42,176.72,76.03
79.57,26.07,30.33,4.53,6.99,3.37,5.87,39.76,87.3,318.96,60.21
165.51,95.65,85.92,6.45,27.03,2.76,5.06,12.57,92.05,868.29,69.03
34.14,77.69,140.34,9.95,26.44,2.25,1.36,29.76,60.42,1240.66,65.45
6.09,78.71,138.28,9.22,18.29,1.54,0.85,44.55,92.18,201.78,50.77
40.89,62.37,141.89,5.52,16.85,0.52,4.9,36.43,41.54,1440.27,57.95
68.08,83.92,61.75,7.36,26.8,0.95,5.38,30.64,68.82,1742.35,62.43
102.12,75.92,132.44,6.76,9.76,1.02,1.14,11.04,54.27,2882.3,66.8
123.03,59.88,73.49,4.35,16.79,1.55,1.46,12.19,43.03,313.29,63.93
182.12,96.11,188.9,9.93,27.31,2.17,0.5,11.86,81.0,2429.12,51.91
101.97,19.16,68.67,6.26,10.22,2.2,1.16,37.79,78.84,2194.35,75.02
100.26,94.34,120.6,6.79,51.24,1.65,4.75,29.02,79.92,2236.95,73.36
10.05,40.14,150.03,7.71,42.18,1.03,1.69,20.71,67.87,2536.1,60.45
6.98,52.84,181.28,4.75,26.07,0.29,2.38,40.64,46.97,2896.44,49.37
110.23,12.27,87.59,4.94,13.27,3.46,4.49,38.41,73.75,1921.94,71.56
87.64,54.01,72.1,4.75,15.68,3.29,3.37,37.24,36.09,2652.9,71.12
167.84,61.12,86.01,6.0,11.6,0.72,6.78,37.08,39.88,376.42,60.03
32.14,99.77,64.74,4.8,13.8,2.16,4.61,16.7,96.6,714.01,54.35
4.99,97.52,130.78,9.52,28.24,1.11,1.14,40.65,63.52,1132.49,45.32
89.81,96.64,186.54,8.14,18.51,0.76,3.14,16.89,77.29,231.86,50.88
47.5,34.84,25.21,9.34,53.65,2.43,2.14,40.21,56.44,661.38,56.36
9.92,99.13,112.18,9.02,57.85,2.77,2.15,41.21,20.14,2939.29,44.03
144.92,45.55,179.53,8.07,43.03,1.48,2.13,34.93,60.84,2224.03,59.51
22.32,85.18,20.02,5.08,49.48,0.3,3.41,34.81,63.16,2157.27,48.39
121.66,21.63,98.77,7.5,19.03,1.47,1.14,19.12,27.76,1604.28,74.91
56.21,50.58,173.05,4.71,41.58,1.91,2.09,20.96,36.94,677.48,68.47
34.7,96.6,180.09,4.36,8.19,3.14,5.64,30.04,30.03,366.28,54.84
75.95,94.7,102.87,7.61,57.81,2.33,6.64,30.03,90.59,1571.89,64.5
160.29,68.37,4.99,7.56,41.86,2.52,0.21,21.89,22.41,1977.52,68.81
78.42,79.78,21.13,4.52,22.43,0.79,0.76,41.38,80.78,1688.38,59.53
150.15,17.64,117.34,5.79,47.52,2.55,6.85,14.59,54.49,1381.34,67.31
25.1,72.17,24.77,3.93,5.87,1.81,1.8,23.63,20.21,74.63,56.34
154.55,61.81,29.88,8.15,25.69,2.89,2.57,19.05,55.92,1794.38,69.79
47.39,9.16,154.42,9.92,54.26,0.84,2.76,42.51,98.2,1562.53,49.03
135.48,11.32,150.14,8.31,19.48,1.85,6.94,15.0,56.0,849.07,56.81
113.16,10.84,168.55,8.99,41.74,0.81,1.39,26.48,41.83,2388.85,55.93
185.83,72.44,21.15,6.6,24.81,1.07,6.52,11.47,93.6,2077.48,53.7
77.46,14.17,39.63,4.12,26.58,2.93,3.79,37.25,26.44,2917.09,60.35
13.23,46.77,166.59,8.22,46.03,2.44,6.29,33.14,80.55,1503.32,51.17
3.83,35.7,144.22,5.17,55.06,2.58,5.54,39.5,39.76,203.69,51.45
165.37,55.05,161.19,6.02,14.17,0.33,5.88,20.25,76.64,2785.51,52.26
104.95,70.65,197.95,8.07,20.23,2.58,1.0,29.35,31.1,1374.33,71.08
155.05,68.47,172.89,9.38,31.83,1.77,2.54,43.54,23.85,2982.38,46.88
46.89,51.55,104.09,6.66,38.76,1.66,1.89,18.85,74.44,1508.68,75.13
69.02,46.43,62.15,9.75,30.73,1.5,1.09,41.63,50.2,1257.1,64.03
6.02,39.78,113.94,6.88,49.3,3.0,5.15,43.16,99.15,228.5,60.61
192.3,86.19,127.72,4.3,47.25,0.7,5.59,23.23,64.91,372.46,46.25
133.57,33.09,67.06,6.87,27.29,2.87,1.22,21.61,24.36,338.99,82.53
186.64,25.94,154.19,9.09,7.23,3.26,6.17,19.91,31.29,1920.48,56.42
53.1,74.33,18.55,7.0,15.7,0.67,2.37,39.5,91.9,1594.86,58.19
122.29,35.98,155.88,8.36,31.78,3.5,3.08,33.93,25.66,2957.85,74.09
135.7,84.7,6.4,7.06,56.01,3.47,7.95,17.33,63.13,1302.65,62.68
63.51,32.79,99.59,7.05,36.22,2.21,1.62,39.93,21.39,477.12,77.94
169.62,70.19,172.29,5.35,34.17,1.01,1.03,16.7,77.44,848.72,62.97
189.43,4.51,17.3,4.81,44.82,1.56,2.22,27.14,31.22,2403.97,47.86
176.97,38.56,103.55,5.31,13.38,0.68,7.46,14.0,34.39,2471.74,49.9
147.81,34.32,31.88,6.37,13.08,0.51,1.05,32.69,42.61,353.71,64.36
55.49,81.67,178.96,8.76,24.0,2.49,4.97,33.09,20.24,2956.08,57.35
56.32,96.71,166.47,8.89,59.72,2.07,6.37,22.68,61.94,1057.22,48.66
192.67,46.09,186.78,4.56,53.18,2.02,7.39,13.64,97.66,1074.56,54.22
2.06,82.48,175.0,7.09,42.41,0.94,3.88,29.11,75.6,854.69,56.53
143.21,69.97,147.31,6.2,26.51,0.9,3.72,42.22,96.2,2302.75,60.17
141.25,96.74,36.98,7.21,35.51,3.47,6.64,37.68,30.43,2813.53,58.94
124.54,81.11,60.5,7.71,21.7,2.24,1.65,30.1,39.28,2139.77,66.28
198.02,7.75,99.37,5.32,42.09,2.89,3.75,12.63,47.8,282.57,65.93
62.38,71.33,117.78,9.48,28.04,1.39,5.14,32.95,79.4,2318.5,60.78
67.99,53.55,156.44,9.58,11.61,2.97,5.63,22.04,99.68,2334.73,60.72
15.79,1.64,45.39,4.18,16.83,2.56,0.98,35.83,88.51,1949.84,56.39
88.56,25.13,25.66,8.07,38.48,1.29,6.95,11.42,66.89,574.76,51.35
52.21,92.18,96.52,3.72,43.2,2.54,6.56,26.87,66.78,1499.44,53.95
68.68,92.61,31.57,3.8,10.28,3.25,2.6,22.47,81.62,98.61,62.57
166.91,79.89,138.75,9.73,49.46,0.83,3.86,10.51,35.08,765.72,46.08
187.1,98.18,115.13,8.02,50.34,1.96,3.13,26.46,85.82,2015.4,56.88
37.15,80.65,148.22,5.61,44.77,3.39,7.85,15.31,79.08,1088.05,68.3
74.5,1.02,12.69,7.85,42.6,2.89,4.71,10.77,25.47,481.3,61.46
185.73,28.78,192.94,9.0,17.75,2.21,2.24,31.53,23.33,321.71,51.39
12.36,3.06,0.0,9.16,55.58,0.34,5.99,44.54,32.35,2293.04,26.64
18.47,9.41,65.09,3.63,19.77,1.48,6.59,33.71,72.27,847.27,49.75
32.56,21.88,135.93,8.82,15.04,2.31,5.84,40.88,96.31,2890.39,52.05
119.04,50.36,9.03,9.05,40.12,1.49,0.76,14.42,28.93,2216.52,67.66
30.09,84.75,16.67,7.37,25.03,3.49,2.37,20.37,68.71,1059.53,68.21
193.62,86.2,15.34,6.62,56.32,2.66,2.96,36.89,67.58,1029.01,56.23
89.34,61.62,116.3,4.22,30.31,0.74,1.81,16.26,33.6,423.85,67.95
100.3,92.82,179.19,5.06,14.0,1.77,3.9,30.85,41.05,2147.81,61.25
49.33,50.01,111.09,6.69,57.66,1.41,2.62,26.52,63.14,1482.84,75.76
94.19,88.9,120.71,9.12,33.35,2.12,0.39,31.1,46.85,2469.2,70.16
132.38,45.41,69.2,8.72,33.52,1.62,5.25,43.81,32.65,827.75,63.8
150.24,27.72,3.75,6.72,26.22,0.91,3.54,36.81,54.37,1019.23,57.04
150.77,91.64,4.32,8.61,50.98,2.56,0.32,44.62,27.18,1435.93,59.34
115.58,38.79,177.66,8.48,20.82,0.46,7.47,14.28,66.43,2119.76,53.28
180.87,50.34,20.51,7.26,5.75,1.91,5.24,26.22,31.55,2583.18,51.65
163.48,32.89,199.96,4.93,32.35,1.15,0.68,18.63,78.31,2862.36,59.09
151.41,66.28,32.88,5.76,55.92,3.39,7.13,33.31,63.77,144.81,61.14
11.12,99.5,134.93,4.57,20.03,1.13,3.42,10.5,26.29,2536.41,43.49
1.38,2.55,189.79,3.55,19.65,1.26,1.99,41.27,37.82,377.58,41.94
42.49,89.98,72.46,4.02,45.6,2.5,0.46,31.04,54.34,2947.25,58.12
132.7,0.39,146.89,8.44,47.65,0.54,5.98,33.48,51.56,132.46,49.77
82.24,36.42,70.17,3.72,28.96,1.2,7.76,37.8,86.05,936.31,57.29
80.48,16.86,60.99,6.1,50.85,2.47,1.56,36.1,70.22,2997.18,68.89
176.92,75.73,40.36,9.91,14.46,0.2,3.39,34.05,90.94,744.72,43.3
179.11,5.06,164.19,8.67,25.19,1.16,1.98,43.17,64.11,2566.47,44.91
181.84,55.35,51.48,8.38,27.24,0.13,4.62,18.31,45.17,2502.87,52.18
62.78,29.49,56.63,5.29,22.2,0.61,6.98,13.32,22.54,793.57,59.97
138.21,13.37,199.79,7.67,16.98,2.15,1.13,32.1,36.9,1512.75,64.97
54.33,77.18,65.46,6.74,23.6,1.65,2.46,12.25,40.59,230.52,69.85
38.12,21.74,84.55,7.55,5.99,0.63,1.4,29.4,27.29,408.33,59.78
36.93,22.37,198.01,6.33,43.68,0.37,1.91,34.48,62.4,1077.97,53.32
68.42,27.51,73.86,6.95,42.62,0.29,1.13,33.59,71.03,2717.75,65.48
85.99,58.68,73.23,9.92,29.76,0.39,5.11,21.82,24.03,1985.9,57.57
166.19,65.97,165.54,5.64,22.76,0.43,0.44,33.74,47.62,1813.12,59.85
23.98,1.76,62.39,4.91,28.88,0.39,5.86,21.72,22.19,2855.95,52.48
146.99,24.19,46.76,6.42,56.51,0.29,1.22,38.2,78.3,2336.14,48.74
106.29,43.1,84.64,6.91,38.2,2.47,2.21,40.52,59.93,2983.19,88.52
57.59,33.2,140.13,4.06,45.22,3.3,2.83,33.3,75.36,1379.32,71.95
98.56,88.42,8.65,8.74,17.62,3.01,3.11,31.96,69.52,579.65,68.84
59.99,78.77,74.78,6.24,10.21,1.0,1.47,20.07,88.33,1274.41,63.14
119.22,62.59,69.25,6.19,9.58,0.79,3.96,26.28,90.23,1274.29,67.52
86.77,33.8,48.96,7.78,30.96,0.26,7.17,18.06,64.76,2329.66,52.93
32.88,70.07,130.86,8.53,44.42,0.63,3.72,34.65,56.97,799.42,52.86
23.32,84.36,58.0,9.91,47.58,2.03,0.32,32.76,99.29,1587.21,52.47
109.34,59.48,121.35,4.63,44.62,3.49,2.97,13.82,35.44,1218.75,78.17
180.48,78.45,100.87,5.75,55.2,3.02,3.28,41.42,71.15,1362.41,65.12
68.79,74.91,43.44,4.59,7.86,1.85,2.34,44.57,69.6,299.73,57.46
146.6,57.17,53.31,9.23,52.04,1.54,2.44,14.96,96.55,1692.98,57.09
131.73,31.22,34.12,7.07,41.34,0.6,1.67,19.64,27.54,1901.62,60.64
186.31,74.58,11.33,9.04,14.65,1.52,7.66,38.75,95.82,146.6,38.75
164.2,20.68,123.84,9.9,42.53,2.12,4.28,23.82,81.13,390.0,53.22
113.32,77.95,134.56,7.08,33.15,2.12,4.34,12.02,30.33,211.49,68.58
131.41,80.45,33.2,4.27,24.75,2.0,3.46,41.91,35.62,609.19,58.3
179.68,82.21,123.08,5.85,18.64,2.9,4.97,28.39,42.03,211.14,66.97
79.9,47.29,196.42,3.74,30.53,1.83,3.44,11.08,74.17,1239.93,62.92
65.36,19.25,14.88,9.02,18.15,1.71,5.54,25.21,79.88,774.53,54.49
2.16,9.97,98.07,3.62,9.56,1.14,0.8,39.2,78.97,2217.58,44.51
165.31,74.34,146.61,7.35,51.54,0.71,0.33,23.8,72.2,2787.29,54.76
160.2,88.63,9.2,4.19,37.61,0.1,4.54,14.56,30.73,1583.16,43.6
20.89,65.08,155.65,3.55,25.0,1.2,5.9,11.44,23.43,1073.9,47.76
115.37,14.42,195.9,5.16,29.57,2.25,5.39,37.28,42.18,1675.94,64.54
92.8,93.49,17.7,7.09,52.57,2.0,3.25,27.86,68.05,437.73,60.2
23.74,98.91,164.45,3.99,22.59,1.9,0.13,21.21,48.25,2416.71,57.86
196.11,43.34,75.72,7.5,25.91,2.73,1.05,38.92,87.99,1636.52,68.26
42.94,59.48,28.82,7.87,47.13,0.89,3.2,13.97,85.69,77.37,53.44
13.45,77.72,98.64,9.8,16.03,2.41,5.35,15.73,37.43,1492.29,55.16
118.97,73.64,14.3,9.35,41.26,2.16,2.57,23.62,72.73,1868.11,60.63
147.77,96.78,104.42,7.18,28.89,1.25,4.3,11.37,86.42,443.39,58.18
6.49,11.49,3.87,8.66,32.51,0.84,1.49,39.88,92.0,1151.73,46.9
131.74,58.07,145.72,5.86,48.28,2.01,1.44,26.03,54.2,828.71,71.25
106.46,69.19,97.59,7.31,59.62,3.31,5.97,30.78,92.59,1458.72,69.86
20.65,89.01,91.79,6.12,50.73,0.36,3.56,11.62,79.26,1417.89,56.61
34.5,87.41,39.24,5.69,13.83,3.34,7.6,40.32,43.73,2639.31,57.16
113.59,97.8,72.25,8.23,17.35,1.68,1.77,43.93,47.32,2654.05,61.44
59.27,51.21,36.37,5.43,27.55,2.51,3.64,41.07,31.11,817.78,72.14
187.66,83.08,147.08,5.97,44.56,2.83,1.59,33.95,50.33,2228.97,66.52
163.75,42.73,39.81,5.89,33.02,0.62,2.12,37.72,49.13,399.77,60.73
196.71,42.23,123.35,9.16,54.6,0.25,5.16,39.7,69.94,1106.74,44.1
51.93,25.33,55.92,4.61,7.68,0.54,7.29,17.58,44.55,1107.81,47.68
193.94,81.82,131.4,5.98,19.22,1.26,1.11,15.01,53.67,2536.88,60.9
86.25,98.58,108.09,9.27,17.06,3.35,1.12,17.15,30.52,219.9,65.33
69.5,25.63,84.69,3.6,45.93,0.25,7.62,41.09,78.5,1547.67,44.94
10.07,5.61,134.6,9.66,30.56,3.23,5.92,21.78,23.26,1302.34,57.1
10.55,81.55,83.14,9.34,5.83,2.01,2.57,15.36,79.88,1788.78,51.58
138.4,62.02,164.27,6.22,47.54,0.45,3.31,44.99,34.25,2609.89,52.78
91.59,95.97,145.92,7.74,24.9,0.62,6.33,15.89,98.48,213.68,46.91
45.3,25.22,108.13,9.94,19.33,2.44,5.62,14.07,99.11,2941.72,52.11
122.79,7.1,175.41,7.11,15.05,2.17,4.92,39.19,99.51,1980.56,59.59
50.57,49.24,165.77,4.13,57.03,0.67,6.93,39.58,21.04,2291.55,45.75
115.53,8.55,106.37,9.05,56.81,3.17,2.57,29.24,37.36,1193.79,67.74
71.84,26.18,13.69,4.37,9.21,0.55,1.77,19.63,64.28,2827.03,55.41
164.71,12.6,113.2,5.17,17.8,1.84,3.34,20.77,78.72,995.8,66.52
164.14,22.41,71.05,9.18,40.54,1.9,0.16,20.62,85.26,2320.96,60.45
95.47,10.61,108.02,5.16,41.87,3.06,4.11,40.29,30.83,2465.03,71.98
70.16,95.39,129.43,8.34,27.97,0.18,2.99,10.6,88.46,2052.71,57.08
72.51,27.86,128.97,6.41,36.27,0.56,1.14,34.86,75.92,2276.48,67.7
161.14,44.39,134.7,8.44,43.64,0.68,7.02,43.43,43.19,436.54,48.9
65.64,89.86,135.85,5.01,57.28,0.31,1.64,36.33,20.67,339.83,52.36
41.81,67.73,21.86,6.23,44.88,2.25,5.68,27.18,93.06,1678.86,62.8
16.94,61.8,38.34,5.57,11.06,0.88,5.68,12.88,35.86,1022.12,58.02
93.34,70.56,126.11,5.12,44.48,2.06,0.44,11.07,49.16,2580.03,73.51
96.43,82.88,81.63,5.54,8.72,2.76,3.48,17.29,88.01,673.65,73.48
168.18,87.77,152.57,5.6,32.64,1.49,3.86,31.43,73.06,2000.02,58.91
44.25,64.26,24.98,9.71,33.98,2.71,6.56,25.9,30.6,731.72,63.43
76.2,89.0,38.3,6.97,47.8,2.74,5.03,31.06,98.34,506.99,64.54
161.68,53.54,111.69,6.5,5.64,1.0,0.6,13.0,45.55,580.56,69.57
164.72,27.73,100.15,6.77,53.11,0.15,3.65,38.97,67.58,866.23,61.84
76.92,88.01,53.28,9.97,41.51,0.45,2.48,33.77,70.25,2468.13,51.32
91.82,54.15,81.67,7.75,6.72,2.9,1.45,32.32,65.41,2991.81,74.0
60.66,90.61,7.0,8.07,13.8,1.48,2.28,16.04,66.36,1559.33,57.84
186.51,4.02,7.41,5.54,7.17,2.95,6.74,29.11,39.41,367.31,51.24
23.73,39.75,18.99,6.56,47.13,1.96,5.0,18.94,96.8,2386.43,57.71
186.75,94.78,115.36,4.7,14.4,0.77,3.54,42.64,59.01,359.57,52.59
136.77,24.97,172.74,7.95,7.51,2.52,5.79,26.34,31.23,739.07,62.15
106.31,94.15,52.04,5.74,12.59,2.0,7.75,20.76,87.96,2858.52,61.75
6.53,95.39,6.79,8.36,35.78,1.3,7.42,43.27,31.77,644.38,38.87
95.12,88.21,141.73,4.89,32.25,0.4,0.87,17.2,89.0,1707.05,63.45
81.55,56.37,171.07,6.12,18.54,0.45,2.73,27.25,64.81,2714.72,65.78
32.24,64.69,27.63,6.56,56.86,0.74,2.57,15.98,23.51,2134.95,56.5
131.28,86.96,77.15,4.58,52.01,2.39,4.48,13.3,29.82,2312.75,63.46
194.23,77.59,31.75,3.95,22.3,2.58,0.81,11.82,95.48,749.14,56.56
112.44,63.01,21.27,5.56,31.1,2.25,7.38,10.55,30.24,2512.54,60.63
142.95,98.23,129.63,7.04,33.43,1.25,6.28,34.83,66.94,912.67,63.71
13.69,68.57,193.51,7.74,46.59,1.6,1.07,23.58,45.11,1524.77,57.93
83.53,97.55,135.63,6.26,28.54,2.51,2.11,42.27,83.78,1433.63,73.67
23.27,5.74,196.96,6.75,35.06,2.34,1.23,31.93,83.55,1467.86,69.28
122.56,13.9,86.88,7.03,27.69,2.73,3.87,38.24,83.79,2436.45,71.33
187.7,45.15,179.57,6.83,46.96,0.92,7.13,19.89,36.6,1262.11,53.08
132.36,38.49,41.02,4.09,35.58,0.12,5.19,17.45,76.89,2504.81,50.21
15.36,78.27,23.58,6.13,50.53,1.01,4.88,25.55,27.31,2736.91,47.82
70.93,16.06,140.5,4.83,7.96,1.28,0.69,38.96,26.13,2609.02,55.46
110.13,97.61,74.28,6.97,54.74,3.37,7.26,26.77,52.71,2748.15,68.9
80.64,31.51,63.54,8.43,50.07,0.84,2.32,29.26,67.78,613.39,55.75
166.73,42.89,134.26,7.27,50.02,2.91,7.21,22.55,45.05,2304.49,63.07
162.93,27.47,66.7,4.94,12.72,2.22,3.69,30.73,44.42,1340.52,63.16
122.37,57.94,114.51,4.85,19.49,0.67,4.28,27.7,25.99,2416.54,66.22
74.69,5.86,59.89,3.74,58.91,1.47,4.88,26.19,35.68,1167.76,59.39
51.07,14.97,156.75,6.27,57.27,1.83,2.38,29.21,68.81,1801.08,61.09
21.17,74.58,62.48,6.31,17.46,1.27,6.7,24.66,74.49,341.21,61.33
70.98,18.65,107.0,5.04,28.81,0.87,7.67,37.56,92.6,1539.05,60.87
82.63,23.55,4.64,8.47,13.58,0.96,2.34,12.38,49.98,846.23,56.5
135.16,79.3,158.35,6.01,19.45,2.09,0.1,22.4,38.92,1454.92,79.25
131.63,9.33,124.07,7.85,15.16,2.44,4.25,36.36,77.54,2361.33,63.11
14.02,43.75,38.45,7.66,9.45,1.69,4.78,22.8,73.87,855.16,60.97
79.05,2.31,43.07,7.43,36.87,3.3,0.6,26.43,42.03,2404.73,78.67
36.36,34.68,52.5,9.4,18.24,2.58,5.42,23.73,81.51,2435.09,57.28
31.36,69.9,115.31,3.6,59.57,3.13,2.41,22.26,36.07,2582.99,56.65
165.46,9.01,109.66,3.94,33.35,1.72,7.67,29.24,47.83,263.41,49.33
8.38,88.83,54.77,8.19,24.75,0.15,6.27,15.72,39.62,13.86,44.88
83.84,90.95,138.81,5.8,55.22,2.11,0.67,25.26,71.95,1909.87,71.09
33.64,10.5,177.81,9.91,39.14,2.88,7.64,36.41,59.34,157.73,46.94
175.87,99.07,8.7,4.91,11.99,1.92,1.9,10.33,78.72,1238.97,52.5
111.41,29.75,83.44,4.69,32.38,2.03,6.41,31.1,28.6,2708.14,69.33
46.28,8.41,118.7,7.32,29.26,3.41,5.18,44.37,40.54,774.32,71.55
100.49,0.51,117.29,5.32,47.08,1.34,4.34,24.1,58.81,801.74,65.95
146.3,40.85,3.91,5.71,43.16,2.83,7.47,28.87,24.54,1749.72,63.04
191.62,62.98,42.11,9.49,25.39,1.82,4.89,14.91,78.5,2955.44,52.62
44.09,33.22,12.37,3.67,30.82,1.68,6.88,34.73,42.56,311.27,49.62
177.24,83.67,113.79,6.95,33.53,0.59,6.64,24.62,68.3,2883.45,56.4
186.86,71.66,129.08,5.68,28.24,2.64,5.41,36.92,92.11,1915.59,66.64
183.28,35.02,31.95,5.75,10.92,2.9,3.97,14.41,40.26,2275.43,64.34
127.08,73.43,66.6,5.11,54.8,1.56,0.88,12.65,79.74,533.64,63.9
125.96,94.05,65.96,4.38,41.99,2.7,1.32,19.83,70.68,1797.52,74.74
80.64,9.31,163.96,3.72,30.83,2.08,4.31,16.11,34.37,465.17,59.83
150.48,30.61,38.93,9.92,36.33,0.98,2.72,38.6,78.68,1456.32,48.8
106.26,46.33,109.66,7.79,16.72,3.24,1.74,36.53,24.9,1279.05,85.4
135.49,49.8,156.59,8.55,34.18,2.47,7.74,43.83,61.51,2255.55,60.24
85.69,54.22,165.92,3.92,46.03,3.09,6.88,12.33,29.51,1105.81,66.15
146.3,30.06,133.31,3.6,34.35,1.06,3.5,20.06,74.92,224.07,58.39
164.89,66.73,59.91,7.4,31.44,3.22,6.98,43.97,44.33,2832.97,72.22
29.29,64.51,164.61,8.2,30.43,1.34,0.57,13.73,84.47,434.98,60.61
166.59,57.78,148.43,6.07,46.89,0.13,0.88,27.14,59.16,1149.46,64.85
108.06,11.38,140.89,6.02,46.43,0.36,7.59,32.95,26.44,1561.01,56.45
168.93,47.7,13.47,6.0,46.25,0.4,5.54,17.96,67.84,2662.85,52.1
86.26,35.62,8.65,4.49,18.54,0.8,6.14,37.17,21.04,288.59,48.46
75.81,49.1,139.07,8.4,38.98,0.73,6.68,39.83,43.51,2030.07,54.14
183.01,92.19,188.96,4.9,47.84,0.3,0.52,23.92,41.51,1291.69,49.23
50.23,48.05,154.74,5.61,35.9,3.14,5.77,34.65,98.44,2362.3,69.22
168.84,1.4,166.3,7.86,47.84,2.92,2.92,28.58,39.51,2612.45,57.26
96.8,43.88,109.0,3.5,51.99,2.69,6.56,33.81,74.14,635.07,64.84
102.82,82.06,60.92,8.48,14.56,1.73,3.16,25.75,40.57,1842.42,68.43
61.69,78.01,135.55,9.34,21.85,1.55,6.16,11.19,26.36,1571.43,52.45
114.61,51.34,142.39,3.84,38.07,1.55,7.22,21.35,25.03,1733.2,57.25
65.04,24.98,135.07,7.35,20.93,0.99,2.78,20.32,94.09,2565.72,65.14
7.85,46.51,189.34,6.15,56.78,2.17,3.81,42.35,27.72,887.63,59.67
54.4,56.37,73.44,4.01,15.68,0.3,4.35,25.34,86.51,897.17,58.9
1.28,99.99,7.93,7.93,24.63,2.34,5.53,41.62,63.49,2151.5,47.46
195.67,64.42,181.69,7.48,59.69,1.85,6.77,10.2,54.57,1518.05,48.63
193.15,69.43,32.1,7.68,15.4,2.88,1.76,32.13,99.76,1805.54,61.4
79.03,49.15,139.46,8.79,29.68,3.41,7.57,25.98,91.28,2330.95,72.82
145.67,35.45,174.64,5.36,22.26,3.08,6.31,11.56,39.09,1118.06,70.21
69.16,81.3,62.03,7.9,49.54,2.55,1.2,26.37,67.91,953.14,73.21
134.22,49.49,166.08,8.33,21.73,1.57,2.75,23.43,32.64,1242.22,68.12
161.09,99.47,66.41,4.6,13.88,0.83,2.09,17.46,67.81,77.13,52.65
189.35,45.71,158.85,9.72,56.32,2.36,1.36,12.76,30.07,2458.89,52.47
80.04,6.8,13.97,5.71,22.46,0.79,5.19,37.66,70.18,1164.16,63.29
156.66,68.26,131.05,8.14,45.8,0.17,0.62,31.3,97.81,1251.78,61.27
53.19,4.66,135.43,8.4,20.98,2.05,4.83,30.68,66.54,2357.86,56.17
198.07,25.05,98.29,6.78,14.82,1.44,6.64,41.7,30.05,613.11,52.7
5.15,35.37,137.42,4.34,49.13,3.08,2.96,10.43,83.98,449.03,64.28
120.71,73.95,184.64,5.29,8.06,2.3,3.97,28.95,46.57,2729.31,64.24
131.9,49.42,146.77,5.02,23.26,2.3,1.24,43.35,27.52,2773.35,65.43
137.61,2.86,192.26,6.87,47.9,2.78,5.79,25.75,72.46,2382.75,59.26
24.08,61.68,89.72,5.2,33.17,1.24,7.28,26.52,86.45,453.25,60.56
187.71,41.14,105.66,7.05,42.93,3.36,5.89,12.44,58.62,2481.42,72.28
36.24,92.18,52.75,5.37,8.67,0.85,1.07,34.64,94.53,2803.51,49.0
124.55,49.96,197.12,3.51,46.24,3.06,2.83,36.67,74.59,2560.68,63.29
44.54,70.9,11.03,5.86,14.46,3.2,1.47,14.87,70.01,1202.53,75.46
61.44,21.89,71.72,7.44,49.48,0.23,4.76,32.34,48.29,276.25,53.75
109.29,76.1,59.54,8.53,36.03,2.25,5.81,23.07,44.96,1146.75,68.22
83.44,72.1,77.3,3.68,45.65,2.65,7.8,29.77,42.63,12.72,68.1
32.05,90.41,183.54,5.18,16.71,3.34,4.07,33.62,96.65,1558.08,60.36
34.19,3.38,73.61,9.91,26.75,0.95,5.13,13.53,72.04,33.8,45.73
83.63,44.75,183.4,5.2,49.11,2.01,0.94,20.53,67.53,1678.48,71.34
151.46,67.92,84.67,8.55,55.09,2.73,1.33,39.49,45.63,1349.02,66.44
179.59,9.52,170.95,6.81,17.46,0.6,1.93,15.93,48.3,1030.95,58.76
16.83,41.06,104.35,4.29,48.64,3.0,0.53,32.76,42.33,900.53,70.26
78.62,94.21,62.27,7.68,10.97,1.47,3.32,39.28,32.53,2488.31,56.26
20.05,43.59,89.87,9.78,28.42,2.28,7.61,31.87,93.6,1533.21,55.76
3.32,98.54,84.88,9.26,56.63,0.24,5.26,37.48,66.59,862.19,39.24
132.34,5.68,51.98,7.99,56.98,0.86,3.54,27.11,78.66,2045.91,50.58
120.49,71.78,57.93,6.83,21.32,1.73,4.0,40.89,58.01,1798.88,72.43
32.6,58.1,37.29,5.58,15.61,1.08,1.26,33.7,24.56,954.83,68.73
46.76,50.05,67.2,5.82,13.22,3.36,0.86,21.96,57.59,2964.79,78.52
4.74,97.08,124.88,5.75,31.45,2.8,2.15,28.2,23.38,2332.67,61.19
166.99,12.97,77.31,9.49,10.06,3.04,2.52,32.64,95.7,2073.28,57.43
194.94,89.6,142.46,4.87,24.63,1.69,1.07,37.57,47.43,290.61,55.57
27.09,69.12,197.4,5.96,5.94,1.71,5.56,15.9,32.32,418.28,52.99
46.3,25.9,75.42,6.31,19.27,2.84,7.39,44.66,38.16,1730.93,65.83
173.68,90.17,92.53,6.16,54.52,1.42,1.48,15.27,92.9,2744.35,62.24
185.29,42.93,32.82,3.53,29.58,1.73,6.72,29.02,36.58,1402.84,52.44
83.93,81.42,78.44,5.26,9.06,1.9,2.46,10.61,30.64,422.34,64.88
10.12,38.88,145.37,6.74,40.58,2.16,4.89,25.41,69.39,1609.32,64.8
7.88,85.09,43.48,8.44,57.56,2.31,0.8,10.09,27.53,2827.12,50.7
114.79,63.66,36.41,7.2,30.49,2.41,1.99,12.46,57.76,1710.06,79.88
78.58,14.1,75.27,6.0,39.34,1.61,1.35,29.18,74.28,2530.72,75.41
5.73,64.97,163.73,7.82,55.57,1.1,1.37,25.97,31.22,2577.92,54.05
116.65,19.13,124.73,7.83,28.05,3.23,7.47,12.22,82.32,619.2,71.28
2.26,41.19,191.52,5.11,41.55,2.91,2.97,42.59,54.3,1612.15,57.99
157.47,17.03,180.91,4.17,29.24,0.11,1.65,22.26,76.93,211.33,45.76
61.29,2.2,30.23,8.72,57.92,1.84,1.45,36.0,40.28,419.24,51.29
8.05,21.19,8.51,6.94,32.71,1.03,5.42,43.69,54.95,1214.41,52.41
117.67,53.64,79.82,4.65,53.71,2.29,5.78,41.81,58.11,203.89,64.04
79.54,48.16,104.42,5.2,32.9,1.81,7.84,33.89,43.66,376.46,65.0
194.76,50.15,103.11,8.48,41.76,0.17,5.05,10.64,83.29,671.9,50.56
108.84,24.77,26.82,7.75,26.24,2.57,3.72,32.44,34.21,2147.71,63.6
55.05,68.52,24.96,9.64,55.47,1.04,1.87,12.92,73.05,343.62,45.28
141.89,70.43,9.37,6.52,40.58,0.98,0.41,24.95,94.59,2329.61,69.23
54.3,35.8,170.17,3.84,6.1,0.21,7.06,41.99,87.02,1678.17,45.17
180.85,88.12,189.55,8.05,5.86,2.92,6.33,14.18,81.13,2951.44,47.28
74.94,64.4,23.14,5.16,42.19,2.07,6.39,34.68,31.42,231.34,61.4
109.97,71.3,42.62,5.61,11.28,1.75,2.64,19.93,80.71,2399.6,68.34
10.11,27.73,17.97,4.78,44.39,2.4,2.92,15.66,49.97,1412.21,59.24
85.22,0.06,175.5,5.51,22.71,1.27,6.29,18.41,28.27,130.0,53.43
166.47,86.54,191.74,8.89,34.64,2.04,5.53,24.21,75.82,2503.67,52.67
161.13,82.24,52.36,7.25,14.59,0.95,5.23,38.19,25.28,1558.65,54.84
44.86,12.32,60.72,4.21,18.54,0.31,4.48,28.03,50.51,1264.04,53.36
45.22,37.41,72.53,7.31,29.03,2.01,3.01,22.26,88.78,1942.23,69.92
163.46,66.13,100.49,7.62,41.6,0.85,5.96,16.16,74.92,1164.99,57.9
186.08,65.21,136.49,9.25,13.57,2.65,2.95,18.88,61.38,1403.49,60.71
19.07,86.04,100.88,9.09,20.47,1.64,5.9,43.1,90.6,963.27,46.93
90.01,14.03,190.2,3.91,16.38,0.95,1.6,17.75,79.96,831.86,54.09
67.49,42.99,19.98,9.13,52.45,2.17,4.76,21.41,57.58,1346.32,62.18
174.14,9.72,159.72,3.83,40.64,0.5,2.92,27.09,79.77,1297.11,52.62
16.7,38.96,66.9,4.5,30.77,2.69,6.65,25.82,90.66,296.63,65.42
42.23,1.51,75.51,4.23,57.08,1.64,4.2,20.71,31.5,837.79,50.19
150.49,89.83,141.77,4.68,45.47,2.86,5.03,10.56,36.02,449.76,57.66
10.26,52.7,185.88,8.72,56.27,0.57,0.76,38.85,78.07,960.46,47.15
98.51,84.98,143.24,7.96,37.87,1.4,4.01,12.69,33.62,1526.91,65.28
88.42,5.99,155.17,7.97,12.59,0.71,6.27,37.65,33.32,1702.03,49.8
66.88,22.75,150.16,9.49,42.15,0.31,6.89,20.75,72.5,2493.45,46.88
78.91,25.94,64.2,6.05,16.08,3.35,5.8,41.89,62.84,1461.88,73.48
105.99,38.67,151.39,3.52,24.03,2.57,3.41,27.4,80.54,588.68,71.7
32.27,80.29,156.9,7.66,33.03,1.21,2.13,10.41,45.51,1382.47,57.2
114.4,38.66,106.68,9.14,13.66,0.94,3.17,28.13,68.68,2864.67,59.11
161.09,20.47,107.35,9.85,6.14,0.79,4.54,41.84,91.74,2579.91,43.62
152.03,6.5,151.94,5.87,22.99,0.25,0.15,11.38,92.28,2120.05,57.61
30.78,7.95,163.41,8.84,50.34,0.45,7.3,26.03,72.25,1207.46,40.23
29.85,76.0,67.44,9.02,5.85,0.45,2.82,34.49,21.87,840.4,42.08
53.63,44.48,160.31,4.44,11.02,2.37,6.39,12.32,62.28,1369.61,62.12
72.21,72.62,162.84,7.6,49.38,2.12,4.32,18.18,25.45,1999.47,63.2
81.69,68.23,46.83,4.63,21.82,2.03,5.33,11.21,99.18,2655.6,59.31
135.94,13.54,143.39,6.4,56.6,2.6,6.1,29.49,99.76,2837.79,63.04
11.34,14.29,37.31,9.22,25.91,0.95,2.37,38.52,29.28,2309.67,43.8
6.93,75.53,18.61,8.63,48.82,1.26,4.89,22.48,56.49,1894.74,49.28
78.38,72.13,114.91,7.21,19.23,0.53,6.04,13.9,88.89,197.95,63.89
139.43,37.8,181.73,8.76,8.4,2.1,6.19,28.4,29.29,1906.88,56.75
38.69,7.74,7.09,4.49,53.49,3.27,3.39,40.33,64.18,2248.66,50.4
128.3,1.21,165.3,4.77,56.0,3.03,5.86,30.6,35.97,2530.72,59.2
51.97,28.82,101.29,4.86,43.95,1.99,2.49,17.63,58.85,1305.26,66.76
177.22,0.92,172.18,8.54,47.35,2.29,1.08,17.61,36.18,82.08,52.47
179.14,23.01,168.7,9.29,5.39,3.47,0.99,21.96,62.42,472.67,61.69
59.46,41.95,175.06,7.16,46.46,1.86,4.1,12.94,52.93,1137.76,68.42
46.0,12.14,153.77,9.73,30.97,3.06,3.13,28.97,51.51,2058.29,62.42
82.26,10.43,168.6,8.23,29.9,1.8,1.94,44.02,32.83,1521.83,69.66
48.11,89.64,35.21,7.16,34.7,0.26,3.19,38.13,72.78,1948.51,51.82
134.48,58.55,60.77,7.48,19.92,3.28,3.35,29.13,25.62,1711.38,82.73
165.21,93.45,48.5,9.02,43.3,0.48,4.47,42.22,94.71,2818.65,34.78
134.62,34.58,148.49,4.09,21.26,2.49,0.56,30.2,24.72,2362.71,67.52
164.87,67.71,30.73,4.59,35.72,0.91,7.27,37.97,52.92,2444.15,44.39
79.4,20.47,36.45,5.23,12.53,3.16,3.04,16.46,42.94,2087.8,70.09
31.26,61.83,175.79,9.32,42.13,0.78,4.96,16.74,64.14,246.27,43.56
147.59,12.96,141.18,9.64,15.43,0.58,2.52,40.36,21.99,2940.68,45.47
72.09,0.21,175.08,5.82,14.37,1.59,6.12,18.09,55.12,210.82,55.16
134.25,93.15,27.87,9.51,6.34,1.79,3.72,29.4,80.3,1068.88,47.17
54.13,55.49,79.8,7.05,11.7,2.88,2.64,17.46,84.58,2421.57,78.33
16.25,92.69,56.63,6.58,17.79,2.69,7.71,31.24,94.74,934.9,62.35
198.52,33.38,1.94,8.91,17.23,1.22,6.94,25.97,28.67,1894.06,45.4
31.24,32.78,56.9,7.05,23.02,1.41,1.52,38.62,64.32,2685.21,69.53
197.68,40.07,75.92,6.45,7.99,2.06,5.64,36.94,52.11,2447.69,58.78
195.46,70.6,18.44,3.6,56.44,1.98,6.06,18.26,71.79,1687.82,48.09
158.76,56.58,113.3,3.58,11.55,3.03,0.37,27.92,86.55,1546.02,67.3
131.88,92.54,76.63,7.58,43.61,1.71,7.69,44.32,67.96,634.37,57.23
115.56,2.54,9.29,3.98,34.43,3.14,1.94,28.3,38.32,1784.03,61.51
173.22,70.82,140.8,8.29,35.4,0.8,7.28,25.35,45.7,2079.08,59.07
57.89,33.03,145.86,7.55,10.8,3.05,5.27,11.54,91.41,1826.97,64.89
93.54,18.02,166.89,6.48,18.38,1.13,4.15,30.25,73.72,715.46,65.6
123.88,51.04,97.11,8.11,47.89,2.78,6.31,43.05,67.68,2590.0,73.47
82.24,50.51,193.73,9.95,30.5,2.02,5.43,41.74,31.13,1611.0,59.78
85.5,13.7,182.81,5.1,30.14,3.08,5.95,34.87,47.31,292.98,64.84
66.06,20.19,110.27,7.12,35.03,0.89,6.88,21.88,45.85,444.0,62.58
112.85,40.82,88.99,8.98,28.86,2.49,3.82,35.83,22.07,2575.85,70.42
170.11,40.88,0.61,3.61,49.34,2.99,3.46,29.39,94.35,923.56,64.38
40.31,31.76,142.2,4.82,46.18,2.74,7.21,29.39,46.53,1684.11,59.52
186.89,14.85,112.99,6.89,22.44,2.02,6.4,38.68,28.21,1402.43,62.68
137.82,0.44,187.51,7.09,49.66,2.4,0.25,18.3,59.52,1544.89,65.91
164.65,97.02,118.85,4.06,33.52,0.77,5.27,30.32,55.9,2123.55,54.78
111.24,94.35,198.57,6.15,39.53,0.84,7.24,31.06,88.0,2288.0,53.66
155.9,48.37,170.76,6.88,52.64,1.01,5.5,42.4,83.99,2911.06,52.71
3.24,99.51,190.72,6.25,31.18,2.92,4.47,10.84,82.53,2105.12,53.17
163.68,67.37,65.53,8.05,46.59,0.67,1.49,26.76,94.58,941.78,59.64
8.03,6.89,29.87,8.51,39.54,1.12,7.61,19.21,49.96,1949.55,51.81
177.98,11.77,159.37,6.49,28.47,3.23,5.05,39.29,67.16,1750.02,64.49
198.39,91.61,157.24,6.27,48.4,2.67,0.9,20.57,73.56,1608.23,64.23
58.81,63.01,42.29,8.08,10.78,2.59,7.43,19.79,57.77,28.95,61.21
42.06,84.32,152.95,7.11,36.97,1.65,4.18,33.67,39.51,2423.31,63.62
153.07,89.83,116.39,9.16,7.55,2.49,1.34,19.92,91.92,2801.5,58.28
50.61,44.79,21.91,6.63,13.59,2.02,1.89,24.1,92.06,824.53,75.04
173.11,4.85,100.36,7.23,37.94,0.34,7.75,11.15,81.42,201.37,47.17
20.57,18.83,186.23,4.34,21.92,2.06,3.55,22.48,47.69,537.06,55.73
25.19,6.66,101.29,8.93,19.44,1.64,3.42,34.61,20.23,2990.88,51.49
195.83,18.87,157.74,6.24,57.57,0.49,3.94,29.33,59.3,1919.77,49.15
134.77,41.05,5.78,8.17,25.12,1.27,5.63,14.97,61.97,1123.26,60.64
169.38,11.82,145.62,6.29,36.06,3.14,2.98,38.71,59.04,813.67,68.8
64.87,16.67,189.37,3.51,34.38,2.83,3.43,21.72,27.72,2964.68,60.13
135.3,44.58,99.91,6.1,8.41,3.21,5.99,40.73,83.03,563.31,69.49
118.85,34.02,67.54,4.46,42.09,2.54,3.74,39.48,62.57,571.83,64.01
120.63,46.77,129.33,6.09,33.21,2.25,5.74,15.12,37.74,1301.62,73.53
136.51,42.92,183.25,5.59,25.98,0.57,7.7,41.84,96.52,1105.64,55.38
115.07,64.45,35.35,4.82,8.63,0.46,7.7,12.67,44.17,497.01,52.58
85.81,93.72,80.74,4.3,21.12,0.94,3.63,24.49,50.55,2177.64,59.51
55.18,10.79,31.26,8.24,53.63,1.17,1.95,15.9,52.11,2939.72,53.28
153.72,9.93,99.33,8.41,14.55,2.16,2.08,14.14,52.11,724.67,56.13
45.25,85.28,108.08,5.22,17.06,3.08,6.57,13.98,71.42,1805.48,64.34
138.47,50.64,188.84,6.72,16.29,3.13,0.73,10.01,42.71,698.11,74.47
46.67,76.64,82.5,6.52,53.99,2.42,0.42,37.71,92.27,1474.69,72.75
125.07,21.54,113.39,5.81,43.5,2.05,5.48,19.17,65.82,2412.09,71.59
149.42,82.89,177.05,5.3,53.5,0.93,7.29,10.32,90.39,1466.01,54.93
43.74,92.38,64.28,4.71,55.26,3.29,1.92,17.78,93.39,2492.71,61.11
11.99,63.55,134.83,9.17,56.04,2.38,0.53,11.98,81.5,1718.96,45.32
26.19,10.59,151.43,8.92,31.71,1.91,7.17,11.59,39.49,2946.81,47.93
121.2,89.53,66.11,6.21,31.19,0.45,2.9,37.81,46.38,1605.66,65.21
169.89,79.25,32.87,8.19,50.59,2.91,4.44,10.46,38.34,2208.85,56.85
9.0,75.09,100.58,6.74,23.26,1.29,6.71,40.27,56.55,644.98,61.4
146.83,3.67,71.36,4.05,6.22,3.16,2.08,17.07,60.88,666.15,61.62
68.26,79.9,53.29,8.85,23.24,0.67,4.85,43.34,47.09,1072.42,50.26
95.71,13.8,194.68,4.93,44.4,0.27,7.93,36.51,89.79,660.49,49.53
185.77,22.24,100.43,8.09,11.8,1.58,5.96,18.58,51.64,42.77,58.47
66.39,57.71,171.3,6.93,48.16,0.37,3.24,20.24,76.34,649.87,64.02
93.07,26.5,39.06,7.99,49.85,0.31,6.17,19.55,86.71,1474.06,57.15
2.74,66.13,187.89,6.56,10.55,2.53,0.27,17.7,32.88,2006.24,64.65
16.32,60.81,158.89,8.07,10.38,0.98,1.8,18.61,77.19,1666.2,59.08
51.72,10.81,161.74,3.71,15.93,2.27,5.98,31.02,32.77,568.89,49.23
5.57,65.6,77.95,3.77,24.6,2.04,2.17,32.93,81.11,389.06,60.38
126.28,92.4,97.13,9.33,34.3,0.58,1.1,17.4,65.39,2484.98,56.99
85.28,16.11,118.67,8.37,31.7,1.41,2.42,39.67,61.14,2331.85,61.77
109.63,59.71,157.95,8.89,51.92,0.32,1.45,36.86,62.41,728.55,62.23
34.93,34.19,169.81,6.47,12.82,1.53,3.42,27.12,52.12,1561.75,63.51
59.19,45.96,15.61,6.49,43.37,0.72,1.08,15.2,23.97,2019.58,65.84
132.76,28.7,180.81,6.97,35.19,0.43,6.72,23.95,64.21,2082.57,61.85
193.06,35.41,187.5,5.08,45.53,1.18,6.26,23.45,21.8,1366.38,50.43
10.08,2.89,118.58,8.27,23.81,0.11,2.53,41.54,93.01,1441.68,45.66
178.08,98.16,37.35,8.89,30.93,2.68,4.21,40.22,39.92,1446.96,60.11
115.38,62.48,163.68,9.4,6.57,0.64,6.85,11.27,71.91,1698.88,43.8
112.78,50.07,109.72,6.86,11.39,2.23,7.44,10.19,64.82,1400.44,73.9
100.06,38.37,163.44,6.19,25.62,2.93,0.82,37.05,69.34,1451.64,89.89
13.88,53.94,162.96,8.9,31.47,3.22,5.8,13.92,45.94,2458.63,65.21
17.98,38.01,17.35,8.39,9.72,2.0,1.17,17.03,55.96,616.94,56.4
120.18,35.99,121.4,9.14,50.37,2.78,0.26,43.11,79.92,1387.88,73.58
68.19,46.39,96.63,7.76,57.03,1.65,0.72,22.64,51.29,2066.64,69.27
183.45,27.6,189.22,9.24,37.8,1.77,4.65,39.38,42.79,1645.11,46.59
81.32,18.0,59.33,4.08,7.94,1.96,3.08,15.76,22.49,890.89,61.62
28.66,55.66,41.2,7.92,45.64,2.38,1.04,33.81,58.08,299.8,63.45
142.94,84.28,179.42,4.08,16.94,2.38,3.85,31.95,75.57,1999.64,55.12
58.67,15.28,29.74,8.37,45.35,2.77,4.12,35.74,43.1,2133.64,59.07
105.09,3.27,137.3,7.58,28.89,2.2,6.32,20.21,89.26,191.47,67.54
139.57,24.68,60.0,3.6,7.94,3.1,5.34,14.79,29.27,2169.9,57.13
180.05,97.97,113.57,7.4,20.33,2.51,3.78,12.67,49.87,2471.97,60.26
158.44,82.88,123.24,4.45,28.49,3.26,2.66,33.84,79.17,2685.1,64.67
135.27,59.59,83.47,4.43,45.49,2.65,0.12,33.2,97.56,2956.42,63.64
135.93,92.92,194.99,4.48,12.32,2.61,6.67,10.61,50.23,1767.3,49.39
189.18,44.53,26.37,6.64,20.79,3.03,2.21,30.98,79.31,2948.55,72.34
59.16,98.33,78.28,4.25,9.59,2.33,1.78,15.07,75.36,1646.21,62.1
0.22,29.63,86.08,4.32,38.87,0.71,5.9,11.39,94.95,2022.35,47.85
54.39,24.03,126.21,5.17,31.08,0.38,0.67,28.12,60.09,2064.35,69.13
43.58,63.8,81.45,3.51,56.1,1.17,2.17,17.91,67.2,2214.1,54.03
132.37,37.82,19.41,5.29,45.73,2.87,3.54,28.84,32.97,2312.0,69.94
126.74,62.64,189.49,7.52,47.78,0.17,3.59,35.1,41.33,1692.57,58.38
118.69,30.5,83.22,7.41,14.04,0.61,1.35,42.4,70.64,2306.42,62.14
3.25,61.79,68.53,9.8,19.66,0.46,0.42,21.96,64.81,759.2,55.89
145.76,27.57,89.34,4.28,33.22,0.23,3.82,24.79,55.65,1548.64,62.34
64.71,5.1,43.32,9.13,5.74,2.85,2.92,15.73,76.04,529.5,55.41
133.01,91.21,20.04,6.04,52.86,1.05,2.35,35.25,39.6,1282.8,64.37
111.32,88.32,29.72,6.02,47.78,2.58,2.24,38.81,75.94,1166.9,73.08
68.55,97.08,33.33,5.77,8.19,0.58,4.08,34.64,35.03,81.36,48.67
26.92,71.65,39.53,4.31,51.7,1.49,0.27,25.5,59.58,842.92,59.67
18.88,68.27,83.99,6.61,5.25,0.5,0.94,29.6,29.08,2110.36,58.53
166.3,55.9,124.78,8.62,11.28,0.11,2.67,17.7,61.38,1358.32,61.03
183.68,12.59,125.78,9.19,8.05,2.18,3.89,35.74,85.71,2769.91,46.5
129.96,18.92,0.02,9.76,31.35,1.74,5.58,33.15,58.7,1215.23,56.87
20.69,28.95,184.19,8.6,48.12,1.52,2.42,42.37,46.23,1377.69,48.77
80.41,89.02,164.57,7.55,14.82,0.37,5.37,29.87,31.04,2329.58,58.4
145.79,17.3,192.79,6.73,47.43,2.1,3.16,36.23,48.71,257.39,63.66
155.96,92.29,72.0,9.19,15.17,2.75,6.22,27.52,88.55,2773.36,56.36
23.64,52.28,132.96,8.31,59.48,0.33,3.9,39.23,51.29,1483.76,51.57
0.01,71.56,33.6,4.55,51.94,1.51,4.38,30.77,34.79,2213.79,47.88
142.43,11.02,163.41,7.94,45.55,1.16,3.54,26.27,91.08,2122.28,49.49
71.32,26.9,32.27,6.3,37.54,3.13,1.15,15.07,94.24,919.96,79.25
50.9,95.85,65.2,7.37,18.34,0.99,1.45,38.13,96.32,2998.54,56.36
2.58,26.61,98.17,9.34,11.56,3.31,3.26,38.31,61.5,116.29,55.37
108.06,29.65,118.91,7.74,30.32,2.92,0.88,21.0,64.98,2788.77,82.16
170.23,19.76,111.93,9.6,27.15,0.44,1.21,25.52,44.28,292.62,52.37
191.53,12.91,20.42,9.13,42.1,1.73,5.03,24.45,46.95,929.75,54.57
113.15,23.33,84.34,4.34,14.35,2.31,5.1,21.82,61.22,2700.88,65.99
102.89,64.23,184.58,3.58,35.92,2.12,1.11,27.32,32.94,642.16,67.92
17.01,45.54,174.47,6.0,43.13,2.41,6.85,27.67,96.98,191.06,62.24
109.77,55.38,118.16,9.12,21.44,1.55,6.87,12.73,74.8,2171.66,60.58
76.0,12.24,114.46,5.0,47.9,3.18,3.1,19.08,23.73,862.95,70.77
121.43,80.21,22.34,7.99,28.75,1.02,4.03,11.95,40.66,1196.98,59.93
77.75,78.41,40.05,6.59,13.94,0.42,6.43,35.45,44.01,1344.97,56.75
48.06,2.16,50.53,8.35,15.71,3.43,6.13,35.15,20.82,2031.4,55.64
18.99,38.35,97.64,4.57,20.34,2.32,2.97,20.14,98.74,2200.86,64.44
62.98,6.88,146.27,5.05,13.7,2.34,2.61,30.33,42.38,1002.27,64.42
19.33,79.21,92.15,5.08,35.96,2.88,5.35,25.03,24.13,2711.88,65.05
35.38,73.73,25.21,7.07,57.2,1.53,2.97,15.39,90.09,643.15,52.69
197.47,90.2,87.87,5.38,54.28,1.41,5.55,33.5,28.84,2278.03,46.28
88.82,23.64,32.53,8.78,22.81,3.33,1.12,37.09,56.46,2171.15,72.22
106.37,45.63,150.23,5.75,52.56,1.42,5.41,21.71,49.17,1567.81,70.77
174.72,18.45,33.3,7.8,57.47,0.37,6.3,27.91,26.24,2914.32,40.49
199.11,37.12,96.51,9.67,21.18,1.15,7.25,16.36,22.61,1403.96,47.54
116.54,52.22,138.68,7.45,54.79,3.07,3.7,12.11,41.51,2577.05,71.43
162.49,5.33,45.64,5.07,59.86,0.42,4.53,19.22,48.78,187.88,45.74
65.39,71.49,15.21,8.9,48.87,2.54,2.38,38.68,79.73,1195.72,65.9
61.15,54.33,112.66,3.58,26.46,1.01,1.29,36.96,77.94,644.53,65.96
80.54,82.9,10.84,5.17,38.47,2.64,1.47,18.25,57.15,2570.84,66.41
134.5,27.18,117.55,6.02,25.03,1.85,6.77,12.19,36.82,1284.53,69.12
136.44,90.33,150.7,4.77,59.78,2.26,4.38,38.99,87.37,1582.51,55.96
63.05,99.87,65.86,7.43,8.73,0.93,3.07,31.74,71.94,1996.23,52.93
26.64,91.93,97.67,7.13,54.12,0.67,6.93,13.12,47.91,1216.57,45.24
126.48,77.79,185.75,6.14,9.1,0.32,1.0,34.88,89.67,1084.83,62.08
25.67,81.24,94.22,5.41,7.32,2.91,4.79,28.19,85.45,1010.22,62.87
115.7,57.37,199.31,6.32,56.7,2.52,6.35,14.82,20.05,2312.58,66.17
138.68,19.02,31.4,5.39,52.7,1.1,1.09,10.75,89.51,2960.49,55.38
140.12,67.7,141.79,4.94,24.89,2.95,1.05,39.41,62.35,976.83,74.49
150.69,71.28,130.52,5.78,57.66,2.93,0.36,19.97,93.95,2021.84,70.75
174.57,98.54,174.46,7.42,52.4,0.57,7.54,29.16,81.66,2634.26,40.28
99.99,54.13,18.49,7.71,54.61,2.53,5.57,15.22,31.7,2951.58,59.27
146.05,27.14,56.04,5.43,37.73,1.09,0.66,33.75,47.29,1734.91,65.1
123.83,68.37,26.44,9.66,57.71,1.69,5.4,11.9,44.94,549.03,45.77
37.33,97.94,186.62,5.2,49.53,1.56,2.5,39.27,76.23,1631.32,54.66
5.14,17.72,85.33,8.13,56.7,2.14,0.96,29.84,63.08,1965.87,61.38
56.91,32.6,182.01,4.03,20.48,1.28,7.94,13.49,41.64,1437.88,50.07
88.61,54.19,58.88,7.82,34.27,0.35,1.52,29.46,80.93,923.25,71.32
123.42,17.02,25.27,6.49,52.72,2.39,6.41,24.66,72.31,938.39,70.23
169.99,2.22,59.31,7.2,36.89,3.37,7.06,19.58,83.45,2402.18,56.05
39.25,33.7,119.43,4.7,49.06,2.37,4.29,33.57,79.76,2897.7,59.51
25.11,86.54,169.05,6.32,58.52,1.93,7.81,38.35,69.09,2065.21,49.75
192.7,4.35,77.08,8.48,49.25,0.66,1.05,14.1,33.28,1365.31,49.93
21.61,42.89,182.96,8.49,22.34,2.23,7.69,19.59,35.57,955.91,54.11
95.7,76.22,48.85,5.04,11.53,2.18,0.66,15.59,82.99,485.22,71.76
117.11,95.32,138.71,5.79,20.0,2.2,3.87,25.9,88.49,895.89,73.24
108.27,98.55,147.14,3.52,41.45,3.13,6.85,10.14,60.18,52.66,57.72
17.21,42.2,54.79,4.08,5.6,2.54,4.47,34.31,98.97,1005.7,59.05
11.41,95.04,5.39,4.32,15.43,2.76,4.71,11.48,43.62,537.35,50.35
21.1,3.54,73.05,5.41,22.98,1.17,1.37,16.54,78.54,76.29,57.31
117.12,74.59,9.04,8.43,53.14,1.02,7.88,39.73,73.58,357.92,47.97
108.87,64.27,180.15,6.82,7.81,0.8,1.93,38.62,79.72,2704.7,60.57
46.75,24.95,190.71,8.65,7.75,2.75,6.89,31.62,53.27,817.66,56.61
127.55,50.73,147.08,8.41,35.35,2.48,7.66,35.04,39.55,1614.17,69.6
164.01,12.96,145.34,7.32,14.78,1.26,2.32,29.46,52.39,747.12,64.01
8.32,87.16,48.18,6.75,18.32,0.58,5.87,23.73,35.18,1962.28,53.14
99.63,35.79,14.79,9.55,15.13,2.98,0.73,18.42,28.95,480.56,71.79
137.86,62.6,160.42,7.2,36.99,1.41,5.96,41.8,74.74,1345.41,62.66
50.46,15.88,111.83,6.64,8.06,0.75,3.93,41.45,98.87,670.51,60.16
61.55,20.62,136.33,9.15,56.7,0.59,1.03,41.32,73.35,1634.06,49.1
122.73,99.2,155.93,3.96,11.77,3.23,7.17,41.93,30.75,297.03,55.78
179.59,75.31,81.89,7.76,57.34,0.54,5.46,36.75,61.71,1761.09,51.74
161.98,96.2,28.91,4.23,47.8,1.32,1.43,41.38,68.33,2192.1,48.3
116.63,29.59,159.01,8.83,50.54,2.25,4.31,40.49,78.85,1346.21,62.41
146.04,16.46,90.75,8.65,14.5,1.49,2.67,19.32,82.03,2850.18,58.28
72.96,50.31,165.38,6.77,41.83,1.72,5.71,39.56,35.81,640.02,72.15
128.19,49.47,87.54,7.8,49.94,2.83,5.06,29.64,46.19,297.51,73.87
93.24,17.49,43.4,8.52,35.69,3.5,1.6,28.19,63.47,257.69,67.39
37.99,73.32,34.2,6.64,35.31,1.69,2.01,14.31,20.37,999.79,62.9
140.35,36.18,148.78,9.39,13.77,1.39,5.67,39.8,35.87,435.04,51.68
111.29,18.64,114.98,6.34,27.78,1.48,5.43,21.12,96.56,27.63,66.13
71.72,33.2,80.92,9.3,13.28,1.35,2.57,17.36,48.58,685.11,61.55
182.27,56.37,98.42,7.29,58.51,1.71,3.88,39.0,79.65,705.14,63.65
4.19,72.65,109.93,6.27,42.67,1.23,3.79,10.92,57.78,378.77,63.1
63.15,48.19,47.88,3.53,7.66,1.67,1.08,16.96,99.93,1162.07,63.34
11.38,52.56,75.63,5.42,31.22,3.31,5.01,27.2,92.12,2876.5,64.48
153.31,13.89,58.48,9.14,40.09,1.07,2.19,41.12,42.93,2747.89,53.26
140.42,91.47,77.68,6.29,10.26,2.32,3.73,25.16,84.21,56.71,68.71
66.27,92.87,100.11,6.24,41.57,1.76,0.67,16.04,64.18,2459.26,79.18
135.13,68.34,34.67,6.68,14.75,2.59,4.95,27.13,44.44,672.09,69.67
79.19,1.76,78.7,5.36,27.43,1.71,6.73,32.01,61.22,1611.98,67.62
151.25,53.71,77.1,6.7,39.41,0.65,4.6,40.56,46.67,1401.34,63.81
90.84,62.92,57.2,5.94,25.08,3.07,4.81,38.23,34.46,2949.98,72.02
82.46,99.47,199.7,9.41,25.95,2.4,5.42,37.22,57.41,1806.48,57.35
186.95,99.61,14.73,7.17,51.4,1.89,1.65,27.23,53.99,1890.48,51.82
50.18,85.76,128.59,8.92,22.01,2.93,0.64,41.8,45.18,2804.64,60.45
24.09,6.38,34.89,7.96,41.04,3.42,6.85,40.75,69.51,481.47,56.92
116.91,95.33,167.9,4.88,51.7,1.49,6.79,36.65,30.27,1480.66,50.91
193.86,61.27,182.84,9.14,13.4,1.3,4.4,37.77,97.86,367.48,45.12
75.57,80.09,80.3,4.07,7.53,2.66,1.66,41.7,36.97,329.81,64.01
12.41,40.72,164.7,6.42,50.4,1.65,6.56,22.0,69.01,2135.33,57.68
67.86,31.97,49.98,5.05,35.31,0.39,1.84,43.4,52.14,1804.71,54.47
101.19,46.32,28.01,6.99,50.52,1.31,6.9,14.61,20.78,335.39,62.52
32.38,14.69,63.18,5.45,16.72,2.85,3.45,40.74,37.0,1563.1,66.38
131.62,35.71,68.33,8.2,50.79,2.5,0.55,17.95,64.09,2843.37,70.83
199.55,85.76,79.47,9.59,10.24,3.03,6.55,29.48,47.93,416.83,46.06
90.35,3.8,74.59,8.11,53.58,0.6,4.53,30.11,86.91,496.52,53.68
70.95,15.09,82.23,5.81,50.24,0.93,2.62,42.77,73.84,2007.57,63.5
80.14,12.51,142.01,7.4,36.2,0.83,3.68,19.53,32.53,681.73,67.79
23.03,40.31,49.12,9.28,38.46,3.4,7.1,24.75,94.82,2269.44,59.35
176.65,99.7,3.72,5.26,24.02,0.67,1.7,15.04,39.31,2762.42,42.74
82.97,17.34,97.94,4.27,16.09,2.13,0.92,29.07,24.86,23.52,66.16
77.45,14.55,89.66,4.35,30.05,2.25,6.3,23.68,58.89,964.23,67.26
131.94,91.51,12.01,6.72,41.16,2.2,5.01,25.56,55.03,1746.55,66.77
88.41,88.21,26.76,8.26,59.92,2.45,6.97,12.45,59.28,1544.8,56.54
129.65,3.22,101.98,7.77,49.95,1.75,2.58,39.17,25.78,1636.64,61.09
12.29,75.17,46.95,6.45,28.89,0.38,4.53,22.36,43.74,2071.16,52.6
162.74,65.55,175.52,8.24,45.88,2.48,0.44,32.28,93.74,2420.61,59.05
188.1,76.77,34.66,7.62,10.94,1.06,6.79,32.13,83.66,840.87,49.73
129.75,49.45,4.02,7.58,27.83,0.36,1.61,32.27,31.82,2249.75,61.59
190.91,99.14,89.51,4.82,28.37,0.68,1.01,18.19,43.05,229.56,54.96
30.29,4.38,197.23,5.53,59.94,1.08,3.93,13.67,79.77,2106.74,40.98
95.48,23.44,126.77,5.74,26.51,1.57,5.98,12.47,88.64,2504.03,70.16
120.36,39.65,70.81,8.75,9.58,3.03,1.76,29.92,31.22,2796.39,62.24
116.35,44.98,3.37,8.54,8.7,1.92,1.94,13.31,67.73,1927.66,67.41
80.29,92.14,96.99,5.14,43.41,1.7,2.59,23.93,55.12,945.96,72.29
67.62,56.0,41.29,3.86,20.9,0.75,6.51,40.67,58.86,1960.01,51.25
25.36,4.51,129.55,8.49,52.79,3.36,6.0,12.7,83.43,529.55,54.27
78.35,40.79,116.6,6.16,31.56,3.19,2.23,32.78,67.46,2091.73,84.44
32.53,41.65,53.04,4.93,23.17,2.87,2.12,25.0,64.57,2629.54,72.57
146.87,96.55,13.78,4.26,46.75,1.2,7.26,40.09,50.41,2860.75,40.61
41.77,59.92,151.0,3.58,27.96,2.01,4.96,36.0,45.83,554.97,62.94
11.71,63.57,117.09,6.28,45.56,1.42,1.88,14.15,78.35,1853.77,61.29
110.47,71.33,168.43,5.71,44.28,1.47,1.21,20.23,93.2,2944.34,68.33
119.05,77.0,51.96,8.03,44.78,0.35,0.62,32.29,22.04,1880.37,63.01
174.38,63.51,130.57,9.85,52.14,0.58,2.05,16.01,58.09,2828.36,44.11
115.4,23.72,23.74,4.84,51.66,3.37,5.79,38.06,65.36,1315.97,66.33
69.1,87.4,58.36,5.08,41.55,2.17,3.04,18.52,42.69,2372.47,64.75
160.6,73.21,131.31,5.69,57.63,0.12,7.72,39.06,27.05,253.69,46.66
108.06,74.19,165.12,6.53,6.14,2.85,2.66,19.37,33.47,627.14,74.89
15.86,99.66,64.19,8.04,56.17,0.4,1.29,17.61,76.57,352.28,47.2
113.17,80.25,159.77,5.79,13.15,2.51,1.5,42.96,37.49,169.26,67.68
181.6,82.92,135.55,4.18,16.64,2.21,3.96,32.28,51.81,1331.33,57.55
79.26,95.14,69.73,8.25,49.96,0.31,7.51,28.89,21.26,2560.49,45.24
59.27,15.11,175.28,8.67,27.02,1.91,7.21,11.7,33.61,836.17,52.05
28.69,49.77,101.85,5.11,28.39,0.26,1.55,19.86,85.31,707.88,65.21
30.29,58.06,129.65,4.39,19.37,0.32,6.06,14.33,62.12,2276.6,53.25
86.55,32.93,99.13,6.93,17.34,0.27,6.04,15.58,27.83,790.17,62.08
119.14,83.94,90.54,4.85,10.84,0.97,1.41,19.19,26.63,1827.39,65.35
16.12,76.24,169.6,5.93,15.82,2.83,2.46,14.75,93.67,480.06,57.09
187.91,72.09,58.94,8.55,36.17,1.33,0.7,41.49,49.73,1212.17,56.74
151.03,99.71,7.33,4.93,43.86,2.27,0.69,12.97,81.34,1636.62,60.02
117.32,25.94,175.96,8.74,45.64,0.52,3.59,40.08,54.93,2991.52,54.64
165.69,73.55,165.0,7.88,25.36,3.27,3.92,26.77,29.91,2565.75,68.01
16.04,55.14,73.31,4.93,55.71,1.81,0.36,15.47,62.02,41.66,60.27
95.37,31.3,37.09,6.92,23.08,0.18,7.73,28.45,27.95,1907.71,63.9
126.02,16.06,135.11,7.49,11.11,1.93,3.94,40.14,89.05,1933.77,62.99
165.73,89.59,15.75,4.8,56.99,0.73,6.32,41.15,23.94,1651.7,39.08
156.69,59.55,84.75,4.44,34.74,0.77,5.12,22.45,76.0,81.69,58.88
55.41,82.49,17.17,6.95,58.43,2.14,4.99,33.46,98.2,838.86,58.88
188.18,54.53,119.58,8.01,26.65,0.87,2.49,12.31,90.86,609.21,61.4
24.87,22.0,5.44,6.52,46.66,0.83,7.11,27.47,92.51,105.46,46.28
175.03,33.75,125.85,3.96,11.05,1.94,2.47,17.94,40.45,2655.62,55.33
194.19,38.15,134.64,9.51,51.97,0.9,7.62,20.46,57.41,1763.86,44.0
35.43,97.29,97.43,8.02,14.39,0.48,0.41,26.24,38.52,780.57,57.5
144.41,0.56,35.0,7.54,8.78,1.49,1.01,41.98,75.08,2651.94,58.36
8.06,98.57,20.28,7.68,10.38,0.28,5.84,38.82,72.44,2549.36,39.47
81.08,98.05,62.66,6.09,35.66,3.18,4.91,23.39,43.71,685.69,72.08
103.26,99.62,93.04,9.9,21.05,1.64,5.76,26.72,52.77,701.08,64.14
116.13,47.66,128.44,4.36,57.85,0.14,5.17,40.59,50.43,541.57,56.06
187.19,96.38,0.25,8.3,51.9,0.86,4.26,12.89,75.8,567.58,38.28
134.45,39.56,142.21,6.24,49.18,3.36,0.35,37.18,21.5,2197.33,73.96
96.26,2.63,142.54,9.23,49.53,1.79,6.49,15.92,94.02,719.55,53.11
161.94,22.43,88.91,8.16,53.99,1.32,4.13,19.76,31.29,2490.53,50.68
190.11,94.53,68.68,7.15,52.59,1.17,0.94,17.61,45.21,2902.7,57.46
4.41,1.38,168.46,9.6,56.05,1.52,1.62,29.29,23.76,167.31,40.06
196.5,54.6,156.92,9.43,56.39,0.82,5.33,18.05,55.13,1586.9,46.9
17.23,7.56,196.66,3.84,21.41,2.65,0.71,25.98,79.0,105.91,55.41
162.88,28.64,74.39,4.75,17.08,1.83,6.97,10.91,82.75,989.68,55.39
56.07,8.81,181.37,7.89,40.37,2.65,6.35,21.07,48.94,2805.63,58.85
26.44,85.95,17.48,9.49,11.78,0.96,2.52,34.89,50.56,1098.49,46.85
87.97,59.11,82.29,6.3,16.61,0.1,7.08,25.22,47.17,2066.73,64.78
128.79,90.21,93.07,3.75,47.51,3.39,7.09,38.82,37.58,1610.56,60.44
76.19,68.84,88.17,7.68,40.71,1.84,6.72,26.09,77.16,1761.78,71.15
10.91,97.1,125.02,4.77,40.8,0.37,2.53,40.66,91.49,2982.95,41.87
119.89,50.99,34.04,7.09,57.29,0.45,5.28,23.81,52.53,2461.49,65.62
180.48,63.87,173.29,6.0,41.72,1.58,3.67,22.64,77.63,2758.28,60.24
76.64,57.63,110.35,7.13,28.69,2.46,4.36,18.99,59.12,2003.22,79.86
43.27,48.43,180.84,9.56,20.42,1.45,3.34,26.16,30.26,1208.8,59.19
88.52,84.6,0.53,6.66,23.62,2.89,0.13,39.08,60.94,1137.55,76.69
9.67,64.45,126.0,3.72,20.28,1.22,0.18,34.98,41.37,2907.81,51.66
164.1,80.13,82.49,7.28,6.92,0.26,6.21,16.04,73.54,893.33,53.91
165.27,78.64,101.02,5.62,19.39,0.13,7.58,42.39,55.94,558.15,52.13
117.6,19.1,148.76,8.56,50.95,3.02,1.91,25.63,74.17,389.45,71.73
70.62,65.02,45.43,6.55,45.05,3.45,4.4,17.78,58.5,1632.09,77.76
159.96,19.96,40.98,8.32,39.2,0.55,2.52,42.87,80.9,2120.59,48.86
110.94,58.33,140.6,9.41,54.62,0.31,3.87,25.42,99.78,1468.76,54.82
165.19,67.74,104.27,5.85,19.53,3.21,1.03,16.08,88.82,2705.19,76.94
126.29,99.72,46.73,9.93,36.77,0.44,5.83,38.82,76.58,2213.49,42.64
156.88,3.05,96.8,4.47,6.72,0.88,4.18,27.51,39.63,517.4,56.16
119.71,9.12,91.91,7.69,54.06,2.83,2.54,16.89,65.58,2862.26,66.71
82.83,7.7,138.29,3.73,29.63,3.49,5.34,33.81,70.67,1964.62,66.63
191.59,39.84,0.53,4.88,14.78,1.75,4.14,44.37,78.6,518.4,54.19
108.22,82.16,117.35,7.62,18.16,0.82,3.29,12.95,35.49,1317.22,66.61
121.02,84.41,121.14,3.8,51.65,2.98,4.31,25.2,61.35,1375.27,71.97
44.1,73.7,149.1,4.16,10.98,1.44,7.63,27.96,57.0,1893.74,55.31
125.13,89.69,177.85,5.39,55.89,1.03,0.65,33.14,41.02,2862.14,48.02
114.32,32.29,88.04,7.24,25.54,1.77,7.4,18.0,63.12,1168.32,70.77
36.97,8.82,68.5,3.6,18.81,3.01,1.1,16.47,92.72,1756.99,67.36
11.92,5.82,20.46,6.64,23.25,0.89,1.73,35.97,81.52,1166.31,55.02
120.87,85.21,67.37,7.57,27.49,1.54,7.84,33.43,64.63,2705.91,62.64
152.74,73.04,13.7,6.12,35.15,1.61,6.5,18.6,78.38,2872.35,61.32
104.68,69.86,160.56,3.94,37.27,2.93,2.88,11.99,83.11,2220.59,72.06
45.35,33.97,161.4,7.47,29.63,2.4,3.3,38.01,77.84,782.47,67.64
133.3,37.99,83.45,7.44,29.55,2.75,2.46,33.88,88.85,1855.31,80.39
16.02,95.81,51.93,6.79,20.69,2.46,1.88,40.79,82.16,758.36,65.93
88.37,6.38,23.6,8.01,26.11,2.12,0.58,12.37,86.22,1723.04,63.67
32.67,77.37,170.25,4.85,30.69,0.55,0.37,27.06,61.53,1168.47,65.2
36.89,30.96,175.5,7.91,37.87,2.93,4.06,15.59,60.24,2291.96,67.47
40.46,3.91,53.26,4.55,12.19,2.16,4.29,33.62,48.65,2689.59,53.81
77.34,74.26,124.35,6.05,47.02,2.48,6.12,18.73,59.46,42.01,72.58
10.23,33.09,51.73,3.94,42.43,2.75,0.85,19.2,75.77,2741.64,63.82
79.56,72.21,45.03,8.82,21.43,1.16,4.17,35.02,44.88,776.13,57.94
102.34,70.77,4.24,7.0,30.26,1.59,7.4,38.87,37.86,2170.41,66.86
96.66,53.48,115.43,9.81,57.08,1.94,6.84,41.87,90.48,672.86,62.93
76.56,77.74,29.99,9.63,6.13,1.27,4.32,12.73,22.19,1034.22,56.7
167.83,58.1,2.47,9.99,49.62,0.98,1.16,38.23,94.78,1842.52,45.64
29.07,28.66,20.97,4.16,33.14,2.74,1.33,44.0,88.04,473.92,63.48
101.14,73.41,62.75,7.44,39.03,2.66,3.87,11.83,72.7,696.36,74.47
12.41,58.91,133.83,6.15,42.65,2.93,4.98,41.92,80.78,1435.39,63.63
14.23,1.27,40.52,6.96,30.08,2.47,7.83,43.39,67.98,355.82,55.29
114.77,90.16,177.52,5.51,15.55,1.16,6.67,16.73,65.84,404.0,57.64
113.2,54.56,57.7,3.81,55.03,1.21,3.37,20.8,71.91,2008.46,59.92
175.61,86.86,66.25,8.1,45.71,1.89,2.87,20.47,20.43,2996.62,52.03
111.57,88.27,43.6,9.78,35.78,2.94,0.21,43.23,86.76,2960.49,63.67
191.96,44.5,50.76,6.96,29.67,1.28,0.16,10.58,85.3,1495.25,73.98
9.74,50.77,14.83,5.64,32.46,2.7,3.85,29.48,58.91,2279.12,66.29
19.6,41.58,58.95,9.6,50.29,1.14,0.65,30.28,38.95,1868.28,55.07
8.81,44.94,171.92,5.87,5.69,1.25,1.34,32.82,46.74,18.47,57.48
37.06,89.51,137.68,9.44,52.59,2.66,7.84,17.85,54.17,2706.57,50.81
108.25,78.81,175.05,9.06,7.57,2.41,5.77,26.59,32.72,2354.85,57.54
129.11,12.65,20.97,6.94,38.88,0.81,3.67,24.44,68.64,688.13,63.97
9.12,61.03,91.12,7.9,23.32,2.91,6.88,24.29,32.15,2909.76,66.89
189.19,99.59,45.85,8.05,42.3,2.77,1.5,21.69,74.66,1135.84,65.96
168.43,59.56,144.24,7.67,9.7,2.81,3.18,43.02,65.11,1173.83,71.87
59.32,78.59,194.05,4.54,35.59,1.7,2.43,32.8,86.87,1999.37,57.92
15.44,76.91,163.07,8.0,52.04,1.22,7.96,36.6,51.85,1960.81,43.56
33.98,35.03,7.06,3.52,32.21,2.99,7.22,21.26,92.47,2019.86,49.75
25.39,37.18,63.33,8.12,9.64,2.1,4.26,10.03,72.24,72.18,56.34
24.66,72.41,5.72,7.11,7.06,3.27,3.45,43.33,20.06,1002.67,58.28
103.71,50.0,8.03,5.19,39.17,0.96,7.99,40.67,54.99,37.97,58.22
49.17,57.06,15.9,8.72,8.82,3.42,1.73,26.03,97.36,1018.57,66.93
71.63,71.29,55.27,6.13,8.92,1.39,3.32,23.5,96.85,2522.96,58.17
197.9,77.76,60.84,6.66,28.4,1.41,5.72,25.56,65.73,786.91,58.25
136.86,27.15,80.09,3.68,16.52,0.91,5.66,19.42,72.97,529.21,52.77
189.8,14.68,80.99,6.11,16.23,3.38,4.64,31.52,38.94,2770.14,64.35
28.51,29.18,154.28,4.59,31.45,0.24,7.62,44.08,45.7,684.7,53.31
76.43,50.75,28.28,5.29,20.44,1.71,2.05,12.33,51.64,1428.1,70.46
110.95,34.21,31.55,5.14,17.06,1.34,4.59,37.64,53.09,1007.99,64.19
15.35,56.84,125.32,3.8,33.29,0.64,6.5,12.07,76.55,258.59,48.04
0.84,5.35,114.35,6.49,21.0,2.53,1.94,40.07,26.09,681.68,62.76
134.09,50.98,30.8,6.9,9.41,3.15,6.98,15.1,23.66,1884.32,69.95
128.36,36.8,170.45,7.21,42.55,0.93,5.15,27.31,61.65,248.74,66.67
82.16,53.47,65.81,6.5,37.21,1.79,3.11,27.8,66.28,117.99,84.48
97.93,42.25,73.39,9.15,16.67,2.07,5.22,32.07,51.0,480.6,68.83
83.09,28.42,84.09,3.74,37.02,1.43,7.43,31.18,79.75,871.27,59.15
4.8,90.41,64.54,7.49,57.56,3.23,7.91,34.58,33.47,2136.09,53.77
67.07,18.48,111.49,9.13,57.61,1.67,2.32,39.7,99.28,1461.33,59.29
35.42,68.14,77.73,3.77,34.26,3.44,7.28,11.26,48.04,1494.54,65.02
19.68,92.46,51.89,6.73,10.39,1.1,0.4,35.83,46.53,1116.93,60.76
191.34,53.87,180.89,7.33,30.2,0.35,0.16,11.8,51.47,2358.51,59.47
119.87,87.64,61.67,4.74,6.48,2.05,4.85,37.78,86.93,126.66,58.73
145.73,12.49,139.7,5.14,27.84,2.9,3.91,37.76,37.63,1761.34,65.34
63.07,49.38,69.45,8.61,55.02,1.42,3.81,16.68,56.5,2876.95,53.09
78.63,45.7,87.04,7.19,30.71,0.73,1.95,17.32,41.27,1714.37,74.8
47.38,0.81,47.19,5.55,35.28,2.61,4.82,12.73,23.39,2213.82,62.84
19.39,44.33,150.47,8.47,13.69,1.02,0.23,18.41,49.38,444.4,54.79
35.81,36.9,147.44,8.35,5.86,2.72,3.53,27.48,26.08,1724.57,60.57
159.5,66.98,4.45,5.75,59.64,0.99,3.0,23.61,97.62,944.33,48.18
135.51,93.83,12.04,6.68,23.6,1.99,1.63,17.83,31.26,2124.42,64.15
109.39,8.58,184.48,7.82,20.36,3.12,4.13,31.74,98.76,540.25,62.62
95.02,32.75,177.77,5.73,36.42,0.8,5.55,28.3,56.81,1729.5,57.92
184.49,44.41,101.22,7.59,45.99,2.89,6.52,14.39,33.26,1541.15,63.08
14.55,45.52,98.67,5.13,18.83,1.0,3.75,21.23,41.26,2187.59,60.02
56.12,77.48,162.48,5.4,33.83,2.35,2.0,42.93,50.96,2005.09,65.4
69.99,44.34,27.69,5.52,23.29,0.93,1.76,33.57,74.27,2225.76,64.45
156.49,2.72,130.74,9.58,31.45,0.49,4.68,43.28,77.09,2769.56,43.45
198.5,71.01,95.2,8.92,13.87,2.36,3.18,25.95,37.45,1719.74,65.52
48.13,88.48,148.67,7.17,33.06,2.12,2.61,10.71,35.79,1198.14,65.41
174.86,51.39,6.02,7.17,7.6,1.47,4.23,37.73,93.06,1496.51,60.24
166.12,58.11,118.55,3.86,51.2,0.22,4.5,13.31,56.17,2078.65,54.46
44.93,16.29,111.35,7.72,39.52,1.72,1.95,42.99,48.72,713.44,63.23
79.87,22.06,168.17,5.63,56.78,0.61,3.09,20.73,70.09,574.77,54.91
81.93,23.52,135.37,7.48,37.99,1.32,5.69,33.06,63.91,266.6,66.03
195.64,43.07,176.03,8.96,15.02,2.09,3.16,39.62,91.56,1203.87,58.28
36.18,92.81,177.45,3.8,31.62,3.29,3.61,26.03,32.68,232.01,52.62
159.83,52.18,81.63,7.45,41.56,1.84,5.16,25.05,56.12,344.11,68.49
66.84,19.21,27.49,7.17,25.58,0.76,1.61,16.51,35.96,2640.19,61.74
146.17,26.61,126.06,4.84,35.4,3.32,6.95,35.48,28.53,1801.16,72.05
84.0,38.4,174.75,7.7,13.95,0.19,2.77,21.88,43.06,2858.38,52.97
115.67,62.33,14.99,7.11,47.74,2.29,5.53,31.97,25.41,1100.65,68.5
166.52,44.0,111.58,8.49,55.02,0.99,2.45,18.63,68.2,1084.8,62.8
160.83,39.24,23.0,4.22,22.32,2.68,5.22,35.87,88.12,2567.42,54.84
173.28,56.47,5.4,6.38,48.63,1.23,2.29,34.38,44.18,1732.96,61.47
11.92,24.18,135.93,9.99,10.06,1.56,6.01,10.3,70.63,1696.23,44.82
138.41,7.89,136.37,7.98,18.57,2.72,0.93,13.56,30.38,1677.54,71.68
28.0,2.44,120.13,7.95,30.4,3.15,2.53,12.87,38.78,2434.34,69.81
83.16,25.13,171.84,5.57,26.25,0.72,4.58,11.22,74.07,2021.98,61.46
109.72,9.16,16.18,4.11,39.08,1.11,5.1,12.09,93.56,567.23,52.4
80.55,33.63,21.05,9.67,35.96,0.11,1.19,21.38,21.52,2108.93,50.27
103.92,77.29,172.91,4.19,9.8,3.01,2.62,36.81,71.42,1629.08,66.78
199.31,71.63,100.66,9.95,12.24,3.32,0.9,28.65,76.37,354.7,62.42
27.04,61.09,54.61,4.32,7.84,1.05,6.69,13.72,67.8,952.38,47.42
135.09,85.25,147.63,4.61,57.39,1.41,7.87,11.82,54.2,2291.88,50.85
79.2,28.21,178.88,5.5,40.49,1.56,2.34,13.64,99.04,2786.61,62.66
26.6,88.51,137.92,6.83,52.06,1.49,3.92,23.07,41.82,1418.98,61.37
31.75,39.92,158.39,8.64,34.77,1.44,4.1,20.65,57.31,2140.91,60.99
189.85,40.09,56.5,9.81,15.66,1.72,1.4,34.84,73.9,146.91,50.71
175.92,40.54,57.76,5.83,39.46,0.62,5.37,31.89,20.0,1544.33,53.18
181.41,9.81,172.82,3.63,32.79,0.3,4.18,40.69,48.89,1515.16,44.61
198.31,97.55,122.97,7.51,27.45,2.56,4.16,43.19,51.44,2985.84,52.38
41.66,13.85,46.83,8.12,25.45,2.98,0.56,10.05,20.84,2990.1,69.44
71.09,34.09,104.83,6.08,40.75,2.85,0.73,17.98,22.09,1422.76,81.54
133.84,31.93,137.17,4.69,38.98,2.23,7.72,12.73,99.09,484.1,59.18
96.76,7.47,43.71,5.49,13.34,3.39,7.52,20.73,28.72,1528.32,70.69
83.68,15.23,130.98,7.76,49.89,0.11,0.24,30.91,38.9,2035.14,61.97
71.56,4.49,8.43,6.71,39.99,1.19,4.37,19.32,31.09,2219.48,63.76
118.76,29.24,60.74,8.33,34.47,1.15,0.61,16.65,61.09,550.77,72.15
115.12,86.67,134.79,4.92,46.19,1.29,6.37,23.54,78.88,2259.92,59.21
32.29,33.94,29.87,8.97,13.45,2.82,0.49,10.62,26.16,2855.94,56.23
94.35,12.37,44.44,4.51,55.58,1.3,4.44,44.06,66.88,515.97,57.74
110.69,64.57,175.82,5.64,19.88,1.89,4.99,43.85,48.24,1432.26,62.87
114.06,99.66,134.86,7.34,19.45,2.19,0.86,14.7,59.24,2593.63,69.74
42.02,23.23,99.78,8.29,49.82,2.97,4.8,16.63,41.28,913.39,65.85
148.45,27.96,42.18,5.23,23.37,2.19,7.54,29.79,89.1,198.11,59.08
5.04,97.18,68.28,9.66,50.69,1.4,0.87,20.81,56.19,2921.04,54.31
70.97,17.88,114.87,8.09,23.04,2.46,5.51,10.43,32.84,2157.63,69.65
156.04,51.12,31.06,4.91,35.29,1.85,2.24,11.89,83.35,448.78,67.04
112.78,23.97,96.35,8.22,17.7,1.9,2.26,33.56,80.15,1369.8,79.84
52.23,93.24,81.79,8.03,45.23,1.24,4.4,17.36,58.79,1763.37,62.34
138.99,98.15,95.34,8.39,14.18,0.11,7.43,28.84,77.73,2755.2,48.13
113.48,81.47,21.11,9.45,54.47,1.31,1.92,19.68,68.17,873.53,54.99
159.25,31.48,21.3,8.13,25.44,1.13,7.95,28.37,33.19,2456.25,48.37
147.01,40.35,192.82,5.79,30.94,0.44,0.82,44.96,99.94,3.69,56.07
122.02,24.23,195.87,8.64,6.32,0.78,7.53,34.17,81.79,2630.71,44.41
97.64,89.08,85.23,8.02,58.67,3.44,0.24,22.13,73.32,2279.68,71.64
26.64,91.46,157.8,7.23,49.72,1.05,1.38,43.79,86.49,2825.87,45.78
52.27,41.89,131.16,5.8,29.59,1.86,7.81,11.21,94.25,1186.99,69.7
83.82,65.65,23.38,9.49,55.61,1.97,2.2,15.98,66.22,2902.1,52.05
119.86,16.56,59.34,6.83,56.21,2.0,0.16,27.45,67.07,2388.42,71.22
102.74,43.49,62.73,7.58,34.32,0.26,7.09,20.22,21.88,429.41,65.47
57.64,63.15,119.15,6.2,17.86,2.72,7.32,35.2,53.19,694.89,71.28
1.29,38.54,116.0,8.58,31.79,2.58,5.98,11.2,60.7,2412.97,57.18
99.25,35.76,184.7,5.72,22.86,3.42,7.52,19.59,38.74,1377.03,76.74
57.13,0.1,158.01,8.77,29.64,0.73,2.2,39.95,48.76,2283.02,49.58
146.92,80.43,171.37,4.2,55.13,1.98,5.2,24.07,49.3,1372.33,58.73
4.79,88.93,178.25,8.11,20.5,2.83,5.96,17.11,49.43,1873.61,53.3
116.97,96.95,160.26,6.6,51.14,0.52,7.79,28.15,96.46,1014.21,56.82
188.29,71.93,66.58,8.04,56.44,2.78,7.2,22.82,67.0,1420.85,59.23
34.88,54.88,43.0,6.95,49.28,1.02,0.57,19.89,45.11,2542.02,67.63
94.33,26.93,114.35,4.37,34.0,1.05,2.78,39.7,44.38,1496.61,65.27
18.28,99.93,137.91,6.6,36.02,3.32,4.96,39.8,87.75,2064.19,66.02
125.14,58.98,77.31,9.77,50.08,1.17,6.86,24.65,71.34,616.89,53.99
110.11,68.12,169.67,8.41,7.45,2.09,2.31,31.14,88.08,2064.89,60.59
81.47,68.24,192.11,5.45,45.48,1.6,0.16,35.16,71.49,312.79,67.33
104.28,84.53,113.88,9.64,34.09,0.37,1.58,34.64,93.18,1833.76,61.49
179.31,0.97,91.32,8.56,26.84,3.33,3.46,21.65,52.18,1630.1,69.2
39.26,22.02,168.58,5.87,47.18,0.83,0.58,33.14,87.4,1257.77,61.98
4.51,66.55,4.85,7.42,19.64,1.01,0.43,42.14,34.07,2481.06,52.43
172.33,89.51,25.8,6.27,54.25,1.38,3.27,11.94,73.56,1740.65,57.81
115.42,68.53,169.13,4.13,42.87,1.8,5.22,12.56,49.1,760.63,57.42
178.13,41.35,146.41,8.74,38.56,0.59,5.71,39.84,62.0,1532.61,48.23
119.39,36.16,83.23,4.74,33.77,2.24,4.31,31.09,78.92,2392.26,72.66
162.03,73.79,177.77,6.48,16.7,1.85,3.54,10.95,65.16,2576.7,59.48
85.93,74.12,70.29,8.07,38.93,1.13,0.25,36.81,78.4,928.84,66.57
149.97,60.71,126.77,9.56,44.87,2.46,2.17,13.72,22.93,237.46,62.97
182.61,29.15,126.87,3.91,5.64,1.85,5.39,39.39,51.98,761.78,53.66
114.42,92.52,36.87,6.06,25.15,2.96,3.65,26.9,96.33,2670.67,72.03
36.16,55.19,56.97,7.5,50.79,3.01,2.19,20.2,80.94,1991.4,65.63
53.76,79.05,183.2,8.57,39.77,3.43,1.91,31.62,58.65,2887.07,71.52
39.73,21.43,36.68,9.49,38.84,0.33,0.24,16.09,76.69,123.94,53.38
49.37,34.4,34.71,3.5,17.57,1.48,6.62,28.82,22.16,1053.19,45.44
61.28,87.46,95.92,7.58,39.76,1.81,7.04,27.15,43.41,1225.5,60.97
111.03,5.01,18.44,3.55,48.24,0.89,2.99,18.41,92.24,996.33,51.77
117.6,51.23,178.93,8.62,27.1,3.23,5.64,33.37,59.71,761.48,73.89
85.3,48.17,20.03,4.47,15.02,0.4,0.61,22.26,96.21,1373.93,60.92
123.08,75.12,123.31,9.32,9.25,1.56,7.12,39.77,41.2,2033.55,52.82
16.31,28.19,67.96,4.51,32.81,0.73,7.26,12.92,86.75,545.49,51.46
17.56,21.91,160.85,8.47,42.61,2.42,1.34,36.96,21.57,2372.55,58.57
34.37,92.61,117.96,5.38,13.95,2.5,6.27,25.32,20.31,644.31,57.98
103.62,57.17,77.66,7.12,28.18,3.07,3.84,20.92,30.94,2910.72,87.24
42.8,10.47,196.77,7.45,36.28,1.49,5.48,42.86,40.92,2343.42,55.82
56.66,19.3,13.25,4.84,13.57,2.74,3.85,17.0,23.41,972.99,63.56
80.06,99.88,115.56,5.44,19.84,1.97,0.72,24.81,36.91,1755.3,69.76
162.37,19.56,197.91,4.2,38.46,2.86,6.74,26.24,89.84,1148.95,60.43
2.77,61.05,138.19,3.53,44.88,0.39,0.78,20.41,93.24,2994.05,44.28
129.88,42.01,147.95,5.06,39.98,1.68,2.95,13.12,29.47,1433.07,69.23
133.78,88.56,6.42,6.85,44.25,0.61,7.89,41.68,45.23,2037.84,50.01
159.73,75.52,4.27,8.14,36.98,2.79,3.47,41.29,68.78,1910.47,62.94
186.55,59.7,7.22,8.66,50.97,0.62,6.58,32.01,72.88,904.81,42.77
4.03,1.07,198.34,3.95,50.47,0.13,1.43,21.35,22.22,1153.41,43.18
30.76,87.98,195.9,5.27,48.79,3.26,6.66,31.98,92.97,1508.94,57.19
177.23,44.47,66.9,8.51,36.65,1.75,3.74,43.75,54.17,744.33,58.03
91.7,93.16,58.2,6.63,59.68,3.45,4.13,40.92,55.3,596.01,72.69
112.92,49.55,29.19,4.68,7.15,1.64,7.75,15.8,26.84,2898.75,55.98
132.61,69.42,65.83,6.05,15.76,2.11,7.1,38.57,62.01,849.26,69.4
135.81,6.93,74.03,5.26,49.49,2.63,2.85,37.92,67.0,1031.14,65.25
186.35,74.52,149.66,3.83,50.45,1.05,7.6,42.1,56.56,2463.42,39.08
199.39,33.8,173.26,8.46,50.03,0.55,0.91,11.66,91.01,2351.57,46.37
144.03,35.14,149.35,5.4,53.0,2.35,0.31,36.83,28.7,466.6,65.4
57.44,11.87,129.3,9.64,28.24,1.84,4.31,29.11,34.78,483.68,56.23
175.95,14.69,153.18,9.27,56.25,2.91,6.18,28.84,50.02,507.31,47.93
9.84,18.58,147.7,8.16,16.5,0.25,1.85,22.23,68.73,1702.09,52.55
46.22,32.82,95.15,5.62,56.53,1.95,0.73,37.5,53.92,2467.53,64.98
179.48,89.2,67.17,5.32,35.62,0.73,6.78,24.83,88.07,2208.86,50.05
51.24,36.83,56.56,6.59,14.01,2.2,7.89,22.53,37.01,1158.82,65.91
44.13,72.44,135.87,5.8,45.48,2.69,5.59,43.61,39.19,1746.95,59.45
27.63,8.27,191.86,9.36,21.27,0.99,7.8,26.2,91.33,2113.5,38.78
171.82,59.11,116.21,4.3,17.13,1.74,6.68,37.74,57.45,32.02,56.32
100.01,48.19,182.51,8.21,14.46,1.53,2.09,14.87,72.17,2469.54,63.83
134.98,97.8,2.85,7.47,6.62,2.67,0.97,35.9,50.06,2351.79,56.64
47.81,84.62,158.89,8.74,47.06,2.14,6.49,33.49,50.02,2216.2,55.53
151.61,45.48,170.72,7.03,31.76,0.51,5.31,27.88,31.59,2893.01,58.47
152.0,77.51,126.2,7.59,58.83,3.42,6.52,14.81,90.98,24.44,60.62
62.52,19.3,186.81,9.76,29.16,3.2,5.78,14.22,86.11,2473.74,53.83
82.14,56.23,117.98,4.1,51.38,2.07,4.09,33.67,62.87,1405.41,65.0
41.94,7.46,48.11,4.18,58.25,2.74,7.53,39.95,23.11,2276.25,46.77
195.31,34.81,43.14,6.06,6.24,0.17,6.05,29.85,38.0,90.82,41.25
129.12,22.59,111.17,6.57,10.79,0.79,0.17,26.13,35.31,176.27,64.8
186.91,71.89,181.3,4.8,24.13,2.71,5.66,28.2,62.95,377.84,60.63
60.68,49.01,14.47,4.04,52.86,0.46,4.4,15.48,32.62,555.06,50.47
156.38,75.11,120.88,3.64,51.09,0.25,1.19,11.82,54.62,423.56,48.2
153.17,51.53,153.96,8.47,25.17,2.19,3.54,39.02,35.58,1020.83,64.57
138.33,8.65,23.08,6.65,15.99,0.22,4.24,39.62,42.9,926.42,52.63
193.13,73.54,23.35,8.98,49.13,0.72,3.8,36.36,44.11,648.33,39.64
78.71,83.32,73.23,5.85,37.83,0.37,3.53,37.01,38.19,459.25,61.34
26.14,90.35,54.78,8.07,6.74,1.92,5.09,17.49,41.05,2024.3,51.2
134.34,57.2,39.66,6.68,49.23,2.4,5.3,13.81,32.34,1428.18,72.13
145.86,75.36,39.74,7.48,57.63,0.72,5.61,15.6,81.86,2855.63,45.29
115.01,75.2,26.13,5.91,7.31,1.69,6.12,32.35,97.82,2472.54,66.42
41.36,15.57,122.17,4.03,20.72,0.17,6.68,23.91,82.55,2255.98,44.48
100.89,16.42,137.63,9.66,50.07,1.0,4.64,10.55,49.32,257.17,53.81
62.44,7.09,140.59,8.93,37.16,0.71,0.68,43.27,80.51,2727.46,52.81
85.49,31.99,106.47,5.53,59.41,0.66,2.98,18.06,25.03,2919.53,67.93
129.04,47.35,190.58,9.73,55.35,0.87,0.13,10.15,48.29,217.85,54.63
149.04,99.79,176.11,5.45,14.8,2.84,4.8,23.44,51.75,2514.49,62.67
46.44,43.1,191.53,6.38,42.07,3.33,7.8,17.45,21.02,1261.17,71.74
81.07,72.62,77.76,8.41,40.93,2.5,6.63,22.92,96.01,955.49,67.21
53.83,69.34,175.56,5.51,11.1,0.35,3.94,42.84,57.16,2032.66,50.64
39.73,20.45,152.57,5.61,9.92,2.24,5.69,31.74,99.03,947.32,60.97
156.68,5.85,67.99,6.17,36.32,2.6,5.96,32.6,42.33,331.2,64.4
181.85,54.6,21.32,6.54,27.16,0.48,4.8,40.93,98.31,2094.27,54.8
74.05,70.03,136.52,4.3,35.0,1.1,7.1,13.97,69.05,1968.79,60.54
150.26,99.83,27.29,3.61,18.14,1.56,2.64,13.51,53.3,2365.18,45.38
179.4,35.86,58.76,9.47,35.62,1.16,5.42,39.94,86.6,1682.02,49.85
169.22,89.64,100.07,5.8,26.09,1.86,0.61,15.57,63.34,2394.63,68.73
36.56,38.19,135.98,4.16,53.81,0.55,1.19,35.69,86.14,21.87,50.93
191.26,68.94,185.25,8.43,21.83,1.61,7.51,17.31,60.46,2306.61,50.15
75.34,59.83,118.65,5.42,52.9,2.59,4.39,26.62,53.48,1313.39,70.07
67.85,5.3,134.28,4.68,26.45,1.67,6.06,23.49,68.65,1716.2,59.47
12.49,7.84,62.0,9.76,36.8,0.82,6.97,13.62,80.51,2668.77,37.39
97.23,2.08,137.46,9.48,20.75,2.83,7.48,33.5,23.77,2326.75,53.62
21.8,37.08,87.56,4.19,49.5,1.44,0.81,39.92,52.24,1952.7,62.07
49.71,74.58,171.39,9.35,51.4,1.55,5.64,13.48,33.5,440.85,45.41
63.39,17.28,78.49,9.29,49.5,1.32,5.08,22.52,95.99,756.37,60.56
161.77,60.59,93.65,7.62,40.19,1.09,4.84,10.99,97.76,1044.63,60.19
175.1,28.88,86.52,6.94,21.76,2.15,1.25,18.26,92.78,2801.29,66.12
60.49,79.7,162.22,4.91,40.01,0.74,6.21,19.11,61.04,2322.49,56.32
171.74,79.84,190.74,4.29,57.77,2.72,2.59,38.6,80.47,1501.67,50.42
171.45,77.54,65.46,7.44,40.66,1.74,1.86,36.32,93.77,2276.97,52.71
152.93,52.48,95.01,8.84,57.6,3.1,5.69,39.1,89.73,789.17,64.54
29.34,28.46,141.19,7.98,21.75,3.29,1.8,12.82,62.86,449.47,75.15
138.06,80.94,179.08,4.68,51.53,1.4,4.04,14.66,31.91,1760.61,48.12
189.0,18.61,98.74,5.39,44.52,0.64,2.61,20.64,92.78,1274.71,59.47
136.51,28.98,21.78,7.05,50.06,1.82,6.61,36.05,85.65,1376.63,62.94
66.32,18.39,73.73,7.56,44.09,1.02,7.64,10.88,52.1,509.91,56.72
100.12,67.42,110.07,3.97,31.42,1.55,6.61,15.21,57.14,1092.17,71.75
129.15,68.62,83.5,7.49,42.76,1.38,3.24,27.42,99.14,2924.9,65.04
102.11,65.25,37.31,8.29,56.26,1.63,1.39,10.84,68.11,236.74,60.94
23.99,41.56,7.4,4.68,27.96,1.8,5.62,13.62,33.56,2951.81,49.72
62.41,10.02,137.48,5.1,57.35,2.23,7.24,21.16,33.09,1821.3,58.08
160.48,91.12,198.55,5.18,7.72,0.11,3.27,18.37,25.2,1237.96,45.28
172.28,50.77,183.84,9.61,5.78,0.97,0.42,22.63,67.02,5.9,50.52
27.46,40.7,136.65,6.15,32.16,0.68,1.08,36.45,22.15,1311.76,68.89
190.48,58.88,168.31,6.95,51.67,2.52,3.12,17.61,85.35,1345.64,67.85
65.76,19.28,51.15,8.21,18.63,2.93,4.04,31.9,45.46,707.59,66.81
132.46,13.25,124.49,5.91,43.14,2.57,2.4,40.83,47.4,2572.52,65.38
150.37,40.55,12.12,4.19,35.08,3.41,3.95,20.66,80.87,1126.53,71.74
162.39,22.72,141.44,7.75,20.99,0.36,7.67,11.73,28.46,333.32,53.83
189.15,24.43,193.97,7.84,20.72,1.68,0.71,32.1,62.27,2528.41,53.44
62.58,89.25,172.16,5.19,9.03,3.16,6.45,35.08,49.59,1969.31,58.42
171.7,53.08,106.89,3.73,34.49,1.18,3.7,26.68,28.07,155.26,65.58
26.34,48.35,157.75,7.82,29.76,2.83,5.26,24.98,43.79,219.87,68.52
141.01,68.95,188.78,8.07,20.92,2.01,7.76,36.12,70.31,2924.46,60.08
148.4,95.15,43.2,3.67,58.37,3.43,3.73,24.58,73.05,2602.78,55.85
135.54,11.22,158.65,8.01,50.02,1.36,0.86,10.17,30.1,2646.17,56.72
50.46,83.35,53.97,9.6,33.87,1.52,6.64,41.15,95.09,290.35,44.36
174.61,58.4,175.39,4.66,33.69,0.66,2.19,18.86,34.67,369.45,49.86
33.77,14.62,19.67,6.89,15.65,0.64,7.25,31.3,73.05,2961.63,46.96
10.73,29.71,35.64,8.03,40.7,3.03,0.75,29.42,46.04,2974.53,64.71
143.49,48.24,144.12,5.0,57.45,1.48,1.9,27.96,76.22,1402.17,67.62
95.1,69.12,34.96,8.39,54.41,2.21,7.75,18.62,85.05,2192.53,62.64
169.82,24.26,31.61,9.14,9.66,2.66,7.05,35.91,26.46,2209.2,47.51
76.68,53.49,111.09,8.79,7.92,1.59,1.83,18.61,83.76,2970.09,65.2
33.66,68.47,167.0,5.18,57.87,3.34,6.23,42.86,29.68,2339.57,55.21
167.29,44.87,53.69,8.73,15.99,3.29,0.78,29.61,61.52,961.55,70.05
109.78,86.3,168.23,6.19,35.27,2.41,1.35,36.95,47.04,1973.84,74.57
37.84,86.95,161.59,5.23,9.11,3.48,1.54,36.06,44.57,1451.18,71.4
144.08,47.07,115.82,4.59,51.38,0.11,0.44,43.89,32.18,1326.69,61.49
102.22,97.29,129.31,9.41,11.48,0.13,3.93,28.63,74.13,1424.86,54.72
120.86,7.56,8.09,6.27,40.41,0.33,3.19,11.93,44.22,2701.71,53.06
92.18,0.34,73.43,9.13,8.11,3.31,4.76,13.08,60.44,1020.11,63.45
165.74,38.07,52.68,4.54,13.62,2.16,5.54,22.52,21.21,1982.93,58.82
165.91,60.11,30.0,8.49,33.17,3.25,4.8,22.61,68.34,2917.76,66.92
141.88,62.92,77.93,4.22,7.51,0.53,2.3,17.61,74.18,994.15,58.09
21.08,47.64,70.98,3.61,15.76,0.21,0.75,42.4,24.99,2092.84,49.83
167.77,12.49,145.78,9.97,12.49,1.95,5.88,26.56,62.6,416.52,46.05
134.2,17.05,119.62,3.98,7.23,0.7,2.54,41.59,77.14,2573.68,49.78
139.4,85.21,182.62,6.5,58.4,3.02,2.05,11.93,31.33,2499.7,64.84
72.6,86.79,29.08,9.21,29.76,1.53,5.56,22.19,23.5,630.21,56.85
175.86,67.39,11.95,8.83,52.24,2.72,3.59,22.58,35.48,296.04,59.51
145.07,66.42,106.92,6.56,24.7,1.86,1.72,11.32,48.13,380.42,72.52
22.52,59.77,0.21,7.47,7.34,1.9,6.16,32.66,54.13,2689.41,51.36
81.56,20.29,157.54,7.59,43.26,2.42,6.47,14.97,25.83,1451.65,69.73
177.28,42.83,101.19,4.21,7.13,1.24,7.88,22.13,98.34,2246.1,47.11
9.44,69.59,97.61,5.35,35.4,3.33,3.8,44.34,75.15,1461.23,68.75
192.28,53.73,72.5,5.46,12.65,1.46,0.39,42.55,30.7,2616.74,64.23
135.83,1.86,74.99,5.96,41.89,1.45,4.19,19.15,83.8,1396.73,69.78
126.28,95.36,86.23,5.28,54.1,2.51,0.28,21.02,45.59,2602.47,68.85
54.11,84.48,3.21,5.13,57.57,2.26,7.59,28.91,50.01,810.99,50.44
49.76,26.05,16.71,5.81,34.03,3.49,1.48,20.01,25.8,190.87,71.76
188.41,61.65,101.01,5.96,34.3,2.99,7.41,35.4,53.83,860.59,70.38
59.65,92.32,30.02,6.67,7.11,1.07,7.61,29.85,26.22,1850.22,52.64
155.1,9.6,155.75,4.63,47.34,0.45,6.23,26.54,74.42,2589.27,50.7
78.62,50.3,54.9,8.62,57.59,0.46,0.79,43.51,47.47,814.67,56.83
27.85,45.62,19.58,9.09,29.1,1.33,4.51,17.61,43.7,234.63,56.11
2.14,41.02,47.04,5.11,48.65,1.72,2.9,40.05,71.87,1298.26,57.37
108.85,83.56,71.42,4.3,48.86,2.27,6.58,35.45,75.05,2791.59,58.92
195.16,38.06,7.06,8.2,48.21,3.02,2.49,17.04,71.1,1303.01,61.9
73.83,6.37,28.34,9.51,46.73,3.46,3.66,16.47,83.1,963.4,59.03
71.44,6.58,64.77,3.73,16.83,1.49,4.63,30.21,71.06,2079.58,58.56
68.82,4.27,62.1,3.59,46.33,1.95,0.38,12.8,95.61,1251.27,61.2
104.11,40.91,160.08,4.69,12.94,2.14,4.91,26.83,65.3,2097.12,69.79
88.13,71.84,168.65,7.95,44.19,2.0,2.82,21.8,90.79,360.19,64.35
175.98,20.37,38.68,9.77,5.19,0.41,4.28,39.77,96.89,1372.8,43.37
101.1,64.65,24.79,8.38,55.54,0.49,1.09,30.89,33.1,242.7,59.35
101.55,68.71,126.83,7.22,50.51,3.12,2.75,32.41,74.14,2092.31,76.73
27.67,25.52,160.92,8.05,42.56,2.4,4.7,21.44,72.49,2279.48,56.94
196.55,60.06,192.74,5.0,10.2,2.41,4.62,17.58,89.56,424.86,51.79
49.99,68.49,1.36,7.98,50.37,2.87,1.35,28.79,46.96,190.65,64.28
14.67,46.66,82.74,5.59,53.13,0.39,3.38,43.07,51.52,1224.42,46.93
132.63,33.67,146.8,4.95,42.84,1.51,4.2,30.83,23.77,2502.27,65.74
119.07,61.92,165.71,5.04,58.67,0.94,0.74,10.68,81.3,685.07,62.28
83.03,97.78,12.46,7.84,10.11,2.35,4.84,43.73,41.3,1727.29,60.13
84.44,42.68,136.12,8.49,43.98,0.83,1.93,39.18,94.32,559.34,62.06
157.01,39.17,57.79,7.28,33.86,2.45,7.37,40.92,73.04,1958.97,68.11
39.14,46.43,14.92,3.92,13.01,1.42,2.22,25.84,46.61,579.86,59.73
164.05,7.62,97.82,3.75,41.21,1.59,6.32,41.37,85.47,1083.22,52.38
129.75,55.32,31.63,4.91,48.97,2.88,4.7,19.07,85.39,2171.03,65.46
83.79,32.87,147.4,5.36,14.06,1.28,5.51,38.06,32.92,1932.67,62.43
91.61,12.14,148.25,6.13,48.64,0.97,7.22,31.44,63.35,1307.19,64.01
51.33,46.63,168.41,3.99,10.11,2.99,6.8,43.34,20.81,1056.4,59.03
150.42,0.34,75.51,8.21,37.53,2.43,1.11,20.37,47.53,2672.46,64.86
102.57,40.18,2.66,8.12,48.92,1.47,7.48,14.32,75.55,442.47,55.46
64.17,10.57,51.95,5.75,13.03,1.8,1.2,35.1,46.41,1428.87,67.0
119.21,2.43,93.56,7.16,36.43,1.28,2.6,44.51,30.72,1490.66,67.23
199.15,82.45,138.8,4.16,28.37,1.97,4.23,15.1,66.19,1000.58,59.21
87.05,91.62,76.41,6.2,38.4,0.57,7.47,13.56,96.92,2587.53,54.08
184.14,20.77,107.21,9.07,28.33,3.12,5.05,25.07,53.04,27.08,60.92
69.0,53.93,104.85,7.79,18.8,1.98,7.01,35.21,93.44,2520.43,64.72
10.95,27.8,33.0,4.18,18.96,1.41,7.54,30.88,92.44,736.64,46.23
40.85,49.36,124.61,9.01,52.56,2.04,6.01,42.9,73.48,45.51,54.03
83.74,43.66,87.85,7.92,13.6,0.65,3.91,38.32,25.63,1553.13,69.79
43.93,26.91,161.58,6.44,11.77,0.37,3.17,30.04,72.31,807.6,64.82
0.05,70.04,138.12,8.0,10.34,1.96,2.27,22.64,67.28,1338.87,63.06
183.0,12.65,22.29,4.62,9.08,0.34,4.1,39.24,66.51,939.29,41.18
168.78,5.31,97.75,7.08,5.8,2.35,0.48,27.09,47.07,919.74,71.69
148.46,76.77,140.5,7.52,13.82,2.82,1.9,40.63,80.04,2239.93,65.7
33.56,66.59,17.4,9.53,15.6,3.46,2.93,31.02,90.64,2442.09,58.7
24.07,49.85,158.5,3.93,19.83,2.72,6.84,34.75,73.98,2195.78,57.31
13.52,46.78,44.4,5.94,11.82,3.41,3.07,11.64,31.84,1590.21,66.32
144.81,49.74,100.62,9.59,10.18,0.18,1.99,44.66,82.77,1883.69,47.9
185.76,43.7,188.11,4.91,34.78,2.0,6.28,36.41,32.52,2924.63,47.35
86.11,39.29,114.27,8.79,44.53,0.66,7.55,30.37,83.99,865.44,60.64
23.83,49.97,84.81,3.51,39.66,0.93,6.22,28.63,68.62,272.49,54.45
102.48,52.85,1.36,3.67,35.62,2.6,1.09,30.98,47.42,2206.25,72.93
69.77,69.19,26.68,5.63,29.23,0.96,2.63,11.61,65.33,990.82,67.95
74.96,71.12,115.73,8.5,39.87,0.71,4.86,22.76,85.87,1029.19,68.43
124.27,37.76,98.77,4.18,54.6,1.36,1.65,13.13,60.93,2824.82,62.98
143.74,41.35,72.77,5.99,39.51,0.38,5.13,16.14,58.12,820.87,63.94
22.12,37.37,184.64,4.35,8.35,0.6,1.96,21.66,36.98,71.18,45.74
7.12,53.65,66.5,4.95,36.37,0.6,4.39,33.54,49.27,248.95,56.07
198.87,45.34,107.43,6.77,33.83,0.87,5.68,42.57,61.58,2352.93,60.99
46.55,88.96,113.74,5.57,29.86,3.06,6.32,44.55,29.14,2477.2,63.7
10.77,69.64,105.49,4.88,36.28,1.1,6.42,36.29,77.0,1340.22,57.54
37.98,89.87,95.52,6.06,41.99,1.03,6.22,19.41,91.59,651.51,59.44
7.79,70.91,67.41,8.06,7.05,0.53,1.18,21.28,83.23,2262.68,56.9
78.36,97.1,181.75,4.28,31.41,0.15,7.92,20.75,58.91,446.63,48.39
160.48,63.57,90.16,6.62,49.95,0.65,6.2,39.35,20.66,404.6,57.1
68.25,96.36,105.69,5.29,34.19,2.56,0.92,37.11,56.5,249.61,74.3
88.84,15.82,131.3,5.96,8.73,3.4,5.61,12.21,29.9,226.36,74.8
135.12,5.25,13.53,8.84,47.63,2.63,3.81,27.31,79.36,1365.28,59.18
101.78,57.91,156.26,9.54,56.77,3.0,3.48,32.46,30.16,636.5,63.71
172.29,98.35,102.5,5.08,51.85,2.77,5.45,10.55,29.86,801.23,58.47
173.21,41.76,131.44,7.59,24.94,1.11,1.43,30.78,61.04,1607.85,67.11
1.98,21.2,154.4,7.9,34.42,2.59,8.0,42.95,39.28,1349.12,50.36
155.61,52.15,174.82,8.98,37.52,2.65,4.4,11.66,39.32,845.34,64.25
92.15,64.88,78.44,9.34,44.37,0.98,4.8,15.99,96.77,2914.44,50.91
197.77,31.52,162.29,6.54,41.63,3.23,3.46,13.62,43.52,433.76,64.23
96.65,71.48,51.77,9.89,15.95,3.49,4.89,22.93,93.54,1851.96,64.88
197.38,97.51,132.07,9.81,51.37,2.01,5.35,22.93,38.61,2735.29,45.69
150.91,89.7,20.54,6.79,51.71,1.18,2.83,43.45,91.87,105.05,54.18
49.72,29.16,4.01,7.02,27.24,1.32,3.75,38.02,36.28,1913.95,64.91
107.68,32.67,19.15,7.84,12.2,2.08,2.12,32.3,33.98,2550.94,67.05
198.43,37.15,63.88,5.93,38.47,0.13,6.2,32.48,42.21,125.44,51.01
171.51,39.46,6.22,7.8,24.65,1.15,5.93,33.33,53.73,2145.51,49.49
19.47,10.03,126.1,6.84,45.78,0.27,6.51,15.98,36.69,2350.58,47.93
141.27,76.2,63.31,3.73,22.36,2.22,5.65,22.4,69.31,202.41,62.34
69.12,36.53,147.28,9.04,19.46,2.15,0.26,32.63,57.46,144.99,64.38
1.4,87.98,9.18,9.61,52.72,2.11,1.61,11.17,63.11,1453.07,47.61
80.7,92.69,43.34,3.67,38.87,0.61,3.17,27.15,73.17,2127.58,54.73
46.95,2.44,81.6,8.63,9.73,3.31,1.95,39.28,56.96,1190.3,65.38
163.77,98.85,76.53,6.01,42.91,1.92,4.3,29.08,27.55,2469.05,59.92
67.47,71.0,26.2,7.31,46.4,1.99,7.2,40.28,48.28,2486.36,55.95
165.5,52.04,198.83,6.75,17.94,1.95,5.93,36.13,61.43,480.06,58.03
0.12,38.95,56.89,7.08,58.22,1.88,2.21,28.86,34.31,212.92,50.75
61.56,51.85,144.21,6.72,25.51,3.29,3.24,23.19,59.42,933.29,87.79
48.23,32.46,44.01,9.05,56.73,2.15,0.51,32.95,29.86,583.1,59.85
46.71,62.27,175.57,7.94,21.15,1.75,0.15,27.41,48.19,2402.49,68.1
13.64,9.3,77.55,6.18,38.51,2.71,3.46,44.8,87.11,1598.57,65.13
37.42,62.11,180.18,7.98,33.47,0.95,5.85,31.37,23.76,1979.49,55.51
111.11,27.53,68.37,9.77,59.57,0.75,6.9,18.81,22.92,2273.77,53.8
58.27,1.76,1.73,4.02,27.46,1.59,3.51,43.7,51.94,2596.05,50.37
83.48,55.27,103.4,6.02,14.86,0.15,1.52,20.05,93.17,1725.36,73.99
75.37,57.84,104.96,9.16,50.83,1.1,2.16,41.18,69.16,1795.64,59.26
175.18,42.66,23.97,8.3,7.31,1.53,3.62,27.23,74.97,2025.9,56.65
181.06,7.23,46.99,9.58,53.67,2.07,5.23,34.67,64.53,1874.97,52.05
98.59,89.33,156.7,3.76,11.08,1.95,4.39,17.06,82.01,2689.81,57.24
66.03,61.14,7.35,9.11,36.46,1.35,6.74,29.58,52.61,227.41,53.46
21.36,11.57,97.91,8.65,44.24,1.27,0.25,17.04,79.92,871.2,59.4
190.68,51.09,106.08,8.8,23.5,0.1,7.94,18.31,94.74,82.54,42.22
12.05,49.73,137.74,7.38,51.46,3.1,7.44,15.66,47.6,2607.77,58.5
59.53,6.04,7.49,3.84,37.65,0.89,1.28,25.73,52.85,1482.61,57.08
59.61,60.69,117.13,7.0,26.73,1.32,0.48,28.01,34.0,2482.52,76.19
64.08,80.83,0.62,6.15,22.89,0.17,4.98,19.19,29.42,1755.53,56.49
32.86,74.9,53.04,6.93,11.16,3.35,5.8,31.47,79.97,335.84,64.13
156.63,20.3,99.94,8.31,40.22,1.78,3.85,19.49,67.05,231.59,64.27
24.5,86.23,182.26,7.37,25.02,0.18,2.3,28.25,77.27,117.96,57.15
126.98,34.25,25.32,5.4,22.63,0.95,5.15,34.0,33.45,853.61,56.03
24.77,94.65,33.86,7.4,57.25,3.09,5.12,12.1,80.57,2772.1,52.41
14.11,7.17,133.85,4.04,20.0,1.38,1.27,40.11,45.12,2250.28,50.06
181.89,48.62,74.97,3.53,53.21,2.44,6.42,22.52,69.59,925.35,58.37
38.03,59.71,124.68,6.11,58.62,2.19,6.02,28.09,87.8,1071.67,62.21
164.25,24.77,199.49,8.42,50.25,1.7,0.77,25.6,69.23,1731.74,55.36
108.93,77.14,197.37,8.85,6.07,2.93,3.75,43.24,33.71,2628.4,58.0
15.57,62.69,70.74,7.07,52.77,0.24,3.21,16.64,60.01,2290.03,53.89
191.09,1.81,100.79,9.14,16.74,3.2,3.75,31.94,40.25,2651.41,59.11
49.39,60.84,180.94,4.32,24.43,2.54,3.74,39.0,64.23,45.87,62.71
171.93,49.15,18.43,9.77,59.54,3.04,4.24,25.0,26.32,2930.55,54.94
33.76,19.6,90.46,9.49,27.27,0.16,2.29,21.73,98.59,731.45,50.47
170.79,99.57,75.52,7.4,41.02,0.39,3.81,13.93,69.63,977.17,58.42
2.65,89.72,58.98,3.88,22.09,0.8,0.89,35.23,50.53,1934.61,50.88
102.36,29.25,198.84,6.45,25.32,2.12,1.5,37.51,47.59,2458.29,76.0
153.89,54.11,146.71,4.67,37.87,0.41,0.8,20.98,66.48,1023.44,60.24
186.96,31.65,77.75,7.58,57.16,3.27,1.57,37.15,73.77,2078.4,65.5
181.84,77.55,165.8,4.73,20.54,2.65,0.13,13.49,38.75,2773.86,60.59
163.92,93.03,97.93,6.63,18.61,2.85,0.4,25.07,64.08,1620.89,79.8
177.64,35.88,174.56,4.84,6.45,2.09,6.39,19.69,88.54,1656.36,56.77
39.84,80.56,53.28,4.68,16.12,2.25,1.67,19.64,84.83,2114.2,61.16
56.84,49.84,44.72,5.11,19.43,0.85,4.21,42.56,34.76,384.7,54.13
57.79,39.66,49.46,3.69,8.46,3.19,3.03,37.17,50.66,2138.12,57.26
75.41,93.84,107.7,8.15,36.0,2.31,2.7,36.82,83.26,479.49,67.22
78.66,51.04,58.26,5.49,11.97,1.52,6.87,27.26,44.73,2882.58,65.64
108.91,46.74,29.42,8.04,33.11,3.1,3.94,31.76,81.5,541.17,77.31
31.98,67.24,198.93,7.75,15.39,3.04,4.18,37.51,76.74,1370.39,62.04
138.25,26.12,180.09,3.93,56.46,0.1,3.73,19.33,34.62,2383.66,46.42
33.51,32.48,127.0,5.53,21.89,3.24,2.22,20.2,75.75,953.12,81.19
62.06,93.2,178.31,7.18,10.11,1.34,5.5,40.92,86.98,1570.83,58.49
100.67,67.85,187.09,9.47,50.99,1.54,0.47,18.01,92.57,204.86,62.87
159.29,82.66,135.22,6.11,27.11,0.39,2.32,33.8,39.59,2208.16,63.2
147.89,27.11,103.74,6.78,50.11,3.08,5.33,42.16,99.75,315.72,66.15
129.11,54.38,176.4,8.38,22.19,1.93,0.36,43.33,59.22,2185.19,72.89
31.15,97.14,113.56,8.72,32.5,3.18,0.3,20.61,40.12,364.69,72.87
109.41,31.87,25.36,9.5,29.49,2.75,3.04,43.26,77.75,395.39,65.55
17.49,16.05,73.37,6.73,35.68,3.15,2.08,14.83,77.03,2180.83,68.06
75.47,51.09,89.18,4.76,27.09,3.32,5.64,18.49,69.14,976.78,81.44
82.7,38.78,187.07,8.47,32.32,3.11,6.07,24.06,31.59,880.59,73.12
7.96,15.96,131.84,4.32,42.36,0.81,0.39,36.59,22.56,874.2,52.44
54.8,88.86,175.06,6.22,27.81,0.34,3.55,13.14,78.83,1763.05,53.49
191.13,99.07,151.52,7.58,42.64,2.21,7.55,17.79,47.93,1519.03,51.57
190.73,56.86,61.97,8.0,44.29,0.63,2.57,26.69,27.81,236.5,57.12
70.47,77.47,143.74,8.26,46.19,3.03,1.66,12.62,94.49,1950.8,71.48
8.62,85.9,39.06,4.76,30.9,3.32,4.22,22.34,94.1,2264.14,61.67
35.82,70.1,81.63,9.88,5.21,0.51,3.66,31.51,71.38,473.72,45.51
78.44,4.42,161.22,4.66,46.44,0.9,1.83,37.04,39.42,689.9,49.47
189.56,15.76,122.39,4.12,55.0,2.23,1.89,27.53,98.77,2383.83,59.88
28.24,7.1,165.08,7.82,40.89,2.57,5.52,25.69,39.28,1415.44,60.14
152.7,0.99,50.94,9.41,33.85,1.84,2.65,21.61,20.85,980.14,54.68
21.74,30.6,149.95,7.14,35.78,1.35,7.89,22.89,91.96,976.29,52.99
196.25,39.24,40.46,7.37,40.24,1.14,2.39,28.89,35.69,2905.68,55.36
76.32,24.1,109.06,7.0,59.92,2.36,4.43,23.86,70.38,1236.52,77.16
155.05,6.46,86.71,3.78,8.41,2.63,0.68,21.11,39.07,2176.86,57.84
68.52,52.99,111.3,7.93,6.17,1.08,4.36,31.82,55.75,714.4,67.73
125.53,27.33,27.11,5.83,58.03,1.21,3.74,44.88,52.24,1421.76,55.38
38.4,79.6,72.25,9.58,29.23,1.66,2.86,20.27,50.0,2774.6,57.68
29.2,0.81,133.38,4.71,38.68,1.63,3.49,14.2,45.43,211.39,57.43
187.61,84.25,111.71,5.46,46.44,2.97,1.51,15.16,21.22,265.7,60.96
183.53,95.48,109.79,6.78,45.82,1.59,6.58,31.24,37.17,1999.04,59.31
177.49,71.61,102.17,6.6,40.6,3.43,7.38,29.49,99.53,173.75,70.29
125.09,73.36,188.78,6.1,30.95,1.16,6.72,13.74,20.62,1367.65,62.15
161.65,93.36,186.91,5.54,36.68,2.46,6.46,24.35,25.75,1350.44,59.46
13.81,20.91,72.03,4.46,45.13,2.68,4.43,39.9,22.58,702.22,58.01
66.96,99.46,70.38,8.84,51.79,2.24,2.74,26.73,61.12,1720.03,61.58
62.74,77.35,110.98,6.42,12.0,1.35,1.46,37.36,22.95,1846.03,63.56
127.13,72.66,19.12,7.22,20.29,0.98,6.58,11.62,62.92,258.62,57.07
71.19,36.11,60.6,7.05,26.87,2.15,0.44,27.2,46.11,1973.16,85.03
29.7,54.58,46.17,7.24,41.6,2.34,1.53,38.84,90.22,2589.61,65.33
119.29,65.39,44.68,8.08,26.76,0.98,3.27,31.07,48.72,1194.29,67.12
162.88,62.03,127.7,7.59,18.14,1.24,1.64,14.0,85.59,34.65,59.23
76.42,70.5,76.87,5.28,6.82,3.03,4.71,40.96,76.36,1530.13,77.05
26.45,8.24,34.23,7.1,51.34,2.86,5.82,16.48,97.56,63.49,50.4
39.34,35.56,177.51,5.09,28.04,0.72,7.28,34.92,55.4,2722.7,51.25
47.5,43.4,174.83,7.33,23.11,3.27,1.76,12.53,96.38,1336.46,72.31
59.98,26.06,172.49,6.31,34.2,2.24,2.31,28.84,71.73,54.82,70.43
128.56,17.26,78.15,3.76,11.76,1.79,5.76,20.52,50.62,1428.47,56.29
120.19,13.89,11.4,8.27,26.85,0.78,1.81,44.18,59.19,1729.17,57.87
139.22,36.64,21.35,5.29,46.35,2.58,3.13,41.49,78.42,2719.97,59.84
72.5,49.34,55.21,9.48,45.49,3.23,6.05,25.43,90.8,675.75,63.75
164.8,6.3,43.99,5.32,47.45,0.32,3.07,39.89,52.47,1718.12,41.97
40.82,94.65,174.8,9.98,30.71,1.87,1.26,18.38,95.43,1600.61,50.8
93.81,76.52,197.27,6.51,25.29,3.08,2.23,28.21,58.27,322.8,80.21
160.19,73.09,163.33,3.67,50.73,3.34,0.74,39.0,81.63,2885.12,62.8
36.03,17.29,145.97,4.0,14.53,0.35,5.43,33.96,92.61,922.85,43.02
21.97,60.38,117.72,4.03,44.88,2.79,0.46,25.71,37.59,2172.3,69.59
176.74,52.97,153.98,3.87,53.84,1.06,4.64,28.74,36.07,2355.16,48.54
68.59,98.25,189.41,5.24,20.74,1.94,7.61,20.17,74.55,2069.58,53.5
136.77,74.77,120.27,5.61,15.88,2.76,6.89,29.73,70.57,354.38,67.49
5.07,57.58,30.92,4.22,33.19,1.95,0.68,14.76,86.27,1134.32,58.34
138.01,85.08,32.77,6.35,16.9,0.47,5.74,36.49,63.32,2486.32,52.36
63.22,15.51,116.77,5.87,52.89,2.11,5.55,44.82,78.13,2467.71,57.96
11.15,1.52,66.69,7.64,18.44,0.5,2.46,11.82,33.6,733.56,50.48
121.96,69.02,182.05,4.77,22.27,1.28,0.96,37.74,63.63,1614.6,61.22
48.16,9.83,122.33,9.44,53.86,2.0,6.85,39.39,20.82,2461.4,46.03
77.36,11.54,135.3,6.85,16.31,3.47,4.48,11.18,74.55,1838.34,70.66
16.12,74.47,1.16,7.55,53.66,2.57,5.62,30.47,97.65,640.06,54.54
29.43,27.05,99.77,3.76,16.54,1.13,3.72,41.25,34.04,2396.46,54.31
59.6,62.86,86.23,7.13,55.15,3.08,1.86,29.87,30.93,2494.44,74.55
17.95,91.74,141.17,5.89,22.47,0.87,2.16,30.59,57.89,2756.83,50.23
182.17,31.65,76.53,9.51,18.54,1.41,4.33,44.84,55.71,2511.67,47.37
1.21,21.71,195.32,9.26,31.25,2.3,1.95,41.43,55.43,1901.61,50.69
96.77,10.66,134.04,7.64,25.31,1.5,3.25,32.21,43.23,1395.53,69.9
24.65,13.05,131.98,8.49,16.1,2.58,0.69,28.0,31.06,2993.9,59.12
61.54,6.22,183.87,7.69,23.61,2.31,7.96,16.72,93.83,2944.95,52.98
185.21,8.76,199.04,3.61,44.23,2.37,4.97,39.54,47.89,1436.73,45.94
32.34,43.2,39.56,8.07,50.75,1.53,1.25,20.0,52.58,2274.42,63.38
193.17,32.09,162.11,4.65,50.14,0.29,1.13,10.23,53.71,1008.29,48.22
41.16,70.66,32.46,7.94,46.62,3.07,3.92,11.96,30.23,580.62,55.61
148.31,87.02,91.41,3.57,5.3,0.35,0.3,16.88,35.84,2727.61,51.76
109.34,78.48,20.04,5.52,28.46,1.68,3.36,38.47,21.03,125.37,64.42
176.9,53.06,124.67,6.86,14.29,1.13,7.56,44.11,59.79,2227.37,54.39
110.8,10.24,93.7,5.67,9.04,1.11,6.6,35.08,64.34,2529.8,56.92
106.91,70.98,125.74,8.01,45.47,0.87,7.45,15.82,37.08,2167.6,58.64
39.09,36.28,135.59,6.9,48.64,1.02,0.98,40.28,53.84,2646.9,60.92
33.25,8.57,123.89,9.74,49.8,3.35,3.03,38.35,75.28,823.99,63.56
183.3,84.25,58.81,5.83,53.97,3.4,4.48,39.71,40.74,2356.42,62.59
65.57,33.82,167.39,8.19,37.45,2.04,5.79,16.34,49.38,2142.52,62.56
74.42,21.82,110.34,8.93,59.9,1.88,3.2,28.07,76.33,2956.63,61.8
151.96,87.15,97.97,5.15,31.6,0.26,2.62,31.92,67.74,2737.96,60.05
67.76,90.21,197.41,8.4,53.59,2.83,2.51,33.72,60.49,190.54,57.62
190.41,33.9,56.7,6.06,11.21,0.68,6.34,33.97,89.46,393.45,48.19
147.59,35.48,105.61,4.34,13.19,0.58,3.12,10.47,25.63,2996.56,56.25
119.49,57.96,136.46,3.52,37.47,1.54,0.23,43.59,62.09,1842.44,63.78
176.18,73.34,25.05,8.33,11.83,1.28,6.18,30.27,75.98,282.38,52.02
9.92,6.31,70.85,4.71,9.14,0.43,1.37,16.8,42.09,985.2,52.08
51.41,59.33,160.34,3.83,15.78,0.6,5.06,36.82,43.01,1147.37,52.71
93.01,95.28,47.35,6.73,48.31,3.47,0.33,11.89,59.89,216.47,77.95
45.4,26.21,98.66,5.75,56.01,2.6,3.16,15.78,47.27,1862.8,67.4
148.78,90.88,126.13,8.0,23.34,2.14,3.7,23.88,53.91,2841.82,63.98
183.84,95.02,134.23,4.2,58.61,1.13,7.79,29.71,75.28,2107.7,40.24
84.75,26.92,145.66,4.36,49.53,1.56,0.8,24.62,49.83,2575.53,65.07
68.43,75.42,173.2,6.13,17.44,2.24,6.04,20.63,22.2,2772.37,59.52
192.31,23.88,78.57,6.88,37.24,2.77,7.72,35.79,27.46,2943.9,60.61
88.97,73.76,141.33,8.86,59.0,3.32,2.29,10.24,60.46,2433.95,69.58
97.81,79.74,146.43,7.31,51.68,0.52,1.88,33.75,94.81,1548.96,63.49
70.33,24.72,60.05,9.37,24.98,0.75,7.62,43.25,42.83,210.58,53.16
181.91,71.59,193.63,4.92,21.85,2.03,3.97,15.27,21.91,158.98,57.02
113.79,81.21,173.04,7.38,50.06,3.29,6.6,39.95,85.11,2288.65,67.99
152.43,35.86,57.97,7.76,35.2,1.64,6.38,16.49,81.75,759.75,61.28
162.36,16.77,135.01,8.22,13.99,2.26,2.68,24.73,89.69,1222.69,60.87
68.37,9.2,143.56,9.93,23.03,1.1,1.58,44.13,57.29,2410.95,55.36
86.74,57.54,86.3,6.54,41.4,2.86,5.65,37.54,26.05,1849.32,80.62
169.69,97.81,172.75,5.9,13.42,2.16,4.06,22.58,31.82,2397.63,57.62
72.65,82.3,138.05,9.04,43.43,1.4,3.97,22.22,96.83,1655.29,54.34
158.79,43.58,131.63,4.65,44.05,1.94,4.42,21.27,88.48,611.94,63.98
188.2,53.66,44.17,3.74,19.89,2.46,0.3,22.69,68.54,2344.85,62.29
124.64,27.95,81.57,6.38,26.89,0.83,0.14,44.16,24.14,2115.04,73.11
148.33,16.31,86.78,5.11,56.45,1.26,2.58,21.93,25.33,1516.11,62.46
161.02,48.21,146.73,6.08,46.2,0.95,2.66,25.58,34.65,1670.47,65.16
169.01,46.35,123.68,9.91,48.33,3.36,5.78,17.42,72.7,168.18,57.44
79.01,52.19,17.17,5.77,33.39,0.25,2.67,32.36,97.82,2131.56,60.66
10.25,95.28,61.54,8.1,16.72,0.29,2.94,39.14,66.35,2239.22,44.77
80.38,60.39,94.61,5.13,37.52,1.31,4.44,20.01,87.04,1999.53,69.58
134.75,60.58,147.35,5.47,47.47,1.93,4.77,17.45,81.27,1340.16,66.04
90.07,12.8,148.71,5.08,5.21,1.22,2.73,25.8,40.97,74.94,55.75
149.79,99.65,98.11,7.22,11.26,3.01,4.51,33.97,66.64,1944.47,71.88
71.4,77.28,23.39,4.97,31.09,0.68,4.98,24.23,76.59,2270.89,54.34
126.95,87.72,58.58,8.17,29.05,1.34,2.16,15.17,45.78,1121.56,63.42
37.28,41.43,50.94,7.92,59.03,1.76,1.96,16.31,68.86,1228.47,61.42
149.87,50.21,156.21,6.24,10.07,0.79,7.13,20.06,30.35,511.39,56.75
109.14,52.21,36.0,3.67,22.8,1.09,5.21,39.21,84.06,1933.53,56.94
40.81,19.41,92.98,3.65,49.83,3.32,2.56,27.82,44.86,2328.58,64.67
58.38,68.95,134.14,6.96,38.68,1.87,4.45,30.57,44.38,1797.95,69.43
149.72,90.3,192.96,8.95,35.89,3.06,5.69,17.04,78.36,1930.9,53.28
96.52,16.37,199.85,7.39,45.77,1.02,0.28,32.91,82.76,2616.72,60.11
43.21,8.63,190.58,6.33,7.2,2.18,7.37,39.36,78.4,2752.98,49.34
193.45,73.82,143.65,9.23,57.11,2.7,5.77,17.0,46.61,2033.71,46.27
143.03,27.32,149.29,4.78,15.52,1.53,3.2,12.05,93.64,505.79,54.02
191.43,62.39,151.84,5.84,9.5,2.22,7.46,33.24,67.61,347.9,55.05
85.42,69.58,172.52,7.17,23.64,3.03,0.54,38.56,48.76,2509.7,74.89
95.02,32.19,190.36,5.4,43.63,0.58,6.06,33.95,47.73,1953.19,65.51
179.59,81.51,89.14,9.99,17.73,1.31,4.26,25.0,26.31,654.26,53.54
105.01,55.0,83.3,6.44,7.74,2.9,5.35,32.87,33.38,628.69,80.77
141.46,86.9,92.09,3.84,8.16,0.89,3.82,44.89,72.28,160.73,48.34
50.43,76.33,131.96,4.64,19.11,1.99,1.26,31.83,45.17,1518.06,73.01
89.35,86.86,155.09,6.96,12.44,1.59,2.16,28.48,40.63,358.81,69.31
24.69,2.02,174.11,7.08,25.48,2.36,3.76,28.89,20.41,1155.26,63.67
41.2,24.35,91.24,9.9,14.52,2.37,7.36,26.42,87.51,600.07,56.36
0.19,9.0,72.67,7.4,23.94,2.07,0.64,34.07,41.74,2186.66,65.22
7.85,44.21,196.67,7.83,29.45,3.32,0.93,39.57,44.57,15.72,67.31
195.46,89.0,46.38,4.89,45.84,0.7,1.31,35.23,99.52,1135.52,50.62
48.47,46.75,44.4,4.19,17.51,2.94,5.09,17.89,58.29,134.2,67.64
132.66,84.97,143.08,7.41,31.13,1.76,2.99,22.83,62.95,148.72,69.49
167.82,32.72,35.93,9.12,49.84,2.35,1.28,30.68,24.72,287.07,51.04
110.13,33.96,79.88,7.32,59.25,1.03,1.06,44.76,60.63,823.64,67.67
30.63,89.56,58.48,6.38,35.65,0.42,5.43,12.4,54.07,2349.62,48.37
145.62,42.58,33.74,7.26,28.78,2.74,3.75,16.6,89.61,1635.45,71.8
120.05,78.98,115.94,6.55,39.73,0.96,6.99,37.12,61.83,418.7,66.24
146.25,23.66,74.7,4.42,31.75,1.43,3.29,16.73,89.54,1171.23,64.8
153.95,94.88,92.45,8.32,14.06,0.26,5.28,33.54,80.38,2736.17,46.22
195.08,57.46,39.17,6.96,30.27,2.31,6.39,44.8,21.01,1262.71,55.96
114.71,75.93,153.57,6.1,58.85,2.44,7.63,32.43,97.84,2844.73,56.41
68.33,8.95,62.94,7.14,40.22,3.17,6.97,26.77,25.86,2757.61,59.93
129.69,49.27,68.54,5.07,20.59,3.13,6.22,39.14,22.8,1191.44,67.67
13.69,90.1,50.43,6.28,57.09,2.5,3.36,37.01,44.81,1945.67,55.95
179.48,87.7,86.88,7.55,26.37,1.2,7.86,34.88,53.94,2363.15,53.62
23.88,4.68,92.72,4.97,26.46,1.37,2.19,14.1,37.86,540.43,61.37
65.57,30.37,105.93,8.37,38.91,1.4,5.32,32.11,59.78,1590.75,64.09
163.15,44.33,193.51,6.89,36.29,0.54,1.13,10.46,97.43,309.43,59.9
119.46,17.23,180.94,9.1,20.97,3.32,4.89,11.98,64.44,1509.96,63.55
78.73,73.0,121.88,9.01,30.69,2.88,5.55,11.35,28.94,384.96,72.88
94.69,18.45,7.78,6.71,23.29,0.59,0.81,13.81,92.95,2324.17,59.61
170.91,34.66,122.45,4.77,45.58,3.32,2.43,25.14,28.8,1847.44,76.75
68.0,66.33,17.93,8.29,11.74,2.97,5.17,43.12,56.6,1942.33,59.02
173.93,48.21,142.07,6.22,46.26,3.22,4.86,12.62,56.94,737.18,73.41
17.63,73.86,78.02,7.37,13.86,1.07,5.38,35.25,78.26,1825.89,53.43
155.36,96.12,167.54,4.2,21.83,1.24,1.08,27.76,74.38,2246.83,53.53
169.51,11.65,188.51,7.61,23.33,1.7,4.17,19.65,69.32,931.39,58.44
36.36,70.96,83.42,5.93,59.47,0.86,7.43,21.09,70.92,2840.95,49.35
86.07,23.03,92.11,5.67,37.44,1.68,7.63,10.8,80.84,1129.12,66.71
33.1,41.45,118.03,9.87,47.77,0.13,1.1,34.51,33.78,1076.73,52.81
141.32,3.29,39.43,6.31,35.55,3.08,7.17,13.51,98.11,1155.49,59.43
107.07,13.59,185.47,7.91,59.07,0.65,4.65,11.21,63.65,2709.17,45.5
127.06,31.98,86.6,7.58,14.76,1.8,6.05,26.39,77.72,921.33,66.43
39.3,34.2,33.36,4.18,38.27,3.26,1.29,26.71,66.31,1840.91,76.46
42.35,89.96,152.55,8.36,48.86,2.89,5.93,32.92,90.03,791.76,54.61
8.3,74.18,43.83,5.6,39.57,2.74,0.66,34.73,66.98,2327.48,66.62
64.41,97.22,28.71,8.69,54.33,2.16,5.1,27.81,27.65,2965.39,53.26
111.95,59.91,112.57,7.45,38.04,1.58,5.38,34.78,89.9,2921.42,65.98
171.59,24.17,134.3,5.56,50.45,1.62,5.35,18.76,28.19,355.52,54.28
133.39,32.77,113.91,5.82,14.67,0.4,0.56,15.03,61.73,2433.91,67.08
87.08,31.98,131.3,8.25,19.41,0.32,3.14,42.6,36.15,1942.67,56.41
190.62,32.65,23.1,7.08,29.42,2.97,5.98,23.06,29.68,2269.3,66.33
143.85,67.3,95.2,7.84,51.84,1.49,6.39,13.15,29.78,1145.35,63.16
186.03,53.08,71.4,4.53,28.46,0.28,3.38,38.95,89.27,1042.87,56.28
105.52,38.54,194.67,8.62,39.51,2.35,1.38,31.46,47.66,1301.78,74.18
51.78,14.91,9.92,5.58,26.77,2.42,4.05,30.72,48.24,2990.92,64.54
10.57,2.21,59.66,7.53,49.31,0.87,5.24,14.64,74.82,487.8,44.89
145.22,21.88,188.37,4.25,16.02,1.5,7.37,36.51,86.54,2757.25,39.3
24.26,10.75,196.7,5.59,37.66,2.05,5.48,17.13,85.56,1614.61,47.67
60.56,78.54,164.98,7.72,36.78,2.13,6.6,11.47,71.82,1977.57,61.97
106.49,11.25,15.2,5.28,27.18,1.84,2.19,15.64,77.42,264.45,64.04
112.88,72.42,112.27,9.22,43.78,1.34,6.68,34.52,69.27,2484.41,56.6
120.12,38.57,80.02,7.8,6.57,0.33,4.93,37.69,86.55,268.47,60.18
33.25,7.34,161.29,9.16,51.28,0.18,4.44,18.63,47.57,2052.42,40.11
75.95,81.27,11.0,6.07,24.14,1.66,2.21,21.03,39.04,1909.9,66.99
123.44,57.96,39.43,3.72,48.62,0.79,1.71,15.7,35.73,2967.09,53.29
193.96,23.58,97.84,7.24,21.78,3.29,4.4,25.85,68.29,2629.27,67.61
145.53,89.47,31.53,5.7,15.33,2.28,7.14,17.7,38.97,1152.28,58.5
184.52,4.53,138.54,6.41,26.42,2.09,1.96,44.44,30.4,2717.16,64.02
152.44,20.18,164.15,7.93,48.86,1.48,2.3,36.84,97.16,235.19,52.51
118.34,75.2,140.9,8.05,43.69,1.22,7.59,30.9,50.24,820.66,60.92
38.4,70.94,88.06,3.68,27.06,0.71,0.31,35.25,91.53,2791.55,58.9
133.34,28.93,175.68,8.5,56.58,0.3,3.93,15.84,76.35,1592.73,53.55
124.68,6.2,27.54,6.71,27.48,2.26,4.28,36.03,47.88,910.94,73.92
120.49,85.81,52.07,7.12,24.29,2.75,5.44,22.12,31.37,559.53,70.75
97.96,31.37,97.91,5.44,12.96,3.02,1.63,26.43,87.33,1225.74,84.82
105.73,19.57,12.27,6.24,8.87,2.56,4.61,40.98,91.33,2782.5,63.51
66.89,51.61,19.14,8.12,24.24,3.15,0.96,43.05,34.62,2795.03,73.9
103.86,91.02,79.49,8.55,10.06,3.44,2.21,36.9,70.28,1857.04,71.1
39.51,4.35,188.78,6.02,30.44,3.37,0.22,36.87,65.03,267.27,75.46
161.03,76.58,181.68,7.99,52.3,2.11,3.68,36.06,94.27,1285.32,58.56
37.16,57.25,93.19,5.18,31.19,0.86,1.48,31.92,71.81,1674.71,67.79
16.99,42.54,28.43,8.91,31.43,0.46,0.86,16.84,41.66,2221.77,51.39
87.25,74.41,35.62,7.46,18.94,3.48,2.82,30.59,77.25,2737.55,72.36
131.66,96.58,75.51,8.54,14.15,1.15,0.73,11.98,62.24,2988.09,56.18
87.54,22.92,42.01,6.6,17.23,0.22,5.35,11.07,47.78,1233.84,57.93
55.35,14.36,16.6,4.99,36.24,1.43,1.69,39.33,68.61,2651.81,57.27
111.63,91.29,134.76,6.29,37.55,2.64,5.71,28.92,96.98,2482.33,70.31
69.4,66.9,116.29,5.98,17.11,3.13,6.73,10.57,85.39,1750.16,67.44
186.57,43.8,58.26,5.66,26.94,1.72,5.96,19.55,79.39,1705.95,58.63
184.53,57.33,155.79,4.88,36.28,1.1,6.13,33.9,26.11,2944.56,52.01
100.47,74.56,155.19,8.43,46.83,2.75,5.19,42.88,29.67,1127.7,66.16
65.58,77.3,98.2,4.06,22.59,1.81,3.07,39.54,68.98,1310.72,64.08
147.43,91.99,19.31,9.27,19.92,0.39,2.85,25.58,22.54,1507.59,46.18
7.34,42.68,183.69,4.64,45.18,3.12,4.59,19.99,71.41,2150.04,61.89
94.95,29.34,133.73,9.87,33.26,2.33,2.06,20.85,44.15,1572.1,67.6
67.26,63.97,49.41,9.93,52.12,0.23,2.82,35.68,32.88,1800.71,50.59
184.11,41.57,122.09,6.09,16.61,0.13,1.33,38.16,23.69,1148.35,64.78
2.4,59.46,81.0,9.92,47.4,0.4,6.26,22.79,36.92,188.93,45.72
110.56,42.0,127.07,9.15,13.91,2.89,5.91,31.8,75.67,1824.42,64.32
148.13,15.3,94.77,4.04,37.16,1.74,4.08,36.1,55.96,1859.73,58.33
97.0,46.94,97.09,9.66,20.6,1.24,3.02,39.6,22.62,922.82,63.66
17.08,69.09,147.18,3.78,10.56,0.95,5.6,32.43,25.53,1857.01,45.58
194.49,79.93,122.75,4.68,38.92,1.82,0.77,40.25,66.69,1853.75,60.23
103.6,49.33,15.99,7.3,32.87,0.38,0.48,19.85,86.98,1080.71,68.89
122.84,16.52,13.07,4.02,31.73,2.2,5.63,34.46,67.69,2191.25,61.35
47.32,41.47,61.0,4.55,37.59,1.39,4.45,24.07,50.81,1768.03,65.64
96.7,78.63,86.05,9.7,25.48,3.02,5.89,42.5,54.92,305.03,65.26
85.83,41.29,55.04,9.97,41.86,2.67,2.31,17.66,52.0,1409.46,67.43
14.98,69.65,130.29,8.69,12.2,0.16,0.96,37.56,91.75,2634.52,48.73
21.23,50.72,39.02,6.85,44.32,0.67,3.5,42.61,32.22,2294.85,54.93
167.49,24.12,140.83,9.35,36.89,1.71,3.47,33.89,50.53,424.03,56.33
47.96,79.62,154.63,4.23,31.76,2.34,6.1,37.62,44.66,2857.23,56.59
38.99,8.42,24.86,9.63,12.02,2.53,1.06,41.02,67.14,752.95,51.28
100.98,52.49,130.16,5.79,20.3,2.88,7.57,20.83,75.37,1039.97,84.92
153.75,20.89,192.29,9.1,21.24,0.27,0.54,14.36,61.39,617.22,49.39
12.39,6.71,38.56,7.84,17.86,0.16,2.57,42.78,99.32,2187.02,41.6
115.36,50.29,181.86,9.74,57.48,2.14,5.65,11.31,40.34,1675.61,51.29
23.84,49.96,121.21,9.12,55.36,2.56,5.77,26.96,21.48,1715.41,57.83
7.29,70.69,118.19,9.27,35.04,2.77,4.58,21.29,77.88,2076.61,64.93
10.55,74.48,10.38,7.61,16.31,0.63,0.66,29.41,39.58,1766.1,51.19
166.83,72.78,149.66,8.92,55.11,3.39,6.87,44.63,97.65,1021.74,53.82
23.59,40.96,95.65,8.42,46.22,0.88,5.11,11.6,84.29,2774.59,54.95
9.03,63.17,144.23,4.55,7.13,0.95,6.09,36.94,70.09,1731.22,43.47
87.58,57.69,161.84,7.72,31.99,0.62,3.15,10.86,76.35,2188.71,64.91
168.8,42.16,104.76,4.46,38.27,0.25,2.02,19.14,83.97,462.13,60.5
52.48,59.72,52.73,9.15,8.66,2.85,5.79,34.69,74.75,1084.83,64.92
84.34,94.72,28.31,3.93,7.74,0.12,6.54,19.62,45.13,2326.6,43.48
7.98,19.29,32.1,9.92,30.49,1.68,6.52,31.38,60.51,1011.69,49.76
89.82,90.58,173.39,6.1,5.11,0.41,5.77,43.84,45.14,2177.47,46.19
115.52,5.35,24.72,4.61,7.58,0.25,1.2,40.62,76.22,1473.74,54.05
114.18,30.84,76.94,9.58,14.08,3.28,1.85,39.27,20.67,2394.13,71.56
66.49,28.81,66.85,3.8,55.05,2.91,4.05,16.77,50.85,2221.2,64.89
63.11,62.64,173.09,6.56,47.15,1.44,4.11,19.51,32.68,758.34,64.94
21.32,13.12,95.54,8.51,29.77,1.66,3.96,37.57,95.95,449.81,57.23
73.36,88.23,199.29,5.56,31.36,3.05,6.63,35.57,77.54,1105.99,66.1
19.9,82.86,147.41,6.94,42.73,2.81,1.09,20.2,60.28,788.46,76.9
153.32,65.21,170.18,8.05,31.09,2.45,6.36,25.01,39.37,1061.09,70.96
193.25,45.84,19.73,9.69,8.52,1.92,0.28,32.7,21.54,202.79,48.75
194.01,93.3,50.62,4.17,45.63,2.17,2.65,28.39,80.46,1361.63,52.1
173.01,83.07,27.09,4.52,8.18,1.44,1.65,25.96,59.7,2002.6,58.29
120.16,49.93,92.72,6.81,31.74,1.9,4.26,13.5,27.16,1043.65,77.93
140.17,70.19,143.66,6.22,52.39,1.93,4.24,25.22,66.0,2051.04,69.43
57.04,56.69,33.81,6.17,11.46,3.04,4.1,44.73,23.2,2005.57,68.34
126.15,58.79,26.03,5.43,43.86,0.84,2.38,21.97,54.66,219.99,68.96
91.13,33.1,122.92,7.14,7.55,0.94,4.22,34.29,55.18,2443.82,61.81
96.4,46.21,46.06,9.24,59.62,0.82,5.68,27.7,89.09,327.23,55.55
151.56,7.81,95.87,4.55,42.51,2.07,3.21,37.82,98.99,1519.94,65.23
56.38,35.73,10.22,4.9,58.29,2.46,7.44,36.19,31.52,2670.03,58.19
63.61,69.58,136.12,7.86,41.75,0.91,0.64,43.05,76.17,2748.55,62.43
184.93,95.32,108.26,3.87,18.33,2.4,7.9,32.78,89.73,1198.1,49.91
11.24,96.31,129.48,7.88,55.95,2.24,6.11,43.17,54.41,0.11,47.92
97.13,55.57,55.08,5.54,39.47,1.19,4.79,11.45,46.13,1709.7,67.42
182.56,60.66,55.72,5.83,36.68,0.88,1.71,24.24,21.6,2989.38,64.09
122.07,18.57,160.27,6.14,28.6,3.1,5.06,33.63,65.08,2008.72,76.19
109.28,69.53,143.71,5.77,20.65,2.04,6.44,26.81,34.44,629.49,72.81
49.95,7.07,115.95,8.97,34.15,2.49,2.1,42.63,25.95,1617.26,62.57
68.66,28.47,125.63,9.65,25.13,3.25,0.42,14.92,20.33,1675.0,71.99
170.41,66.84,18.81,7.06,51.97,0.8,3.6,26.81,96.88,2268.95,53.57
111.84,31.03,171.23,7.28,6.58,1.29,2.51,39.97,88.64,2541.99,59.9
102.95,4.98,153.98,3.96,34.16,1.58,2.36,36.51,96.98,2535.37,54.14
19.92,83.19,118.1,8.14,51.01,0.89,5.83,37.69,95.34,2585.42,46.14
3.21,31.03,183.72,7.3,6.52,2.96,1.27,26.18,70.02,2681.19,64.65
192.74,6.31,33.73,3.83,20.53,0.38,5.24,21.84,68.49,1117.78,45.55
75.4,7.48,137.33,4.79,7.83,0.91,0.58,27.72,87.77,1136.98,62.3
120.64,25.18,192.6,4.81,37.73,0.75,7.37,17.04,95.73,1389.44,53.07
15.94,17.8,62.0,4.61,22.42,3.34,4.73,32.45,67.15,2126.27,61.1
136.62,77.43,3.06,7.78,57.79,2.23,7.45,37.53,29.59,67.93,49.49
186.51,32.17,146.97,9.53,38.9,2.54,6.96,12.51,30.53,1195.52,56.2
115.13,80.47,1.4,8.46,35.9,0.47,6.97,30.97,72.79,246.87,52.83
25.22,17.38,174.51,6.6,55.45,0.76,1.05,30.14,26.46,1963.59,55.34
116.34,49.29,11.26,6.13,17.3,2.85,5.6,19.24,68.93,911.12,77.65
153.27,68.8,130.55,6.01,35.92,2.03,3.26,44.84,97.11,193.11,70.12
81.28,65.2,75.44,7.41,34.85,0.25,3.73,27.49,20.26,326.91,67.37
175.97,60.11,40.67,5.83,9.52,2.02,2.3,41.08,34.86,2689.24,61.0
129.74,92.48,179.65,4.97,56.26,1.72,1.2,16.66,95.56,2549.84,52.93
179.85,22.85,149.25,7.42,43.51,0.62,2.52,36.21,59.11,2255.58,57.13
124.7,49.37,68.09,6.04,53.85,2.12,4.44,12.78,42.95,836.81,70.94
26.26,88.4,56.83,3.59,59.04,0.69,3.34,12.38,39.91,1493.45,42.49
61.94,7.79,147.2,3.64,31.38,2.86,5.66,16.72,89.11,2824.64,60.32
40.36,5.59,167.31,5.28,49.2,2.2,6.73,35.8,54.37,2614.56,51.03
181.77,23.33,143.17,6.83,36.77,3.06,1.76,44.89,70.85,2091.08,65.83
152.08,63.3,128.0,5.8,58.74,1.54,0.54,38.38,44.79,2385.57,67.22
135.28,25.99,45.58,3.66,18.6,1.84,7.93,24.86,63.6,63.49,55.65
60.19,19.02,170.56,4.95,5.76,2.69,7.07,32.53,83.68,2185.25,53.8
36.81,45.88,149.93,4.13,15.23,1.96,2.19,26.61,47.09,1440.98,64.73
151.29,61.36,103.45,9.67,12.04,2.04,1.38,18.66,51.83,566.77,65.51
94.83,24.86,102.32,5.53,29.03,1.98,7.61,31.56,55.46,2875.87,67.71
45.16,30.07,113.83,3.6,9.26,1.77,1.94,28.54,67.91,2610.52,58.35
123.32,61.36,165.66,7.79,17.11,2.84,1.85,28.82,44.34,2527.69,72.44
8.07,94.57,148.45,5.01,10.29,1.75,0.97,12.22,55.66,1226.59,50.12
65.23,67.47,171.25,7.18,31.77,3.16,2.37,14.24,63.83,666.84,81.82
93.71,78.29,101.46,4.48,19.67,2.85,6.74,27.49,48.37,1959.72,76.2
29.59,36.68,124.93,9.9,30.91,2.45,4.6,22.56,20.56,1499.07,61.83
196.93,27.23,170.91,9.81,9.89,3.16,0.83,24.88,41.59,2026.06,57.61
41.82,45.43,46.46,7.76,33.43,1.93,7.74,23.65,85.28,1237.38,65.72
26.07,80.71,88.8,8.1,12.15,2.89,4.36,34.9,42.68,2777.05,57.78
40.71,45.63,124.13,6.27,10.46,0.92,3.39,16.25,85.79,2875.77,63.32
153.81,84.67,183.03,9.75,22.05,0.35,6.3,42.97,52.72,2382.38,36.26
85.1,98.88,3.17,6.25,53.09,2.43,4.53,26.46,89.3,897.91,58.46
113.08,7.2,42.51,5.06,48.37,1.13,7.18,21.91,50.03,486.13,55.53
4.2,4.54,46.89,4.25,57.75,2.26,5.65,10.74,43.39,1315.12,45.12
6.89,14.96,65.32,4.85,30.31,0.36,5.38,22.43,39.01,1325.41,57.49
89.17,38.44,56.36,7.22,22.18,3.35,2.77,31.9,44.21,2473.11,77.68
163.33,13.1,118.03,5.09,58.4,1.85,7.92,37.9,35.87,62.97,48.72
177.05,87.07,177.12,7.75,26.0,0.13,5.25,35.62,80.04,271.93,45.39
17.34,2.31,127.4,5.98,5.5,1.72,3.59,30.06,98.55,1014.73,55.31
107.67,31.58,48.31,9.26,50.11,2.79,1.27,25.26,51.78,364.93,67.56
182.65,18.47,172.75,7.13,14.31,3.04,4.49,28.39,46.66,1143.81,62.7
77.59,93.15,126.41,7.55,44.49,1.67,5.36,43.66,71.01,635.37,61.24
165.91,66.95,43.79,7.12,5.83,0.53,3.03,43.81,54.44,2947.04,48.54
26.74,91.2,72.33,9.26,11.1,3.18,0.61,38.12,23.85,1558.86,66.84
187.08,97.23,157.99,3.91,31.6,3.44,6.41,15.84,47.55,1890.71,54.82
150.28,49.71,147.79,3.94,8.73,0.31,5.27,42.7,84.01,2462.03,53.49
188.27,23.43,115.32,8.06,53.87,0.37,5.51,32.68,25.49,1536.32,45.8
135.32,19.37,28.95,8.49,46.24,2.02,2.04,26.72,40.69,1346.09,58.34
72.68,22.29,160.66,6.32,23.05,1.92,1.13,29.65,97.99,1760.56,74.24
187.64,70.86,61.51,5.79,37.86,2.1,3.67,26.67,42.65,464.52,63.52
55.11,4.04,154.32,5.31,44.35,1.18,2.01,26.74,88.12,2435.44,55.43
66.43,5.14,129.51,5.02,46.55,0.27,6.27,25.09,91.93,1907.81,47.2
140.16,60.81,52.83,9.43,26.76,2.07,4.3,41.35,74.55,2804.47,57.25
153.06,64.21,42.47,5.42,54.43,0.61,1.14,25.95,57.95,2247.27,64.05
185.88,66.53,26.18,7.71,56.8,1.26,1.65,17.71,96.44,869.31,54.44
40.96,37.19,48.39,8.62,15.76,2.08,7.11,18.01,97.08,2466.68,53.71
159.6,80.59,31.57,3.64,55.12,0.81,5.09,14.61,70.9,292.73,41.92
147.71,53.36,123.41,3.72,44.2,1.94,3.26,29.4,79.64,350.82,67.7
12.76,10.55,119.76,5.67,53.85,2.53,5.79,21.37,90.45,2701.84,55.25
77.44,79.71,117.23,8.02,28.36,0.32,6.49,30.21,28.57,466.92,56.18
56.55,95.31,128.38,5.2,41.37,2.21,1.0,42.58,65.22,265.03,63.93
60.9,6.0,162.96,3.51,17.95,1.83,6.75,43.45,89.08,2927.77,44.3
196.59,39.14,182.71,5.37,46.31,0.43,7.58,20.7,93.05,1237.71,45.0
128.56,48.75,46.08,4.09,37.0,2.5,0.81,17.71,99.97,2236.16,63.12
143.54,14.65,117.55,4.93,31.45,1.16,2.66,11.94,78.63,2243.54,60.92
195.32,86.77,15.67,5.67,43.1,0.72,1.43,19.55,36.73,839.47,54.72
75.44,28.41,24.03,4.33,35.38,1.06,3.5,27.72,70.75,302.0,58.69
160.37,78.3,130.87,8.09,47.09,1.96,1.84,31.09,99.16,476.53,60.16
86.91,67.1,97.32,5.16,52.21,2.07,2.96,13.44,67.01,1202.9,75.14
173.91,59.8,151.67,7.8,49.03,0.68,2.01,18.59,50.85,2870.64,57.46
36.13,19.21,85.14,7.39,21.91,3.28,0.13,11.47,41.71,1146.94,75.2
189.54,22.07,25.52,9.34,58.69,1.22,0.25,37.17,47.92,2693.76,42.56
43.75,4.73,174.41,4.07,40.74,1.01,4.17,19.46,78.88,2420.41,43.11
65.24,24.07,16.58,4.89,22.79,0.73,4.16,29.92,36.83,1612.54,57.71
151.24,34.54,37.79,9.12,7.34,0.51,0.38,26.11,71.27,332.91,53.7
78.75,83.31,55.4,8.84,59.35,3.44,5.63,26.71,70.15,2166.95,68.04
121.64,36.64,199.06,4.75,37.95,2.39,0.31,33.3,41.13,2081.11,70.81
88.91,75.46,83.37,4.2,17.51,2.78,3.94,24.36,60.34,1389.5,77.32
148.47,43.94,100.34,9.07,32.01,1.47,3.22,18.74,89.32,1426.4,64.16
45.67,78.49,153.94,4.66,26.86,1.51,7.08,24.33,83.62,132.61,57.4
11.69,97.63,127.28,9.16,57.33,3.46,4.65,38.83,66.89,1086.79,53.66
59.99,23.98,168.28,9.75,32.1,0.78,6.6,29.67,73.38,1286.83,49.96
94.86,86.23,97.29,4.94,31.66,1.21,7.99,44.18,22.8,525.52,58.43
33.6,62.18,194.44,8.96,48.7,0.76,1.5,37.48,27.14,605.06,42.76
70.96,81.73,159.36,6.25,26.5,1.06,0.6,38.9,49.98,806.05,72.83
80.0,65.16,80.27,8.63,15.81,2.36,6.22,37.39,50.69,1527.49,60.82
11.48,42.39,76.25,6.15,47.26,1.15,5.09,25.48,43.83,221.47,61.53
116.66,22.81,185.9,3.96,55.06,3.08,5.11,38.12,72.05,1468.91,61.2
176.87,7.0,136.88,8.13,7.51,0.27,2.6,32.08,68.56,1076.84,53.87
30.35,53.55,124.29,4.48,52.29,1.31,0.91,17.9,74.76,1545.24,67.24
119.56,99.03,151.57,9.53,29.08,3.03,5.8,13.32,38.48,1657.34,62.86
132.95,73.8,112.17,6.22,20.9,2.21,4.39,27.46,20.22,2494.33,72.63
83.87,32.73,31.83,4.03,7.15,2.72,4.06,30.4,97.38,1103.43,68.27
140.22,82.72,63.84,4.99,16.3,1.2,5.91,22.23,81.81,2488.92,55.12
82.15,76.9,111.59,9.11,23.31,1.36,7.91,32.04,56.56,272.59,56.9
100.93,28.16,3.63,5.59,8.89,3.12,5.95,15.28,23.5,78.45,64.85
1.47,1.43,87.47,9.07,15.38,2.65,7.48,38.22,35.93,547.71,45.72
138.34,11.82,151.16,4.62,45.53,1.41,3.25,24.03,24.24,1675.05,56.21
132.27,87.73,32.85,6.54,42.78,0.83,7.19,35.41,58.18,2361.32,57.58
7.68,83.66,12.91,9.21,47.34,0.46,5.85,39.85,37.37,2891.48,33.0
73.65,29.52,167.21,3.81,14.09,3.03,3.04,18.36,63.09,805.79,64.69
195.81,28.52,123.45,5.48,7.37,2.47,4.12,29.09,24.96,992.5,61.7
84.15,79.29,35.32,9.41,30.77,2.16,1.7,14.37,76.87,759.36,66.5
100.39,93.77,161.26,7.38,23.85,2.74,0.74,11.49,28.06,934.94,72.55
181.99,77.91,131.63,8.16,47.72,3.21,3.79,11.4,44.76,1184.38,65.02
143.45,60.56,66.82,8.97,34.64,2.69,7.95,43.26,71.62,1844.61,60.46
116.41,24.27,75.24,6.9,56.21,1.53,6.98,11.57,28.61,1668.07,63.49
159.56,52.57,31.18,8.99,8.37,0.7,0.23,31.11,98.28,173.93,54.34
172.87,23.35,167.05,7.65,25.0,2.53,7.76,12.01,35.3,1580.3,52.03
91.38,80.8,101.8,7.96,27.29,0.94,3.8,35.01,22.89,2317.27,67.01
95.02,38.7,111.4,4.49,11.92,2.76,1.51,27.13,73.48,1983.69,78.93
77.21,83.37,176.7,9.6,37.07,1.25,7.33,17.29,50.52,1961.04,46.72
193.34,38.16,3.17,8.67,7.21,0.63,7.41,31.12,97.39,278.11,37.07
139.43,82.41,13.38,5.15,44.2,0.97,6.79,21.7,26.98,1552.85,51.02
16.64,33.33,32.32,7.27,7.06,1.01,5.01,15.3,48.4,789.46,50.74
172.59,44.01,6.01,5.95,53.04,1.39,1.97,35.89,67.47,2305.12,53.83
96.11,61.55,131.63,7.79,8.58,0.97,2.0,23.36,63.54,163.36,71.02
13.75,7.03,126.78,9.96,30.1,0.87,7.73,26.42,59.05,1827.23,47.24
109.94,94.82,42.16,3.8,13.55,1.43,2.3,11.35,50.71,406.31,58.59
83.43,57.36,29.88,9.69,12.32,3.05,3.44,29.73,86.78,1535.56,65.46
175.55,50.78,29.14,3.97,44.67,0.34,6.05,27.98,31.05,108.76,49.56
40.8,83.94,190.65,6.49,47.58,1.11,6.61,36.2,60.12,1521.99,50.14
165.29,86.58,138.7,6.63,45.66,2.01,3.35,26.73,65.8,1967.3,67.74
111.54,52.23,117.09,5.25,27.22,3.07,3.23,39.54,90.78,1034.4,83.55
10.92,92.73,64.5,7.18,59.49,1.07,2.92,22.18,42.6,2827.31,47.83
194.37,6.47,86.61,8.92,23.7,1.29,3.17,36.15,41.9,1287.18,52.03
102.52,11.32,17.88,5.41,18.49,2.81,6.09,18.46,84.79,911.63,62.84
58.18,59.68,199.63,3.96,59.81,1.37,0.59,40.21,42.15,2435.05,53.35
93.88,35.41,151.02,7.61,58.75,3.0,6.42,22.32,24.31,624.68,65.53
171.57,46.42,124.29,8.39,37.55,1.65,1.8,35.77,61.79,2399.14,64.44
60.98,32.81,117.55,9.7,16.5,2.03,1.38,38.15,80.72,2585.46,59.1
38.54,40.47,100.86,4.54,18.12,2.01,1.05,15.74,32.28,806.02,65.78
25.81,82.26,51.49,9.36,33.65,0.51,1.96,38.04,80.96,2038.98,48.11
59.57,59.35,45.28,6.63,47.69,1.31,6.69,20.14,48.36,1335.57,66.0
156.01,99.73,109.91,5.03,9.26,0.92,4.35,30.83,95.88,1700.65,53.7
94.33,78.69,14.04,9.76,42.82,2.42,2.22,28.26,26.96,1752.99,57.84
45.5,27.37,14.89,5.05,10.67,3.27,1.57,30.5,45.22,601.05,68.25
33.24,26.43,112.16,8.27,51.43,0.82,6.18,37.6,36.81,2569.59,49.84
66.55,33.59,183.96,8.6,34.27,0.41,4.09,39.1,91.75,2953.13,53.19
187.98,84.33,182.85,6.3,59.43,1.82,1.05,18.78,42.34,1551.1,54.66
68.61,2.73,2.17,7.98,46.41,1.43,3.06,16.62,41.25,386.04,57.29
197.62,23.02,21.48,7.22,32.35,0.22,3.62,12.93,76.38,2206.72,47.41
97.05,90.49,116.62,4.75,12.76,3.23,2.9,34.71,95.93,489.52,66.78
35.83,63.99,169.7,8.44,34.83,3.3,2.19,26.67,67.22,123.06,71.58
178.23,22.68,190.89,9.53,11.29,2.99,2.7,15.23,95.35,1409.93,55.18
92.07,21.91,172.12,6.68,54.78,1.05,5.94,26.91,72.64,2038.17,64.12
141.93,86.26,135.52,9.96,17.65,0.52,7.63,44.46,35.77,1493.21,39.3
196.74,89.38,40.11,6.28,52.6,2.11,0.3,29.52,79.56,580.39,59.16
10.04,25.61,14.52,6.62,21.71,1.06,5.05,40.52,43.72,1444.0,52.76
19.34,42.05,9.5,7.88,17.2,0.79,0.68,13.09,44.7,495.14,55.15
144.09,83.46,122.42,4.71,21.73,2.28,1.7,41.57,84.7,2737.17,65.4
56.37,77.1,7.24,9.36,43.92,2.65,4.4,29.53,40.7,1295.3,55.09
36.86,81.39,147.85,8.71,33.89,1.89,6.37,28.9,46.66,950.84,59.23
7.87,51.84,142.49,9.17,10.91,1.19,3.54,14.82,98.98,2358.46,49.65
4.37,91.15,15.92,7.46,12.54,1.84,7.05,25.99,33.6,1644.1,48.18
154.9,32.6,181.32,9.24,25.82,2.14,5.75,26.96,70.57,412.57,59.89
26.89,15.67,104.39,7.92,23.62,0.28,1.63,14.9,51.57,333.6,61.49
93.54,70.87,180.89,6.83,51.85,1.61,5.52,21.75,45.58,803.11,69.21
121.18,53.94,180.32,9.56,36.47,2.13,2.62,40.76,30.64,2294.26,59.9
85.67,85.46,39.41,6.36,15.27,0.54,6.16,11.17,62.6,1354.57,61.42
5.42,8.12,76.12,6.75,6.56,1.63,1.92,28.33,65.59,561.06,60.08
156.7,84.37,26.93,4.6,10.63,1.28,1.24,37.36,75.03,116.92,51.88
2.1,29.33,155.0,9.66,43.52,3.05,5.14,43.87,83.04,1114.35,51.05
152.38,65.49,100.82,4.94,51.59,1.76,4.97,33.03,53.02,705.44,60.15
178.66,4.01,185.76,4.81,48.04,1.55,4.63,11.41,63.09,2846.64,41.13
86.57,60.96,41.64,4.16,48.44,0.93,2.02,35.17,25.21,603.15,56.45
107.11,71.73,137.67,6.45,19.35,3.36,1.73,35.52,53.38,2108.86,83.95
95.4,36.88,197.85,5.28,59.4,3.37,7.31,28.8,30.56,687.2,67.49
77.84,21.54,133.08,8.32,9.75,1.35,4.31,23.22,20.06,193.55,54.35
177.48,53.76,13.75,5.5,50.16,3.26,3.31,25.39,24.78,32.08,62.76
178.79,83.32,117.68,8.19,10.32,2.2,6.57,43.08,21.98,800.18,47.46
67.16,32.35,35.97,4.77,19.71,2.76,0.5,41.06,51.38,2722.56,67.24
123.01,25.25,6.1,4.99,32.25,0.41,5.44,19.95,50.75,707.53,57.31
185.38,27.89,66.99,8.74,7.93,0.17,1.26,12.59,35.92,1658.21,48.21
192.41,94.91,53.22,5.91,26.68,1.85,1.89,36.07,57.22,724.71,66.81
101.79,35.93,157.75,4.23,24.26,0.36,5.15,28.65,26.36,2140.52,54.57
90.56,0.36,74.74,9.75,40.59,3.13,2.31,32.41,43.35,2302.32,60.97
55.74,78.17,146.59,4.65,44.49,2.89,6.25,43.04,23.64,625.34,56.05
191.77,69.93,3.25,4.48,9.98,2.53,4.2,43.0,20.54,155.58,46.34
28.56,12.86,2.96,5.83,7.09,0.21,2.65,39.06,66.96,394.42,50.79
115.97,98.49,5.86,4.12,47.67,1.66,6.93,19.27,77.38,1473.72,52.62
56.51,60.81,43.87,4.51,34.04,0.37,5.07,38.05,40.69,1211.84,55.89
55.8,50.08,74.8,9.0,34.41,3.26,3.43,39.65,75.42,306.8,74.16
80.99,38.22,121.57,4.61,58.94,2.18,3.68,10.03,70.23,348.23,63.4
199.76,89.87,197.18,4.22,29.08,0.63,2.22,24.3,82.04,1675.56,46.6
10.99,24.4,70.88,9.22,15.79,2.01,0.96,20.96,36.43,2978.07,55.87
115.71,28.58,11.13,6.38,42.44,0.5,2.49,39.54,58.47,2779.96,57.21
16.51,12.24,38.98,4.52,49.86,0.6,2.19,13.77,36.87,2659.13,41.53
30.9,75.91,179.57,7.28,32.63,0.38,2.75,31.78,89.65,227.98,60.13
87.91,59.55,139.88,3.77,43.05,3.06,3.81,27.82,71.64,340.73,72.55
102.09,60.91,158.04,6.28,33.27,1.96,0.6,42.38,26.82,2129.14,78.32
51.76,21.85,24.83,7.34,27.4,1.21,0.94,26.6,49.27,2665.19,63.62
63.29,65.12,27.0,9.72,6.89,0.1,5.86,12.69,23.07,902.65,41.49
17.39,76.55,22.45,5.62,14.56,1.7,1.55,41.13,98.78,1494.17,60.74
60.64,35.79,171.43,8.47,31.39,1.84,2.78,31.04,85.87,1172.54,63.82
193.31,80.13,41.99,4.36,26.81,1.24,5.13,33.39,48.24,409.7,51.22
188.94,34.88,128.63,6.32,51.36,1.75,7.82,35.2,50.75,1260.47,62.16
66.98,75.81,103.23,4.95,10.96,0.44,1.15,38.97,49.56,1267.64,59.7
114.17,3.37,108.88,6.7,7.76,3.24,6.08,35.86,72.6,1910.86,68.88
181.92,55.12,39.09,6.21,9.79,0.98,3.98,19.0,47.85,2254.94,56.0
1.24,96.95,127.05,9.87,42.3,3.32,0.84,43.53,36.99,2358.27,53.17
162.14,98.12,8.62,9.46,37.7,1.78,1.43,15.09,41.44,492.38,50.44
189.67,28.18,198.69,7.28,39.77,3.01,5.58,24.5,83.65,1841.46,59.4
18.27,44.14,5.35,4.65,13.63,2.06,7.05,28.64,28.23,692.74,53.09
32.29,6.3,10.03,7.12,33.4,2.97,0.2,11.88,54.41,2323.95,65.53
192.15,87.33,64.93,8.65,47.22,0.13,1.86,14.36,51.66,1481.91,46.77
107.51,56.86,166.33,3.75,42.61,0.73,2.93,16.61,64.56,1071.28,64.76
2.84,38.51,51.44,6.32,29.13,1.3,7.91,40.46,24.85,2623.66,54.12
51.53,11.28,94.39,3.78,10.69,1.11,5.25,31.05,22.68,2597.88,50.94
89.99,94.68,3.6,5.09,52.89,3.32,2.95,13.53,75.57,2778.11,62.53
138.58,53.02,15.78,4.1,33.94,1.44,1.69,35.65,61.85,1721.89,61.59
146.63,28.29,121.59,9.74,53.93,3.41,1.89,25.97,29.7,2027.03,64.79
199.08,35.02,38.87,4.6,29.13,2.31,0.49,15.57,50.81,1288.31,63.12
57.5,27.07,138.85,4.48,18.04,2.94,7.96,29.65,61.92,2702.21,61.51
107.64,60.18,157.08,9.82,21.91,1.44,7.86,23.46,48.26,1461.21,61.89
106.66,93.0,170.07,6.85,28.0,0.75,0.19,32.69,29.12,2212.51,63.46
81.13,85.67,26.76,8.43,38.78,0.27,2.24,44.31,32.04,2529.85,48.93
33.83,46.04,91.1,5.63,47.29,2.33,0.26,35.47,39.63,1291.88,76.64
195.49,82.65,189.42,6.96,18.35,3.4,2.48,27.94,20.1,2515.92,61.52
170.66,42.31,154.42,3.54,15.32,0.5,7.22,31.44,78.3,2660.49,40.56
99.67,25.23,23.39,6.16,16.15,2.72,7.01,37.09,74.93,31.61,63.1
120.65,98.34,100.5,7.11,56.4,1.34,5.51,18.05,90.5,1311.9,60.7
45.45,30.39,184.48,6.84,14.02,3.48,7.9,14.73,29.16,2867.71,60.65
108.76,32.37,88.01,6.14,24.02,3.06,5.99,30.16,69.25,164.6,81.92
138.99,98.97,167.48,8.62,31.72,0.88,2.01,36.1,77.76,1322.19,59.78
103.03,13.39,99.17,6.76,35.59,2.7,6.7,24.78,68.57,2441.46,76.18
198.06,76.05,21.36,7.63,52.19,2.6,4.11,16.78,48.46,1450.04,57.92
122.27,93.58,29.57,4.7,11.21,2.7,4.08,32.33,46.09,2187.9,61.71
74.19,51.18,9.34,9.1,10.94,0.38,6.68,33.69,31.07,2578.8,46.27
154.43,0.25,39.06,5.86,22.4,2.85,4.32,37.6,97.71,609.34,67.05
34.09,37.51,178.72,6.63,27.73,0.99,2.69,30.52,28.88,634.1,54.94
76.9,11.16,130.04,5.79,25.56,2.11,7.44,22.81,74.6,2238.68,60.98
69.39,41.62,147.77,9.3,26.55,0.49,0.68,17.67,90.83,1071.74,61.31
86.36,79.0,124.33,9.35,51.83,2.0,5.3,11.49,92.01,896.21,58.71
156.36,43.87,77.31,4.96,51.02,3.18,6.3,24.03,93.95,1838.17,72.89
96.83,43.19,43.37,8.39,49.3,0.7,0.5,36.96,72.78,2901.66,61.6
158.8,55.68,185.12,4.17,46.54,3.01,1.95,36.35,30.44,547.02,63.6
115.3,58.17,102.97,3.69,7.22,1.58,1.86,42.97,61.6,2144.13,63.35
68.41,85.63,96.22,8.94,13.22,1.2,7.13,10.63,55.07,2012.16,55.77
162.0,30.84,199.22,4.35,45.27,0.29,5.24,16.18,73.74,2270.88,42.07
47.66,82.17,76.79,4.51,37.72,1.9,1.81,33.14,56.68,1612.07,65.51
44.88,56.59,170.83,7.44,42.07,0.78,7.29,28.96,85.77,2315.03,50.95
100.9,30.05,172.47,8.81,44.43,3.3,2.03,35.13,52.96,18.68,68.54
52.17,29.51,46.53,4.73,55.13,0.91,5.33,23.6,80.3,1735.46,50.56
1.82,36.11,18.97,4.24,39.93,2.1,3.67,22.35,96.12,398.84,52.1
129.66,62.27,195.12,4.0,20.16,2.0,0.87,34.46,78.15,1853.87,62.32
102.22,23.08,85.18,3.66,9.57,1.25,6.05,24.3,81.03,2249.61,58.83
89.1,92.03,0.44,4.26,28.76,3.0,2.69,19.07,76.87,1321.81,74.08
193.39,57.49,99.8,9.63,44.04,0.72,2.94,20.56,87.24,2025.98,55.42
114.24,92.0,123.86,4.12,20.5,2.88,1.8,17.68,43.34,2899.77,68.93
172.69,4.64,155.22,7.38,11.6,0.81,6.45,10.39,99.37,2859.58,37.08
27.89,34.26,188.59,9.49,59.93,0.23,1.36,34.22,83.67,895.34,40.23
113.84,2.28,183.03,7.58,28.04,3.31,1.82,35.72,80.63,610.8,72.52
173.6,27.23,188.03,3.71,16.9,2.27,3.31,37.71,27.16,1936.36,54.87
116.62,86.2,6.43,7.38,14.05,2.24,1.28,16.28,46.65,1445.98,67.11
143.6,3.66,142.35,9.37,52.45,1.0,0.99,41.99,40.27,286.29,50.1
74.41,43.61,45.17,5.6,50.08,0.57,4.22,21.59,28.95,313.75,56.86
18.49,11.76,37.51,5.54,38.73,2.5,7.63,41.31,93.12,905.39,51.33
91.58,41.68,160.06,5.12,35.1,1.86,6.43,19.53,68.81,2996.79,64.97
78.9,83.89,83.43,6.79,57.33,1.18,1.5,11.47,91.76,1011.48,59.82
173.41,62.31,183.32,5.05,17.55,1.18,4.74,28.13,62.59,261.9,57.25
48.8,73.68,8.49,8.2,27.85,3.12,6.37,28.56,92.86,1053.61,67.08
193.35,34.91,160.44,7.69,6.36,3.12,1.25,41.53,94.09,645.96,63.49
191.63,94.44,27.37,6.11,28.02,1.03,0.75,33.45,72.19,1066.59,55.23
49.53,70.93,35.32,8.2,26.13,2.8,7.14,38.92,60.08,1530.24,62.65
69.61,42.18,95.47,4.14,57.22,0.87,2.04,39.86,37.73,2801.64,54.02
179.11,42.65,79.12,8.37,24.7,2.85,4.03,27.07,93.13,86.33,65.14
193.32,91.87,97.23,7.42,50.91,0.53,1.75,41.79,82.37,2247.38,42.68
88.69,57.64,188.01,7.6,47.16,2.68,0.48,35.33,46.84,47.67,74.37
64.2,70.64,131.48,3.92,13.1,1.99,4.15,13.83,73.39,313.19,62.93
105.22,41.7,58.06,7.52,57.95,0.5,3.54,18.72,68.89,1238.48,57.36
137.55,22.37,34.58,6.71,39.7,2.19,5.84,13.6,28.61,2550.3,59.19
54.69,72.36,84.01,6.66,37.81,0.75,6.87,30.42,94.49,1705.75,63.9
147.29,60.78,90.33,5.59,5.64,0.76,1.22,17.81,20.47,1931.93,63.0
10.33,50.13,120.26,3.55,43.46,1.62,1.46,42.98,86.25,144.17,54.91
9.86,62.4,53.2,6.25,8.06,3.38,7.61,41.27,60.91,2496.9,59.0
77.26,20.83,153.5,6.11,15.2,3.13,3.4,37.83,86.06,989.05,74.94
70.69,79.39,19.69,6.25,10.42,2.91,7.63,40.71,64.45,508.34,59.01
63.13,94.82,112.09,7.48,25.8,2.99,2.77,39.49,32.26,129.88,72.52
98.2,89.11,124.71,5.45,48.76,1.79,2.85,16.14,57.9,2592.59,67.11
64.15,32.14,41.37,5.25,43.91,1.37,5.69,13.19,90.31,1236.87,59.34
38.45,40.6,165.2,6.74,10.87,3.11,0.87,34.44,38.37,2284.8,77.04
61.89,80.84,123.09,7.35,48.92,0.37,3.36,21.98,29.58,1608.94,60.3
194.98,59.51,129.14,7.19,30.35,3.49,3.11,31.91,53.16,1724.57,75.05
82.22,54.79,99.55,9.23,6.79,1.98,0.38,32.19,84.88,2885.87,65.54
88.94,92.66,181.92,8.5,17.31,1.94,2.57,40.02,76.44,2000.51,57.74
115.31,53.6,138.79,3.84,48.19,1.09,3.25,15.66,99.74,1775.39,64.49
196.67,51.49,76.37,7.16,45.33,0.68,0.56,40.98,90.42,1667.34,64.42
48.32,4.2,47.72,6.22,15.36,2.41,0.26,21.36,33.71,1612.53,69.5
136.26,6.94,14.21,5.85,7.09,1.33,4.84,41.18,83.04,2891.1,56.07
143.2,0.74,33.07,9.73,21.24,1.13,1.73,17.13,77.45,1032.4,50.77
121.46,91.32,198.54,6.47,48.72,0.65,2.96,15.6,35.64,97.33,57.91
17.72,40.84,81.35,8.18,56.61,1.92,0.73,31.55,82.43,316.02,63.04
135.37,46.86,179.74,9.79,36.51,2.1,0.9,41.64,39.41,2384.25,57.94
12.82,84.54,34.11,4.48,10.01,1.61,1.32,27.04,56.44,2765.19,53.72
119.23,60.92,85.07,3.86,32.61,0.14,0.34,12.89,42.19,211.55,60.67
147.92,60.95,192.1,5.54,59.93,1.77,6.12,40.46,56.1,283.62,57.19
42.19,29.65,18.23,3.79,56.63,1.02,7.26,27.41,44.16,290.57,44.51
168.32,83.39,118.8,4.26,59.63,0.57,4.22,27.69,72.73,535.2,48.41
6.07,16.58,183.83,9.95,43.47,2.06,6.55,17.56,84.17,364.18,41.12
168.76,5.31,189.94,9.74,28.43,2.38,1.17,16.95,21.49,1114.8,56.31
92.07,19.16,169.2,7.99,54.12,1.86,3.65,31.34,52.21,1208.09,57.8
43.52,26.77,171.19,8.39,54.23,2.19,1.23,25.07,31.64,1569.59,63.82
26.76,28.23,130.44,4.41,12.94,2.16,7.96,15.17,21.55,2362.42,50.04
190.66,67.05,44.08,7.37,47.65,0.52,0.56,44.2,98.65,1747.99,49.7
14.53,21.78,146.14,4.5,55.56,0.83,3.61,11.64,73.9,263.29,43.88
39.82,67.67,195.68,5.96,54.42,0.13,0.99,11.52,56.18,2419.15,53.09
69.56,9.11,105.19,5.74,43.88,3.44,0.64,44.25,54.48,2241.67,72.91
124.05,14.72,52.14,7.49,34.55,0.82,5.91,17.75,87.27,2300.53,57.39
108.96,50.88,114.69,4.02,47.72,2.87,0.73,10.49,65.66,1718.01,80.83
25.13,92.19,138.12,4.17,33.39,2.76,0.29,23.91,79.92,1259.42,64.93
57.95,85.96,41.66,7.46,22.67,2.5,7.6,17.65,93.63,510.68,56.07
47.75,96.88,143.84,7.63,19.24,1.63,1.56,38.2,90.69,2844.36,56.21
42.71,65.05,117.49,5.71,34.74,2.09,6.77,18.87,27.6,2606.94,61.98
82.23,67.58,122.47,4.45,30.08,0.73,7.63,38.6,58.88,747.52,63.77
140.81,62.5,61.2,9.26,33.85,0.46,6.04,28.58,70.68,966.66,54.06
43.49,62.28,31.05,3.84,19.34,1.3,0.92,38.18,57.06,185.35,53.31
73.34,14.71,124.69,8.16,37.48,2.91,1.45,31.49,43.21,2236.06,75.48
78.18,54.37,117.25,4.41,41.41,2.02,1.52,36.45,93.32,1975.59,68.64
195.29,38.61,67.6,7.64,49.38,2.7,5.27,26.07,91.89,2363.62,65.16
190.93,44.25,59.18,7.81,37.45,3.13,1.52,24.74,87.35,311.84,69.88
160.03,52.36,69.45,8.73,46.58,2.01,0.34,25.9,94.67,326.47,61.09
48.33,12.84,97.98,6.07,14.32,1.35,3.72,36.01,79.44,2552.38,58.23
13.61,35.95,194.96,3.64,11.66,3.01,4.75,25.48,51.18,2062.83,46.96
63.38,6.34,152.71,8.77,14.88,0.88,3.74,20.21,59.81,901.68,46.9
53.36,97.97,170.35,6.39,51.54,0.18,3.96,38.37,85.92,1337.58,51.55
101.19,11.85,101.13,9.01,35.59,0.27,3.71,24.52,92.85,1256.56,64.79
155.55,25.85,105.22,8.54,30.04,2.08,2.2,25.65,73.64,1451.04,75.23
171.66,89.13,40.86,6.74,46.92,3.13,7.65,12.88,66.49,1128.45,62.56
168.97,48.27,144.21,10.0,11.82,2.02,6.72,22.83,91.42,2869.57,52.51
71.94,13.56,84.32,6.5,5.34,1.49,2.65,38.79,80.0,1047.65,65.64
137.45,38.42,148.49,8.03,22.1,2.06,0.41,33.37,93.06,1167.77,73.31
62.57,11.59,81.81,7.85,18.69,2.38,6.88,14.61,90.64,2543.63,54.3
12.18,20.02,21.7,6.87,21.9,2.68,5.96,26.42,46.3,29.45,59.73
140.31,5.2,34.61,7.3,58.55,1.28,0.74,42.39,30.48,2344.02,57.48
1.97,43.82,162.31,8.69,36.23,1.42,5.61,18.09,76.17,701.62,51.55
81.84,80.66,51.72,7.22,37.4,0.18,3.68,38.88,94.7,1759.89,58.61
65.88,58.6,52.87,6.43,41.06,2.31,1.13,29.75,92.76,782.63,81.35
138.68,60.63,185.87,7.8,26.87,2.74,5.83,22.49,93.6,2616.2,66.45
153.25,20.06,131.53,3.73,58.84,1.84,2.91,44.0,89.69,2773.91,43.76
60.82,34.39,22.86,4.21,58.53,1.38,7.29,35.24,55.07,548.62,52.16
162.33,84.52,28.72,4.32,47.31,1.23,0.44,21.1,94.92,2649.85,56.13
58.78,8.79,54.47,6.27,16.64,2.29,7.5,16.82,70.97,402.06,59.64
89.27,85.79,118.8,9.17,53.41,1.22,0.8,40.74,86.43,1318.38,63.66
145.4,48.37,150.57,7.68,10.55,2.14,0.39,30.7,43.93,54.7,70.53
138.58,83.71,54.9,9.82,39.64,3.25,4.7,11.28,60.0,1177.58,62.58
197.47,31.8,174.13,3.76,30.15,1.22,4.92,24.97,29.4,245.67,45.07
45.03,33.88,21.84,8.19,7.16,0.33,1.66,25.53,32.34,1973.5,56.16
132.46,75.16,41.52,5.54,54.71,3.07,7.02,37.14,84.58,2019.52,63.58
121.94,78.5,194.09,3.65,57.86,1.03,6.44,18.34,95.51,352.59,46.29
183.02,22.96,26.95,8.87,54.91,3.46,2.33,26.02,62.21,2403.79,60.65
31.27,97.29,177.62,4.56,15.59,2.96,3.6,12.79,58.86,660.06,57.62
150.36,8.45,140.79,4.89,23.31,1.55,6.29,14.33,95.38,899.66,53.95
113.65,6.85,14.62,5.71,57.57,2.24,6.68,37.79,86.5,336.12,58.69
54.93,59.55,96.74,8.62,10.85,1.04,6.39,28.33,34.62,2506.19,50.64
94.89,72.27,103.8,7.56,37.08,0.39,2.22,23.51,23.35,1494.02,74.76
66.76,96.09,186.43,5.22,31.7,1.89,6.15,19.32,96.02,2563.95,56.67
115.86,40.49,84.22,4.6,13.35,1.54,5.1,43.73,63.23,1275.77,61.29
177.8,2.53,89.35,4.21,53.76,3.4,4.26,26.39,71.71,1175.53,59.67
113.86,60.29,22.5,4.47,12.38,2.13,7.71,29.72,62.47,1377.76,60.84
126.34,28.97,127.83,9.14,37.6,2.64,4.82,44.45,79.09,1457.73,68.51
103.75,43.29,42.18,9.5,22.5,0.56,6.96,36.35,91.8,1151.56,54.47
10.23,48.85,15.51,9.79,27.99,2.56,6.04,23.22,99.5,1386.01,57.35
46.57,6.45,199.38,8.93,16.62,0.29,0.46,29.48,49.09,1441.11,54.49
98.4,48.6,53.93,9.27,39.36,2.18,2.21,23.83,61.56,2972.31,72.05
62.05,42.63,28.21,8.8,59.38,2.95,4.91,29.38,90.68,1892.03,58.63
36.35,71.25,139.9,9.73,50.84,1.74,3.56,32.64,54.85,2567.37,51.03
100.83,64.57,164.34,9.0,42.58,0.83,7.65,44.14,48.72,1465.46,50.45
64.56,18.52,12.82,6.5,46.6,1.61,4.71,35.61,97.52,1757.93,59.23
51.62,20.61,21.08,5.6,51.16,2.96,7.44,34.4,78.55,101.42,54.31
92.8,25.1,18.03,7.3,30.99,2.53,1.73,13.39,60.56,858.09,72.99
26.66,17.9,9.39,7.45,36.19,2.16,7.19,21.18,83.67,2404.58,56.14
185.55,65.72,131.89,7.24,54.25,2.46,4.34,19.83,45.52,1012.8,61.81
173.54,99.44,117.66,8.09,43.28,2.94,1.79,13.52,67.14,2174.23,63.38
141.52,65.21,132.56,8.04,12.48,0.62,3.18,40.51,76.86,86.95,52.56
21.24,60.67,101.13,4.07,47.87,2.96,7.75,38.46,77.28,1673.41,62.37
155.18,40.99,163.5,5.36,6.25,2.84,7.68,37.66,35.66,2965.5,56.61
161.59,31.26,109.33,9.28,51.61,1.72,0.27,16.18,99.58,2142.17,62.6
153.55,91.11,183.75,7.34,48.36,1.47,2.53,30.99,80.32,2098.4,56.1
22.79,96.9,97.13,5.64,50.69,3.27,7.2,28.46,79.44,1447.51,60.82
128.78,49.68,158.13,9.03,6.3,2.89,0.36,31.44,66.87,847.34,69.21
166.86,29.02,81.47,5.12,58.48,3.46,7.66,37.55,47.43,1241.2,61.14
115.47,77.01,87.04,6.16,38.78,2.28,3.17,13.29,59.09,1544.4,78.14
129.28,13.25,169.8,5.3,49.0,0.21,1.01,16.69,54.07,2143.2,54.92
91.67,76.56,21.53,9.16,36.16,0.62,2.48,19.84,29.16,489.97,57.82
105.74,81.89,112.98,8.23,23.69,2.89,6.48,26.47,93.98,1108.03,70.99
6.88,12.49,145.27,6.49,21.29,2.27,7.99,30.5,60.61,2570.45,57.04
127.79,97.69,150.08,9.56,8.85,0.77,1.16,20.68,23.45,27.96,53.95
16.29,98.55,118.3,9.53,34.84,0.14,5.14,13.84,53.56,2463.37,40.23
87.0,93.67,89.61,8.12,12.9,0.99,7.41,27.75,53.65,161.91,54.41
58.53,49.6,52.16,9.3,36.21,0.57,7.21,12.08,26.93,2327.74,52.25
109.09,24.61,181.89,8.18,39.37,3.08,3.13,22.73,35.67,2969.78,60.44
26.68,58.2,73.96,7.58,29.31,3.1,6.94,11.55,26.22,2239.4,71.13
138.33,41.99,159.8,6.24,13.6,2.96,1.61,17.66,32.82,1602.68,75.77
159.0,20.59,6.33,5.28,28.8,0.42,5.09,13.86,29.16,394.58,50.54
32.67,42.37,46.43,3.89,53.33,0.56,4.82,25.62,92.19,172.55,45.54
20.86,66.39,69.12,8.71,30.19,0.56,6.28,18.24,82.08,1210.1,56.16
29.1,7.09,134.31,4.29,23.85,0.98,1.91,11.92,89.83,1235.34,52.35
175.43,33.34,63.87,6.17,39.64,0.35,5.07,20.44,31.08,704.42,59.11
105.64,1.78,8.27,5.03,39.04,3.44,4.92,41.24,73.54,1200.87,68.79
93.45,74.95,34.77,6.46,9.98,3.01,0.77,39.48,92.14,868.44,79.42
21.34,64.07,51.83,5.55,18.01,0.34,2.71,40.9,96.27,168.46,54.06
129.91,6.27,35.21,8.89,32.19,0.59,1.74,23.71,24.67,1344.6,57.03
173.6,96.47,40.74,9.86,25.15,0.99,8.0,40.76,50.33,1452.19,47.57
165.64,2.26,153.79,9.62,22.6,2.74,7.93,43.3,49.08,2102.2,45.53
125.21,59.0,82.41,7.55,29.51,2.53,2.09,43.53,34.97,1651.62,77.16
15.06,77.64,81.04,9.87,20.97,2.24,6.49,14.35,32.35,2710.28,43.28
22.48,78.79,193.32,6.1,24.11,3.2,6.55,38.82,49.68,1053.3,62.06
9.86,3.43,89.34,6.9,47.55,0.22,7.49,21.78,76.94,665.78,48.14
51.5,90.64,185.53,5.17,33.06,0.65,1.12,25.74,78.45,204.28,57.49
27.13,91.85,59.81,9.34,53.01,0.75,5.37,32.95,66.18,1160.45,43.18
52.01,56.14,80.13,4.67,57.17,0.3,1.73,36.52,82.87,154.86,55.98
77.01,48.21,79.26,7.47,55.71,2.2,5.3,41.49,76.31,1448.01,71.93
188.6,4.49,109.22,8.7,18.95,0.81,6.99,43.52,83.64,2682.89,35.7
122.08,56.2,116.85,7.37,31.01,1.74,0.74,36.95,97.99,1611.19,82.98
166.99,40.94,49.63,4.01,34.43,2.43,5.13,18.41,66.36,1967.54,63.35
142.07,77.28,158.72,7.47,51.87,2.12,4.35,27.79,81.32,2639.54,61.56
22.5,40.39,99.31,8.49,35.75,1.09,1.49,22.1,86.67,403.25,61.65
147.18,68.36,1.41,4.72,18.9,1.51,1.98,40.28,93.03,1653.47,58.65
55.02,10.14,118.27,8.29,35.11,1.26,4.21,27.34,63.62,1081.34,62.79
127.82,13.3,159.61,9.21,7.44,3.0,6.9,39.98,93.51,1757.14,56.66
68.19,13.97,50.09,9.91,50.88,1.53,5.43,44.1,63.12,388.78,50.59
199.53,4.55,7.57,6.17,36.13,0.31,0.32,20.07,75.45,1078.26,53.56
52.71,54.13,161.44,3.66,40.84,2.21,1.1,11.02,47.85,2115.73,59.97
55.83,79.4,195.26,6.22,16.05,0.77,7.07,17.5,98.8,1716.35,50.18
186.13,61.04,15.31,7.79,35.7,1.25,5.26,32.39,37.39,2229.33,52.9
4.93,57.5,187.61,9.29,34.19,1.21,0.24,38.32,40.64,1342.43,56.78
139.34,68.06,71.85,9.6,39.08,0.35,4.81,36.19,40.14,507.86,51.17
145.07,33.96,188.29,9.41,51.61,3.33,1.43,38.1,53.68,689.77,57.12
167.28,36.2,129.77,7.78,47.05,1.96,7.37,42.36,81.44,2306.44,50.29
194.89,31.43,178.05,7.94,35.08,0.63,1.07,17.85,98.74,1054.71,54.91
195.12,71.21,157.17,3.52,54.14,1.99,0.71,11.75,69.41,1222.55,54.56
13.06,16.16,5.6,5.86,24.71,1.64,5.19,21.49,69.4,2496.57,52.73
164.37,1.3,13.09,9.39,32.09,1.27,6.36,39.88,62.21,656.26,40.35
129.26,59.62,105.15,7.98,40.72,1.71,2.26,35.47,92.16,2442.61,71.49
129.47,94.24,25.92,6.54,29.24,2.38,2.48,11.16,46.54,355.89,63.51
25.67,60.94,92.21,4.18,24.88,0.78,2.92,15.41,35.19,437.38,61.34
130.04,78.29,190.93,5.1,11.18,1.93,6.15,42.54,38.31,1066.55,58.9
196.5,67.28,58.95,7.11,39.97,2.86,2.17,27.37,88.8,2460.18,71.14
182.36,49.74,97.78,9.33,15.59,0.86,0.8,32.4,33.57,2173.34,59.45
87.83,71.84,76.85,4.12,12.6,1.85,2.54,13.3,59.96,2292.3,66.63
7.99,82.41,125.97,4.5,15.02,3.38,7.73,30.19,45.74,564.66,60.43
72.46,22.47,38.77,7.76,42.87,2.82,3.53,39.61,34.67,2930.71,65.44
165.28,33.61,51.99,5.41,12.61,2.12,4.52,41.59,65.77,286.23,56.28
140.3,22.37,171.75,4.6,58.69,2.65,6.12,25.77,88.41,321.53,56.6
91.87,45.22,162.27,4.66,46.72,1.89,4.51,30.54,45.57,1078.49,65.38
11.02,88.51,157.84,6.7,26.6,3.45,5.29,35.54,29.58,1589.38,67.72
85.38,34.52,154.18,7.29,37.63,0.68,7.05,23.96,69.84,2257.59,62.28
93.8,37.45,91.89,9.38,5.42,2.55,3.05,20.23,79.18,1983.3,64.84
185.71,86.04,145.78,6.94,51.45,0.12,0.98,13.12,64.72,2662.24,54.82
128.22,51.54,77.44,7.99,19.92,0.53,0.85,16.84,29.4,1797.13,73.97
62.33,53.54,20.14,4.67,8.95,2.55,6.28,44.39,20.37,218.28,53.25
105.06,86.08,78.67,8.14,46.7,2.68,5.27,40.49,26.9,1407.91,63.48
13.21,49.05,31.73,7.72,23.13,0.23,4.58,22.13,93.82,2314.93,49.0
194.51,68.16,78.17,4.91,36.21,1.24,7.45,39.06,66.2,1448.88,48.47
72.01,8.56,59.49,7.85,51.42,0.5,5.05,36.77,49.83,382.35,53.66
95.57,17.86,119.83,4.87,47.68,3.13,0.48,43.86,34.65,2099.32,73.48
71.06,40.44,72.31,7.36,23.53,1.64,3.8,11.38,75.92,2187.5,66.44
136.5,49.48,141.12,7.85,52.78,1.6,1.8,30.27,81.14,2284.49,67.32
132.45,96.57,102.43,8.01,26.39,2.9,5.01,34.53,84.6,1033.47,66.7
143.06,97.07,183.9,9.41,32.5,2.46,1.58,39.03,21.47,2053.85,57.91
53.63,85.12,18.21,9.66,38.69,3.24,5.2,38.09,81.6,2211.02,58.5
63.13,31.56,137.54,8.77,8.9,3.29,7.08,19.68,32.79,1160.78,65.83
25.05,96.4,134.48,9.21,37.84,1.16,0.71,34.62,83.73,1249.6,55.48
131.1,68.93,190.13,3.63,36.76,2.3,2.15,38.34,32.09,1477.69,60.12
7.96,39.29,74.31,5.86,53.04,1.94,5.42,28.06,39.59,1831.99,62.87
119.54,70.17,61.09,3.76,24.45,2.13,5.72,27.54,82.23,907.71,70.91
173.94,1.65,34.48,4.96,18.32,2.23,4.74,25.44,70.33,489.09,57.29
178.17,14.62,53.06,5.98,31.21,0.3,1.2,17.27,22.79,739.63,57.04
89.81,82.97,100.38,9.14,42.8,3.14,2.02,39.17,33.26,1604.65,69.62
91.86,64.56,167.54,6.83,35.9,0.58,7.27,27.58,38.48,2241.29,62.9
15.39,36.42,56.86,7.72,12.6,1.54,6.57,14.71,87.46,2621.15,54.22
134.15,50.07,31.55,5.86,24.13,1.09,7.61,42.0,69.12,2690.81,62.65
164.25,90.51,54.43,7.42,8.51,1.98,3.33,39.57,34.75,1722.25,57.83
48.93,63.16,20.19,8.8,45.66,3.37,3.57,24.8,40.42,2593.38,64.96
84.26,39.81,185.34,5.46,53.56,1.5,2.15,37.36,56.39,783.91,63.85
167.77,12.03,174.52,9.56,7.51,2.15,4.24,15.82,26.7,1324.62,48.92
175.42,29.37,61.7,4.89,33.9,0.58,6.66,44.02,53.04,660.83,50.63
48.64,97.83,49.4,9.48,36.13,1.67,2.06,12.98,83.46,410.64,53.95
110.11,43.74,181.08,3.68,29.14,3.21,1.21,40.86,51.64,2004.48,69.92
38.5,47.18,0.35,7.03,32.65,3.27,6.03,44.93,82.86,705.88,64.91
20.38,49.86,120.12,9.9,44.07,1.96,5.58,20.15,69.97,1695.59,59.24
182.22,88.41,183.2,7.46,31.6,2.71,6.65,38.41,52.35,216.4,52.51
164.1,60.39,101.71,7.11,55.58,0.11,6.04,41.99,91.47,495.73,53.07
152.01,69.37,0.59,7.94,34.75,1.91,3.41,43.34,55.32,919.46,62.21
9.75,38.94,43.77,5.38,8.95,2.59,1.34,35.23,78.79,1185.69,63.02
168.75,2.91,184.49,3.85,57.43,1.22,5.74,31.7,83.96,764.35,37.24
87.61,93.1,3.4,5.13,13.07,3.16,7.04,13.66,93.27,2169.03,54.64
68.48,94.91,78.96,4.65,48.15,2.75,1.31,26.42,42.21,185.72,68.18
109.3,94.92,157.95,9.5,33.98,2.72,4.2,23.8,36.09,1667.26,67.55
18.27,94.37,167.62,9.04,45.75,0.17,2.7,10.77,55.85,82.45,43.19
151.33,81.52,95.52,5.57,33.24,0.73,4.2,19.99,90.02,2715.65,68.02
116.49,68.46,46.5,8.93,8.24,2.53,0.35,36.02,46.36,1889.35,69.3
37.32,84.45,119.94,4.88,25.62,2.01,2.89,20.65,41.87,2051.95,62.14
37.65,60.05,52.76,4.8,39.14,2.07,3.93,11.17,22.85,2103.4,57.18
36.85,13.44,51.05,8.49,39.59,0.15,1.29,36.96,76.04,1610.8,52.68
11.4,39.12,161.52,5.63,58.52,1.6,3.32,38.29,75.98,335.57,50.35
117.56,97.13,30.85,3.92,38.35,2.77,1.49,10.95,86.75,1259.01,60.1
168.07,35.11,1.1,8.18,20.75,2.36,1.8,39.26,59.67,2247.1,58.17
3.5,86.78,67.36,9.93,7.39,2.05,7.82,37.89,91.23,2946.71,37.31
9.8,9.32,98.19,7.18,48.36,2.47,4.85,31.73,26.88,924.58,59.81
114.55,33.42,141.02,5.21,53.91,2.99,3.18,11.56,65.05,1913.31,71.48
163.9,35.1,156.22,5.92,38.75,2.99,4.22,43.04,58.15,2948.65,64.54
65.35,5.16,132.7,7.72,31.53,1.65,3.13,13.51,91.8,1723.07,58.98
69.92,11.91,125.3,8.06,52.35,1.15,4.85,35.18,92.66,2414.37,57.7
119.27,19.32,133.15,9.26,18.22,1.35,0.1,36.73,98.11,1773.2,64.58
54.84,83.78,54.31,9.41,26.93,1.87,1.97,43.15,48.18,1300.59,64.82
5.32,6.34,76.47,9.1,32.92,0.4,7.91,43.16,50.38,2028.75,42.11
147.05,29.87,123.29,7.72,7.72,2.11,0.99,19.76,35.42,2588.96,66.44
125.13,1.02,13.11,6.42,42.87,1.64,0.72,18.12,79.42,2347.84,64.14
116.15,69.56,59.07,7.92,15.37,2.68,4.0,24.38,86.66,2630.23,73.03
148.34,62.03,81.28,7.83,23.32,1.03,2.4,42.74,88.17,2854.49,60.51
135.05,64.5,106.69,4.92,27.8,0.33,4.32,35.34,99.23,2235.97,61.94
41.18,37.44,97.3,6.8,40.12,3.14,7.69,41.92,64.97,2514.91,67.45
70.5,20.83,143.63,4.85,8.6,0.33,1.1,17.62,37.15,789.61,59.23
25.22,72.03,94.69,9.34,23.75,3.25,3.58,12.38,68.1,472.78,67.1
25.97,81.11,180.83,5.6,20.09,1.79,6.09,10.87,49.01,1155.2,56.96
135.24,13.86,76.06,8.74,5.08,0.29,1.37,12.49,46.7,931.19,53.4
171.72,48.68,105.07,5.95,43.04,0.53,5.73,39.44,76.03,1242.14,60.39
192.55,24.87,0.64,8.46,17.98,1.91,3.26,40.52,36.25,424.39,51.87
125.67,16.81,62.1,4.94,14.15,0.15,5.0,42.1,63.6,1261.63,55.31
36.82,73.43,173.31,8.46,48.89,3.21,4.25,24.3,31.29,2460.4,60.09
21.13,53.81,66.72,4.67,7.16,2.81,3.66,26.31,91.27,152.76,65.96
162.57,21.62,50.64,6.69,54.51,1.82,3.88,16.67,27.1,763.17,57.82
115.75,31.0,108.71,4.24,42.78,3.25,1.26,25.44,94.56,1186.06,74.48
123.66,96.67,15.75,6.93,14.45,0.98,3.53,15.47,99.97,1741.7,62.0
156.29,84.87,106.32,8.83,24.26,3.0,6.05,31.62,38.84,1305.82,60.33
140.66,87.99,60.73,8.41,57.25,2.84,7.18,10.57,27.42,101.26,56.6
166.89,46.0,76.62,3.83,39.04,2.08,5.05,24.99,22.53,1914.06,64.35
11.24,62.38,158.27,6.7,38.48,1.18,6.64,44.47,31.66,2137.67,56.23
149.5,37.68,132.39,9.04,40.92,2.0,4.11,44.81,93.22,344.34,58.87
170.17,7.77,89.22,7.73,30.45,3.35,1.81,37.07,78.4,42.08,71.33
57.23,40.11,115.5,3.88,14.2,0.39,5.82,20.46,27.37,1661.99,53.05
128.09,59.4,153.37,5.62,13.3,0.78,5.64,16.96,96.91,2600.49,60.63
62.83,28.71,149.16,7.12,42.8,2.29,0.16,11.27,72.4,2245.86,70.1
191.59,84.8,37.06,4.62,53.62,2.41,3.89,24.64,94.38,1505.66,49.28
6.68,15.11,60.18,7.93,21.51,0.66,7.5,26.12,77.07,1050.7,48.65
115.96,36.71,69.65,7.63,32.69,2.84,7.88,12.81,50.05,76.03,69.2
33.3,12.49,37.51,4.82,59.57,3.26,3.71,40.37,25.39,2350.12,56.02
142.44,40.48,2.43,7.08,19.14,0.37,5.8,32.76,21.31,681.07,55.96
35.18,3.97,34.79,8.78,26.46,3.41,0.24,23.3,68.78,2963.91,59.69
47.08,27.25,161.65,5.94,24.99,1.06,2.22,39.93,60.22,215.82,56.34
98.87,40.07,109.18,5.11,6.79,1.15,5.8,24.42,66.39,2665.92,66.77
182.97,47.82,68.33,8.06,33.02,0.25,5.26,39.68,97.11,740.92,49.31
42.34,54.37,121.67,3.96,16.48,1.79,5.32,27.35,92.27,2703.99,59.56
28.85,27.5,147.97,8.91,12.07,3.35,5.6,32.24,48.55,1308.29,58.84
151.8,52.3,70.89,9.63,44.07,0.65,3.49,13.82,45.48,693.01,50.82
100.12,50.9,93.21,9.77,47.12,2.06,7.51,19.03,42.72,321.46,69.69
182.36,31.62,12.84,6.31,53.89,1.03,2.99,32.82,95.25,375.31,52.75
29.32,83.02,119.42,7.55,56.38,0.16,7.23,24.37,92.66,2826.15,48.1
129.19,54.56,71.28,9.07,52.8,3.46,0.58,14.66,94.96,850.62,65.12
46.58,33.23,86.7,4.95,11.74,2.54,6.81,15.4,38.54,2916.23,60.82
31.35,94.73,84.52,3.68,17.3,2.6,2.5,34.78,57.59,2495.8,54.43
136.69,84.51,126.48,6.0,11.74,2.35,5.31,33.97,48.41,2217.25,68.05
118.74,98.26,114.49,9.25,24.44,0.59,0.53,35.23,45.83,2154.93,56.79
150.97,69.22,84.42,6.78,11.82,0.8,0.73,35.25,27.71,2671.03,60.18
61.89,37.82,3.39,6.95,40.93,1.41,0.55,43.64,87.23,677.24,60.92
89.59,28.09,124.19,7.99,44.42,3.48,3.93,43.97,43.77,2711.05,71.96
81.09,66.33,175.92,7.23,13.78,2.39,3.39,25.19,48.1,1346.71,68.21
196.82,98.08,153.91,3.85,39.19,1.6,2.62,37.2,68.48,2260.01,44.98
58.45,62.67,196.32,7.15,6.26,1.75,3.62,35.81,94.09,2368.93,60.95
58.96,88.16,27.82,7.71,28.89,3.24,2.58,16.06,77.93,2513.32,70.19
70.91,32.91,44.5,7.67,20.69,0.77,6.98,37.35,71.43,1349.4,62.37
112.92,40.7,107.85,8.23,59.92,1.19,4.55,39.52,27.66,758.21,60.0
50.46,90.63,47.18,6.88,55.75,1.36,2.55,11.32,69.89,2603.18,61.0
183.06,75.69,6.91,9.35,13.12,3.15,3.69,28.35,41.3,187.88,52.71
53.14,98.14,80.46,6.52,55.46,2.74,6.95,18.72,71.16,1726.56,67.04
179.16,77.48,57.53,6.87,28.03,2.11,3.33,42.67,46.19,2299.74,61.73
20.7,44.85,52.75,8.57,36.72,1.17,3.47,12.95,26.13,2629.26,50.7
131.31,53.11,190.63,8.92,34.36,0.79,2.77,33.06,87.57,361.19,57.08
181.4,90.05,47.69,7.71,44.94,1.22,2.16,32.71,64.38,1397.04,57.63
33.75,55.16,25.89,4.32,23.42,3.26,3.83,14.23,42.49,2076.8,59.42
193.67,25.54,25.06,5.66,8.83,3.19,5.92,36.78,48.58,2723.31,56.29
90.58,43.56,161.26,3.63,27.97,1.53,3.01,19.49,69.43,1892.34,64.67
189.14,51.63,142.97,5.42,34.95,1.21,1.89,34.23,74.36,715.67,65.94
135.36,9.67,25.9,7.21,35.52,3.11,5.31,18.74,58.95,411.65,68.11
60.32,74.38,43.95,8.73,48.59,1.62,6.49,23.73,62.06,1225.89,59.82
37.66,10.94,149.47,7.31,7.43,0.23,0.27,21.54,28.53,511.36,56.72
60.75,40.49,54.92,3.76,59.35,1.28,5.1,31.14,31.76,2105.67,52.28
18.6,80.46,196.31,5.18,59.48,2.16,7.22,31.78,36.81,1581.27,47.24
28.77,46.76,108.11,7.26,10.45,3.31,0.8,28.25,62.43,734.83,82.83
20.93,84.2,38.4,8.11,23.92,1.54,7.2,15.22,53.59,1855.21,51.52
84.59,34.19,171.76,9.13,37.47,0.92,1.03,32.59,65.67,283.73,58.56
159.12,95.76,63.9,9.79,25.53,1.41,7.97,18.37,33.83,1890.72,42.7
28.28,20.95,57.76,9.3,31.82,0.29,4.14,24.97,97.44,2002.87,51.66
26.06,3.83,65.49,6.54,22.93,3.16,5.87,44.47,69.21,50.61,64.4
128.69,87.24,153.64,8.36,44.17,0.21,0.6,39.59,30.25,2012.9,57.82
39.44,75.22,34.64,5.06,25.02,0.1,0.91,19.63,49.62,968.43,63.51
19.52,23.2,76.36,3.91,28.64,2.19,7.71,17.65,98.42,142.04,54.55
33.37,98.47,6.17,3.86,36.67,0.62,7.91,29.88,97.31,1276.22,38.16
184.75,50.23,165.33,5.07,58.31,1.11,2.29,13.05,25.61,1076.4,55.66
164.29,95.11,68.14,3.74,40.3,1.77,2.8,26.8,86.47,2107.3,58.55
70.81,50.5,49.63,9.03,10.33,2.79,0.18,25.93,71.35,2082.36,68.14
131.16,47.19,115.98,6.68,22.54,1.42,7.65,44.79,34.81,1300.12,66.42
107.46,44.91,141.0,8.77,28.08,3.35,7.35,11.11,86.66,1971.29,61.8
135.42,33.49,162.58,9.61,45.71,1.64,1.02,40.66,71.17,2567.01,57.47
136.53,53.37,69.56,9.96,29.58,3.23,2.98,42.7,29.06,172.91,71.35
125.75,45.26,162.46,9.59,41.25,1.64,7.74,32.67,87.84,449.12,56.7
53.22,3.67,92.98,8.16,51.17,1.85,1.09,28.91,80.73,1402.65,59.68
7.8,26.04,20.23,6.37,10.74,3.36,7.0,15.03,20.59,2524.34,53.89
91.11,21.31,169.26,7.39,47.12,2.39,1.69,33.91,40.36,1518.89,71.41
178.19,86.74,109.53,8.81,46.01,0.61,0.64,36.06,41.55,548.59,55.07
113.9,59.89,120.49,9.33,50.08,2.14,1.22,34.15,56.75,2841.62,70.46
166.48,76.37,187.5,9.72,57.58,0.87,5.71,12.79,38.43,672.13,39.55
198.32,95.68,111.83,8.25,22.03,1.15,1.18,37.52,86.22,2484.32,48.54
32.72,64.4,1.12,7.01,28.6,2.95,0.13,18.0,76.15,2998.0,69.62
138.36,98.26,174.12,9.79,19.45,2.42,6.23,19.19,22.41,1831.44,49.18
134.86,31.18,56.95,9.73,22.99,1.08,5.28,23.7,76.56,579.69,56.93
195.99,18.63,100.35,6.6,23.14,0.12,7.04,33.17,96.1,1496.61,55.84
197.12,40.33,40.98,7.72,52.84,1.91,4.66,29.79,59.52,2038.11,52.02
137.34,47.08,59.4,8.76,8.46,0.95,0.46,34.64,34.57,415.73,61.98
48.72,89.54,137.33,6.32,16.15,0.2,0.27,33.05,90.43,2930.15,53.73
159.71,55.99,85.91,8.89,38.58,0.32,6.3,34.53,72.75,2871.92,51.52
21.41,29.22,125.43,4.22,47.09,2.39,7.13,20.42,54.24,1517.83,62.23
156.14,74.26,164.72,6.63,43.36,1.51,6.42,33.97,52.97,2447.93,59.37
182.04,50.58,68.16,6.64,7.56,0.99,3.05,37.87,42.57,2971.42,54.03
76.57,16.21,113.67,7.95,29.96,3.09,5.33,11.93,28.5,2006.17,73.55
126.13,57.68,155.52,4.26,15.15,2.91,0.71,42.95,89.77,1763.16,65.71
86.03,91.14,143.02,4.17,59.35,1.69,5.77,11.68,98.65,1825.29,55.1
87.55,84.26,107.97,9.35,59.94,1.04,2.07,36.41,95.68,1598.26,53.57
62.07,58.68,76.68,5.47,7.8,1.82,7.48,32.58,33.54,2714.71,56.12
152.43,37.71,81.5,5.62,41.72,2.66,2.77,21.12,53.52,415.54,79.72
187.24,8.7,86.63,8.55,49.72,0.14,2.78,26.73,43.35,1444.0,49.82
188.15,46.96,69.77,6.2,22.86,2.18,2.36,42.13,47.44,45.28,66.67
34.96,75.21,139.82,8.91,43.15,2.51,5.1,39.88,45.85,2672.63,55.33
174.95,36.03,25.08,6.11,15.32,2.88,0.87,22.8,94.35,938.64,67.43
147.49,23.54,193.49,8.44,12.04,0.84,0.52,23.59,95.76,1418.65,56.85
50.57,93.14,155.8,6.91,55.89,0.79,5.6,17.53,23.24,1916.37,52.43
13.46,82.16,59.63,9.58,40.34,0.83,7.57,24.77,62.88,364.97,38.63
53.6,63.83,8.51,5.63,49.93,3.27,5.98,32.94,72.95,2256.53,67.17
182.44,13.68,142.26,5.86,34.3,0.58,2.07,25.81,39.66,1522.79,58.7
126.64,14.49,146.87,9.8,13.51,2.7,2.96,35.37,24.91,199.44,57.29
144.21,10.32,192.72,8.29,25.72,3.45,1.71,38.24,26.01,456.05,62.91
51.43,61.63,50.74,8.52,53.49,3.32,5.5,21.2,79.03,1779.71,68.39
143.88,11.56,16.55,5.42,5.86,1.49,1.98,33.05,49.21,1296.07,59.22
5.62,84.26,183.03,6.96,16.39,2.95,4.61,29.02,65.13,2727.36,59.57
75.06,99.3,51.73,5.54,18.93,2.38,6.73,13.61,45.33,1995.38,61.28
125.35,36.63,144.31,5.19,19.46,3.05,4.18,20.14,85.2,1785.05,74.29
29.22,45.37,12.13,6.98,10.42,0.65,4.79,14.29,27.47,2172.19,54.65
164.6,71.17,152.12,9.92,51.65,2.7,7.75,38.13,21.23,1541.8,50.35
47.01,93.72,25.41,4.9,13.77,2.09,2.62,34.49,55.3,1442.72,59.26
130.46,89.41,139.12,5.08,50.63,1.94,6.4,38.11,52.29,2936.03,56.84
81.04,5.76,106.47,5.08,24.53,2.58,5.53,32.45,21.34,2697.7,66.88
119.21,16.91,191.1,8.65,30.15,1.03,0.99,28.15,86.33,536.16,55.24
21.49,75.46,7.38,6.82,30.46,0.35,7.92,26.64,63.05,611.18,47.83
3.38,68.89,58.41,6.0,44.22,1.81,5.55,21.76,87.25,793.67,62.73
181.91,13.32,13.9,8.98,45.22,1.13,0.21,40.65,56.61,2190.87,48.18
53.93,50.21,175.84,5.43,40.24,0.97,5.81,26.31,69.57,2807.66,58.69
163.94,78.08,118.78,6.05,47.56,3.49,1.16,17.5,22.23,376.06,70.69
199.87,21.88,106.99,3.98,5.46,0.77,2.42,36.15,82.69,2985.12,46.91
42.29,87.13,26.29,4.27,32.76,0.9,2.85,21.81,25.01,972.47,53.7
53.03,5.3,97.81,4.39,33.82,1.24,2.55,17.82,41.82,1032.14,55.99
132.57,78.22,79.74,5.76,18.16,1.79,5.98,37.69,57.56,1599.9,59.65
193.09,61.58,63.15,6.91,35.6,3.05,6.05,25.66,40.14,289.83,69.79
183.16,31.52,154.44,3.5,30.69,0.7,4.27,17.11,24.72,2769.65,43.83
100.58,72.09,12.26,4.73,30.97,2.19,4.58,33.53,76.38,58.2,62.53
159.02,78.24,129.34,4.64,11.51,1.35,2.58,38.59,51.59,21.2,55.58
27.15,93.39,164.6,5.15,28.94,2.81,0.28,24.0,79.19,2911.54,67.03
195.49,36.78,181.46,4.58,47.15,2.15,2.88,18.15,39.13,1205.59,60.41
192.87,68.6,149.18,4.77,27.55,2.8,0.17,10.85,57.83,743.55,67.65
32.75,60.26,56.49,9.9,31.81,3.01,6.93,40.39,48.37,828.85,60.62
59.88,52.52,120.1,7.37,58.21,3.2,5.16,25.67,54.81,1480.81,70.55
20.03,89.04,28.28,8.46,52.95,3.49,7.84,41.08,97.83,2684.31,50.1
54.34,0.32,23.41,8.83,56.08,2.2,1.55,34.66,51.94,2240.75,46.93
163.19,28.21,127.72,7.84,9.27,2.27,5.3,27.3,61.19,519.68,64.39
75.66,53.83,170.22,8.08,39.02,0.58,1.58,34.46,96.77,1026.53,61.38
17.68,17.83,13.45,7.61,17.29,0.46,5.15,20.89,23.95,1272.78,47.74
68.45,90.79,21.2,7.72,27.23,1.76,3.99,16.91,45.49,2967.26,57.94
196.28,64.76,113.12,9.53,42.39,2.46,5.35,15.27,36.32,2336.96,52.36
125.94,47.79,43.64,4.71,36.84,0.94,5.83,42.1,56.16,1470.22,59.8
83.23,81.47,122.36,5.29,32.82,1.21,4.23,36.05,29.51,742.47,70.87
33.31,45.09,42.91,4.11,49.79,2.48,4.0,42.76,56.84,468.44,60.96
197.24,55.87,23.3,8.94,42.54,0.82,0.65,36.73,43.29,513.5,53.1
164.17,0.28,109.11,6.42,50.16,1.87,2.97,23.52,97.44,999.24,64.56
56.3,36.57,172.44,9.4,56.26,1.93,2.49,42.83,32.79,1582.87,54.1
14.01,13.88,137.02,6.18,44.16,3.22,5.04,30.58,57.16,511.67,64.64
11.33,68.97,163.75,6.38,26.75,1.47,2.28,42.73,74.86,2205.14,62.21
24.08,47.9,53.27,6.41,16.7,0.82,1.94,17.41,68.24,2806.58,62.83
116.15,30.18,177.2,7.48,19.9,0.69,6.8,23.04,46.5,1582.04,61.88
185.75,46.78,75.41,8.48,26.81,1.1,6.64,23.13,41.34,1096.08,57.76
99.35,20.96,170.49,5.78,45.71,1.05,2.7,10.2,52.82,2096.89,66.37
168.59,92.51,94.24,7.6,7.21,2.65,0.78,34.22,25.6,2071.66,64.72
89.18,5.4,53.57,4.83,49.79,2.12,4.03,41.43,47.32,2448.5,58.21
141.72,86.54,52.05,7.1,46.7,2.42,3.66,42.13,67.8,2799.28,64.27
146.37,51.14,113.53,7.05,32.47,2.24,6.97,37.9,99.09,1025.81,76.04
34.79,61.89,15.8,9.28,26.98,1.74,4.42,18.9,70.57,390.18,55.86
72.24,30.26,186.01,9.32,11.2,3.26,7.55,23.48,95.73,2716.86,55.26
127.46,96.67,54.29,6.67,20.93,2.88,3.92,21.59,20.43,550.35,72.79
14.14,28.19,67.12,3.66,11.03,0.82,5.37,25.73,81.85,1062.55,47.4
72.31,58.89,46.66,8.99,50.04,1.54,3.89,25.96,57.12,1264.99,60.12
106.96,99.34,0.6,3.5,33.01,1.08,2.64,41.17,69.46,2579.3,48.46
199.24,88.11,138.51,6.61,18.57,2.64,0.32,13.66,48.67,1752.89,71.47
94.91,53.63,118.11,3.63,5.99,1.27,6.37,36.51,43.52,1793.51,56.86
163.21,99.04,161.93,5.79,33.82,2.28,7.23,30.1,48.12,2311.5,59.03
86.41,70.14,8.2,7.64,46.36,1.09,5.9,34.07,67.88,2994.58,50.27
159.28,20.87,185.73,5.91,47.16,0.68,2.25,41.27,69.41,2893.21,48.34
119.08,40.56,66.18,9.52,16.79,0.13,6.55,42.94,64.17,391.93,53.09
177.32,33.45,182.61,7.66,59.73,3.48,4.94,10.37,52.56,2953.65,56.73
82.19,34.4,21.43,7.7,36.28,0.85,5.5,39.88,82.64,2173.1,58.28
120.86,76.05,148.78,5.93,23.26,2.93,0.62,16.36,83.75,1908.77,74.07
126.0,58.43,115.87,3.75,26.6,2.9,4.7,15.44,77.73,1189.53,72.62
83.48,3.81,71.64,8.3,11.84,0.9,4.53,41.81,33.8,2976.5,51.28
28.86,87.74,15.83,8.16,32.13,1.51,5.33,42.94,49.5,946.56,52.09
18.71,29.68,120.95,6.95,46.43,2.94,6.2,23.86,92.82,2844.9,61.85
3.33,99.71,5.29,6.21,27.52,2.45,3.3,12.14,57.34,1067.81,62.16
174.71,95.42,100.26,7.0,52.68,1.36,1.32,38.49,61.77,426.02,58.42
47.29,94.05,120.84,8.35,31.22,3.33,7.4,39.62,85.66,1888.44,61.57
42.3,81.11,146.5,8.13,54.53,1.26,6.23,17.34,95.08,2636.73,41.87
147.21,22.06,198.27,7.78,43.68,0.82,4.37,44.4,94.9,2843.06,46.3
64.0,53.26,52.02,9.37,8.03,0.6,2.9,37.49,40.41,2457.6,48.35
101.21,22.43,64.48,7.46,8.69,2.48,7.87,25.64,25.83,1191.58,68.98
32.5,25.97,68.23,3.59,49.01,0.2,0.84,25.86,61.54,2325.43,52.0
191.95,61.1,146.32,7.52,24.63,2.98,7.48,21.88,75.78,65.99,63.29
170.32,4.08,186.36,7.48,15.41,1.13,3.29,36.01,81.45,551.13,47.41
172.76,96.95,194.86,3.95,52.59,1.36,0.86,31.66,73.27,1720.26,43.33
81.35,91.87,189.16,6.28,59.08,2.83,3.1,37.31,27.1,851.85,64.14
152.47,38.08,175.88,7.73,49.48,2.87,6.02,28.79,46.75,2020.35,58.07
28.78,51.54,198.2,8.08,44.88,1.46,3.46,11.83,20.48,2064.52,57.03
1.72,46.61,75.19,9.3,5.05,1.98,3.99,40.65,83.46,1847.87,51.99
3.99,88.22,189.66,8.97,10.83,2.41,6.61,25.84,26.84,2118.62,47.47
117.32,68.86,152.2,4.26,41.9,2.44,4.96,35.48,68.09,933.04,68.67
91.08,27.81,33.69,7.46,27.53,1.92,5.38,18.8,47.49,652.7,70.57
103.6,44.68,9.09,7.38,6.07,2.97,1.32,19.0,56.92,31.79,74.17
1.49,42.9,42.9,5.47,45.75,2.96,2.09,22.79,43.39,1972.37,66.76
84.54,95.93,155.75,4.7,28.03,2.99,3.35,22.03,79.12,1756.26,74.51
143.61,17.53,126.34,4.8,41.24,1.01,0.97,19.78,46.5,997.42,62.69
88.54,8.96,44.87,4.65,30.76,0.97,2.3,21.23,77.25,1041.38,64.76
146.44,88.06,148.38,8.74,6.46,0.58,6.68,14.89,50.68,634.51,42.74
46.6,89.67,28.26,4.46,39.98,2.91,0.27,10.45,52.67,1032.25,63.19
162.63,87.17,164.37,5.22,48.34,0.31,0.5,44.17,63.63,908.07,51.06
117.69,51.1,158.83,4.92,13.58,0.56,5.53,12.61,54.81,2915.93,55.62
42.15,65.97,194.52,8.13,54.01,3.25,3.15,22.39,67.28,1505.32,64.52
47.34,56.34,30.06,4.53,14.99,0.53,6.21,39.24,93.43,1745.67,49.28
125.61,6.94,181.32,3.66,28.26,0.51,7.46,10.14,48.94,62.82,44.87
165.99,59.58,68.22,5.93,34.0,3.19,2.21,37.3,76.8,2482.25,74.84
83.13,1.36,83.21,5.48,22.26,1.15,0.39,24.69,89.88,2265.42,73.27
51.66,32.5,93.69,6.09,32.53,3.1,3.7,17.48,26.56,1540.18,78.48
173.4,93.23,125.38,8.4,44.51,1.38,7.72,15.28,64.64,2331.88,48.53
133.85,30.4,198.95,3.58,44.3,1.37,4.41,39.22,29.49,491.12,51.31
89.62,93.98,119.99,3.75,55.73,0.56,3.08,20.06,83.02,1343.04,51.16
97.58,25.01,185.34,5.16,52.42,3.22,4.46,26.62,49.68,719.79,69.77
40.85,31.46,51.01,9.28,59.18,2.69,1.41,22.53,60.93,1776.66,62.89
125.36,62.84,79.68,4.6,37.75,0.87,6.04,40.37,62.6,1867.32,61.68
71.75,76.16,100.9,9.98,27.03,2.57,5.48,15.02,66.67,2956.28,60.23
199.13,50.14,64.58,8.74,18.21,0.45,5.82,44.43,98.37,57.32,44.71
96.04,88.21,195.37,6.46,18.42,1.88,2.49,10.67,60.94,1074.23,65.61
97.18,4.02,145.14,8.36,13.3,0.96,6.53,16.97,80.0,2842.93,55.37
113.17,92.22,95.78,6.87,44.97,2.99,7.15,26.56,98.13,2907.56,71.0
183.35,19.63,150.26,7.18,40.98,1.84,7.65,16.11,81.09,1709.6,55.42
160.16,88.42,93.49,7.28,21.08,3.23,5.14,18.7,86.71,1702.02,71.1
90.23,40.09,3.45,7.72,54.07,2.09,2.85,44.55,23.56,1272.03,60.68
143.74,83.28,108.64,3.89,35.38,1.81,3.16,31.43,35.1,639.31,66.76
117.25,67.17,125.04,7.51,8.8,2.46,4.57,11.58,74.31,224.09,73.45
98.47,17.59,196.24,8.16,8.38,2.77,4.65,26.67,92.15,1150.92,60.32
38.46,91.8,8.16,5.52,12.88,0.15,6.36,30.35,25.06,1035.72,47.2
92.79,24.55,102.42,9.86,16.62,1.88,0.77,21.53,84.76,1660.76,70.4
49.16,24.41,19.63,4.44,53.81,2.74,4.58,41.07,34.91,1041.87,57.27
182.97,81.42,29.8,9.42,47.81,1.49,2.85,38.35,55.64,1291.17,46.0
67.08,10.59,122.09,7.9,16.09,0.25,6.69,24.13,87.51,1815.65,52.7
190.45,22.2,46.31,7.82,18.67,0.16,2.88,36.5,33.72,2117.78,41.73
106.61,50.37,149.83,9.19,40.02,2.8,3.8,28.52,72.42,39.24,67.72
126.31,83.05,102.84,8.91,52.93,0.77,1.9,38.46,86.36,633.41,62.34
108.59,14.75,43.64,5.75,22.42,0.69,2.44,27.09,70.14,566.22,62.67
25.88,54.77,98.76,8.08,33.9,1.08,4.49,13.9,22.24,1252.17,66.43
75.16,71.12,0.18,3.83,53.97,0.45,3.46,20.86,72.41,240.44,49.83
19.83,86.06,172.55,6.52,47.38,0.28,1.69,31.84,34.63,2706.14,51.0
124.59,93.56,2.54,9.6,54.03,3.07,3.84,43.55,34.39,1271.16,52.64
89.37,78.46,1.4,5.28,20.29,1.13,1.41,40.86,51.31,2496.2,63.63
155.6,65.28,122.3,3.82,43.0,2.08,7.07,39.38,81.82,2766.35,49.45
44.09,43.36,194.7,7.29,11.27,3.02,7.4,29.13,27.79,611.33,61.06
32.91,11.21,171.19,5.81,38.89,3.42,1.89,16.54,58.93,1487.17,72.55
81.27,70.97,50.4,5.97,21.72,2.44,0.51,10.63,91.13,2910.42,70.69
185.32,99.27,39.33,7.29,43.58,3.33,7.42,22.31,58.59,2463.08,63.39
142.08,73.68,125.22,7.54,12.8,1.54,2.56,36.87,44.92,128.28,65.08
83.78,1.67,164.53,6.34,41.61,2.78,1.58,18.76,42.27,2905.33,68.35
103.45,49.63,72.42,6.8,43.97,3.29,7.36,20.21,99.05,69.53,78.96
16.84,61.46,86.47,9.96,52.14,0.28,7.07,14.2,28.63,101.97,38.26
196.92,68.97,23.1,9.72,42.79,1.18,0.52,34.82,52.94,1932.77,45.02
133.28,71.97,30.57,8.1,33.76,2.62,1.74,20.03,79.97,1901.12,74.45
57.08,55.81,113.67,4.55,48.13,1.17,6.52,32.0,44.57,2480.83,52.95
117.16,22.34,20.53,5.84,20.64,0.16,2.21,28.34,87.55,910.99,65.64
21.9,94.22,40.41,9.24,42.26,2.84,5.38,44.74,69.26,1451.0,50.17
193.17,69.67,46.94,6.25,44.85,0.66,0.42,43.12,56.87,2563.87,61.2
34.96,23.68,88.78,9.71,26.59,1.19,6.75,23.8,94.0,2266.65,52.86
129.61,32.23,9.12,6.67,59.39,3.2,3.44,38.08,49.98,1274.9,71.01
49.09,92.19,99.95,9.1,24.58,0.81,3.81,24.24,97.26,2555.88,54.79
143.51,88.75,185.73,3.73,9.65,3.14,6.49,19.44,25.78,1447.24,52.3
155.36,40.51,4.89,6.32,21.69,1.54,3.69,10.51,23.15,1591.4,64.27
134.68,3.83,126.2,8.05,10.47,3.22,0.92,35.16,26.55,1757.9,67.78
122.9,4.85,167.17,9.11,23.66,3.08,4.08,19.81,26.8,1117.93,62.81
178.49,28.39,62.49,7.46,12.03,1.51,3.71,26.83,38.57,861.16,59.86
15.73,62.91,26.3,4.63,29.17,3.23,3.66,15.79,52.59,2036.64,64.78
66.18,58.42,8.67,9.26,47.79,2.25,1.62,12.28,84.91,471.45,62.02
49.66,63.38,128.78,7.24,8.71,1.72,1.4,36.16,51.25,1502.22,66.37
197.6,71.73,110.45,4.2,35.97,1.9,6.25,20.26,30.13,955.67,53.49
77.88,1.9,45.86,6.52,7.41,0.32,4.99,18.92,22.48,1141.77,57.45
146.52,10.51,166.32,8.04,53.65,2.85,0.15,19.07,64.62,1384.62,66.73
136.95,35.95,147.1,6.43,55.68,1.09,6.7,13.65,38.5,610.02,59.25
42.42,15.49,55.29,9.16,32.08,1.02,1.06,11.11,48.88,1468.73,60.25
47.8,7.53,150.67,6.25,47.31,2.53,5.93,16.51,39.36,2204.94,60.33
56.26,64.1,49.0,7.29,37.61,1.36,0.86,38.01,52.44,704.13,70.43
82.23,81.53,135.05,4.87,23.74,1.85,7.77,44.33,97.85,2558.91,60.64
46.87,75.26,23.71,6.83,18.48,1.53,7.21,28.02,97.85,1302.62,60.0
3.93,81.7,138.45,4.95,46.72,1.82,1.55,38.19,77.04,2235.62,55.28
175.88,66.59,47.75,4.96,28.65,0.86,0.17,18.93,38.92,2040.08,58.07
193.12,73.53,114.49,5.32,55.61,3.11,0.57,33.94,88.31,1221.55,71.21
68.31,27.18,34.49,3.79,58.66,2.17,6.49,41.19,20.85,2434.35,45.76
67.7,99.3,145.19,4.56,16.57,0.89,0.71,31.6,61.18,89.81,59.85
1.42,18.32,12.18,6.26,35.86,0.41,6.25,34.54,90.16,782.33,51.56
136.05,21.45,33.08,4.35,34.53,1.92,6.58,13.51,53.49,34.79,61.04
165.09,28.89,36.83,4.37,52.75,1.69,2.52,22.5,39.61,2378.71,48.28
29.32,97.53,8.27,9.79,43.0,3.27,5.91,11.08,70.09,403.85,47.68
31.93,98.83,149.0,6.28,38.41,0.88,6.58,15.82,85.47,1227.64,59.17
158.02,79.49,196.19,6.12,42.35,3.1,6.27,20.42,73.54,1832.21,65.65
123.26,62.91,155.68,5.24,26.42,2.71,1.61,43.36,40.22,2910.84,69.12
8.97,52.01,172.13,6.83,57.82,1.72,3.65,11.42,30.04,2999.44,52.13
124.51,97.06,1.2,7.37,8.17,3.07,0.64,25.81,41.91,2609.92,65.55
61.78,69.56,23.57,6.22,6.6,3.03,4.25,37.0,31.48,1612.85,71.76
73.75,94.47,111.8,6.06,27.86,2.53,3.59,27.75,96.68,397.42,68.61
153.95,31.66,195.57,8.05,13.5,0.45,7.23,30.52,49.44,1083.32,48.14
162.19,33.38,132.14,9.67,34.96,0.64,0.24,42.67,97.4,2595.94,52.84
80.07,85.47,74.83,9.21,5.5,2.11,4.29,32.79,66.11,2870.93,55.57
189.43,14.99,29.23,4.27,30.28,0.93,5.89,36.51,75.24,1972.1,50.62
81.29,94.59,30.57,7.74,21.22,1.97,3.77,11.38,92.78,2417.72,57.55
154.37,50.75,72.55,3.55,16.13,2.01,1.98,37.85,99.49,2396.36,61.15
96.78,92.64,142.76,7.62,29.46,2.1,4.92,24.77,95.92,2888.2,66.97
179.51,33.68,6.36,6.52,52.0,2.04,7.9,10.69,55.8,2426.36,50.5
181.55,71.6,170.44,6.69,41.05,1.39,0.42,39.74,75.42,1090.12,62.12
17.48,48.29,188.31,7.32,13.8,0.81,1.65,43.48,51.07,1430.37,58.49
187.3,62.68,177.76,8.33,32.44,1.86,3.98,31.12,70.42,733.92,59.83
165.11,50.44,182.61,8.24,56.24,1.78,4.82,41.11,61.78,467.75,50.75
158.26,96.71,3.07,3.79,29.16,1.04,5.03,16.81,21.49,1059.31,51.81
40.18,69.21,195.56,8.29,30.88,0.27,0.58,31.13,89.27,2019.25,56.46
161.02,25.13,73.27,8.89,56.77,0.8,1.07,25.73,48.52,1781.7,52.11
170.03,90.97,173.86,3.94,12.47,1.97,7.56,11.28,55.93,2256.28,40.42
57.83,29.4,37.36,5.6,45.43,1.92,0.7,31.96,47.58,2683.54,64.39
190.45,37.16,89.31,8.65,21.45,0.55,3.41,30.17,58.66,151.83,61.51
9.97,10.21,8.83,6.71,52.62,2.16,4.66,11.57,59.71,748.1,53.11
29.98,90.0,8.02,8.02,7.99,1.54,2.58,17.27,70.59,2341.48,50.19
107.52,28.61,188.66,6.77,59.47,2.32,2.12,20.13,50.06,2769.2,66.64
115.16,25.89,162.12,9.86,47.27,3.12,2.39,16.82,38.25,2808.78,57.53
129.03,92.03,105.97,9.59,20.64,1.15,2.33,32.76,51.75,554.58,54.77
3.39,80.55,105.09,5.33,46.85,1.28,3.1,28.61,45.72,305.79,54.54
192.07,14.11,149.75,6.01,55.76,2.4,1.02,22.85,65.46,2794.49,61.29
8.92,76.93,68.33,6.3,11.21,3.33,6.84,25.14,78.11,199.27,63.82
28.61,91.3,152.37,4.18,55.25,1.75,6.1,43.82,77.35,1986.25,42.89
2.8,7.85,97.0,6.13,24.81,0.68,0.37,13.92,91.33,1196.38,63.81
113.37,82.52,127.58,8.54,5.36,3.28,6.11,16.55,36.43,835.78,68.67
186.45,54.74,192.97,9.0,11.18,1.7,6.64,28.83,60.26,820.21,46.54
133.19,66.92,94.26,9.26,53.66,1.67,7.38,44.22,69.94,1076.78,51.26
164.53,49.29,83.68,3.59,59.05,1.94,4.94,35.87,61.24,1087.77,53.76
2.66,69.78,181.15,8.63,54.25,0.96,6.84,38.71,71.25,2446.07,34.06
108.4,3.41,180.52,6.77,29.28,2.77,6.1,35.65,88.58,1595.07,70.71
91.91,76.27,198.48,4.84,57.88,2.28,0.3,12.74,27.36,2824.55,58.0
99.79,3.33,110.17,6.74,27.38,3.35,6.51,20.27,49.82,1918.38,75.67
14.44,45.53,68.85,8.99,11.25,0.79,4.69,28.9,60.43,1224.93,53.09
136.89,15.1,48.08,6.32,23.75,2.21,5.24,12.17,61.86,1597.46,67.12
100.64,82.36,6.82,9.94,59.91,1.86,7.09,23.95,20.98,2818.25,47.37
153.03,31.37,145.35,7.51,39.43,3.14,0.18,17.35,66.16,2503.28,76.05
97.06,45.41,46.7,6.68,23.7,0.2,0.95,32.82,75.67,2773.16,67.39
29.88,42.88,121.33,5.42,39.33,2.69,4.63,13.45,51.17,2123.19,68.22
129.65,77.25,183.32,3.57,28.6,2.22,3.34,37.53,93.06,1897.84,56.28
34.48,48.11,190.04,7.47,7.73,2.17,3.4,29.98,74.43,736.67,61.17
174.48,78.9,0.88,7.25,16.06,3.08,2.57,23.06,70.42,1059.24,60.33
122.62,7.35,63.42,6.86,6.06,2.11,6.57,14.9,36.42,173.9,56.33
31.44,19.16,167.48,7.0,19.01,2.53,0.92,33.51,98.49,1727.13,62.4
192.47,55.15,107.29,8.98,45.68,2.3,4.31,39.36,57.21,1918.67,57.79
103.67,94.71,161.5,5.56,15.63,0.34,3.72,39.68,22.81,2252.25,53.23
14.58,7.48,170.66,7.08,34.04,0.48,4.46,14.52,25.93,2568.13,49.34
125.37,4.31,88.53,7.92,43.59,1.25,0.5,44.31,46.88,885.82,65.05
50.64,15.66,71.8,4.86,35.18,2.4,5.42,21.23,23.3,531.36,64.34
160.74,64.12,91.09,9.51,5.85,0.19,0.21,18.44,33.48,352.04,56.77
163.56,39.9,130.56,8.29,24.98,2.73,4.27,22.97,74.23,1628.36,66.87
195.79,82.56,73.43,3.85,29.29,0.79,2.2,24.93,47.41,802.21,53.51
100.37,7.19,155.0,9.12,23.85,2.0,2.57,30.49,52.95,590.56,69.16
90.99,19.64,180.8,9.54,35.04,0.78,5.93,29.24,96.22,1669.73,51.15
150.7,30.0,56.46,8.66,33.22,0.7,7.89,15.88,71.65,1803.91,52.64
26.49,62.67,193.0,6.27,15.31,1.24,3.86,19.77,43.34,420.88,59.38
109.38,68.52,124.55,9.96,46.36,3.23,5.39,35.97,47.26,1571.88,61.28
109.25,12.42,175.63,4.31,13.86,0.91,2.06,17.5,95.64,281.83,52.9
17.89,94.38,20.78,6.99,30.24,0.26,4.48,34.26,55.67,2363.73,48.04
83.6,34.1,50.3,4.61,46.6,3.1,0.89,36.5,54.99,1760.66,77.82
170.66,71.32,64.2,6.36,43.35,1.59,6.82,36.37,41.99,1790.68,56.24
171.23,52.42,60.56,9.53,28.77,2.21,3.7,35.92,45.66,2150.53,57.63
19.85,22.28,34.37,8.66,48.39,3.11,2.96,19.08,80.67,646.18,59.9
18.14,84.62,173.64,8.58,44.26,2.67,4.16,24.75,85.03,561.44,53.06
52.54,81.82,83.72,5.8,26.15,2.81,7.31,26.41,39.49,938.21,70.99
174.95,39.61,192.63,9.57,54.25,1.73,6.23,43.17,95.1,1738.73,44.52
25.78,58.86,116.69,5.89,12.81,2.44,1.31,21.52,45.43,2474.11,70.85
144.0,25.78,27.68,3.76,24.72,3.38,6.17,42.84,76.8,2970.03,56.48
20.23,68.99,109.18,7.65,43.38,3.13,3.2,40.57,69.5,2464.85,66.8
124.63,30.9,198.71,5.86,53.01,2.18,3.22,36.78,22.37,1477.86,59.79
71.21,84.41,113.03,4.5,22.74,0.39,6.09,34.06,88.91,1727.89,53.95
157.78,21.74,0.37,9.58,35.87,3.43,3.73,27.36,70.5,849.63,60.5
46.74,1.48,186.62,7.64,5.65,0.87,0.67,14.15,66.35,668.96,53.61
127.84,26.85,46.98,9.61,25.4,1.33,2.05,27.02,64.17,426.59,55.79
47.14,19.11,137.71,7.29,23.2,0.58,7.17,10.84,73.21,1554.08,59.56
142.73,50.83,103.02,3.92,51.34,0.67,4.78,27.12,26.6,529.56,60.21
174.74,20.37,65.09,3.69,9.07,2.81,6.91,32.1,80.6,161.18,52.89
25.36,76.32,56.53,9.35,8.42,0.54,2.51,24.08,44.43,540.13,48.64
173.32,24.14,185.75,3.75,29.35,0.74,5.54,14.4,53.73,1156.99,43.95
118.72,70.7,182.39,7.5,27.41,0.68,6.3,34.36,23.3,678.8,58.02
25.42,57.85,102.63,5.44,13.89,1.36,1.54,39.47,31.01,661.24,65.39
85.51,98.62,51.7,7.97,19.48,2.46,0.28,32.45,84.56,740.82,66.23
32.17,99.99,20.47,5.35,58.58,2.29,5.11,30.29,49.33,2654.6,52.43
140.07,86.95,31.32,3.74,33.23,2.56,4.66,24.82,78.19,248.23,55.13
151.77,76.0,104.45,8.25,9.83,2.57,0.41,33.52,49.85,966.5,76.08
21.16,38.65,61.57,5.52,7.74,0.11,3.35,20.99,89.46,1184.52,55.37
101.23,75.33,8.41,7.08,7.31,2.43,4.55,30.29,59.23,841.92,68.73
162.93,95.67,91.03,8.53,26.4,2.43,1.78,21.67,45.76,1142.28,69.72
187.23,2.34,149.24,8.07,52.61,0.31,0.86,31.61,83.14,1887.21,43.73
102.7,53.79,178.34,5.77,50.81,1.55,6.43,26.33,65.51,419.15,70.65
190.06,21.8,117.06,8.36,25.23,0.37,7.41,18.01,65.11,1080.07,53.08
107.14,55.79,144.66,9.52,47.59,0.75,3.64,19.47,77.81,414.55,62.5
78.84,46.64,72.81,7.46,46.37,1.77,1.16,35.46,99.03,2191.05,71.0
169.64,57.58,99.25,8.07,31.56,0.14,3.43,15.92,49.71,2587.22,54.47
98.6,55.1,145.93,9.13,27.24,0.42,2.31,20.16,62.67,1664.86,62.3
94.38,96.01,145.53,8.98,14.93,0.39,3.97,35.32,43.69,177.93,54.68
98.06,55.22,84.91,5.79,20.33,0.52,0.17,10.97,51.03,1333.92,74.97
169.36,84.62,108.73,9.95,23.63,0.27,6.95,10.09,24.99,1258.78,45.46
166.39,31.98,184.77,3.69,49.7,2.18,0.56,23.81,51.89,2395.75,61.71
80.7,43.81,126.4,9.91,35.41,0.71,3.5,43.22,35.61,169.2,58.92
66.66,47.04,128.51,5.1,16.05,3.03,5.32,11.66,68.7,2919.41,71.0
98.39,27.87,156.92,6.36,10.27,3.11,5.24,41.4,23.44,639.94,69.81
114.55,37.98,23.04,9.24,32.32,2.45,2.46,29.73,30.31,2461.12,72.98
47.67,59.85,104.58,5.09,41.65,0.32,4.05,13.45,62.99,2375.25,56.42
158.79,58.02,191.89,4.96,50.04,3.13,4.03,39.07,52.76,2301.77,63.61
97.3,63.64,72.33,7.68,48.85,1.52,1.14,11.61,52.7,385.39,71.96
66.81,35.18,58.99,8.09,50.33,0.72,3.04,27.94,63.32,247.99,62.42
21.36,31.58,120.24,3.55,29.63,2.75,1.04,31.65,38.51,1341.05,63.87
47.77,61.16,44.22,6.43,52.61,1.28,0.55,33.75,31.53,2216.74,70.99
189.86,13.29,111.19,6.68,29.45,1.82,0.54,18.25,26.9,2043.28,61.81
61.02,25.3,31.13,5.27,14.25,2.63,3.54,19.39,90.37,2327.47,56.57
33.77,4.21,115.96,7.05,26.86,0.44,5.86,39.7,81.96,356.16,48.5
92.13,7.26,120.48,4.5,23.7,0.68,7.88,22.45,49.72,1279.54,62.23
61.42,24.34,83.68,5.6,26.57,3.39,4.61,28.46,42.03,1391.87,72.39
7.03,1.95,76.55,8.14,41.22,2.53,2.46,25.6,61.53,728.55,60.12
64.63,24.54,49.09,9.18,41.13,0.89,1.74,16.32,26.79,1729.75,56.38
108.82,65.5,66.18,7.33,17.37,2.05,5.59,24.23,93.41,122.61,71.68
110.34,6.11,99.67,3.99,22.38,0.74,0.51,11.52,66.11,2326.61,60.63
71.31,43.67,49.53,7.91,37.74,3.04,2.17,15.27,94.49,647.68,79.26
89.46,91.31,156.57,9.33,9.63,1.63,5.54,39.14,95.65,2223.87,48.34
193.1,79.13,141.81,6.78,42.88,2.84,3.62,42.37,63.62,220.43,65.93
75.47,30.54,53.86,6.71,14.84,3.4,4.05,10.74,59.81,1491.25,81.58
51.65,92.48,19.49,9.94,51.79,3.43,7.81,21.24,44.23,664.66,49.82
48.69,32.96,0.04,7.64,27.09,0.57,3.3,42.74,85.5,1171.43,53.49
91.55,7.25,119.34,8.74,17.14,3.31,4.8,35.19,95.74,2655.11,61.47
151.9,99.41,42.27,7.7,41.73,1.02,7.99,10.43,34.12,1340.81,49.3
41.2,87.0,2.52,4.94,35.47,1.32,5.52,13.78,82.7,817.51,54.55
141.86,46.59,71.82,5.35,14.46,0.31,4.16,35.8,34.63,910.49,60.54
4.23,66.64,192.4,7.83,50.49,2.3,2.66,33.8,34.3,1904.51,54.62
83.79,67.12,137.99,6.46,29.93,2.29,7.81,40.65,41.01,2214.68,64.35
155.17,19.45,171.55,6.13,13.37,2.74,2.42,36.49,75.34,122.92,65.91
67.75,20.0,28.95,3.65,48.79,3.32,1.02,43.08,25.61,1493.9,60.97
112.75,46.96,14.66,9.25,12.34,1.56,7.41,29.01,45.58,1262.7,57.32
41.0,91.16,2.31,9.25,58.24,1.49,2.62,19.21,61.99,1162.22,47.1
148.4,1.0,191.13,6.5,29.3,2.27,4.75,14.59,83.74,1225.69,69.05
10.46,78.25,60.04,8.05,45.05,2.37,5.2,10.16,46.68,2123.02,55.39
170.51,5.75,91.9,4.66,29.86,1.61,2.16,14.37,59.85,2996.5,60.11
39.64,47.82,78.9,6.77,15.32,3.23,3.44,30.97,70.34,2926.99,78.75
174.88,63.79,146.09,6.35,46.7,0.28,1.33,24.2,40.51,2119.28,62.28
70.51,68.68,61.99,7.77,20.91,2.67,7.09,37.73,94.39,726.88,68.56
144.54,5.85,107.09,6.55,42.53,0.81,4.72,21.5,48.94,20.68,65.06
63.85,41.86,199.12,6.74,19.16,1.78,7.13,22.47,79.79,2330.15,64.3
181.18,58.38,88.81,5.42,18.26,3.0,2.13,31.59,73.37,1442.53,73.12
25.33,6.6,110.25,3.81,30.16,1.22,5.11,42.81,71.34,839.52,52.78
35.7,13.51,100.51,9.46,49.89,3.16,1.82,30.68,52.67,1262.34,66.63
98.61,66.36,160.64,3.58,38.75,1.63,2.38,18.07,89.24,2238.29,68.66
16.39,52.16,53.37,5.33,8.56,2.49,2.95,23.7,82.71,140.16,64.2
39.2,16.18,34.09,6.41,45.36,2.56,4.44,42.31,65.11,1528.52,65.09
188.75,53.52,150.82,5.57,36.89,0.99,4.49,38.09,45.05,1138.64,58.22
195.3,91.27,83.12,7.09,39.3,3.16,1.68,11.19,64.73,620.65,67.8
75.25,1.56,182.75,6.5,24.45,0.52,0.46,18.89,26.94,2683.3,60.28
184.66,64.26,128.83,5.16,35.59,2.11,6.2,31.14,63.34,2165.64,58.49
108.96,7.37,112.87,4.07,25.45,3.26,4.26,35.83,75.95,2262.98,70.65
53.95,0.64,14.09,4.39,9.48,0.21,2.57,14.2,93.7,2054.6,41.56
140.48,15.07,146.08,6.66,51.44,1.91,0.52,28.03,77.45,924.41,73.57
131.78,42.29,137.21,9.0,42.29,0.94,0.93,29.69,38.75,87.19,65.92
197.83,80.23,128.01,4.15,41.87,0.75,3.45,14.25,24.14,1793.05,47.22
53.01,28.18,53.58,7.9,15.65,0.89,3.92,25.39,42.84,992.45,63.28
134.41,62.57,189.35,8.65,41.5,3.17,3.08,10.11,51.76,827.74,59.07
10.4,41.12,64.33,5.3,17.76,1.55,4.58,34.48,21.13,2034.12,56.91
22.73,23.43,30.45,7.84,42.81,0.9,6.53,12.68,95.68,1064.16,47.66
0.78,51.42,197.44,7.96,23.34,3.25,5.45,15.12,66.83,2925.28,62.23
199.89,79.75,149.25,8.1,13.66,1.19,6.95,37.73,95.61,2717.51,41.1
160.45,83.25,82.96,9.29,54.84,2.56,4.96,24.48,47.8,134.67,59.57
157.34,84.65,187.18,6.09,10.76,1.93,0.93,34.27,77.41,312.81,64.07
101.95,33.86,18.22,5.08,46.9,2.41,1.28,32.91,71.34,1658.0,65.34
60.01,79.35,17.53,7.03,10.6,0.72,3.19,15.27,39.56,81.76,56.27
30.25,21.22,136.49,3.91,42.66,2.41,2.34,15.92,41.89,1336.98,65.86
56.93,73.84,35.59,5.67,11.07,3.18,5.25,33.07,52.32,1213.9,70.82
75.19,94.84,183.43,9.24,32.99,0.44,5.04,18.34,35.55,1963.48,48.25
151.26,1.37,168.07,6.96,15.34,1.21,3.75,25.46,46.37,1321.34,57.01
107.93,44.04,61.27,6.34,52.66,3.41,5.18,38.75,65.69,450.25,74.16
15.5,64.78,177.77,5.23,27.08,0.87,7.3,19.59,39.5,537.15,54.49
3.61,70.18,8.58,5.13,5.85,0.3,3.98,21.99,42.97,1146.62,38.79
20.47,17.61,109.73,5.04,39.55,0.29,2.84,20.96,91.69,741.84,57.33
82.1,97.22,187.11,8.89,29.48,1.04,3.86,36.11,57.74,2523.52,53.91
186.64,61.53,171.08,9.9,52.29,1.78,1.25,21.24,76.67,2999.97,48.41
127.48,16.43,71.21,6.98,28.82,1.01,0.87,23.4,41.56,2366.3,71.69
160.37,2.05,36.57,4.02,27.61,1.06,3.34,29.45,67.67,991.57,51.56
93.27,78.33,42.11,8.38,29.98,2.93,7.39,27.89,74.67,1394.29,73.16
72.33,7.97,102.9,9.2,52.29,2.71,6.92,19.65,44.27,1357.89,60.52
21.68,14.11,119.35,9.55,37.28,1.16,5.46,31.32,55.01,2759.21,49.44
175.19,57.48,6.56,7.59,41.81,1.27,5.78,22.41,87.42,1802.05,51.78
156.63,60.35,82.71,6.79,44.62,3.4,6.9,26.03,76.31,2145.59,71.38
33.62,68.69,166.08,7.53,56.56,3.33,7.33,23.21,91.52,943.7,62.51
102.45,39.35,88.87,3.58,51.06,3.41,5.31,37.46,34.81,135.23,73.64
97.47,77.39,33.84,7.76,56.0,3.29,3.15,28.91,73.85,662.0,73.58
125.02,97.44,190.97,8.11,23.88,2.24,1.27,44.57,21.23,442.07,64.57
189.24,27.11,53.26,8.19,16.82,1.15,0.15,27.27,39.28,1358.38,66.73
115.95,70.3,159.69,7.16,16.19,3.4,5.22,41.18,24.69,1673.43,70.12
108.04,92.85,38.76,8.05,52.18,2.63,3.24,30.08,80.55,547.79,68.99
10.06,68.63,84.63,7.65,50.68,2.52,0.73,41.27,60.42,1208.89,67.09
12.58,68.11,98.08,4.25,40.77,2.81,2.3,33.24,60.33,1559.68,65.27
37.47,22.38,100.13,9.34,8.46,2.13,3.8,14.23,52.51,851.53,62.22
6.49,53.51,103.29,7.55,22.49,2.08,6.29,13.29,24.58,1245.68,63.83
148.67,56.25,44.99,8.23,45.38,1.33,2.59,36.75,80.97,43.42,58.63
144.67,70.01,103.18,5.73,18.67,0.61,5.28,33.93,77.36,1200.65,67.05
27.21,99.68,96.34,9.48,39.32,1.59,0.44,25.77,77.28,1901.22,57.12
167.22,3.36,41.74,6.77,34.85,1.86,7.7,25.03,99.54,1429.4,57.81
30.96,6.52,197.64,7.91,19.45,3.08,7.78,33.13,87.07,1698.97,56.33
60.24,7.8,173.11,9.69,56.39,1.47,4.27,29.44,41.35,2327.4,47.89
49.8,74.3,177.52,9.45,19.12,3.1,5.29,17.09,31.65,2993.84,55.82
74.46,13.64,137.11,7.69,54.21,1.18,6.14,40.64,55.97,1255.28,58.62
50.93,62.25,31.98,4.58,34.75,3.31,7.77,34.61,86.63,514.34,67.47
97.79,32.47,113.62,9.68,10.05,0.23,4.4,32.8,32.66,2933.61,49.91
81.48,45.73,164.29,9.9,50.85,1.89,6.07,26.67,82.07,856.14,60.32
197.31,21.57,7.75,4.17,48.53,1.19,1.62,43.1,95.15,785.75,46.41
11.19,86.61,99.17,6.43,50.7,1.1,1.32,10.38,31.09,2607.25,67.05
28.44,58.62,79.22,7.06,40.1,0.37,5.73,34.44,74.65,2678.73,60.88
10.57,94.46,42.42,4.1,44.14,2.42,7.4,44.39,37.19,1011.5,44.72
125.17,57.46,75.65,4.73,54.89,1.43,4.58,30.68,99.65,1942.8,62.7
10.9,12.39,196.7,7.0,12.02,3.33,4.32,30.77,91.31,2069.19,59.78
167.29,17.09,144.65,9.76,9.57,2.52,4.61,37.79,49.71,1569.31,59.31
102.39,98.91,59.91,3.68,11.88,1.61,7.05,10.84,23.51,1792.07,53.4
105.4,72.56,121.07,9.43,52.85,2.23,6.42,14.04,23.61,1076.62,59.08
112.32,4.93,49.33,9.34,35.96,0.32,6.43,39.6,59.4,2120.34,47.91
34.16,70.38,122.17,9.07,14.68,2.1,0.94,32.99,96.6,2672.36,57.98
39.54,41.22,179.23,5.95,12.79,2.36,6.1,44.39,87.7,2595.4,56.0
63.76,30.72,111.38,6.69,29.5,0.46,6.17,24.26,58.31,2444.3,72.41
118.7,15.41,146.67,6.12,49.87,2.42,1.14,25.64,37.32,467.12,73.52
42.02,83.99,90.67,9.66,49.28,1.71,3.82,33.23,25.31,2291.32,56.22
23.27,6.38,104.82,6.89,51.82,1.73,0.87,16.32,50.79,494.61,65.37
194.02,28.98,139.02,4.02,47.29,2.56,3.24,20.08,85.31,2394.39,52.77
4.4,30.64,162.48,5.28,8.39,1.63,5.16,40.11,58.81,968.77,49.5
160.54,16.09,131.89,6.5,44.61,0.9,1.82,38.1,57.92,412.95,61.52
157.61,50.82,195.5,9.7,33.54,1.11,1.14,29.99,58.08,2183.05,60.48
59.44,1.17,163.96,7.2,44.95,2.61,5.14,22.55,36.91,1394.73,65.49
27.13,30.1,155.43,8.02,31.64,0.34,6.63,32.27,84.92,1652.08,46.52
29.13,93.36,169.02,4.08,31.59,2.96,1.32,16.04,80.26,2580.38,58.05
139.49,31.05,56.24,9.2,11.94,2.08,7.24,25.16,43.92,1099.29,58.92
128.56,36.05,86.41,7.0,54.79,2.57,5.92,27.61,34.7,837.67,72.27
156.55,47.32,112.89,9.49,25.6,1.27,5.46,26.15,83.11,1193.27,57.44
187.5,56.17,92.48,6.4,37.03,0.86,1.06,24.65,98.18,1896.99,66.62
138.39,80.87,169.49,7.94,16.39,2.84,7.44,23.15,31.11,673.86,61.37
31.17,19.03,5.41,6.56,25.29,0.45,3.84,30.24,32.75,2384.67,51.22
48.69,87.17,41.84,4.43,52.88,0.66,4.33,22.52,67.22,2648.62,44.65
168.44,75.75,176.34,5.27,16.53,1.07,4.15,30.64,58.62,2732.24,52.43
41.86,72.27,11.82,3.94,16.34,1.29,4.3,28.2,32.16,1848.16,54.06
14.5,8.68,45.4,6.36,19.33,0.79,6.6,22.36,68.0,2814.97,51.89
140.66,2.16,70.25,7.72,36.61,3.2,0.88,37.47,21.83,407.59,67.95
80.51,59.4,150.15,5.08,33.64,0.19,3.92,11.5,59.45,1680.12,63.09
184.01,86.31,112.04,6.69,14.64,2.83,4.95,19.43,29.28,1342.39,65.39
130.05,58.44,190.92,6.48,43.06,1.5,1.03,27.34,50.41,2940.21,71.01
18.08,21.32,45.58,6.97,54.91,2.94,4.69,41.95,98.65,270.94,54.7
189.57,9.05,174.42,4.7,15.94,2.81,4.12,12.52,49.46,1200.72,53.86
51.71,69.96,56.58,6.97,42.01,0.51,1.86,30.43,47.93,491.17,64.2
67.44,72.18,49.1,5.87,37.25,2.37,2.13,15.95,54.74,1063.38,76.72
80.45,17.25,99.68,5.36,23.09,1.39,0.78,10.43,64.18,2612.63,72.03
10.24,2.82,14.24,7.31,38.98,2.89,5.67,40.33,20.8,676.11,55.64
99.3,40.83,76.86,4.46,16.54,2.99,1.27,40.68,85.3,1482.43,82.76
24.66,58.27,71.14,9.35,50.87,0.74,6.33,19.62,43.78,613.75,49.42
80.19,70.6,32.02,9.58,6.22,1.73,7.13,40.12,87.75,2937.73,47.12
70.14,80.99,172.16,7.79,36.19,2.12,2.0,23.2,31.25,229.66,66.75
154.57,61.05,77.18,5.47,22.53,1.95,2.16,11.65,54.46,2547.19,66.07
160.63,11.09,196.38,7.57,53.47,0.96,1.07,17.85,99.03,2796.51,49.09
30.68,68.26,179.94,7.41,32.47,1.03,4.37,32.77,35.42,2333.31,56.61
73.31,98.42,38.96,6.04,49.14,3.02,7.72,17.22,60.95,1108.65,64.68
74.67,90.56,101.02,5.37,55.81,0.21,2.03,30.2,45.73,1191.75,60.73
30.28,87.17,120.36,4.59,23.39,0.99,1.36,16.39,71.8,90.28,62.07
159.69,30.22,163.79,4.91,53.42,0.86,4.89,17.29,25.77,585.3,47.09
141.45,75.08,177.13,7.74,44.95,1.36,6.87,33.64,84.43,2790.78,50.16
38.08,85.11,124.8,9.26,10.95,2.43,6.97,40.45,71.01,2183.28,48.65
73.34,67.83,7.03,6.0,10.72,1.91,2.83,36.19,89.47,1651.71,67.67
21.16,25.06,96.26,4.29,49.95,1.94,6.32,12.03,80.84,2970.64,54.01
125.64,95.38,176.96,3.58,30.76,2.59,4.78,42.31,30.94,2282.5,54.5
24.27,45.08,142.82,6.14,32.23,2.86,5.89,15.61,89.49,1841.81,67.8
197.19,12.98,174.03,5.01,54.02,0.64,5.45,35.46,51.31,1553.94,42.1
156.14,10.98,134.82,5.6,54.71,0.47,1.11,35.48,59.24,1396.52,62.56
78.05,64.75,8.81,5.07,11.2,1.12,2.92,25.8,24.84,2567.74,53.06
115.71,43.77,193.6,7.82,25.55,2.91,6.13,29.74,38.15,1447.71,71.41
182.27,9.45,183.6,7.65,54.24,1.94,6.1,13.36,43.27,1307.59,48.46
110.82,74.04,25.32,9.43,50.09,0.59,1.06,44.05,84.42,692.76,49.67
34.9,79.93,22.54,8.05,44.66,0.66,3.75,12.26,58.0,1912.81,51.76
75.74,72.54,107.82,4.57,10.61,3.15,6.96,41.85,49.12,92.35,63.88
168.63,20.23,151.41,8.39,39.17,1.35,6.35,18.72,95.89,762.36,49.68
128.84,68.98,76.43,4.68,37.0,0.97,4.69,23.7,38.98,1576.52,69.66
130.14,1.07,27.28,7.13,14.19,2.46,1.73,36.52,58.54,928.74,64.13
173.36,30.51,102.11,4.0,47.56,3.03,2.66,40.77,40.7,1541.91,63.94
178.79,39.88,67.51,3.81,22.16,1.6,5.26,34.34,38.73,709.76,55.68
183.96,83.52,70.35,6.52,39.13,2.79,6.27,14.26,90.9,2576.73,63.84
18.97,39.04,129.0,4.18,24.9,1.56,4.95,22.33,65.03,334.71,58.38
108.83,1.13,177.12,5.49,9.64,2.45,3.22,31.35,20.01,661.69,61.35
148.1,35.23,111.72,5.7,33.86,2.05,4.66,44.52,31.8,1389.37,72.08
151.39,49.89,137.52,8.5,21.87,3.14,0.13,24.18,90.44,1316.07,75.75
121.34,94.9,131.99,5.66,8.92,1.21,5.91,20.59,24.98,2015.05,51.89
33.36,94.1,110.23,6.71,15.92,2.72,6.77,19.81,91.47,2120.29,63.35
159.48,18.09,62.15,8.52,39.04,2.43,0.46,39.89,36.44,1969.81,67.09
144.02,18.51,75.56,4.83,10.58,2.95,3.26,15.97,98.53,1914.25,65.96
17.23,16.34,63.14,8.73,9.81,2.17,6.81,32.56,69.87,1348.59,49.85
92.76,78.89,183.5,8.91,56.92,1.66,4.82,39.69,98.48,1339.4,54.19
34.8,0.6,165.32,9.93,10.91,0.27,3.92,39.87,61.29,266.27,36.79
67.5,12.72,115.87,6.39,25.68,2.95,0.79,14.56,82.66,7.83,78.08
3.62,53.8,182.45,5.91,12.34,3.19,5.92,37.76,41.92,2563.36,56.28
80.07,24.76,177.28,8.06,56.66,1.63,5.55,42.18,32.47,31.25,53.34
109.98,9.24,185.54,3.88,31.46,0.86,4.76,37.39,28.39,2720.28,50.85
123.92,35.99,44.35,3.76,11.11,2.3,0.58,34.56,46.56,627.28,63.08
132.7,27.42,143.5,5.68,47.28,0.51,5.18,28.09,50.87,1682.65,63.53
167.26,51.11,121.84,8.24,47.94,0.24,0.51,36.87,45.6,2792.7,57.09
43.09,97.92,146.77,4.26,54.57,1.09,6.6,30.17,96.87,1144.64,49.71
24.1,12.43,52.68,7.63,43.81,2.41,6.97,24.26,31.14,2414.39,53.23
170.31,37.27,138.96,5.25,8.01,2.87,4.29,27.28,36.12,1735.61,68.9
31.32,93.2,81.97,7.74,35.27,0.63,6.8,32.9,36.31,1291.13,54.08
194.95,87.69,166.82,6.47,26.12,3.32,3.27,29.57,78.56,482.33,69.06
168.51,39.43,159.07,4.25,46.17,1.98,2.39,33.42,73.38,510.98,64.18
100.18,69.9,42.27,5.11,37.5,3.25,3.92,44.36,34.17,933.91,73.67
196.28,8.79,36.77,4.93,44.89,0.61,4.51,19.14,22.07,2686.19,42.11
19.48,71.25,143.55,4.57,14.92,1.66,6.16,44.85,23.17,553.96,49.54
60.61,97.29,110.09,6.54,29.04,1.56,4.86,11.9,39.46,2351.94,68.21
127.64,53.75,111.44,9.71,28.77,1.5,6.86,31.27,80.46,328.17,60.11
70.0,49.85,150.5,7.78,58.95,3.26,7.49,42.69,91.74,2439.5,58.24
185.67,18.73,170.99,8.93,6.05,2.99,4.22,13.59,92.23,208.02,48.11
13.13,63.38,47.79,9.88,49.88,2.8,5.77,44.66,54.58,667.9,49.47
109.88,59.04,111.11,7.01,10.34,1.07,3.9,42.15,85.74,692.21,66.12
118.17,65.19,165.79,5.05,9.42,1.25,7.26,39.89,77.47,2471.57,52.57
130.55,2.61,174.56,9.53,23.05,0.98,0.34,28.44,25.77,1761.81,56.61
51.13,54.87,57.48,8.04,43.54,2.8,5.78,17.48,93.71,1913.55,67.06
72.91,59.49,20.83,9.73,42.31,1.44,4.02,13.12,63.41,2457.88,49.66
168.74,20.75,46.56,7.73,39.53,3.43,0.58,12.26,57.02,2287.21,69.89
38.99,20.83,189.1,8.54,47.6,1.34,5.99,30.58,66.92,50.67,52.55
165.37,27.62,92.5,9.29,17.78,0.68,3.2,34.58,34.18,948.95,53.89
112.53,71.17,83.71,8.44,39.86,3.26,4.27,17.72,32.78,854.78,72.67
152.44,60.63,2.62,7.16,40.09,2.76,5.73,27.13,54.86,2398.36,72.66
142.72,84.58,10.2,6.57,40.99,2.08,2.09,28.5,65.92,29.17,67.9
41.5,29.57,133.74,8.85,37.69,3.02,2.38,41.38,24.57,52.59,62.93
113.76,91.21,117.97,8.52,17.18,3.33,2.92,14.41,26.81,599.09,72.32
173.54,74.37,115.11,5.88,55.29,3.03,6.01,37.92,95.22,696.77,60.99
86.42,39.5,22.06,6.74,58.68,3.18,7.86,36.99,48.55,497.71,65.61
193.32,9.53,70.41,7.63,42.91,1.02,2.97,33.84,28.72,257.32,52.32
90.44,25.7,162.47,3.68,29.42,1.84,4.93,18.68,31.89,1982.07,65.08
28.56,95.68,34.98,5.11,34.55,2.8,2.66,11.8,51.66,473.73,65.96
77.89,31.04,176.54,5.13,10.96,1.89,7.03,37.39,87.8,1908.46,56.32
190.34,32.99,24.3,9.24,24.99,2.28,7.49,29.6,47.66,1375.7,49.8
63.94,18.96,33.83,5.65,58.69,3.24,1.6,31.97,78.78,2579.09,66.08
173.62,80.69,95.55,7.04,35.12,1.1,5.27,39.83,43.3,807.4,59.95
176.25,27.56,189.06,8.91,35.83,1.93,7.26,14.62,55.66,2957.21,45.5
70.04,33.03,65.91,5.19,57.47,2.02,3.85,17.22,39.69,1665.31,66.41
16.65,41.43,131.64,4.3,53.75,1.32,2.75,24.73,78.66,2897.53,58.73
144.91,43.37,117.73,9.66,36.28,1.35,7.25,22.39,82.94,1949.19,61.08
62.3,41.13,29.92,8.08,19.79,2.71,2.14,43.25,56.79,715.19,68.5
156.58,50.37,49.63,4.65,11.43,3.26,1.74,21.13,77.31,901.46,69.54
88.53,81.45,186.03,8.83,52.5,2.25,7.06,41.48,45.64,475.1,55.56
97.05,81.93,36.97,8.62,55.61,1.76,5.11,28.62,56.76,1280.12,59.09
155.58,79.83,139.0,8.94,32.19,2.65,1.56,13.37,90.07,986.8,61.11
76.47,10.11,192.94,5.3,10.2,3.49,5.18,33.55,23.73,750.88,66.76
88.63,79.97,23.9,6.42,38.34,0.38,7.02,36.16,56.55,601.76,56.98
75.24,12.03,79.84,8.01,25.21,2.32,0.81,15.71,24.42,2508.71,72.33
73.47,12.47,44.79,6.04,13.68,1.99,2.13,24.68,54.59,2517.14,67.46
105.19,94.79,44.31,3.95,55.55,2.17,4.87,15.19,61.69,1626.21,53.85
161.76,81.94,23.8,4.39,18.17,0.18,1.01,16.2,80.45,1819.37,48.1
72.35,55.24,129.91,7.38,44.11,3.35,7.25,34.06,44.48,1259.97,64.02
104.85,87.5,149.27,5.94,28.62,0.39,4.78,27.33,82.57,1878.21,60.99
134.15,98.94,135.36,3.53,50.54,1.15,4.72,11.12,24.65,2363.44,47.53
53.89,61.06,184.93,8.48,43.55,1.11,0.54,42.71,38.29,1469.56,57.15
55.5,61.29,29.14,6.21,11.77,2.59,3.43,34.17,68.39,2374.12,68.67
186.68,75.44,63.97,5.54,29.73,2.38,1.64,11.85,20.61,2677.58,65.95
144.71,23.21,68.91,8.14,19.29,0.31,6.49,35.21,71.28,2971.06,54.23
115.44,16.71,46.42,6.46,44.25,0.61,2.76,39.32,77.52,2893.04,64.04
129.54,75.96,28.44,8.02,34.96,1.18,3.28,24.2,87.37,745.91,66.36
5.86,34.49,97.34,3.59,23.71,2.49,5.16,36.41,81.04,1833.04,54.42
123.62,13.51,166.89,3.56,23.12,3.26,5.77,20.15,94.73,1070.63,58.25
101.9,31.49,190.91,7.14,11.3,1.17,6.34,14.25,62.44,2099.57,54.76
109.15,35.86,25.87,9.88,16.76,1.89,1.48,43.97,79.43,599.43,59.63
71.88,96.52,164.63,5.27,44.24,1.37,2.17,10.15,84.93,830.74,61.81
16.29,69.8,164.92,7.94,38.54,2.06,0.83,28.32,70.76,2908.3,62.17
38.67,53.09,77.8,4.62,24.56,2.24,6.87,13.44,94.43,1821.11,62.99
190.15,96.89,22.01,5.53,50.99,1.86,2.59,30.88,57.85,600.49,59.56
81.74,90.31,198.0,4.01,31.64,1.42,1.1,10.16,38.01,1180.22,60.55
93.34,51.2,131.12,9.23,48.69,3.09,2.56,12.19,41.19,1073.55,71.49
10.54,90.57,196.44,5.52,47.96,2.83,0.55,34.69,48.71,696.36,53.94
7.51,40.43,96.73,5.0,51.64,3.49,6.71,38.34,78.93,177.85,64.88
143.44,23.04,79.04,8.25,51.74,1.5,2.37,37.79,64.53,2937.97,57.58
107.62,23.27,49.44,4.8,42.35,0.23,2.87,16.09,94.77,1113.51,61.3
101.74,66.23,196.71,5.06,46.22,2.31,7.53,10.18,91.88,1637.38,54.16
48.62,50.11,50.65,4.17,47.73,2.76,1.6,36.22,56.6,1212.55,71.15
148.95,65.9,4.75,9.76,14.3,3.29,1.71,16.42,51.67,2128.03,60.43
33.65,68.61,102.49,5.11,21.51,0.14,4.53,21.16,97.64,2239.77,49.92
37.99,2.23,75.41,9.97,10.73,3.09,7.78,19.61,58.51,2699.81,46.29
92.14,5.4,52.28,4.64,15.42,1.86,7.22,42.61,99.3,960.06,52.54
57.26,53.27,126.92,3.63,47.81,1.37,4.78,40.7,38.94,2940.8,50.55
49.49,19.1,72.85,9.32,57.09,0.85,6.52,25.88,91.24,2390.55,42.04
129.05,63.25,80.45,7.27,42.05,2.87,3.95,37.73,41.55,571.44,73.74
130.19,55.22,4.61,5.78,53.73,1.34,3.53,36.08,71.44,1507.37,63.92
164.9,58.58,117.81,6.84,22.49,2.16,3.26,26.46,99.93,1022.41,75.47
83.54,30.25,24.41,5.19,51.52,1.84,3.69,13.36,65.87,1537.4,62.36
14.62,63.98,42.76,7.63,23.63,0.99,5.68,37.08,86.25,931.19,56.67
54.73,82.95,143.42,7.51,54.18,2.78,6.59,33.72,39.9,728.62,69.53
196.0,99.81,62.65,4.02,48.89,1.11,4.65,15.47,65.15,2225.94,43.67
119.25,83.84,32.64,9.42,59.1,2.78,6.96,27.02,57.33,1548.65,52.87
141.95,55.75,115.48,6.49,50.5,1.49,5.15,37.83,49.93,1649.36,68.45
1.47,19.34,42.98,4.77,26.9,0.2,6.44,36.89,24.92,1273.71,45.05
103.64,68.14,54.2,5.5,11.05,2.71,5.55,43.99,79.42,2735.26,60.87
7.51,93.77,124.27,9.13,53.09,3.16,6.21,26.21,98.14,141.51,53.02
113.85,21.19,147.97,5.99,36.42,0.51,0.25,38.92,69.83,2351.54,65.21
184.15,25.6,147.93,7.15,52.2,2.09,6.95,10.26,26.13,2419.68,54.69
193.68,14.9,96.45,9.66,26.29,0.34,7.1,32.49,73.25,1175.29,45.55
108.11,73.67,90.86,7.74,6.59,2.92,6.75,19.76,99.87,205.64,67.9
91.64,40.66,157.53,7.89,7.88,3.46,5.87,15.47,80.07,2348.92,71.74
189.0,6.27,38.61,5.12,41.88,1.78,6.32,35.84,53.87,1352.15,49.91
134.72,87.49,30.44,7.84,11.3,1.17,1.53,22.99,98.29,1857.97,55.19
12.98,55.77,132.94,6.06,46.0,2.98,0.48,31.49,92.87,2412.78,71.47
93.15,33.11,81.9,9.42,28.07,1.87,2.39,39.07,82.16,499.82,62.88
48.05,34.4,142.0,4.34,35.97,1.63,3.6,28.82,94.49,1097.25,60.52
93.96,29.03,51.32,5.36,49.07,0.87,2.24,25.39,81.82,2077.33,69.11
91.09,45.55,64.97,3.93,18.92,2.19,6.98,31.73,98.16,1027.69,63.44
116.43,33.7,179.34,5.98,27.71,2.16,7.72,44.86,80.67,1108.45,66.58
71.35,54.79,84.33,4.46,45.13,0.99,6.19,14.44,31.86,2228.11,51.21
32.85,77.35,118.19,8.99,55.51,0.82,3.87,19.49,27.95,2236.47,50.88
100.74,67.45,21.34,9.51,20.97,1.59,1.25,42.7,39.7,1801.95,58.33
166.04,29.45,35.77,7.85,39.25,1.63,6.99,44.82,31.0,1234.96,51.83
132.8,52.87,7.18,4.17,57.32,0.54,6.75,29.52,65.16,1164.74,53.28
67.67,84.01,84.87,5.72,40.69,1.04,1.38,10.61,72.86,878.66,67.62
187.1,6.82,197.78,9.77,54.1,0.65,0.48,39.06,30.0,226.56,36.12
182.44,7.83,174.77,4.39,56.69,3.16,7.2,32.07,20.56,137.08,47.37
41.87,55.62,126.58,7.12,56.11,0.35,6.59,28.39,75.77,2766.04,55.93
7.88,63.91,172.22,5.79,46.72,3.09,7.48,43.79,24.01,383.14,54.94
148.26,21.14,118.83,9.99,35.37,1.89,2.93,14.66,77.7,1837.85,59.21
165.52,74.52,73.75,5.36,10.32,2.36,5.3,22.06,25.64,818.05,58.67
193.57,64.63,34.71,3.81,17.25,3.24,6.93,31.92,97.07,1908.3,50.92
177.97,92.33,130.61,8.06,19.07,1.34,2.8,10.16,39.97,2089.59,51.39
120.11,16.9,38.61,5.62,6.83,2.49,3.85,40.29,25.4,2354.34,57.31
106.01,75.14,83.49,7.77,10.61,2.38,4.3,36.67,69.76,273.43,70.11
5.57,8.36,165.16,4.18,21.21,3.46,0.33,18.22,77.81,309.84,63.7
49.33,56.53,25.85,6.9,9.99,0.26,6.64,20.78,93.93,2421.0,53.45
91.92,55.19,25.8,5.94,14.32,1.65,7.56,20.69,86.06,2800.38,64.76
125.7,38.84,44.88,6.99,7.99,3.46,3.4,40.14,42.53,774.43,76.01
111.45,84.46,110.38,9.05,27.91,1.21,4.93,21.24,36.01,923.34,63.18
148.53,0.44,50.34,9.82,50.17,3.38,4.38,19.77,44.44,2754.4,52.61
55.95,52.02,100.64,8.4,49.67,2.88,2.85,35.89,39.32,2375.74,73.6
112.99,21.72,60.4,8.48,54.77,1.25,0.75,30.26,77.6,713.62,59.75
17.63,74.35,101.25,6.94,46.01,0.2,4.21,22.58,75.9,1747.67,59.59
82.73,4.31,55.53,4.13,18.44,1.05,2.03,30.16,64.8,942.91,61.49
150.03,83.16,196.0,7.84,43.63,0.52,5.25,42.18,25.6,1327.34,44.11
138.68,83.81,98.54,4.46,46.46,1.56,4.34,25.77,96.27,2113.11,64.29
198.13,83.29,148.73,5.1,34.87,3.29,4.77,10.17,47.99,747.31,65.4
55.58,15.26,140.11,8.1,49.39,1.84,4.85,35.68,85.16,223.15,58.94
99.64,63.04,98.11,7.77,8.92,1.62,7.1,44.94,83.78,2979.4,61.56
65.91,1.44,47.77,5.54,37.71,0.83,1.26,11.84,43.74,1281.1,60.87
88.12,84.8,102.14,8.52,31.39,2.21,6.46,31.4,39.86,2190.6,67.64
171.39,72.3,136.19,9.61,49.29,1.65,7.64,23.95,62.82,2993.05,52.15
136.84,53.12,91.98,7.04,12.04,2.73,5.8,29.76,48.62,114.6,74.19
176.49,73.06,16.39,7.9,16.69,1.85,1.2,20.77,93.59,1331.4,59.99
40.7,9.43,3.6,5.27,35.73,3.11,6.82,36.36,93.01,58.01,52.97
174.67,52.87,65.58,9.81,57.1,2.76,6.36,13.26,81.74,1949.46,50.87
11.95,29.13,30.04,5.28,9.58,0.59,6.92,13.15,21.68,498.53,42.15
177.72,97.26,181.24,9.27,45.89,0.56,3.94,28.91,87.66,2820.86,39.83
65.81,85.71,35.17,9.53,16.3,0.18,6.58,21.23,72.47,2624.76,47.54
62.92,73.33,78.86,8.18,10.8,1.35,1.32,42.31,61.93,1960.72,64.61
102.42,93.37,142.42,8.78,26.71,0.29,4.66,16.73,51.23,483.42,54.6
188.14,34.68,163.08,6.48,37.07,1.63,4.46,37.15,69.32,1034.53,61.81
9.56,90.09,95.54,9.48,50.49,0.92,7.18,44.11,40.49,2940.24,34.28
70.45,32.52,36.23,8.33,39.91,1.79,6.92,21.44,66.07,947.17,65.03
171.31,73.28,54.18,5.62,32.04,0.64,5.76,42.11,72.08,2980.19,56.18
79.21,73.64,83.79,3.73,20.71,1.97,1.48,21.09,74.12,2469.64,68.35
39.83,1.83,72.92,7.02,21.09,3.39,6.47,29.39,53.67,1595.18,69.24
84.96,36.11,69.73,8.96,47.38,2.27,4.95,10.01,25.59,2552.87,57.04
77.11,1.94,26.37,9.09,11.27,2.02,6.55,19.25,53.46,2921.35,48.12
183.08,99.71,182.66,8.93,13.06,2.78,7.51,11.84,92.11,867.83,46.35
152.39,12.22,5.95,4.9,44.59,0.12,3.66,11.05,62.96,350.34,45.7
101.02,54.28,88.0,6.27,57.86,1.06,5.98,44.85,23.13,247.95,62.09
197.67,79.06,196.06,7.49,11.61,3.46,7.79,36.77,49.92,1829.72,52.0
93.06,20.13,131.94,7.84,38.52,2.76,1.79,21.78,69.26,976.1,80.09
11.65,48.51,71.08,5.67,18.16,0.41,6.79,33.84,42.42,1153.39,56.93
52.45,60.74,29.22,8.0,6.42,1.21,1.22,28.44,35.02,466.56,55.29
87.21,16.02,192.77,7.34,50.77,1.6,0.24,42.13,66.24,256.98,61.05
31.38,77.86,2.8,7.18,32.97,3.28,6.79,18.72,68.6,958.87,66.81
189.51,29.93,136.28,7.81,6.31,2.09,7.68,27.94,56.73,524.09,52.07
153.37,21.1,176.03,7.42,54.25,0.36,0.35,10.23,27.4,200.9,48.85
53.66,55.83,5.03,4.58,34.46,1.83,6.77,35.46,79.09,117.23,60.41
118.16,41.03,145.03,9.18,45.54,1.08,5.63,30.23,80.46,177.38,63.87
144.29,92.03,199.77,5.06,28.29,1.25,5.63,31.81,51.27,2160.82,56.35
188.26,88.01,127.93,8.34,15.17,0.49,3.73,35.4,20.71,1832.31,46.22
176.33,48.34,82.94,4.65,30.61,1.66,3.4,23.35,71.0,2077.8,67.66
103.04,35.93,174.88,7.8,20.82,2.38,3.05,15.47,98.24,2448.38,73.43
154.93,32.55,110.84,9.32,21.32,2.68,3.12,16.45,58.95,1865.35,61.85
112.43,26.76,149.89,3.56,40.41,2.46,7.5,35.62,75.01,1437.78,62.71
110.54,54.45,117.56,9.87,10.17,2.35,6.54,44.8,62.19,2451.32,61.85
22.95,80.5,7.66,3.69,26.84,3.06,2.58,25.72,39.01,1878.27,61.3
25.23,31.08,42.63,3.57,35.07,1.23,5.95,16.01,47.22,2100.77,46.29
105.91,19.01,15.75,9.07,44.04,0.83,5.29,12.44,96.85,1298.85,52.79
53.77,47.55,21.34,8.11,39.81,0.4,6.78,26.85,67.62,1350.43,61.86
4.21,6.9,3.08,4.19,53.74,0.66,0.83,35.07,35.03,1342.27,43.58
144.57,70.13,84.23,9.59,59.58,0.61,5.63,31.07,23.98,857.95,47.11
6.5,51.84,35.73,7.87,56.56,3.2,2.03,20.2,24.26,1853.98,68.56
119.06,49.64,171.14,4.22,47.03,0.71,2.01,30.81,60.05,1320.14,62.63
107.84,30.04,150.01,9.09,42.73,0.42,5.68,29.02,28.4,142.05,51.37
193.76,90.47,114.64,6.63,6.95,1.46,7.17,17.59,86.61,2099.11,54.48
96.84,9.05,97.8,5.31,34.34,0.68,4.18,24.32,47.39,1509.5,67.65
12.72,86.98,51.17,8.86,41.5,0.54,3.78,40.64,50.72,568.39,39.31
110.34,37.67,94.99,8.3,27.71,1.33,6.54,36.34,47.54,171.16,65.11
168.22,88.06,128.25,7.55,26.16,3.23,0.3,42.54,62.8,574.79,71.58
199.37,72.88,156.45,9.34,34.84,0.2,5.69,41.22,99.86,1531.82,44.09
86.07,10.42,16.34,9.1,54.87,0.81,0.54,18.66,91.73,195.29,49.23
64.06,83.15,141.69,4.97,19.35,2.9,2.03,40.17,38.54,1847.62,71.37
181.33,68.22,148.55,9.21,26.95,0.93,5.37,31.53,91.8,815.38,51.53
38.25,3.23,111.79,5.93,40.92,1.6,3.1,43.67,66.58,2894.75,54.48
123.09,13.37,42.86,6.31,15.23,0.44,2.43,16.85,78.5,2367.89,57.38
81.14,63.56,107.84,9.82,50.92,2.8,4.08,22.03,61.65,333.65,69.77
8.22,66.26,100.54,8.44,41.63,2.6,6.81,24.02,72.87,2141.04,59.99
69.46,74.67,95.14,5.59,24.37,0.54,3.47,10.83,51.34,2494.4,61.62
53.05,72.02,92.13,7.71,44.72,3.32,4.31,26.79,42.57,2602.41,70.52
137.22,65.95,22.17,7.01,20.36,2.11,1.35,43.03,60.27,1639.76,72.56
189.76,76.62,36.58,4.26,47.6,2.81,3.61,38.54,58.03,2587.45,52.53
53.61,57.51,19.47,9.27,8.89,2.7,0.23,16.97,51.63,2290.37,62.82
162.29,26.08,48.5,8.84,28.47,1.86,6.72,19.88,83.12,1698.64,57.53
11.07,91.24,52.7,8.56,19.39,2.64,1.73,44.17,77.39,1266.44,52.88
107.62,1.82,49.02,7.13,49.92,0.91,7.37,12.09,42.97,6.27,55.92
14.11,36.66,42.19,4.94,46.4,0.17,2.93,25.89,35.79,1844.23,51.07
186.81,72.89,147.08,9.25,51.3,1.26,6.7,41.04,20.38,734.8,46.88
153.27,42.72,163.71,5.79,40.84,0.62,3.18,34.41,98.38,682.69,60.9
131.59,2.48,65.42,3.63,48.74,3.44,1.31,44.38,48.14,427.72,62.76
164.78,6.6,61.03,9.88,29.13,3.24,4.08,44.13,68.98,2050.33,57.17
129.5,64.86,168.81,9.1,42.29,0.59,2.16,36.33,79.81,2036.64,49.84
193.79,96.49,124.78,7.55,6.71,1.27,2.65,27.02,36.47,1251.81,54.94
142.79,55.19,58.69,3.58,53.44,1.83,2.6,31.84,73.39,1405.32,60.55
184.93,50.68,142.72,4.98,42.66,1.46,2.83,37.78,29.14,2281.44,56.08
103.43,31.83,68.92,6.44,52.64,2.48,4.04,20.25,27.74,460.86,74.81
23.41,25.67,117.31,7.58,47.4,1.81,1.11,26.05,44.24,689.6,64.6
105.64,2.1,198.53,8.1,20.75,2.02,2.14,33.36,45.63,2827.2,59.81
25.37,27.3,60.32,8.62,20.01,2.4,5.1,19.5,34.39,2995.76,56.65
118.5,44.91,186.11,7.11,48.98,0.18,6.07,33.0,57.39,1536.99,60.41
96.5,19.79,64.13,7.77,15.16,0.14,2.03,15.11,69.4,1387.04,64.03
124.52,8.73,108.06,8.77,11.09,0.71,2.17,24.68,94.12,247.1,58.57
2.01,71.77,92.0,8.18,5.83,2.54,3.88,13.57,76.16,2014.87,61.65
38.97,89.46,156.63,9.71,21.41,0.92,7.85,39.53,61.82,1405.01,45.35
98.27,93.68,12.22,9.19,10.46,3.23,4.45,20.59,63.15,1615.21,61.25
190.1,61.8,125.42,4.6,49.09,0.37,6.53,42.42,65.96,2795.97,42.52
76.72,5.28,152.13,9.66,31.65,2.07,7.36,37.58,43.03,2761.57,45.82
84.87,74.09,94.43,4.83,18.89,0.19,5.13,21.04,79.6,2752.67,62.54
142.94,11.01,21.06,9.94,38.11,3.4,4.2,31.12,72.28,295.26,57.12
120.76,66.97,48.96,8.06,8.87,0.83,6.14,25.42,59.09,1151.28,58.19
59.79,77.94,135.93,7.58,44.94,2.1,2.62,38.21,37.1,1991.89,63.42
82.16,72.59,179.09,5.61,32.58,3.34,7.78,34.02,88.01,414.16,70.99
43.54,95.19,84.32,4.37,5.36,0.2,3.86,32.88,35.83,2820.99,45.3
193.2,73.81,112.08,4.32,22.56,1.84,7.43,35.42,35.79,1728.09,49.23
26.13,69.32,45.68,9.13,46.26,1.89,6.1,24.74,31.72,1789.85,48.53
74.37,26.17,82.44,6.31,15.35,1.3,1.77,24.49,99.71,380.53,75.85
5.17,92.48,67.36,7.14,57.9,2.33,1.84,22.29,39.58,52.78,56.41
44.36,17.95,131.11,9.56,54.31,1.94,2.86,15.61,88.1,1929.8,51.76
156.09,90.49,196.94,5.16,47.8,0.95,3.04,22.68,22.78,643.25,52.95
40.24,31.27,162.66,8.47,9.32,2.5,0.22,32.11,76.59,2457.66,58.87
16.01,13.02,38.43,6.56,24.46,1.68,6.86,21.0,22.42,149.47,54.11
94.89,82.67,115.54,4.88,21.4,1.7,2.0,16.78,69.94,515.51,68.17
1.99,0.25,13.28,9.04,12.57,3.34,6.62,43.51,41.3,2339.93,46.64
16.95,83.21,49.38,7.92,59.98,1.92,3.91,30.37,25.5,43.31,51.18
161.53,26.23,34.44,4.12,13.1,2.77,4.78,11.13,41.95,724.32,56.52
154.29,88.47,67.11,7.02,22.34,3.05,4.34,37.35,29.96,2175.4,64.98
183.03,69.15,135.76,9.04,53.41,2.07,7.56,33.61,37.6,2087.08,55.94
170.9,66.62,99.88,3.94,12.94,2.77,3.4,23.61,74.98,612.05,63.56
136.64,36.53,186.58,6.21,30.82,1.15,3.17,34.41,86.65,2375.49,60.83
10.47,5.94,42.55,8.73,58.66,0.72,4.96,42.0,55.06,1258.66,38.5
156.57,83.01,72.84,9.08,18.6,2.46,3.12,17.55,53.37,2099.98,59.74
169.1,17.09,65.97,8.54,43.67,3.25,4.9,28.49,56.96,1393.25,64.57
159.82,37.23,47.19,5.49,9.4,0.24,4.62,37.0,57.68,28.67,54.81
101.7,60.04,198.63,6.8,38.05,2.69,6.22,12.91,38.79,14.93,75.02
46.58,48.23,77.45,8.32,23.65,0.2,7.92,36.31,99.12,2967.32,54.36
169.07,19.87,188.1,4.49,43.48,1.66,7.82,36.73,73.46,608.94,40.98
145.43,14.06,78.09,7.37,28.81,2.4,1.08,29.35,81.9,2572.36,72.72
196.15,12.32,40.82,8.18,21.44,1.48,3.67,37.47,55.39,684.73,52.88
31.14,86.3,23.84,9.02,35.03,1.12,3.44,33.46,80.87,1356.05,51.41
45.13,3.16,171.11,4.23,12.68,0.74,1.61,21.35,74.67,2952.67,48.97
42.36,97.7,6.42,5.64,49.79,3.42,5.98,15.12,86.17,402.36,60.74
158.51,19.85,192.88,7.02,46.29,2.04,7.75,43.68,23.54,1661.03,51.5
37.38,11.03,83.64,8.06,34.97,0.53,1.31,30.15,23.61,1084.38,57.73
13.33,57.7,49.47,8.25,25.19,0.26,2.25,34.93,65.54,1710.69,56.17
199.71,8.0,123.49,5.15,55.34,0.93,6.85,28.93,50.31,1573.55,38.59
4.96,60.25,26.58,3.59,39.9,1.93,2.51,36.01,84.21,390.81,55.45
167.05,85.06,14.43,8.01,20.66,2.66,3.59,15.35,33.26,1702.87,57.77
73.07,4.79,165.56,9.41,49.37,3.44,5.95,17.76,40.05,1086.68,61.25
168.32,79.99,84.93,8.68,39.93,2.94,1.1,39.88,53.64,772.65,67.22
110.92,39.45,103.65,7.55,11.99,2.18,4.26,11.91,91.5,419.27,70.67
180.33,15.95,35.34,9.85,11.28,2.37,0.97,25.97,30.62,2000.65,55.26
185.24,17.61,12.28,6.32,56.6,1.88,2.51,16.68,82.08,2155.49,57.52
1.82,91.88,73.56,6.91,20.84,1.58,1.97,29.92,99.09,2452.33,57.01
15.08,11.06,101.23,3.58,41.49,2.77,5.87,26.3,80.01,2454.05,54.85
50.07,86.68,153.09,9.65,7.0,0.7,1.29,35.85,64.02,2985.5,45.97
133.86,54.42,100.21,7.29,35.61,1.24,5.33,20.8,64.67,722.92,74.47
177.65,3.91,156.5,6.04,17.71,3.43,4.65,24.75,33.14,1697.43,64.62
91.99,46.45,23.09,3.79,12.68,2.04,5.44,18.2,55.13,1712.82,59.79
121.39,81.74,12.79,5.86,47.54,1.79,7.02,13.6,62.42,1608.37,66.56
37.7,72.62,31.77,3.52,49.52,2.99,4.32,17.94,59.87,1060.54,56.86
160.99,48.88,154.4,5.61,44.34,2.69,5.79,41.45,28.93,534.58,63.28
193.47,86.0,151.87,9.68,5.62,1.21,6.46,26.92,32.14,1726.86,42.9
53.72,12.04,28.27,4.5,20.67,2.23,5.6,28.81,40.15,447.22,57.58
98.97,90.99,6.2,7.05,24.85,0.73,2.62,35.93,61.72,35.95,58.35
17.22,84.64,137.06,4.71,43.0,0.28,7.7,40.25,32.85,1983.46,45.81
111.83,70.83,171.06,8.59,46.55,3.47,0.58,10.81,42.3,1317.39,74.36
100.56,81.79,150.82,7.16,39.53,2.61,3.04,14.36,47.36,2882.98,76.38
28.89,54.38,40.56,4.81,48.4,3.26,6.59,24.96,73.55,1026.36,61.64
88.41,67.52,116.75,9.13,28.5,2.93,2.86,16.98,46.67,2974.61,70.27
66.82,56.06,151.47,8.6,34.8,1.56,4.41,26.61,75.81,27.04,68.0
104.37,35.54,51.17,9.68,8.53,3.03,1.16,31.51,32.08,175.98,62.28
117.13,56.89,105.54,3.5,28.49,2.77,6.87,27.16,42.69,1989.85,67.63
1.7,25.75,62.89,6.47,28.79,0.98,7.46,33.78,53.85,1904.92,63.43
152.2,44.03,45.12,10.0,38.63,2.22,7.87,10.67,41.25,1627.05,53.4
142.6,28.08,193.92,8.77,25.78,1.14,0.71,28.96,34.72,578.67,59.7
73.26,12.29,182.52,8.9,18.12,0.9,1.67,35.2,97.78,284.82,50.1
10.59,32.19,89.13,7.54,18.07,0.38,4.01,44.88,72.51,179.6,56.5
150.99,85.2,27.36,8.13,12.36,1.95,2.25,13.68,21.69,2323.19,57.9
191.04,38.11,145.58,8.73,43.56,1.43,5.18,10.41,34.96,2639.75,48.75
48.03,74.8,51.14,4.1,39.24,0.4,6.78,20.17,72.81,2462.34,53.07
64.7,17.52,33.7,8.0,36.86,2.54,1.1,21.51,48.35,449.82,65.56
36.76,42.44,76.31,8.8,34.21,2.56,0.13,38.29,60.75,2339.46,70.8
115.39,11.49,105.97,3.77,25.21,0.9,7.95,18.81,83.98,2941.81,50.51
30.97,13.86,19.49,5.43,47.28,3.35,3.66,18.62,29.26,1843.26,69.03
71.24,61.74,114.35,5.61,55.71,2.74,0.64,40.47,71.29,1150.87,76.34
139.4,60.75,3.07,9.05,29.2,2.84,4.75,25.02,59.18,281.65,61.21
112.02,21.34,178.37,8.57,27.5,0.11,6.05,33.03,38.06,907.46,52.93
77.29,47.44,184.15,7.77,13.95,3.43,6.43,17.28,45.78,1757.99,66.22
84.05,86.33,146.61,8.73,41.89,3.47,4.6,31.08,22.27,1254.8,69.99
112.42,17.42,93.31,6.45,35.7,1.82,5.47,41.31,98.51,1539.3,72.62
1.17,1.92,50.98,9.19,59.34,3.45,3.86,35.6,30.23,2051.09,45.81
15.7,65.2,148.82,5.02,37.14,2.18,5.0,14.88,79.71,1295.7,60.38
176.25,5.35,186.36,8.08,20.87,0.56,7.62,14.61,55.06,581.76,40.31
15.58,97.99,31.71,5.07,35.96,2.87,7.9,13.56,57.45,232.23,54.06
141.36,60.96,93.16,3.76,59.16,2.0,5.06,42.17,67.36,1256.1,56.0
184.01,47.04,63.05,5.35,44.78,1.26,4.71,31.34,92.94,2641.05,55.88
54.14,43.0,71.35,6.7,12.07,0.9,2.83,10.61,64.85,2037.95,66.61
74.1,57.31,81.15,8.98,23.87,1.86,2.66,39.35,84.23,704.78,67.68
113.78,9.06,190.36,6.81,21.43,2.45,7.4,21.43,87.35,1500.47,64.49
176.34,93.0,51.73,4.66,52.13,3.08,5.35,33.67,71.95,652.28,57.38
188.38,62.56,98.54,9.95,38.61,2.14,3.72,39.81,71.09,413.63,49.94
147.91,18.4,190.3,5.26,49.56,1.51,5.36,36.39,89.02,2338.42,50.02
17.32,56.26,95.21,9.9,14.69,2.25,1.06,38.76,24.09,1280.74,58.07
133.83,13.33,172.72,9.59,54.94,1.79,7.55,38.15,70.95,167.67,42.98
82.06,1.76,11.75,7.03,8.21,2.32,4.23,15.22,61.7,2453.85,63.11
94.14,63.05,190.61,4.1,25.62,2.17,2.74,23.57,41.27,2808.59,69.71
9.83,64.85,37.51,8.02,5.78,3.43,0.2,42.0,82.53,1028.96,66.37
38.21,58.37,195.99,9.0,15.14,2.22,5.45,13.28,43.76,1486.88,57.3
158.1,18.35,35.12,6.39,57.92,2.45,7.76,44.18,82.34,2276.2,51.2
90.79,60.34,88.87,5.05,9.32,3.13,4.51,17.93,93.0,110.39,66.9
60.33,5.65,61.72,8.72,13.0,3.2,2.73,31.63,65.78,2750.42,64.19
76.8,60.92,86.65,7.04,55.87,0.58,3.4,21.45,84.29,2994.36,60.49
170.88,55.4,50.1,4.78,44.06,1.64,4.59,44.4,40.85,1515.71,54.3
149.8,65.53,193.06,9.67,27.38,3.31,5.54,28.36,32.51,1601.43,58.89
54.46,89.55,61.14,9.66,8.78,3.36,1.55,15.23,65.39,1556.84,58.66
23.5,85.04,130.65,5.89,48.18,0.75,7.49,39.64,54.09,2472.61,50.22
50.4,98.07,27.49,3.92,32.1,1.61,3.37,24.05,53.93,1574.37,59.91
184.15,97.62,164.88,7.6,22.77,1.05,5.03,39.82,30.2,1963.09,43.27
116.32,77.23,108.5,5.56,24.84,2.79,7.3,25.52,94.97,1951.27,76.3
106.7,95.64,195.89,3.93,32.79,3.0,4.67,42.66,28.65,1592.37,58.92
119.28,86.73,84.68,9.3,35.32,1.7,5.5,11.94,43.32,2777.31,59.16
73.21,72.76,39.09,9.99,50.0,2.4,5.1,44.42,57.79,2558.38,48.37
161.42,7.54,69.2,5.78,47.44,3.06,2.06,26.24,79.45,213.75,74.17
104.66,4.9,147.39,8.34,47.19,2.51,7.71,22.92,70.24,1225.42,60.86
23.35,83.76,131.82,3.93,45.11,0.63,3.83,11.46,25.76,1756.49,45.0
25.81,48.97,155.67,5.9,46.68,2.52,0.88,17.98,23.63,2354.87,67.6
107.37,81.46,14.69,4.21,42.27,0.64,7.98,20.94,65.68,1077.87,51.68
187.31,31.29,116.07,3.86,52.74,2.32,5.24,35.49,20.97,1845.25,53.96
61.67,39.76,186.43,7.33,35.66,1.23,4.91,34.41,65.07,1310.94,58.25
173.91,70.02,21.58,8.71,33.65,0.29,7.34,40.99,34.57,371.64,40.79
152.82,91.53,18.87,6.44,43.57,0.87,4.38,42.89,35.2,2984.92,52.9
49.56,8.78,143.32,6.91,14.13,1.69,2.95,35.44,34.33,2036.76,60.08
7.27,86.15,63.04,5.26,47.73,3.48,1.48,34.17,81.97,883.72,60.23
20.37,79.3,131.72,8.29,56.49,0.97,6.5,41.48,57.92,1968.72,42.91
145.7,31.55,109.08,5.85,21.29,3.43,2.71,14.58,37.08,821.1,81.89
39.93,35.52,197.21,3.94,38.61,1.34,4.18,12.71,25.04,2158.71,49.68
74.25,4.65,177.81,4.58,6.79,3.36,4.12,34.77,55.53,707.68,61.83
100.34,1.57,135.61,4.34,47.12,3.35,5.95,20.84,62.31,2908.3,61.24
145.09,47.7,52.33,6.33,35.78,0.59,5.5,24.85,67.46,1635.49,70.53
22.65,9.55,52.38,3.92,42.05,2.92,3.45,31.27,26.97,2414.55,56.92
81.27,19.4,176.45,8.74,12.86,1.86,3.47,43.28,49.94,2118.87,55.04
97.01,84.68,117.07,9.4,49.52,2.43,2.24,40.57,47.58,2604.95,65.0
108.17,57.1,157.86,5.11,19.08,2.74,2.79,35.69,46.36,2507.18,69.26
163.67,63.36,89.97,6.66,42.66,0.52,5.72,25.07,91.09,180.25,64.15
34.34,18.75,20.61,6.87,37.62,2.82,4.54,37.74,49.01,886.89,63.86
161.57,82.87,66.54,9.9,40.96,1.13,0.5,16.29,70.99,1673.05,54.53
138.58,86.8,32.23,3.93,7.76,2.59,4.11,38.27,90.58,2498.36,48.85
111.17,52.33,156.37,7.84,45.8,2.05,7.64,26.63,20.38,2628.4,62.59
139.91,91.26,140.1,5.75,48.74,2.43,0.96,19.15,79.32,1199.17,66.75
82.4,84.48,17.68,6.76,31.11,2.22,0.93,26.23,72.06,2251.45,73.08
27.68,73.13,124.28,4.91,27.49,2.86,5.38,37.6,92.81,1927.01,60.63
133.15,73.41,174.83,4.54,23.84,3.14,7.67,33.01,56.37,2750.36,64.86
104.93,10.54,139.47,5.08,56.03,1.63,0.31,14.79,96.56,2600.0,62.12
127.87,27.08,102.22,3.96,46.53,1.43,2.82,34.2,57.21,739.88,64.44
67.6,6.68,62.37,5.31,43.42,0.92,0.63,39.16,25.24,1029.28,60.98
181.37,0.87,177.42,7.99,55.91,2.87,2.2,15.27,81.36,823.48,55.58
117.47,15.83,84.56,7.73,24.18,3.39,4.48,12.16,21.88,1553.56,72.4
17.08,88.05,171.08,7.1,39.66,0.76,3.59,11.98,97.3,202.09,54.67
89.96,23.99,156.6,3.5,42.73,1.66,2.97,10.78,20.04,1083.27,54.66
151.27,97.02,163.25,4.32,59.79,2.72,1.76,10.63,76.37,2773.62,53.27
158.83,59.73,197.96,8.98,28.5,2.26,4.99,38.17,28.33,2297.6,56.43
98.92,23.73,149.75,5.27,27.01,2.87,4.65,35.86,60.27,993.71,73.88
178.95,49.71,6.81,9.43,9.65,0.15,5.34,42.95,29.71,1323.9,41.82
53.53,21.91,41.09,9.18,10.41,3.2,6.37,22.45,65.9,2132.64,57.93
82.12,98.4,7.04,4.51,33.15,0.31,5.86,34.81,64.68,2797.38,42.11
179.72,84.73,37.98,9.34,14.42,1.61,7.66,24.38,25.46,2315.47,43.67
179.25,2.62,12.29,7.58,9.01,1.04,1.44,29.61,31.72,2939.57,46.48
137.14,94.78,100.32,7.6,58.07,3.26,7.62,25.36,77.12,2977.32,60.52
171.8,72.11,5.64,9.04,57.33,1.04,1.46,24.53,73.27,576.09,53.76
17.75,8.24,94.52,6.13,22.89,1.37,6.76,18.59,43.2,77.54,54.11
173.0,67.06,179.77,8.28,48.44,3.12,6.33,30.34,34.59,2513.34,58.45
64.12,64.69,149.72,7.84,52.99,1.93,5.36,19.15,74.08,2677.66,65.79
35.67,21.88,188.79,8.51,30.56,3.15,5.68,14.91,62.96,1360.47,70.16
47.87,75.84,45.33,7.79,17.3,2.35,5.56,36.24,40.13,193.94,66.09
83.59,8.71,106.22,4.02,12.14,0.37,4.29,32.6,98.3,510.29,51.97
50.24,48.94,63.72,5.4,12.75,1.58,0.36,20.26,50.26,347.96,70.74
64.11,0.99,98.76,9.61,48.83,0.7,4.68,32.06,74.93,532.92,47.95
27.0,96.87,111.42,4.95,26.14,0.32,3.17,10.93,90.7,244.75,55.03
59.24,75.16,7.24,6.57,43.14,1.37,2.25,44.59,96.27,350.59,64.79
114.46,15.89,46.65,5.82,34.63,3.19,3.97,16.08,91.69,2119.94,70.84
88.37,34.17,140.95,4.06,26.71,0.5,6.8,42.96,67.37,100.37,58.27
69.34,16.06,154.59,4.68,11.81,0.12,4.67,12.39,36.74,2591.89,50.25
149.29,76.66,113.89,5.36,23.34,3.28,7.72,34.79,94.17,2500.35,69.41
178.7,5.89,54.17,6.51,51.21,1.9,3.42,17.77,98.17,1856.37,58.51
151.36,84.04,81.02,9.18,49.63,2.0,1.43,43.78,20.5,2751.63,49.84
66.4,94.22,19.21,6.85,6.56,3.26,2.59,21.03,92.88,267.92,66.78
148.89,67.66,190.64,7.74,12.72,2.48,1.24,11.39,90.92,767.28,67.66
30.4,21.3,173.74,6.27,46.57,2.91,5.51,11.17,56.08,1440.78,65.18
26.06,36.01,13.12,9.16,23.47,2.72,1.36,39.94,83.55,409.98,58.99
69.13,47.72,33.3,7.81,40.4,2.18,4.19,12.44,95.98,1879.66,68.32
161.54,60.46,116.22,4.09,35.95,2.44,7.39,38.98,44.71,2499.91,55.72
49.27,66.87,46.49,6.6,40.86,2.01,3.53,15.25,57.63,2547.66,68.81
12.65,55.42,186.88,8.88,7.95,1.31,3.28,19.67,31.18,903.25,50.76
26.34,35.13,151.12,8.27,56.21,1.07,1.7,44.34,43.39,450.01,48.91
171.75,89.09,54.66,9.38,6.15,0.7,6.05,35.37,90.73,2334.51,39.21
126.76,8.14,1.22,4.98,5.44,1.3,2.5,15.11,34.36,1063.56,51.96
50.64,46.63,159.89,9.85,17.44,2.06,7.92,19.46,95.36,1961.51,47.77
111.06,77.56,84.82,5.35,59.64,2.1,1.42,26.65,64.7,237.3,74.43
105.52,6.09,128.48,3.83,8.99,2.42,0.12,40.98,76.3,1467.46,62.82
131.09,70.53,57.39,6.72,53.1,3.09,4.36,34.89,51.43,896.32,72.77
46.64,81.97,28.57,4.22,13.75,2.32,0.64,34.33,38.73,2034.08,63.32
172.88,66.08,135.06,7.93,11.0,0.68,3.02,22.6,58.59,1833.82,52.87
61.87,1.29,90.06,9.35,47.84,0.19,3.67,32.9,44.42,1360.56,55.06
138.83,18.01,47.03,9.49,51.57,0.77,2.06,16.05,61.61,2798.11,46.27
3.22,34.21,27.53,7.45,48.57,3.19,7.83,29.92,28.04,1635.91,56.14
74.53,23.37,116.1,6.98,18.26,2.03,2.82,29.61,93.4,41.9,74.11
70.34,96.27,145.11,9.96,53.39,2.99,1.24,34.07,41.93,1573.64,58.83
108.7,65.16,56.78,7.27,8.95,0.9,0.39,18.49,70.75,183.83,67.72
14.55,29.7,147.03,9.53,23.81,2.51,2.54,14.09,71.83,2883.11,59.72
158.03,92.97,36.62,9.46,30.48,2.59,6.59,43.86,40.02,2225.31,52.1
43.56,74.06,67.68,5.38,8.73,2.85,2.04,15.36,99.74,22.66,66.52
135.41,28.46,148.98,3.59,36.89,1.92,4.83,21.8,58.69,1463.39,62.07
160.64,37.89,132.03,6.35,35.77,2.8,7.91,40.49,80.39,2829.84,65.57
112.38,19.94,54.1,9.1,59.57,3.28,2.81,30.8,22.52,2394.95,58.28
148.18,97.11,24.43,8.93,39.19,3.36,4.97,17.54,38.41,819.23,59.46
132.37,51.73,8.49,7.42,26.87,0.53,4.84,26.79,28.45,2030.02,65.44
71.11,89.61,167.58,4.52,48.46,2.22,4.79,39.43,47.82,2303.25,51.16
161.77,34.65,15.03,4.2,23.42,0.49,7.63,44.62,79.52,1946.48,45.49
58.94,86.08,22.97,9.71,34.31,3.24,6.31,32.51,31.28,2688.73,55.32
114.24,5.39,47.54,6.24,8.05,3.35,0.17,18.87,53.07,702.41,74.68
149.08,98.21,89.13,7.71,22.75,1.8,0.32,38.44,35.68,2239.62,58.68
75.79,91.2,157.96,9.39,34.05,3.36,0.42,38.31,38.15,1811.06,70.6
60.55,36.32,49.5,9.15,43.63,2.71,2.98,41.12,23.91,2898.04,61.93
91.87,77.47,108.7,7.18,10.45,2.47,3.57,14.77,60.64,2051.8,68.87
163.59,75.23,18.07,6.67,48.85,2.07,6.48,22.78,33.29,1299.94,59.83
185.98,90.13,92.9,8.28,54.51,1.48,5.13,18.17,44.66,348.3,53.13
109.02,30.73,35.53,5.77,20.46,3.38,8.0,17.57,48.62,1909.95,76.39
132.29,46.55,42.24,7.57,47.09,0.77,6.37,22.79,38.21,2874.73,61.59
180.65,86.5,73.37,3.65,14.92,2.83,7.0,11.66,58.25,996.26,53.02
19.71,77.86,152.27,8.86,33.79,1.35,1.54,39.68,27.07,1972.05,54.95
46.42,39.35,148.8,9.99,48.87,2.66,5.17,39.81,76.57,2357.81,53.73
141.78,84.57,82.99,9.71,26.26,0.66,1.28,43.02,43.33,2625.78,53.39
164.75,4.7,23.73,5.84,6.45,1.37,5.43,12.46,60.91,2296.42,53.45
171.41,78.2,56.14,6.95,34.7,3.32,6.5,30.0,29.19,1244.21,70.73
83.02,20.68,101.07,5.04,51.46,1.99,2.47,10.23,22.08,25.07,71.31
17.87,28.61,173.88,5.47,10.96,1.77,1.42,30.64,47.97,1767.54,66.03
87.56,49.32,193.65,6.47,6.63,2.66,1.98,13.41,73.81,1657.52,72.99
46.15,44.97,127.49,8.36,49.5,1.52,6.51,23.52,55.96,1268.63,59.73
58.24,52.06,70.14,3.62,19.69,1.78,4.42,21.33,76.66,1900.55,60.07
154.45,54.48,138.69,6.06,25.04,2.01,4.34,21.58,72.33,125.77,72.57
15.11,33.15,67.25,7.12,9.78,3.47,4.66,16.71,76.83,2727.25,60.78
165.52,17.52,125.09,4.9,10.31,2.84,3.99,13.66,88.26,914.23,60.39
85.53,76.85,48.75,4.01,38.8,0.24,6.92,10.57,41.56,365.76,47.64
119.21,40.0,53.4,7.01,35.37,2.76,4.11,36.28,20.59,589.42,82.49
17.93,50.58,15.05,7.65,21.08,1.81,4.81,42.06,23.97,1792.71,54.56
67.47,64.47,84.03,7.67,29.9,0.88,7.84,41.32,37.47,2334.78,53.85
17.94,90.96,123.63,5.82,26.35,3.0,3.7,32.17,28.82,469.01,67.06
192.31,70.76,157.76,5.04,43.23,1.02,1.58,14.24,42.82,2044.6,51.69
161.45,4.55,162.07,4.93,52.41,1.19,4.55,29.88,68.2,453.5,52.37
91.93,83.86,198.49,3.76,47.08,0.31,5.67,13.43,81.3,2152.09,44.17
44.72,98.94,17.55,4.7,5.24,3.42,1.09,27.95,32.5,2069.12,61.2
186.69,47.25,98.63,8.82,10.48,2.8,1.38,40.02,66.01,2580.88,59.01
68.92,96.96,104.27,3.52,28.62,0.6,0.29,16.97,91.74,2002.06,58.03
32.2,54.73,160.91,3.79,51.85,1.76,5.98,42.66,79.43,200.91,51.88
112.63,45.96,53.27,4.33,18.03,1.24,1.7,23.52,32.42,2530.27,64.81
188.75,33.14,13.87,6.23,53.34,0.21,7.22,17.64,71.44,1960.33,46.14
0.77,65.76,62.75,5.67,11.05,3.25,4.17,27.55,58.28,631.94,68.42
47.62,22.98,196.79,4.66,8.99,2.95,7.65,40.42,40.05,2819.18,47.87
187.69,10.49,179.89,4.22,55.24,3.46,3.13,19.47,62.21,2637.09,49.91
34.22,2.72,79.05,9.6,13.91,0.92,7.65,16.03,32.91,1272.05,51.26
22.65,29.24,175.25,9.42,30.51,2.48,7.82,32.39,45.31,1774.53,55.03
114.04,39.58,6.55,8.52,22.93,0.5,1.13,34.23,48.71,2009.36,60.47
172.37,55.21,62.84,5.14,13.12,1.57,1.09,12.52,46.85,2533.7,65.76
95.42,29.27,145.36,5.6,39.77,2.98,3.45,18.85,27.32,1065.14,78.06
198.91,98.41,44.29,7.83,58.0,0.13,3.37,14.18,53.22,2033.97,43.01
135.83,29.17,39.68,5.4,41.2,1.73,5.23,34.87,87.41,2130.41,62.72
14.81,44.1,172.36,6.95,24.45,1.58,0.99,28.5,87.09,1106.8,71.2
198.57,10.33,123.19,7.73,44.15,2.45,6.07,41.33,53.66,1273.31,53.0
81.58,26.06,197.8,6.87,12.88,0.91,1.88,33.69,21.01,1271.25,62.43
57.48,4.83,26.93,6.19,36.9,0.69,1.29,19.55,66.38,1218.58,66.93
111.58,55.95,71.23,5.76,30.82,2.31,6.38,21.84,67.67,1618.02,77.9
60.86,75.11,62.24,8.56,24.8,2.28,0.73,24.68,88.51,135.42,66.7
17.29,19.57,176.03,8.3,45.68,2.66,5.72,13.44,87.05,2991.06,49.14
0.29,36.79,51.06,8.03,11.52,0.94,0.98,42.25,81.99,920.05,53.62
89.92,1.66,70.69,5.94,34.3,0.16,5.95,34.46,88.54,1623.06,54.82
167.37,83.95,28.57,8.54,51.99,3.09,6.35,35.38,39.9,858.56,59.32
114.46,78.0,155.08,9.73,16.09,0.8,4.72,33.09,65.37,2808.28,47.04
199.84,6.33,47.54,7.98,19.55,1.52,2.88,25.51,94.71,2924.53,54.53
57.37,36.49,13.66,6.15,41.34,1.69,1.97,23.28,62.46,2939.36,71.91
56.09,95.53,87.02,8.68,47.49,0.74,6.49,29.25,91.13,1305.72,49.2
31.95,39.2,78.29,7.46,20.58,1.87,0.94,35.82,92.56,1815.84,70.98
32.81,52.62,35.52,9.2,24.79,3.21,7.8,22.46,25.63,2465.05,61.26
57.04,35.52,26.72,8.14,45.7,1.02,6.26,27.26,93.24,456.34,54.22
158.57,59.61,179.31,8.5,20.69,1.87,5.55,32.84,28.09,1145.87,62.4
181.15,97.82,13.57,7.84,41.64,1.15,7.91,19.69,52.17,920.29,48.38
195.02,99.75,19.86,4.1,13.74,3.43,5.54,39.16,80.15,1463.05,50.86
46.46,77.47,49.01,6.65,27.62,0.85,0.92,17.47,25.65,2392.72,70.04
176.26,40.43,190.57,3.87,42.88,0.47,2.65,40.19,51.63,1884.11,49.32
65.65,49.44,17.08,6.41,30.29,0.58,4.72,10.17,38.77,348.87,63.7
22.57,35.67,163.2,8.16,6.06,1.35,4.65,32.53,76.46,610.72,49.12
174.0,98.56,178.41,6.24,27.35,1.98,0.18,26.58,89.52,397.68,65.44
127.22,70.78,75.57,3.51,20.86,2.37,2.15,18.65,81.4,652.06,62.53
32.95,44.89,58.78,5.9,10.57,2.01,5.92,43.2,63.96,92.41,63.99
85.97,1.21,135.48,3.94,5.5,3.18,5.31,17.46,87.47,2648.1,57.82
57.45,52.05,140.53,8.57,7.5,1.32,7.19,27.2,88.47,2532.64,53.53
147.36,98.39,156.0,8.59,57.21,2.52,7.69,29.55,59.66,1665.32,55.61
90.68,52.31,166.11,8.74,46.24,1.01,6.97,43.43,88.39,2308.87,52.53
197.86,18.24,53.68,3.7,56.69,2.42,4.47,32.32,91.37,2999.73,49.78
10.95,2.21,137.39,3.71,11.31,3.25,4.39,12.53,20.68,1745.58,49.61
71.0,35.47,26.98,9.37,36.38,3.43,3.02,24.57,90.42,1841.57,67.81
96.38,91.82,102.15,4.3,9.58,2.58,7.2,40.29,24.44,2591.84,60.4
100.63,99.66,122.58,7.86,6.47,3.3,6.66,36.63,43.95,1590.45,74.04
63.19,94.54,32.35,8.67,30.65,2.41,6.25,11.79,64.35,150.09,58.03
145.85,72.94,15.3,6.41,40.55,3.37,6.25,30.42,39.55,1037.02,67.53
174.95,55.81,38.95,7.05,8.5,3.15,6.81,14.03,90.06,2153.71,55.2
187.74,59.07,84.12,4.98,25.08,0.46,7.36,13.44,83.06,2113.12,54.35
161.02,53.9,177.57,9.5,9.96,1.71,6.59,43.68,58.74,2982.38,43.15
170.12,70.7,106.38,5.46,24.92,1.28,6.54,34.49,86.98,2224.32,59.98
110.11,41.89,149.7,4.92,30.95,0.19,5.32,13.81,85.4,215.37,55.96
165.18,66.92,34.83,6.92,23.56,1.69,3.72,21.84,46.35,2864.52,69.38
60.7,12.16,21.2,4.74,36.69,0.6,4.45,33.78,25.17,93.44,45.63
79.7,26.57,47.92,7.96,37.15,0.22,4.33,41.69,67.38,1932.47,50.65
63.38,83.6,62.78,6.85,23.31,1.61,6.61,12.34,82.84,768.73,65.67
93.48,90.37,109.62,4.46,26.43,0.89,2.2,12.91,94.17,737.77,58.81
57.12,53.9,176.25,3.94,29.26,3.28,2.97,13.91,22.97,1704.91,70.72
192.32,3.16,85.22,4.39,25.66,2.86,4.5,29.06,52.33,86.56,60.31
62.57,92.7,103.76,4.39,46.84,3.35,7.88,26.24,74.69,841.68,58.73
19.61,70.21,0.92,5.53,12.7,3.1,3.97,15.75,56.63,701.79,65.75
105.36,41.4,6.66,8.92,52.14,2.58,1.1,28.75,37.93,1215.72,68.05
11.42,59.84,16.75,3.87,23.22,2.13,5.43,21.98,67.57,133.55,52.32
22.11,42.98,139.8,4.33,44.82,0.32,4.97,15.87,90.22,973.72,51.14
43.88,46.53,97.24,5.47,53.61,1.0,6.79,11.16,95.57,535.79,56.8
92.87,88.68,38.59,7.1,53.81,2.52,6.85,13.48,99.41,619.94,60.22
86.65,16.11,118.52,8.46,29.88,1.46,2.15,23.56,50.77,2489.84,65.97
159.94,10.37,108.92,9.49,19.11,1.21,0.46,27.99,36.23,2981.93,54.35
147.89,0.27,17.76,6.18,38.32,0.45,6.3,17.85,84.51,1316.05,49.61
85.26,31.4,128.08,4.19,15.12,0.34,5.25,37.31,75.05,288.56,53.18
66.74,14.74,153.43,4.89,48.48,0.81,1.22,29.95,80.28,2328.48,59.66
63.29,22.0,57.31,5.37,44.12,2.94,7.89,36.91,49.11,2503.14,58.51
154.8,1.12,137.5,8.61,48.76,2.35,7.41,23.92,37.86,879.87,53.8
10.41,22.72,39.94,7.96,28.83,1.26,5.81,41.17,82.28,1355.85,52.36
2.56,33.27,151.35,4.86,35.66,0.31,0.52,38.01,55.62,1063.13,55.24
159.11,3.16,182.35,8.95,10.65,0.74,1.79,29.36,75.08,2918.11,43.31
95.43,60.79,88.37,9.08,42.82,1.63,2.66,33.9,89.78,2536.87,66.63
26.18,56.88,48.92,9.24,31.78,0.62,0.54,15.16,47.55,818.06,60.77
47.11,9.7,79.84,5.29,33.01,2.69,6.64,37.03,81.42,2006.22,70.45
186.5,59.5,50.02,4.37,51.58,2.78,0.71,31.25,56.24,1866.99,66.24
171.9,99.87,0.25,4.18,47.48,0.57,1.72,16.97,69.45,1446.93,40.66
141.96,94.45,130.09,6.1,34.44,2.57,2.62,19.55,86.26,2147.71,73.35
96.45,0.27,8.51,6.29,24.53,1.84,2.72,42.07,43.89,2484.82,61.34
104.06,79.54,42.08,9.14,29.55,3.37,2.19,16.82,87.08,2838.22,70.46
195.05,35.36,144.49,5.24,24.29,2.78,7.83,25.24,36.43,1407.44,62.2
193.15,6.37,133.15,7.57,13.34,2.09,7.69,39.42,53.81,1955.68,49.49
43.05,29.6,14.67,8.62,40.52,2.15,5.0,21.01,42.03,2215.08,59.41
162.22,32.17,132.01,5.25,43.03,0.71,1.09,15.72,21.3,1527.72,58.7
39.45,52.32,186.11,5.24,58.42,3.14,5.68,27.28,20.94,2476.52,64.97
42.71,66.11,14.9,7.85,30.06,2.0,7.81,16.68,35.63,54.47,55.22
135.22,74.91,83.14,8.22,59.85,2.05,7.99,44.43,71.69,2091.66,56.77
81.0,24.59,145.89,9.74,15.29,2.06,4.97,32.81,62.02,533.51,60.19
186.31,32.18,133.54,9.02,41.11,1.04,1.59,27.7,45.49,1197.89,61.51
17.8,30.84,45.3,8.84,59.71,2.86,6.67,25.35,55.52,2472.98,52.56
102.31,36.27,32.61,8.0,40.22,3.03,5.02,31.6,74.06,2414.64,73.61
183.7,99.97,156.85,4.27,29.88,1.08,3.67,22.51,91.14,1369.33,53.86
180.82,77.79,191.25,8.76,33.34,1.6,1.28,17.59,40.73,93.56,52.04
31.31,97.5,153.52,9.58,51.5,0.71,1.99,19.06,90.41,1130.77,43.05
73.33,69.31,192.64,6.04,56.65,0.91,4.67,13.8,52.85,1024.59,59.53
123.82,40.63,121.0,5.54,29.97,1.24,2.16,41.35,46.78,602.18,73.29
31.88,38.97,185.82,6.9,47.48,3.17,3.88,43.21,65.49,392.55,63.3
193.6,48.86,138.09,9.72,56.35,2.23,5.75,18.52,48.48,950.32,53.82
182.95,41.69,181.78,3.83,20.52,2.1,7.9,44.23,43.26,1233.43,46.81
33.39,82.83,32.32,8.11,32.12,3.32,0.45,29.29,91.99,2182.3,70.86
24.23,46.5,163.11,8.8,59.75,2.79,6.39,18.43,52.42,1703.08,53.83
17.08,29.56,39.35,8.63,24.44,0.15,1.11,27.7,32.12,1688.92,51.28
181.89,77.49,5.49,7.18,39.08,0.52,7.55,12.69,54.59,2542.81,44.93
38.72,85.44,103.52,9.48,41.14,0.94,6.18,14.92,43.13,2704.39,46.98
83.26,42.04,63.65,4.37,13.48,1.13,3.24,17.8,60.99,1197.97,64.46
89.77,66.78,8.71,5.09,49.36,2.94,4.15,41.96,71.41,2529.82,65.63
119.8,5.88,196.06,5.5,27.71,2.72,5.45,43.22,21.23,2461.27,61.96
14.35,52.95,133.29,3.56,32.52,0.59,4.53,24.32,83.02,677.1,51.59
45.35,4.5,180.36,5.91,40.36,1.92,7.84,18.47,57.43,149.44,53.24
186.3,2.92,199.82,4.54,27.58,0.47,7.99,21.33,63.35,2765.56,43.73
181.68,61.29,78.39,8.21,22.88,0.69,0.55,21.63,31.0,2955.1,57.82
156.26,30.33,50.95,6.2,35.05,0.92,5.85,29.35,54.97,1792.96,66.36
3.88,74.25,36.78,8.08,24.07,3.18,6.0,15.93,59.38,1027.17,59.57
65.4,89.61,103.04,5.41,28.88,1.34,6.34,30.2,23.28,1983.83,60.96
125.59,13.94,121.22,4.36,10.96,3.21,7.34,22.96,34.11,156.64,60.87
55.04,72.45,94.48,4.36,51.46,2.65,4.79,31.87,49.38,2255.33,62.0
181.92,51.45,77.45,4.82,27.64,2.65,2.11,29.8,34.35,621.08,73.66
126.78,11.21,33.65,4.25,9.55,2.83,5.41,26.09,45.63,287.94,57.73
14.38,65.16,88.37,4.93,48.45,0.43,2.65,14.17,90.28,2701.81,51.0
181.8,60.95,17.05,7.26,6.08,2.87,2.81,15.51,69.97,1674.87,60.12
191.55,51.56,173.01,5.17,37.96,0.96,4.94,22.12,63.96,1470.57,56.9
15.54,92.65,9.38,5.73,43.65,3.45,2.38,35.91,87.57,1851.24,57.77
106.47,52.11,76.13,3.84,15.52,2.98,5.59,21.72,38.93,2984.5,67.23
60.67,99.05,20.03,9.3,12.22,3.49,6.84,19.79,98.09,577.58,50.62
78.57,50.92,155.0,4.4,11.26,3.29,7.89,37.79,37.55,632.51,65.31
35.93,11.59,62.55,5.77,59.63,1.32,1.43,40.53,59.39,2120.06,55.52
115.61,47.05,22.62,5.97,46.53,3.3,3.7,35.35,97.1,2478.21,73.47
191.6,18.23,106.3,8.52,22.2,1.22,5.95,25.68,46.69,2810.08,57.37
100.61,59.71,183.26,6.64,23.46,2.34,4.66,17.43,33.36,2398.76,72.06
16.58,69.31,181.73,5.99,40.67,2.88,0.61,44.82,52.58,1572.29,66.25
124.0,46.84,49.93,8.02,30.17,1.4,2.85,21.83,38.63,2142.67,71.33
68.04,9.77,143.93,7.38,19.92,0.79,6.37,25.14,79.87,1601.05,63.3
171.19,46.86,6.06,4.01,8.14,3.14,3.99,28.27,93.63,1967.84,57.79
86.94,8.15,26.37,5.53,48.11,0.45,5.59,29.76,88.54,232.09,44.68
38.57,68.21,99.89,9.86,53.85,1.34,5.16,10.71,31.46,1937.23,45.41
38.22,79.04,45.75,6.64,16.33,1.94,7.55,41.4,96.08,954.76,50.98
153.75,96.24,159.65,6.26,8.49,2.84,6.88,40.81,78.85,1615.61,60.61
53.12,14.88,186.21,4.47,11.52,3.05,2.82,14.36,80.65,404.78,56.48
153.45,53.24,0.87,8.95,27.78,1.84,4.03,39.72,63.99,1646.82,56.19
41.18,56.75,46.58,4.37,21.46,2.05,3.86,15.49,49.88,1995.14,58.67
64.34,92.25,87.91,4.18,9.04,3.0,2.3,18.5,40.17,600.76,66.94
93.1,62.73,112.62,6.35,30.02,1.69,5.01,28.17,57.65,294.29,79.07
188.64,14.55,183.18,6.34,16.22,2.0,2.16,44.19,84.39,1131.22,54.55
186.35,43.64,178.38,9.88,8.68,0.16,1.36,26.85,44.88,1363.55,46.15
41.37,65.48,127.43,4.33,41.19,3.33,0.97,23.48,91.19,1917.52,68.97
71.64,70.03,51.48,6.64,36.49,2.03,2.36,28.15,31.7,532.26,76.51
29.88,86.31,156.66,4.81,50.45,2.57,3.84,18.15,23.97,1410.0,58.73
102.0,18.05,40.53,8.06,21.63,0.94,1.01,42.62,60.23,2749.33,63.71
92.12,95.15,193.03,6.05,12.47,2.33,5.44,42.73,94.33,1247.39,60.75
180.15,5.91,1.17,7.72,24.81,1.66,6.97,33.67,86.85,517.27,47.94
186.0,98.38,113.95,5.7,47.83,0.48,3.47,15.42,31.04,2524.75,51.64
76.71,85.78,17.68,7.17,18.3,2.92,7.0,27.0,31.25,1270.07,65.95
98.35,66.03,81.52,6.55,19.03,2.95,1.29,23.37,27.64,1890.86,86.38
179.25,73.5,126.99,5.93,13.12,0.32,0.71,44.85,82.99,2643.78,54.73
161.34,7.27,137.92,6.99,59.26,1.43,6.53,11.82,46.41,1867.02,51.98
0.73,4.15,157.11,5.99,58.2,1.06,7.8,19.04,46.67,2530.35,40.27
64.01,10.18,118.67,8.74,41.19,1.86,2.79,27.21,94.01,1952.26,54.38
84.35,8.74,50.26,6.72,16.81,1.76,5.29,38.88,71.25,2443.56,69.55
45.94,54.74,177.85,9.37,47.16,2.33,5.27,35.52,94.44,1369.91,56.57
39.91,21.54,162.22,4.95,37.12,0.94,5.52,43.47,39.14,2939.87,47.56
7.56,86.02,32.01,4.23,46.23,0.85,4.62,17.37,79.35,1627.82,44.15
128.67,44.57,165.3,5.98,52.32,2.56,2.13,13.6,27.5,2046.65,66.96
52.5,69.55,194.53,4.69,22.52,3.42,0.74,30.65,73.21,576.27,66.16
10.47,65.29,127.44,6.06,55.25,3.32,0.21,25.14,54.49,1236.56,77.69
46.2,31.99,56.36,4.85,54.42,2.79,1.52,21.61,22.53,1398.09,70.06
160.38,24.32,121.32,9.14,35.09,0.33,1.05,37.14,26.75,2478.97,50.32
170.3,34.25,68.51,7.19,42.65,0.91,0.4,29.21,95.25,2321.4,65.4
96.61,79.67,135.19,6.73,27.61,2.44,0.81,21.26,82.78,1627.51,85.25
83.21,58.63,108.96,8.62,41.03,1.11,0.49,28.82,84.06,2415.44,69.55
195.57,25.35,185.9,4.35,35.19,1.44,4.43,42.64,22.57,2433.22,39.69
40.11,81.78,123.58,9.07,22.76,3.34,0.55,19.17,79.93,1979.16,66.73
43.07,5.48,42.8,6.64,22.76,0.39,7.97,25.82,22.16,2827.73,49.08
58.37,69.92,145.02,4.39,40.84,3.03,4.06,20.07,42.76,2569.99,63.66
34.55,43.91,60.18,8.83,57.61,0.27,7.22,30.14,59.83,652.23,49.86
75.87,73.13,54.48,6.5,16.09,1.25,3.95,41.57,51.38,1035.18,71.51
182.17,92.75,78.36,7.43,26.59,1.99,1.17,32.84,31.28,379.29,67.28
123.07,75.0,2.4,9.31,49.31,1.31,6.74,16.8,98.66,1271.93,52.93
82.39,44.2,193.83,9.29,11.77,3.35,1.98,14.52,24.29,1019.43,64.57
186.88,15.1,106.47,9.3,59.68,1.81,0.42,11.23,74.68,2352.43,53.8
9.69,80.64,154.7,6.21,42.3,2.6,1.61,39.42,83.28,2412.86,64.84
42.06,46.07,51.57,8.37,55.09,2.49,4.84,26.51,42.23,1371.05,63.35
113.18,7.53,149.32,5.02,51.09,2.94,3.53,24.8,52.56,1529.52,73.98
123.11,71.91,113.43,8.9,47.74,3.04,1.38,19.24,26.72,2626.09,65.79
7.91,29.19,84.83,5.72,6.81,1.69,4.31,25.05,48.76,1589.85,57.1
80.61,4.89,194.13,6.52,27.36,3.03,7.63,22.33,47.81,2795.1,61.06
129.83,90.28,98.77,9.29,16.1,2.32,5.84,36.03,22.39,2506.87,55.23
139.61,48.31,131.49,8.74,52.92,2.43,0.65,34.74,41.12,1357.63,71.42
127.63,28.1,3.07,9.69,42.42,0.69,2.63,25.61,94.21,2805.27,47.1
64.11,71.64,60.29,5.86,10.89,0.93,5.57,32.88,74.15,2352.43,56.74
18.7,88.59,177.74,4.48,24.78,2.44,1.21,30.63,21.18,2871.76,54.79
85.42,0.03,151.79,9.42,8.81,1.0,4.36,32.44,61.44,626.68,46.77
25.75,68.79,107.35,6.71,45.7,1.77,4.41,36.58,47.86,2072.17,64.26
189.52,76.7,180.03,9.28,28.01,1.77,0.8,13.22,98.78,2762.6,57.74
95.03,20.99,97.24,8.26,17.89,0.9,4.89,39.12,95.89,6.08,56.04
63.45,48.96,113.3,9.19,33.47,2.03,7.21,19.89,74.92,291.97,65.97
153.26,8.93,76.43,7.76,7.31,2.02,5.25,23.36,21.47,363.76,59.79
99.59,74.67,124.01,8.78,19.15,0.54,7.33,19.68,31.77,1218.28,57.92
62.01,84.75,63.8,4.28,14.64,1.4,4.95,38.94,80.78,2625.24,53.13
162.39,10.82,77.1,9.79,56.19,1.34,6.04,40.44,68.14,1437.93,45.83
173.43,81.65,193.27,4.68,25.74,2.01,7.15,14.92,38.63,243.81,49.15
134.6,77.16,22.26,3.66,37.15,2.65,3.76,28.27,28.66,655.36,61.45
9.39,34.69,21.05,6.95,32.66,0.16,1.35,23.36,49.3,1048.98,64.01
113.26,69.03,8.66,8.13,41.26,0.55,1.04,16.37,90.13,2643.39,59.83
152.66,0.0,64.01,8.16,20.35,1.13,7.63,29.48,63.12,602.13,50.17
27.3,93.18,79.65,5.71,11.64,2.86,4.42,22.8,43.33,2111.56,65.33
45.73,55.04,18.9,8.4,9.48,1.73,5.5,35.05,27.12,2547.54,50.01
176.5,62.03,109.83,8.98,15.64,1.84,4.93,39.27,34.48,1538.71,55.22
4.02,66.47,116.66,7.47,31.56,1.49,4.56,10.47,53.36,1847.05,67.98
150.55,56.14,150.21,6.01,17.98,1.51,4.52,29.17,80.59,1618.96,71.82
94.75,85.68,195.19,7.49,28.87,3.42,3.84,30.33,58.81,2284.22,76.91
89.35,60.97,123.87,9.1,6.61,3.16,7.09,21.13,57.68,1568.39,65.69
1.42,90.78,22.33,9.35,39.52,2.57,1.06,38.1,42.26,2828.18,50.07
163.88,58.23,17.7,3.7,53.3,1.2,5.76,41.84,40.01,2595.57,41.52
71.96,17.11,155.51,4.3,7.62,1.85,5.48,36.75,73.75,2249.92,57.24
108.15,91.36,130.07,3.53,16.99,2.44,0.59,28.46,77.11,997.13,68.69
135.46,68.16,32.38,6.7,22.48,1.44,1.81,10.39,96.94,1809.3,66.89
140.53,69.92,50.67,6.34,20.8,1.88,6.32,24.77,91.96,385.96,72.22
191.2,98.55,150.05,7.05,7.22,0.6,1.95,34.28,66.85,1189.35,51.72
106.27,7.52,113.23,7.94,10.86,0.42,4.66,15.58,68.89,1624.57,53.17
79.94,42.86,117.0,5.88,55.19,0.67,0.76,37.15,51.32,1039.8,70.9
190.74,23.91,42.0,4.86,44.12,2.67,1.86,31.47,97.85,273.58,61.55
128.42,63.04,125.81,6.07,57.71,0.75,7.14,21.61,93.34,938.05,62.62
59.63,80.68,154.13,3.56,29.23,3.24,2.96,39.7,23.38,2767.56,62.4
25.29,96.63,177.05,8.89,53.35,1.35,6.47,32.51,49.77,1828.29,46.11
168.51,45.46,147.34,5.99,49.91,0.67,3.88,20.62,52.09,589.28,63.01
72.44,78.62,115.28,7.55,53.12,2.91,2.65,16.91,41.54,2387.79,71.93
132.09,91.71,134.65,5.61,7.15,1.65,4.58,15.49,55.26,2717.63,57.3
94.16,68.33,97.02,7.5,40.89,1.42,4.32,44.53,56.06,1677.67,62.13
39.79,24.27,45.38,7.01,36.16,1.22,7.88,40.41,82.15,1298.01,55.94
120.34,60.79,176.44,4.86,34.99,1.22,2.82,34.09,92.82,1080.25,71.97
12.14,97.0,106.52,7.56,32.74,2.36,5.26,26.47,62.22,494.68,63.55
82.67,98.76,118.86,4.21,48.78,1.94,5.55,39.68,40.57,165.87,56.57
109.32,64.24,198.02,6.63,58.24,1.69,5.05,34.61,62.87,649.81,61.91
87.21,88.7,197.0,8.18,50.59,1.62,3.89,29.5,34.23,1450.51,60.38
149.73,20.03,117.26,7.07,52.87,0.58,6.29,37.3,48.09,155.08,53.75
165.58,24.61,6.79,8.35,31.61,2.91,6.17,14.17,62.81,2937.51,59.19
154.25,95.29,79.23,5.28,42.98,3.25,7.68,40.6,96.14,2085.44,61.07
7.76,13.52,187.46,3.82,27.86,2.83,7.82,14.47,57.51,1030.57,50.25
38.83,19.11,57.66,3.86,24.82,1.63,1.8,41.65,20.81,1284.58,58.68
107.32,42.05,199.85,5.25,54.24,3.41,5.27,17.69,28.81,2965.98,67.33
186.96,58.96,16.86,6.15,54.79,2.2,6.87,23.59,51.9,1060.72,53.47
166.99,60.38,113.62,6.99,42.52,2.73,7.7,36.61,33.52,461.09,65.83
168.51,29.2,103.09,8.42,51.08,2.62,1.23,13.98,45.86,1305.03,70.76
60.64,92.06,51.07,8.96,24.82,2.51,7.6,44.12,89.69,596.17,53.31
85.89,91.51,189.72,8.01,28.86,2.28,1.88,36.22,75.08,1763.2,75.3
94.14,39.21,123.83,6.51,50.16,0.82,4.62,19.12,70.88,1142.21,69.21
31.47,43.43,46.05,5.22,26.89,1.1,5.27,41.07,51.46,792.64,60.88
6.21,70.25,76.81,6.28,7.2,3.11,7.05,11.45,81.7,878.59,62.26
189.38,66.3,144.25,5.28,24.43,0.71,6.45,10.38,99.88,2886.42,42.55
48.14,38.23,59.54,7.56,26.9,0.62,7.48,21.33,46.66,1131.29,62.83
47.99,41.42,175.92,8.82,13.5,1.07,6.32,13.55,73.43,2814.25,49.32
16.68,34.8,33.13,6.87,23.93,1.33,2.78,38.7,36.15,1655.61,60.67
185.7,23.54,52.9,3.8,56.39,1.98,1.51,23.46,27.88,1688.72,57.39
115.95,45.81,28.98,9.61,52.22,2.16,1.33,31.69,97.7,252.58,56.99
133.41,68.64,20.84,5.41,29.53,2.79,0.79,38.8,36.3,2931.88,68.37
182.32,74.2,60.06,9.44,44.04,0.35,7.47,15.35,28.21,1573.6,39.64
69.12,77.89,199.84,8.78,13.35,0.81,3.94,44.08,58.63,2554.72,46.83
124.3,37.47,18.87,6.19,46.39,1.82,7.73,32.8,75.71,2065.6,65.49
7.76,76.46,42.6,3.87,31.17,0.95,6.22,12.29,20.03,1461.38,46.57
37.35,0.65,54.32,9.66,44.74,3.07,7.63,28.91,51.94,2071.66,56.44
166.25,47.7,123.83,7.78,40.42,2.28,6.96,40.48,57.56,329.84,58.8
153.35,79.39,149.07,5.12,17.8,1.77,4.71,41.43,59.46,173.86,54.36
70.13,63.0,150.39,6.97,50.91,0.1,1.88,36.17,52.12,1065.73,57.63
75.36,47.41,1.73,7.63,36.47,3.02,2.11,44.03,32.25,572.93,74.01
106.71,64.46,130.37,4.97,48.13,1.67,3.03,27.47,77.02,2655.76,61.24
0.05,90.69,126.15,4.11,10.17,1.91,0.29,24.11,71.0,900.65,53.52
48.25,56.64,103.53,5.24,38.84,2.47,5.37,17.73,22.64,1985.12,68.82
41.65,79.98,75.84,3.81,21.05,3.29,4.49,26.01,68.23,2733.73,56.58
50.1,98.07,159.49,3.95,52.35,0.64,0.9,40.01,80.22,185.63,46.65
161.18,70.56,68.78,4.52,57.22,0.34,6.62,11.91,30.08,2127.3,47.66
55.93,57.33,46.0,4.53,8.07,0.51,6.6,17.84,81.02,31.54,48.41
38.3,3.75,62.02,5.11,44.84,2.62,1.04,44.01,40.79,2576.78,61.39
100.85,37.45,87.93,9.59,10.66,0.54,1.71,37.66,74.22,2954.31,62.95
173.13,56.54,42.81,7.24,52.16,1.8,2.08,19.75,73.53,693.73,65.74
48.27,79.72,121.51,6.25,11.85,2.5,4.25,39.34,65.26,483.58,71.13
15.71,43.81,176.84,7.16,15.73,2.52,7.56,15.05,37.82,1496.48,58.05
71.28,96.01,119.09,3.54,18.84,1.48,5.36,33.34,41.93,2854.31,50.91
149.53,27.18,89.33,9.32,45.03,2.48,5.48,16.97,57.83,898.32,63.35
110.14,74.46,159.37,6.96,21.09,3.33,2.4,28.59,22.12,952.81,81.05
163.36,41.9,149.61,6.44,37.78,0.2,5.03,32.12,53.33,1860.42,63.01
191.92,48.6,73.41,9.62,36.46,2.38,1.77,35.68,75.48,2144.86,64.01
158.53,80.25,120.83,8.25,27.12,1.88,5.72,41.74,20.18,1626.97,61.71
120.76,29.62,145.97,5.69,34.67,0.82,1.96,37.77,79.11,670.85,72.1
98.67,9.68,49.09,9.59,11.5,1.15,0.21,20.44,54.48,2708.03,63.66
8.01,52.03,73.25,9.04,53.19,2.95,4.24,39.51,58.95,1567.81,59.06
196.86,52.88,21.16,9.7,16.39,2.1,2.45,12.2,37.76,2839.11,49.64
76.7,79.72,197.54,4.13,53.41,0.15,5.07,35.78,53.13,1430.64,47.0
30.45,96.83,17.18,9.71,33.53,3.38,5.99,26.92,60.47,410.43,58.49
133.34,5.53,33.72,7.03,38.77,2.37,6.53,25.39,98.3,1100.54,65.19
56.86,59.17,95.97,7.87,19.15,1.6,7.85,34.52,69.56,1630.02,61.58
117.16,68.13,173.05,4.88,17.23,2.52,4.49,12.12,70.44,580.35,66.9
117.35,98.58,71.18,4.41,31.99,0.8,3.91,40.55,99.76,1218.09,64.28
89.15,94.26,153.72,4.02,19.7,0.99,2.04,19.06,22.88,319.14,53.14
167.22,71.25,135.21,6.25,28.27,0.62,6.0,38.5,89.7,2676.9,56.32
52.99,52.18,127.73,4.94,29.21,1.45,3.91,21.3,83.28,2872.43,67.8
89.73,16.15,169.0,4.03,19.9,3.18,2.68,35.69,23.77,1368.26,64.52
107.54,38.42,2.83,9.71,21.05,1.42,3.51,42.18,55.37,2684.33,58.12
132.72,58.51,185.83,8.27,58.51,1.08,3.03,34.2,61.39,531.97,53.72
156.79,72.52,165.85,6.87,37.31,2.49,7.83,18.22,22.63,207.55,62.98
78.96,63.54,187.57,8.33,50.75,3.06,1.89,34.5,55.84,981.95,67.88
129.21,71.41,158.72,7.47,7.52,0.93,3.37,34.5,90.43,715.97,60.7
30.12,42.92,175.72,4.66,5.11,2.85,2.53,42.35,22.27,706.94,57.8
186.53,72.76,40.62,7.62,33.55,1.14,1.46,18.97,86.25,2335.26,57.2
76.61,14.37,63.85,7.93,50.47,0.94,2.47,43.93,87.08,2444.31,58.45
145.9,16.26,63.04,5.04,38.6,1.71,3.97,33.98,20.22,1689.75,63.91
4.07,16.28,21.83,5.58,39.04,0.33,5.09,21.14,92.72,2166.18,45.41
41.04,89.09,145.92,5.99,12.66,3.03,4.97,27.84,77.24,850.17,72.64
97.42,7.6,27.23,7.42,58.82,3.07,6.2,36.66,95.2,2094.1,61.36
175.65,80.15,10.5,4.32,34.13,2.4,0.66,11.66,94.33,2263.88,60.23
105.45,23.36,155.09,8.33,10.64,1.13,2.58,21.77,39.86,2831.17,58.05
185.97,46.84,180.93,5.75,27.78,0.67,2.89,41.04,61.41,261.59,55.7
96.76,91.6,152.82,8.0,8.96,2.48,5.57,13.74,59.15,2541.15,59.39
98.09,58.59,165.07,9.56,28.0,0.45,1.74,28.48,76.73,484.5,63.78
23.95,21.01,119.12,9.15,44.14,1.5,1.79,30.14,66.55,1286.13,57.32
160.53,28.41,177.55,8.29,22.79,0.4,0.85,20.04,97.12,18.77,54.2
49.39,92.04,99.34,4.76,22.22,1.55,4.31,24.15,60.37,2859.26,57.66
179.92,42.71,197.66,8.26,33.29,0.56,5.84,41.86,49.89,2890.02,45.6
182.16,58.7,20.68,7.63,32.42,0.21,5.61,12.11,99.37,2872.14,48.99
188.66,45.99,161.84,8.52,30.69,1.63,5.97,15.65,67.51,268.52,51.99
104.05,37.84,128.28,9.15,33.43,2.03,1.44,41.54,52.75,928.15,77.58
135.42,22.33,116.13,5.52,7.64,1.59,4.73,16.28,48.3,1197.49,63.11
155.7,68.62,145.16,7.69,31.08,0.7,0.84,16.1,76.61,2936.07,63.33
26.2,71.82,168.06,5.29,59.56,0.36,7.74,30.46,91.14,2358.45,35.15
120.19,27.49,172.58,5.75,47.04,0.53,0.93,44.45,34.15,1941.67,60.02
6.86,78.9,35.08,6.88,20.82,2.57,7.03,25.64,49.8,1153.8,62.38
99.51,85.45,39.41,6.32,42.27,0.15,0.4,28.28,25.24,2923.73,67.51
30.97,92.07,3.23,7.4,23.14,3.04,4.3,38.92,41.93,2135.0,60.21
36.58,16.12,26.37,8.43,15.53,2.96,6.84,34.37,93.4,1560.74,54.68
73.01,30.39,52.78,7.43,47.55,3.09,5.11,44.86,71.61,1549.52,72.09
86.49,86.04,144.21,9.8,16.53,3.09,4.0,31.44,92.97,229.41,62.23
124.63,19.85,95.15,8.3,52.22,2.37,1.11,24.69,64.58,1136.97,75.03
14.89,0.35,151.58,9.9,25.92,2.98,5.31,21.68,98.97,413.31,50.99
100.74,87.08,97.31,8.33,46.63,2.58,4.86,44.56,70.85,2214.27,66.54
36.53,32.64,111.12,6.8,19.28,1.12,3.72,38.29,77.69,2630.01,62.99
114.8,41.45,22.21,6.17,40.9,2.67,1.96,38.69,89.05,2792.59,74.3
127.48,44.63,155.31,8.28,16.69,2.19,1.84,16.8,48.37,2931.84,62.46
111.34,84.83,151.63,7.97,6.2,0.19,7.76,26.11,43.7,645.38,53.1
147.66,33.79,61.51,7.85,49.8,2.77,7.72,10.79,33.84,1541.9,59.0
67.12,89.23,65.72,8.19,52.09,3.06,7.5,28.7,76.51,2205.7,62.05
153.02,61.69,43.94,9.17,53.43,1.86,4.18,12.58,85.48,1934.59,46.75
86.55,52.73,162.77,4.98,7.0,1.76,7.91,16.89,51.1,2998.71,55.72
96.84,32.56,149.4,7.17,46.85,1.55,2.45,19.87,20.07,763.65,70.39
129.62,24.37,121.83,7.42,50.97,2.54,3.47,38.6,92.63,1762.08,66.67
3.67,62.41,47.76,5.4,22.14,0.83,1.48,13.59,77.87,812.63,53.16
130.8,44.69,34.37,9.92,30.87,2.73,3.77,41.76,90.86,2014.04,62.07
123.72,91.05,10.05,8.61,27.44,1.09,1.56,29.82,90.21,870.97,58.16
61.97,49.16,9.12,5.59,29.21,0.99,0.62,13.81,59.32,2173.41,65.39
17.16,51.18,37.43,5.83,51.57,2.85,0.18,44.54,80.38,1915.19,68.66
18.19,41.67,20.11,8.17,27.98,0.69,3.09,10.07,87.82,520.99,45.04
184.64,78.93,111.22,3.57,21.63,3.03,7.19,15.7,23.5,674.64,53.42
137.86,42.48,71.62,6.52,12.17,3.42,3.56,16.44,84.94,1444.62,82.68
25.42,26.93,88.99,5.73,42.12,1.19,5.2,40.39,60.03,2108.11,55.82
71.34,86.2,118.81,9.05,9.63,3.25,6.56,22.17,48.44,471.87,61.17
118.5,59.68,131.82,8.64,8.37,2.03,4.47,39.22,33.71,856.68,65.67
167.11,59.15,129.64,5.66,42.49,0.98,4.55,11.47,38.01,371.87,59.08
8.73,61.08,52.17,9.12,43.19,1.64,4.24,43.55,83.66,270.42,50.17
47.33,71.88,161.93,9.44,15.95,2.82,1.09,39.88,89.12,1290.41,62.46
177.95,31.31,183.54,7.09,57.65,2.37,5.12,26.66,97.04,670.26,61.11
1.83,3.38,63.19,4.54,48.33,1.78,5.81,15.35,31.72,873.5,47.83
40.28,81.06,3.41,8.51,42.75,0.97,0.1,17.83,61.23,1886.41,56.59
191.8,12.89,179.83,5.58,46.49,2.57,0.76,17.97,93.37,2032.15,62.43
122.68,72.18,184.71,6.93,27.65,1.17,4.38,34.6,37.63,101.92,67.63
52.33,8.23,10.19,3.8,30.06,1.23,6.73,23.12,39.38,1024.38,52.09
13.4,37.53,0.99,6.75,52.86,2.64,4.31,10.11,63.41,1076.35,57.24
5.64,6.3,163.28,5.97,6.4,2.0,3.53,23.44,65.67,2631.66,59.32
48.95,52.22,60.29,7.96,49.13,0.73,7.5,30.01,35.35,1351.3,54.28
176.3,65.31,182.92,3.77,29.62,2.44,0.7,11.88,61.53,1029.08,66.55
83.18,17.14,43.35,7.56,30.52,0.98,1.19,29.29,92.93,529.07,65.34
144.07,37.16,172.23,8.52,22.91,2.69,5.51,37.19,66.72,2529.46,67.71
183.66,93.02,13.73,3.58,38.39,1.73,0.96,29.75,82.82,2631.93,50.54
81.61,44.24,52.13,8.37,42.16,2.12,1.17,21.6,81.94,2923.09,73.54
38.26,80.25,194.63,4.35,13.84,2.14,6.99,22.64,50.85,2657.99,48.73
103.42,92.72,46.24,8.04,36.11,0.6,1.76,25.06,83.04,2310.62,63.29
181.62,97.43,26.6,6.46,30.57,2.31,5.02,39.66,86.29,1482.56,63.43
160.87,89.83,171.41,7.09,48.0,3.05,3.23,11.11,53.94,2170.05,67.91
13.17,31.74,23.56,5.69,34.99,3.13,1.18,22.4,82.91,1802.97,69.51
138.51,96.26,19.49,5.1,28.63,2.44,3.15,43.58,99.47,2252.52,59.71
114.38,81.24,64.69,3.96,34.09,3.39,3.39,39.09,70.43,2118.19,66.89
181.49,83.72,127.07,9.12,31.98,2.13,5.07,14.72,39.91,1367.92,59.83
24.5,1.52,142.15,7.47,56.43,0.97,1.31,22.42,87.06,1418.86,55.65
106.81,95.42,176.25,9.89,22.15,2.34,0.4,10.63,29.6,1958.53,59.78
175.89,77.81,108.18,9.03,7.05,3.19,4.89,35.54,60.03,2596.8,52.66
82.0,76.8,78.68,9.15,41.41,1.32,0.62,13.62,91.83,1359.55,66.41
96.4,8.15,71.77,7.39,38.21,1.0,1.32,23.51,71.85,1126.73,70.27
14.09,23.26,169.38,4.03,55.05,3.39,7.85,41.61,97.77,2557.44,41.9
55.63,96.23,144.76,9.44,11.46,2.71,0.28,14.78,51.42,870.04,61.22
64.9,50.07,181.09,4.27,33.75,0.27,5.17,21.4,62.21,2747.01,56.62
189.02,39.79,192.81,6.86,13.29,2.01,1.2,38.55,49.16,1619.96,60.54
56.53,83.99,60.01,9.07,30.06,0.9,6.59,32.13,72.31,1087.7,55.03
92.17,8.73,105.93,6.57,48.97,1.08,4.7,36.57,44.33,1202.48,65.11
134.26,41.69,126.36,4.58,52.16,0.4,3.83,43.56,41.7,1635.39,56.0
32.44,37.57,32.77,5.93,50.86,0.89,3.74,41.97,79.15,964.68,55.32
97.29,34.99,10.67,9.92,35.11,1.82,5.4,20.03,98.04,2326.0,54.64
147.71,30.77,173.55,10.0,39.87,0.37,6.73,20.46,33.69,2943.99,39.92
173.37,21.01,107.1,8.12,35.34,3.12,0.15,13.02,89.87,2463.48,75.64
125.25,17.29,114.15,9.27,35.87,2.74,0.26,23.14,94.92,365.92,69.76
133.81,64.04,110.98,3.79,53.68,1.4,2.25,37.11,81.56,987.34,63.73
25.26,91.94,150.99,5.29,16.51,0.54,5.93,19.04,51.53,1543.1,54.32
189.16,50.89,29.1,5.9,29.13,3.48,1.63,38.98,24.99,2649.02,72.01
26.51,29.8,122.81,3.58,38.55,2.02,3.31,30.06,22.4,1390.47,60.18
154.93,15.92,93.9,5.95,47.09,1.54,4.11,22.61,67.64,963.8,64.21
52.96,83.01,179.39,4.1,46.9,0.78,3.05,24.64,83.05,2327.02,49.02
186.72,97.15,103.92,6.86,11.45,0.79,3.77,36.98,44.38,2217.72,55.28
143.99,34.92,188.59,3.53,17.21,2.81,6.41,21.07,55.6,422.62,52.34
150.76,29.1,70.65,5.26,55.13,1.87,1.91,35.08,40.05,492.45,65.33
43.81,60.15,193.38,9.13,24.66,3.45,2.68,24.6,84.98,1523.55,70.73
88.61,77.53,175.03,4.88,5.15,3.34,4.26,38.55,83.98,2574.04,65.91
123.56,45.54,116.85,3.92,15.99,0.8,6.93,17.41,78.7,838.5,58.88
153.99,63.01,70.74,5.12,58.33,3.5,1.72,20.8,87.7,1901.45,68.37
20.79,71.65,75.18,8.88,22.04,3.45,4.25,27.41,32.41,1285.12,68.65
192.47,96.06,154.55,7.32,38.75,2.82,7.02,36.21,55.68,70.77,53.04
178.04,16.5,116.13,7.31,44.97,1.43,0.99,15.52,85.26,1410.53,66.03
54.07,99.74,80.32,3.5,40.56,0.86,5.8,41.62,96.47,1907.06,45.97
164.55,39.22,127.21,6.57,25.77,0.45,1.87,10.62,84.46,2598.28,61.53
103.66,72.32,146.65,5.23,28.67,0.28,1.47,10.92,91.48,863.37,69.61
92.36,57.24,4.58,5.69,51.09,2.89,1.97,25.71,21.56,1771.53,75.71
62.89,48.67,17.97,7.39,41.45,3.31,4.07,39.0,80.63,2778.93,70.63
116.19,69.81,18.9,9.18,6.29,2.73,4.87,14.61,31.27,1805.82,59.47
145.98,39.58,46.39,4.68,16.19,2.68,1.63,26.99,79.49,2722.03,67.88
82.19,12.61,85.4,8.49,20.75,1.51,0.98,25.01,25.74,1778.53,68.6
125.84,48.89,160.73,3.82,25.1,2.28,3.68,36.07,43.61,1830.6,66.74
139.86,52.19,70.22,5.62,36.73,2.38,0.55,17.48,74.62,2154.5,73.46
142.22,20.19,3.5,4.92,25.16,0.97,4.36,30.79,35.49,2250.16,53.05
10.39,93.56,96.67,9.45,50.38,2.61,5.49,42.19,82.77,1524.5,49.62
171.95,22.75,199.33,4.66,31.06,0.6,7.57,11.93,27.11,1943.84,42.0
91.65,40.92,69.8,7.26,32.62,1.1,1.23,40.96,86.28,2089.08,74.28
52.48,15.49,192.25,4.57,28.51,2.11,3.52,17.31,65.6,472.37,64.84
48.35,53.58,20.27,6.58,22.08,1.93,2.13,12.89,21.48,911.27,68.89
96.6,30.76,34.62,6.19,44.86,2.5,1.82,21.17,40.3,2682.58,75.77
177.37,48.93,144.82,3.77,17.63,2.08,4.2,27.86,58.6,719.53,61.12
75.67,22.46,100.24,8.87,42.92,0.27,1.23,22.5,71.41,1912.61,63.39
149.95,5.38,153.02,8.57,34.13,3.42,0.22,14.64,73.9,160.81,68.93
19.36,77.92,172.71,5.31,10.62,2.7,1.38,26.68,91.6,2469.17,62.93
95.21,64.11,50.22,7.49,5.99,3.09,2.75,10.07,55.05,1775.25,76.08
198.34,34.07,136.57,5.86,14.32,2.83,0.19,10.33,21.01,1514.57,71.58
154.09,4.75,121.52,8.5,46.86,0.82,6.87,39.1,41.35,2223.84,47.83
42.11,86.56,172.31,8.0,26.15,3.27,4.71,29.89,27.44,2287.66,59.53
100.29,16.98,86.02,4.09,49.27,3.45,0.31,22.72,87.06,738.87,82.2
46.72,93.07,10.37,8.99,32.6,0.37,1.91,24.1,32.0,2927.45,55.84
81.91,47.86,114.84,4.67,6.8,0.64,5.35,25.97,48.66,2734.66,65.09
156.02,34.04,191.78,4.63,51.54,3.47,0.34,18.25,31.63,636.69,65.92
154.24,74.18,2.93,8.27,56.49,1.1,3.08,35.44,61.32,984.01,52.89
45.62,87.68,48.05,4.69,9.08,2.89,0.86,20.75,35.65,1125.18,67.4
184.44,37.07,63.21,4.3,16.46,0.35,3.19,30.18,81.11,2350.85,54.89
118.51,40.73,153.17,5.68,44.36,2.59,7.75,14.71,59.28,1002.05,72.78
75.98,43.32,64.66,8.95,59.84,2.48,3.69,10.96,59.68,2007.51,62.61
100.39,92.23,47.82,4.65,53.2,3.29,4.95,15.22,96.1,1973.58,66.88
121.01,69.26,129.71,5.7,10.44,2.58,3.33,22.34,45.7,1697.56,75.51
111.98,24.76,9.28,5.36,38.4,0.24,2.59,14.86,50.46,1861.77,60.12
97.28,18.5,34.12,5.81,41.59,1.63,4.92,33.07,67.36,681.55,68.46
100.99,23.04,81.61,8.14,39.7,1.28,5.0,15.7,47.3,457.2,66.83
35.28,26.36,71.12,6.14,36.24,2.04,4.96,38.45,86.32,1008.25,65.22
162.55,23.02,69.43,8.44,21.07,1.56,0.31,37.86,63.73,1464.6,62.19
108.35,65.85,21.71,7.66,41.77,1.05,5.6,19.93,20.21,1600.2,61.14
26.22,11.59,72.17,5.85,45.06,2.35,5.44,26.3,45.77,521.21,66.05
153.23,38.74,159.6,6.31,36.67,1.16,0.65,33.91,59.93,2101.74,71.87
186.49,62.51,82.77,8.07,32.34,2.99,1.6,24.85,82.44,291.28,76.12
189.46,29.09,117.23,6.98,17.05,1.2,4.21,12.74,79.25,2960.54,55.74
73.8,6.53,32.72,9.14,34.96,1.85,2.95,19.71,73.61,2372.88,57.0
27.1,8.18,13.94,9.57,12.05,2.91,4.65,27.97,86.72,2706.16,49.54
103.68,12.6,175.99,8.17,9.0,2.9,6.11,38.57,37.14,1389.82,63.81
22.52,83.58,66.27,9.93,47.78,2.09,4.43,12.42,56.77,2861.58,46.82
186.8,65.79,70.07,7.38,42.19,1.39,3.73,16.18,63.26,2952.87,57.4
36.72,6.45,175.54,3.76,40.7,2.0,2.18,42.59,97.88,1424.25,51.95
50.55,39.11,141.55,6.78,56.05,2.99,4.96,21.13,98.1,2510.99,63.22
81.33,27.86,151.25,5.0,25.94,0.84,6.64,23.21,59.79,2012.2,57.42
76.63,57.8,136.4,5.67,26.99,0.52,2.17,33.31,31.37,607.97,68.52
158.93,52.28,21.16,6.69,27.76,2.08,6.33,22.89,91.0,1209.17,71.56
91.26,48.11,191.6,5.42,30.59,2.05,3.4,18.08,22.14,2149.95,67.15
34.15,31.45,181.83,5.51,33.21,1.1,0.98,43.9,56.15,470.45,60.34
53.44,13.78,47.24,6.11,47.79,1.58,7.29,28.24,59.86,966.42,58.08
101.82,74.24,160.8,5.36,16.97,0.4,5.48,22.99,31.76,985.41,58.33
29.49,87.99,81.88,4.6,28.87,0.54,6.74,36.65,49.72,1248.0,51.71
122.33,94.42,136.75,8.48,32.78,2.92,5.27,13.58,73.73,0.91,68.09
113.15,5.86,33.12,6.07,14.3,1.68,1.08,41.57,75.88,906.3,69.06
142.94,73.99,107.71,8.91,43.61,0.44,4.38,38.41,82.3,628.74,47.68
187.54,72.65,25.32,9.24,8.09,3.37,5.11,23.18,65.87,2818.58,46.92
182.45,94.71,107.23,8.38,37.23,0.81,2.16,16.52,43.49,2503.69,56.13
189.22,25.29,48.72,6.08,16.12,1.18,5.08,40.08,20.98,1578.99,59.74
48.94,74.22,90.49,8.19,5.47,3.41,4.58,43.47,68.48,272.51,62.76
26.31,5.46,133.59,4.51,22.37,0.72,0.27,11.68,65.05,2839.96,51.44
60.46,63.12,175.41,7.8,28.6,3.39,7.07,44.56,70.71,1174.29,70.37
179.02,35.08,33.06,6.14,49.95,2.56,4.32,23.52,94.46,2308.47,63.63
194.41,76.89,178.65,7.76,27.43,1.55,4.72,38.21,39.02,677.49,56.06
171.86,86.33,78.01,8.41,55.35,2.12,1.3,26.02,76.52,1888.85,60.98
22.0,36.48,168.76,7.16,51.34,1.83,6.45,28.26,36.03,1316.7,60.32
189.49,52.56,102.51,7.68,15.6,2.84,4.3,28.76,82.87,1521.18,69.72
84.67,11.74,172.44,4.89,13.56,0.31,0.8,43.72,22.45,606.02,53.99
1.86,41.69,132.56,7.35,18.41,2.87,5.64,32.04,41.52,2617.45,59.69
88.48,36.08,101.74,6.49,24.78,3.4,3.96,20.36,40.63,2064.55,89.97
9.21,18.31,62.51,6.28,37.09,1.56,2.74,31.93,87.9,1227.65,66.6
108.78,89.45,193.78,6.17,11.82,0.75,7.38,13.16,63.81,1099.19,54.12
67.71,14.81,160.18,5.52,34.26,0.47,6.59,21.6,53.07,171.99,55.99
94.69,63.57,76.24,5.48,36.94,1.28,0.44,16.08,39.55,1183.93,76.41
122.63,89.01,33.34,8.05,41.35,0.54,5.62,31.21,45.82,681.16,53.42
173.76,91.2,155.91,7.13,35.26,0.88,1.46,28.61,77.72,2524.71,54.7
132.38,79.32,197.99,3.69,50.38,2.33,0.23,35.36,88.02,890.04,59.0
86.81,17.61,55.79,3.82,40.29,1.51,1.83,21.85,27.36,1746.24,58.56
163.89,81.74,183.17,7.21,55.85,3.16,0.48,44.49,21.16,1944.15,64.35
181.12,27.66,25.07,9.0,43.55,1.68,5.14,21.2,63.93,1835.56,55.55
23.95,92.24,190.44,3.79,28.99,0.62,6.08,11.83,87.01,1861.78,40.78
106.39,70.91,149.07,6.8,16.53,0.57,1.51,19.47,21.82,2362.06,66.56
56.9,78.53,69.32,9.03,5.58,2.46,1.75,31.84,66.29,1327.05,59.62
9.41,8.5,60.93,3.53,9.97,2.26,1.16,36.61,85.17,467.2,50.14
133.71,58.28,128.69,5.29,15.43,2.51,4.54,18.47,29.07,1484.48,66.37
172.55,82.11,118.7,9.48,16.9,1.25,3.97,37.3,48.96,43.17,51.56
32.58,86.16,183.79,4.03,45.81,3.21,0.15,21.76,28.06,2181.37,58.48
162.48,2.86,153.25,7.45,26.23,0.49,3.02,15.74,23.06,288.03,52.82
170.68,93.92,108.07,6.8,22.85,0.21,0.8,14.91,59.53,847.97,59.95
182.87,4.33,185.51,4.49,7.88,2.62,4.67,38.64,73.18,1057.92,51.05
53.06,61.45,118.55,3.78,34.63,2.4,3.84,18.28,93.8,2563.21,64.04
180.79,69.34,169.94,6.77,38.71,1.78,3.73,17.7,44.69,2307.67,56.13
64.13,10.73,168.19,8.28,53.28,0.25,5.91,40.9,40.84,2595.73,34.99
110.47,4.8,183.84,4.65,32.66,0.49,3.73,22.76,69.84,2981.16,53.84
10.1,78.49,13.52,7.99,5.42,0.76,3.94,44.66,95.78,1702.59,42.58
8.78,38.47,116.76,7.05,8.59,2.27,5.1,19.43,34.86,435.34,62.53
144.07,10.71,93.68,5.83,19.91,2.35,2.48,33.11,29.49,1492.53,72.42
88.9,76.27,98.11,7.82,12.66,2.4,7.51,16.81,87.46,2554.05,69.86
51.26,84.92,91.98,4.75,47.38,2.83,2.32,16.74,30.72,891.05,66.82
38.08,58.74,167.49,6.47,10.93,0.18,7.32,38.31,54.81,1728.88,57.01
133.99,16.12,63.69,7.07,13.84,2.29,6.53,42.4,82.51,467.53,60.04
0.08,1.52,92.55,6.48,41.67,0.96,7.26,41.3,50.02,463.6,50.07
161.18,70.08,40.14,6.08,18.18,2.04,1.55,39.18,71.96,1807.33,65.74
15.85,55.01,50.34,8.32,58.3,2.61,1.93,30.41,83.43,2834.23,55.86
38.3,65.08,132.08,7.76,52.48,2.55,6.8,13.96,63.19,777.92,64.31
77.25,81.32,23.39,7.66,45.95,1.08,7.66,21.82,36.01,2049.12,57.32
96.97,43.42,37.56,9.3,23.87,1.31,6.05,19.84,38.02,2351.31,53.54
71.0,12.45,105.61,9.96,8.12,3.22,5.14,18.77,98.69,775.52,57.57
64.14,94.0,8.75,7.19,23.5,2.99,6.49,44.06,84.9,722.7,64.56
192.78,54.53,25.39,5.76,25.72,0.97,0.43,15.23,45.55,2413.0,59.57
128.32,61.53,172.67,8.56,12.01,2.1,6.85,26.42,34.26,212.58,59.22
4.69,93.34,169.23,4.42,11.64,0.46,2.32,42.42,42.49,976.59,41.18
86.04,93.16,69.56,6.83,41.75,2.32,0.55,12.12,85.68,1570.74,71.12
175.0,57.21,69.6,6.91,17.78,2.21,5.48,36.1,67.63,807.33,66.89
60.29,29.76,187.3,9.89,42.29,1.0,6.05,31.33,75.24,305.96,41.69
18.91,99.71,5.17,9.94,35.16,1.53,5.05,22.61,72.52,2692.51,40.3
151.68,68.08,116.06,8.69,54.58,2.76,2.87,42.84,88.38,1356.57,65.69
121.2,40.84,119.48,6.57,48.84,0.97,1.03,21.73,99.04,491.35,72.4
114.06,55.98,157.58,7.06,13.33,2.71,6.18,16.6,70.45,2913.77,67.47
10.72,41.58,190.35,5.58,38.56,1.18,0.47,35.36,68.37,2716.13,55.29
28.1,88.83,71.17,8.89,40.92,2.95,6.1,21.64,28.97,824.87,60.09
124.51,48.25,87.57,8.35,52.41,0.2,7.66,20.04,93.72,112.24,57.48
41.56,82.35,134.26,8.51,40.25,0.98,7.97,42.59,25.01,972.31,50.07
100.81,84.02,193.45,4.4,12.74,0.7,3.23,20.77,74.21,307.84,55.23
108.98,82.43,178.16,6.09,19.21,3.13,0.96,30.11,79.42,1313.41,78.62
56.7,72.22,133.41,6.99,40.07,1.56,0.85,32.91,46.58,1695.21,70.51
189.69,85.49,171.34,4.31,55.16,1.96,3.98,26.99,28.28,179.3,42.35
168.49,38.72,17.04,5.9,54.03,0.92,6.35,20.89,53.99,2934.07,49.0
144.47,11.47,75.43,4.07,24.76,0.54,0.48,28.98,39.19,1491.89,57.87
15.6,84.25,2.62,9.73,50.69,2.13,1.43,23.99,67.52,1960.4,47.9
21.23,49.82,35.49,8.38,33.12,1.06,4.75,11.24,22.79,794.49,56.77
98.56,12.74,126.1,7.53,30.54,3.26,0.78,20.81,23.85,1798.49,82.57
32.14,11.53,177.11,4.83,24.3,1.72,7.04,30.52,65.83,1436.82,51.53
195.65,15.92,126.56,5.67,42.3,0.57,4.07,10.44,31.05,2567.58,51.79
31.7,75.1,132.83,4.44,37.98,0.18,3.16,32.75,48.74,649.09,59.1
97.49,71.09,20.76,6.98,25.61,0.89,0.2,11.09,90.0,9.39,69.7
72.82,20.38,132.97,8.83,46.96,1.19,0.99,29.7,21.98,539.65,68.52
127.88,84.69,90.87,3.62,25.86,0.8,6.64,12.13,31.96,676.37,53.5
25.81,28.13,130.29,4.17,37.14,1.34,5.62,39.68,92.42,1317.94,58.31
86.06,79.3,65.23,4.99,26.58,3.09,0.26,41.86,50.42,1129.86,80.43
54.94,48.88,116.3,8.14,11.43,0.26,7.79,31.5,49.34,824.17,60.97
177.55,73.15,84.81,9.31,13.87,2.82,2.89,14.43,64.26,870.33,60.5
8.12,38.14,111.73,8.39,41.12,1.55,4.89,41.62,55.16,615.44,55.48
182.75,34.71,29.42,6.91,49.62,3.18,5.81,35.49,81.94,229.94,63.56
166.6,84.14,79.16,4.18,30.77,2.37,7.66,40.77,42.49,2325.08,52.17
59.51,3.53,74.86,8.41,22.91,0.66,7.13,26.24,32.1,104.66,47.49
157.86,97.47,147.28,4.19,23.51,3.36,4.82,24.76,64.37,1878.69,58.21
6.24,64.82,141.28,5.76,37.87,0.63,1.2,30.75,57.66,2585.76,59.53
193.37,43.25,181.77,5.5,30.72,1.24,6.78,25.94,48.76,1125.7,62.84
105.32,62.81,126.41,5.83,5.04,3.43,6.55,15.97,50.21,1813.73,75.85
60.66,12.27,62.91,5.64,47.43,0.82,5.15,38.89,92.83,1878.16,51.51
72.52,51.41,156.64,8.5,12.83,2.25,7.91,16.67,83.48,361.83,58.62
13.28,98.51,99.4,4.62,42.11,3.42,4.27,36.12,36.0,665.86,61.06
197.87,23.53,38.7,9.0,23.93,2.44,1.79,41.18,55.45,626.38,51.22
7.86,72.23,149.48,9.08,36.79,2.35,2.1,28.52,80.26,334.29,59.89
130.98,43.5,26.51,6.69,52.03,2.21,3.31,18.86,61.51,1989.12,70.18
88.55,65.25,35.63,4.19,13.48,1.99,3.44,10.75,94.7,1382.99,63.17
189.78,20.49,151.75,7.24,47.77,3.33,6.67,32.91,76.92,1120.29,61.13
49.2,47.05,154.03,8.84,7.11,1.95,7.11,29.37,31.23,2595.01,52.16
106.42,98.01,158.16,5.38,55.68,2.36,3.12,34.19,51.96,2843.58,56.38
96.47,19.53,58.67,8.95,16.09,2.61,7.57,43.3,88.57,1470.8,62.56
140.57,63.64,173.32,7.9,48.69,1.89,7.43,25.8,52.08,2531.01,58.06
13.6,57.56,144.53,9.92,8.7,3.12,3.34,33.54,60.77,2743.25,57.64
38.76,56.51,166.79,8.86,22.99,0.18,6.96,14.99,85.21,931.57,45.02
42.91,61.51,141.72,4.81,39.85,1.44,0.99,14.88,21.61,65.58,64.49
147.63,50.22,115.92,6.42,41.24,2.2,4.14,27.27,26.21,2176.37,76.41
37.83,1.69,21.88,4.17,43.43,0.16,5.73,30.54,41.2,895.87,40.89
114.7,90.01,142.19,3.95,24.3,3.29,2.83,44.46,81.29,70.15,69.19
43.05,82.7,138.09,8.09,41.63,2.91,0.28,29.91,42.09,1201.15,68.64
172.32,17.42,62.5,9.43,28.57,0.84,0.54,42.11,53.11,1445.9,57.79
188.44,41.33,147.16,9.83,36.13,1.23,7.17,37.56,47.52,1182.55,49.67
103.7,77.05,110.09,5.26,35.1,2.4,4.2,41.47,84.02,827.97,72.78
70.46,98.01,111.88,4.81,14.25,1.26,1.3,40.01,68.54,2573.36,61.53
46.81,95.11,73.52,7.14,51.56,3.01,7.23,28.97,37.39,1526.56,66.43
9.96,89.94,23.36,4.81,52.69,0.94,7.54,10.0,90.67,2370.2,38.16
53.7,15.84,43.39,5.42,16.2,2.88,2.68,25.93,20.87,1011.36,72.14
130.85,91.45,153.77,8.94,27.91,1.68,4.73,17.68,53.45,910.22,54.57
106.72,87.84,54.29,8.77,30.57,1.64,2.67,35.0,83.72,2402.93,62.82
188.81,37.69,0.45,9.32,35.19,0.67,5.83,16.92,56.8,2724.95,42.05
79.26,39.45,199.4,6.63,6.22,3.44,7.59,26.56,42.5,2185.56,65.84
138.77,45.99,42.14,7.17,46.73,1.27,0.32,10.86,93.49,1016.9,69.83
97.86,65.62,131.08,8.51,52.41,0.8,3.82,13.16,73.45,2819.8,57.83
102.52,26.08,185.38,5.06,12.82,0.21,6.41,23.74,63.34,2240.04,53.16
53.55,2.29,119.94,8.85,54.31,1.78,5.54,35.55,94.19,1837.33,51.26
90.99,14.12,159.81,3.61,51.8,0.21,1.54,33.58,92.72,1557.37,55.72
94.16,44.01,195.27,8.68,34.82,1.65,3.2,24.97,47.65,1903.04,73.51
141.33,28.2,172.07,8.54,20.11,3.17,3.8,16.68,47.94,126.73,69.13
188.13,76.45,111.58,5.46,16.41,1.79,5.99,20.71,43.52,1954.16,56.52
65.86,10.67,72.74,8.23,31.9,0.25,3.73,27.29,42.67,863.36,57.57
8.44,91.75,96.49,4.89,32.9,1.0,2.58,43.2,31.47,1220.62,55.46
99.26,89.53,168.37,7.25,40.85,0.27,3.38,32.41,71.26,1738.16,62.45
108.89,90.88,170.67,8.05,49.09,3.1,7.74,14.46,43.98,901.43,64.25
33.69,73.96,169.17,8.15,56.4,0.92,0.47,38.15,55.85,594.54,54.27
152.09,10.7,119.44,9.89,48.8,0.32,2.74,35.24,58.13,632.25,48.26
196.99,43.81,95.39,4.68,55.0,3.38,1.66,41.1,73.59,2912.48,64.88
189.15,13.14,62.27,6.63,32.47,1.76,3.26,31.39,86.01,458.9,61.9
39.42,98.77,0.67,9.22,7.14,1.48,4.73,20.85,97.52,2239.99,43.7
175.07,33.3,152.9,7.15,7.85,3.25,1.63,39.67,55.14,2806.07,65.66
140.9,58.53,55.4,9.2,19.77,1.9,3.47,30.21,88.31,2682.7,62.68
90.77,77.94,65.94,6.32,38.77,1.06,6.64,34.6,62.64,1616.69,61.89
108.12,92.06,168.7,8.67,23.44,2.79,5.17,26.44,94.75,1112.5,65.26
169.92,75.55,10.45,9.16,14.14,1.02,5.47,38.16,80.82,1429.68,44.94
96.03,67.45,185.52,9.0,51.78,1.61,7.53,31.9,74.87,64.54,57.08
74.64,46.6,0.27,9.16,59.17,2.83,3.33,41.17,53.42,2014.42,61.51
98.65,60.54,187.83,4.93,5.92,3.27,7.98,22.25,44.29,1823.29,64.72
115.83,9.42,90.95,6.35,9.92,2.16,3.12,39.65,84.55,1285.54,74.25
37.82,88.39,20.42,4.63,32.46,1.82,1.54,37.6,66.45,2925.54,58.75
180.18,54.38,134.83,4.67,23.57,0.36,6.48,22.95,26.25,519.73,54.78
134.84,4.01,179.17,6.67,48.02,2.2,4.13,40.65,54.81,1745.51,60.13
126.65,91.99,87.61,9.74,40.99,1.21,2.83,30.75,31.6,1675.86,59.38
19.9,48.93,138.27,7.35,8.77,1.85,2.05,23.02,22.21,323.18,67.44
120.83,86.86,195.87,9.05,34.97,2.63,6.59,19.65,99.37,1421.99,59.93
24.19,85.69,48.14,9.59,23.51,2.28,4.56,13.07,63.39,144.33,50.18
15.74,81.58,164.09,4.06,58.08,0.43,5.03,13.24,84.99,1274.55,42.06
105.46,6.14,59.05,4.55,31.14,1.45,3.75,37.45,56.02,54.08,66.34
80.56,24.71,85.27,5.39,56.02,0.78,1.79,23.49,70.81,448.94,66.68
117.76,87.55,56.35,7.51,6.66,0.61,2.77,28.31,99.23,1382.67,62.43
17.84,89.9,89.2,3.9,10.68,0.85,1.12,39.22,72.36,2239.57,54.67
86.2,45.81,1.02,8.61,26.24,3.23,2.8,32.92,33.02,1518.67,75.41
34.96,44.0,60.69,3.91,53.78,2.52,7.31,42.98,82.93,1592.41,51.06
197.42,17.51,89.06,4.53,34.95,3.19,4.64,28.31,94.35,1139.61,65.09
112.23,96.84,126.45,5.98,50.33,1.82,0.46,13.89,45.79,1813.03,68.85
137.49,21.31,127.47,7.13,20.59,0.1,6.14,22.15,37.89,2461.48,57.74
65.08,19.09,116.76,9.23,11.13,0.22,6.16,14.82,41.18,2723.41,51.09
18.95,66.07,58.61,9.76,18.53,0.59,6.1,36.16,33.36,2981.36,39.67
195.17,24.28,189.48,9.25,40.49,2.75,4.97,26.32,36.93,2256.22,47.9
57.25,93.88,78.39,4.2,52.93,0.79,0.35,12.01,75.08,342.41,53.62
84.76,1.09,43.38,7.6,30.02,0.45,3.12,10.58,49.46,439.4,56.63
129.97,0.58,110.9,6.37,15.65,3.03,2.67,11.94,90.9,1494.67,73.17
4.94,50.49,149.79,4.32,40.07,0.88,0.27,33.53,48.69,2026.01,57.14
162.05,48.81,2.45,7.11,15.83,1.81,0.78,17.04,93.46,384.58,66.77
107.32,16.34,55.27,5.82,36.37,1.25,3.42,37.22,30.65,1194.41,65.23
55.64,49.45,165.0,5.75,10.63,3.15,7.06,27.96,22.7,1748.63,71.17
12.32,41.17,101.4,4.11,49.61,2.5,7.7,30.32,82.64,600.91,53.49
32.5,89.03,81.7,9.86,49.28,1.64,5.97,15.94,81.42,2097.26,43.16
179.01,0.93,186.18,8.22,34.77,3.03,1.88,40.72,75.85,1016.0,58.95
137.2,97.63,17.91,5.32,7.1,2.57,7.38,26.5,53.71,814.1,60.11
49.98,62.44,123.11,9.46,20.41,2.85,7.83,24.43,35.97,219.03,55.53
13.12,15.18,68.44,9.66,12.61,3.42,3.5,37.84,38.42,2047.57,55.55
138.12,4.68,14.16,8.77,33.79,0.79,4.22,11.14,84.09,650.81,49.45
114.48,53.81,42.75,7.79,10.6,0.79,2.83,28.13,95.29,356.38,61.8
80.9,23.49,125.59,5.95,52.83,1.99,6.83,35.21,96.1,910.37,62.42
72.72,30.12,5.66,6.32,51.76,1.91,2.45,37.84,49.96,2188.62,63.5
43.36,24.51,118.45,6.46,13.59,3.06,0.96,15.44,72.16,848.69,81.04
133.92,65.02,191.37,9.67,43.22,0.63,3.7,23.67,44.63,90.37,56.36
194.13,55.35,159.02,8.44,43.31,1.55,1.44,21.23,88.25,1825.36,57.06
35.14,7.8,69.12,5.4,26.82,1.89,3.5,44.72,67.41,1741.24,60.57
119.42,52.65,27.64,7.56,13.41,1.68,4.72,35.73,88.87,2605.42,61.82
84.84,79.12,93.01,7.36,12.27,0.33,6.44,24.89,79.69,496.27,62.77
89.34,8.12,78.59,8.78,45.67,0.6,5.57,17.52,39.7,2845.48,57.1
50.83,88.97,194.35,4.12,17.11,0.62,5.93,16.09,22.46,150.32,40.81
165.03,57.83,197.97,8.06,38.19,2.13,4.77,44.82,98.65,1704.59,56.88
97.05,95.06,82.12,5.65,52.62,1.56,0.74,30.42,56.37,2341.99,69.17
108.68,14.81,29.76,4.34,37.62,0.71,7.05,35.35,41.97,2289.65,47.2
60.95,99.36,182.12,8.26,58.57,2.6,5.62,15.5,84.94,1972.18,54.84
36.36,64.43,158.71,5.66,40.5,2.83,6.34,36.2,33.7,2888.32,63.23
17.18,56.75,102.25,8.25,22.3,0.81,7.53,18.38,60.56,1286.66,61.61
142.82,51.53,73.07,4.56,51.89,2.56,7.75,36.66,53.54,1973.98,58.32
39.25,2.37,89.63,9.91,22.1,0.32,7.71,42.0,30.13,365.83,40.28
138.02,93.96,180.38,8.72,58.44,3.01,2.23,23.57,74.02,1066.63,63.95
78.08,64.4,36.93,5.38,31.28,3.37,6.83,41.62,90.65,352.89,70.7
83.15,9.16,161.36,8.31,57.43,0.63,7.67,26.25,94.3,1703.98,50.15
93.84,2.1,3.64,4.38,15.1,2.77,5.68,38.31,64.48,2649.79,60.3
73.54,5.08,184.11,7.75,5.63,0.43,5.76,25.9,21.18,1073.9,46.41
20.12,60.94,100.06,3.89,15.79,3.37,7.09,15.03,50.92,2087.87,64.5
61.93,61.4,45.35,5.67,10.41,1.64,2.37,33.4,63.97,754.59,67.32
132.75,49.97,0.57,9.86,45.37,1.92,1.62,21.4,97.47,1668.94,54.51
133.16,30.68,111.91,4.29,19.55,2.7,3.55,12.65,55.53,434.18,62.09
57.24,53.17,48.9,7.38,40.17,0.95,7.6,32.81,48.18,30.07,57.17
92.02,51.63,126.25,3.96,41.78,1.46,0.58,30.26,93.84,2972.03,70.56
38.69,1.94,56.23,7.85,42.85,0.34,3.6,42.55,55.32,2517.89,48.21
42.07,28.25,17.6,5.31,50.79,2.19,5.56,13.06,96.49,1891.67,54.48
4.61,5.32,101.01,5.51,13.19,2.82,5.25,25.06,45.44,798.24,65.1
179.35,90.02,112.9,5.7,7.78,3.0,6.5,18.11,79.65,2234.93,60.52
42.14,72.52,90.52,4.83,6.63,1.92,2.23,26.95,87.48,306.34,61.25
45.51,99.61,91.61,9.62,10.71,2.7,1.95,39.49,90.96,1897.84,59.43
55.92,30.22,117.93,9.39,25.86,0.61,6.64,42.96,43.76,2411.51,44.53
25.48,87.85,105.27,9.16,58.21,2.63,6.62,23.31,98.72,2019.38,56.0
127.85,60.31,26.51,4.19,24.43,0.12,2.07,31.67,79.42,2283.47,51.83
15.03,45.31,39.42,5.02,29.91,0.76,3.58,18.25,32.11,222.06,55.95
26.84,22.26,28.36,7.48,49.79,2.26,3.67,36.67,80.76,119.46,52.71
128.95,73.84,138.66,9.81,55.52,1.19,4.15,41.73,86.71,1294.7,48.29
67.93,90.41,105.72,7.43,58.43,1.5,6.71,26.67,34.57,2374.71,54.68
141.59,23.53,85.97,5.63,50.45,2.91,4.87,40.53,33.6,901.52,70.09
111.48,17.54,159.67,8.81,32.64,2.04,4.19,44.43,30.47,2216.34,59.06
51.2,69.62,65.16,4.38,17.62,1.46,2.39,31.28,59.68,215.34,62.81
130.17,97.7,113.62,9.23,37.91,1.68,0.42,29.62,77.33,1966.32,60.1
23.25,75.0,14.88,9.84,15.82,2.98,7.35,23.35,50.32,2771.56,47.11
107.28,28.46,148.88,9.79,8.06,1.75,5.76,37.52,24.65,1380.71,57.23
87.43,42.0,139.04,4.46,55.56,3.08,0.69,38.52,48.78,172.3,72.48
53.57,38.43,160.48,7.07,31.66,0.94,2.45,10.35,76.16,2162.96,61.21
120.8,85.21,176.9,7.3,32.95,1.91,5.21,18.83,27.82,2651.16,61.47
174.27,77.14,151.61,4.77,38.51,1.35,1.75,11.12,64.53,1088.39,59.85
199.78,58.9,168.9,7.05,29.83,2.11,0.93,37.18,68.31,1115.95,74.41
121.55,27.5,69.13,7.7,29.44,2.06,4.45,16.21,72.08,990.82,75.8
80.94,93.8,68.67,5.64,55.33,2.04,2.7,13.79,47.67,318.79,70.8
45.04,65.33,188.86,5.55,49.91,1.89,6.64,37.9,94.19,918.65,56.59
51.42,97.05,182.91,3.89,16.69,1.65,7.61,30.11,99.6,1273.66,45.89
95.89,58.01,109.7,9.72,21.05,3.2,4.74,15.37,86.95,1255.31,75.04
73.46,82.12,73.31,8.72,41.33,1.01,5.73,39.56,28.73,618.46,60.24
182.76,81.31,173.2,8.44,36.41,1.58,7.87,24.24,41.43,1666.43,47.89
73.66,33.73,64.68,3.64,47.14,0.82,1.89,23.05,36.1,1621.49,54.8
74.69,96.4,30.73,7.56,45.02,1.23,7.25,32.81,24.23,1145.54,48.14
76.71,2.19,127.9,4.67,43.97,0.95,4.52,11.29,91.7,2804.6,57.08
167.32,76.87,8.52,7.8,53.41,2.38,1.58,21.76,35.06,2896.41,59.78
130.16,96.56,75.82,7.54,47.16,2.51,2.38,12.75,50.1,2038.73,67.84
122.83,33.89,161.53,9.04,18.36,1.04,5.54,35.74,50.0,855.01,54.67
66.83,64.81,59.04,5.16,53.01,3.44,7.38,19.6,82.17,2814.81,66.22
163.58,56.22,186.26,3.68,23.45,1.07,1.04,39.28,55.84,2163.72,55.79
7.67,76.15,191.16,9.44,55.1,2.92,5.15,24.65,49.69,1322.07,51.04
174.16,86.62,163.16,9.41,50.33,1.09,3.08,40.98,41.22,2636.96,39.43
102.55,60.3,197.53,6.46,9.07,1.5,2.64,17.74,62.16,462.52,68.07
79.65,81.59,106.15,4.01,47.42,2.36,1.52,32.84,29.15,1995.32,69.22
99.43,31.23,113.84,6.74,32.51,2.0,7.12,43.07,69.37,834.0,73.53
133.48,22.86,167.23,6.91,58.74,1.82,2.98,23.79,85.86,1653.65,68.82
2.55,43.07,98.56,8.84,30.21,2.8,3.6,15.53,94.2,871.13,69.32
174.31,67.77,81.34,8.16,8.69,2.51,1.74,29.38,70.51,1738.82,64.56
89.35,18.72,122.95,3.96,21.12,3.21,4.9,25.12,85.76,1290.02,70.85
68.59,68.04,131.53,8.08,28.66,0.88,3.58,27.71,38.11,1749.12,69.03
27.65,39.41,150.18,4.38,37.56,0.16,1.62,26.66,61.13,228.55,60.22
87.89,79.56,133.64,4.08,13.37,3.5,2.55,19.31,42.72,9.65,70.39
99.26,3.68,149.14,6.09,33.33,1.06,3.19,28.01,99.98,2350.21,63.61
80.73,66.8,134.91,4.0,31.59,0.25,0.71,15.17,50.07,825.29,63.17
135.73,64.98,96.09,8.89,51.02,0.94,0.51,30.4,37.85,2085.6,59.98
84.18,94.09,26.99,6.51,21.63,2.37,7.94,25.3,81.77,116.9,70.09
192.28,71.34,157.09,7.32,29.72,2.1,7.43,44.04,56.74,1984.78,57.09
119.86,79.63,6.16,7.25,26.37,0.8,4.79,13.32,30.16,2147.29,57.03
161.5,90.46,198.5,9.86,39.77,0.73,2.03,36.31,83.07,2124.83,41.07
21.87,67.51,165.69,9.45,50.99,1.61,1.94,22.23,58.59,2552.4,45.81
79.46,29.02,134.18,9.02,42.16,0.15,3.58,34.41,83.13,2589.52,52.06
67.37,86.98,193.32,5.99,30.58,0.11,3.15,43.52,80.1,601.2,55.43
113.9,74.76,122.49,4.44,40.08,2.2,5.89,41.42,65.62,1735.98,61.95
172.22,42.44,11.29,7.35,22.72,1.21,3.32,13.97,77.6,61.9,60.27
15.67,71.05,111.88,6.36,12.93,0.18,7.65,40.67,88.51,265.85,46.12
14.51,86.77,55.44,4.97,22.58,1.66,2.1,23.68,55.9,1256.67,62.83
170.06,97.57,73.9,4.13,29.4,3.28,0.31,12.47,96.49,115.34,66.38
42.57,95.24,91.92,6.33,29.16,0.97,4.87,17.27,34.56,1037.7,63.81
133.75,32.53,154.92,7.73,45.57,0.95,7.9,11.0,97.56,1918.86,49.55
108.58,42.17,100.59,7.57,56.5,1.69,6.83,14.88,38.66,2446.28,64.23
166.58,10.95,94.94,8.53,26.39,0.6,0.14,26.36,60.56,1306.23,60.95
25.02,24.75,60.39,6.53,9.75,2.27,4.64,43.08,57.59,1456.11,62.83
25.96,88.24,107.97,5.59,6.84,2.95,3.68,38.34,24.82,18.21,61.84
111.36,36.08,49.68,7.0,5.22,0.76,6.17,28.6,35.28,2599.32,59.37
189.28,62.06,52.2,9.84,56.6,2.34,2.1,21.33,86.39,2952.32,48.28
83.0,66.6,151.45,3.79,59.76,3.12,2.03,10.99,42.08,1353.1,63.7
65.39,78.18,68.51,6.94,7.83,3.17,2.6,12.0,20.51,910.68,76.35
121.34,18.28,10.28,5.64,24.7,1.98,2.04,35.6,85.96,527.67,71.16
186.09,30.48,68.74,4.18,41.81,0.62,0.27,29.06,96.16,2174.24,53.57
167.39,44.83,127.71,6.33,14.84,2.34,5.06,14.26,62.57,1233.9,69.14
199.1,36.48,162.8,7.67,37.69,2.6,4.94,40.18,67.81,1015.14,60.38
4.51,98.29,192.39,6.93,49.75,2.66,6.83,28.12,29.06,1771.42,48.35
22.57,83.49,149.24,3.69,52.19,3.28,5.61,39.3,95.79,2434.02,47.75
121.89,47.97,85.77,7.26,43.85,2.19,5.16,37.25,36.96,2126.27,74.01
164.12,87.93,59.82,5.01,9.5,1.68,1.93,21.67,63.94,2433.36,62.04
57.05,34.77,25.93,5.72,24.16,1.81,5.95,34.6,97.21,1593.03,66.02
47.84,78.58,125.54,5.53,58.2,1.19,6.86,44.73,55.81,1727.37,48.03
157.4,22.37,101.98,9.08,15.6,0.29,3.61,36.18,27.44,39.4,50.87
11.28,77.23,135.54,3.81,29.97,2.54,4.37,19.25,37.22,1291.71,61.41
73.88,45.65,47.43,5.76,23.38,0.17,6.3,30.72,25.72,2409.66,57.52
101.16,10.75,64.73,6.07,16.3,0.32,3.78,25.15,52.33,1862.18,69.36
112.07,27.33,58.42,7.52,22.79,1.24,5.37,20.5,67.12,2074.61,73.11
145.72,40.23,159.53,8.63,15.42,3.27,1.8,19.95,55.92,446.39,69.96
70.97,74.93,34.25,8.23,53.25,1.74,4.72,26.12,47.56,2742.48,62.05
122.54,7.3,121.69,8.39,14.59,0.83,0.39,20.86,33.3,2247.43,57.83
117.08,65.95,10.27,4.75,39.29,3.15,1.75,15.17,75.91,2692.35,68.8
109.52,71.6,109.91,9.43,56.83,2.04,7.37,36.49,97.19,865.23,56.98
128.1,65.39,12.78,6.19,57.4,1.36,4.8,20.26,46.42,1753.09,66.28
51.89,76.07,35.18,3.57,38.02,2.53,3.7,23.06,61.68,2410.85,56.36
16.93,17.82,22.61,7.84,19.9,1.6,4.22,41.61,33.21,1247.29,57.82
23.85,58.71,69.35,7.43,18.63,2.58,0.1,33.18,25.96,1019.94,68.09
44.92,94.11,68.75,4.32,46.11,0.84,3.73,42.51,33.37,1215.27,53.24
100.04,61.08,165.28,9.74,58.94,0.61,1.24,31.05,27.37,1910.88,55.17
168.09,61.13,45.14,7.15,9.27,1.67,6.88,22.44,69.35,1107.8,64.44
140.26,73.64,17.28,6.55,48.42,1.19,3.37,17.79,72.42,660.1,62.93
157.81,33.32,120.7,6.09,11.76,2.16,1.93,38.88,99.89,1521.24,69.22
70.2,70.05,137.49,4.86,21.4,2.78,4.14,25.71,99.34,205.32,66.99
80.93,91.62,58.96,9.69,36.16,3.17,2.99,32.78,55.35,2714.56,68.53
78.74,1.09,120.56,8.06,21.35,2.69,3.73,35.97,38.35,2798.71,64.18
38.37,87.01,155.21,7.19,40.76,1.26,5.83,18.62,59.25,2952.67,59.81
12.24,21.86,69.51,7.6,27.95,2.57,4.12,44.17,91.81,2270.49,60.27
118.18,45.59,105.07,8.96,17.05,1.9,7.33,18.24,74.55,2407.41,65.94
197.84,85.23,29.33,7.63,34.2,3.18,2.13,36.52,69.52,2516.43,57.76
33.37,82.39,4.73,4.24,6.32,2.5,2.68,15.3,75.66,519.77,52.13
9.34,89.19,196.27,8.03,45.76,0.61,6.24,44.11,32.22,616.09,36.75
155.91,94.04,59.95,7.17,33.73,0.37,6.29,18.8,50.5,2460.08,53.84
50.52,44.72,55.78,9.78,57.07,1.95,7.82,28.04,35.39,1251.01,48.12
165.93,65.64,194.65,8.27,10.65,1.34,5.06,22.91,95.94,2375.48,50.65
140.79,39.05,145.65,5.74,45.28,0.67,4.63,41.64,35.57,433.63,61.04
189.13,35.07,117.06,4.38,21.55,2.81,4.75,28.27,34.53,146.5,65.9
81.79,43.16,139.86,6.63,25.52,1.38,2.95,33.52,92.51,1192.18,77.54
132.39,74.31,141.99,7.92,24.17,0.39,3.14,17.69,95.93,814.34,58.02
92.97,50.14,152.67,4.65,24.69,0.99,2.31,43.11,76.97,2435.12,68.71
126.12,81.41,13.44,7.72,28.7,2.4,4.82,22.43,99.88,2751.22,61.7
89.92,74.52,82.57,8.87,6.16,2.3,6.74,13.5,24.03,1961.21,62.25
37.73,2.05,59.03,4.52,51.57,0.99,5.1,17.64,77.55,316.38,46.81
101.58,63.02,14.11,8.09,53.5,1.26,3.83,16.79,34.99,45.55,65.35
105.72,43.66,82.52,3.94,7.18,0.27,0.6,13.79,50.11,2335.8,60.52
162.12,45.66,123.23,3.55,47.68,3.34,2.06,27.19,43.52,2614.54,66.85
147.1,81.84,35.7,3.71,8.97,1.21,6.78,20.9,89.52,2843.45,43.09
132.76,54.76,61.01,7.6,49.43,3.26,3.23,27.31,29.39,2152.81,72.83
22.68,88.56,127.83,9.83,38.71,2.87,7.1,12.77,44.72,95.51,49.76
144.12,71.28,115.86,8.51,21.85,1.24,2.02,30.61,80.52,1436.47,65.06
100.06,55.28,173.76,5.15,38.76,2.46,4.65,32.11,79.86,1470.09,73.67
178.82,75.45,158.25,3.97,32.87,1.71,7.71,18.92,63.3,128.39,47.45
183.97,3.83,193.12,7.51,39.97,3.42,4.5,29.92,85.04,2732.61,65.29
11.03,2.71,119.44,3.52,31.15,2.27,1.75,20.66,26.79,2291.61,59.18
164.13,8.33,139.69,8.65,47.51,1.86,1.91,15.48,20.39,615.7,55.37
7.54,43.76,172.1,5.08,7.49,2.27,1.35,33.82,28.26,1956.44,54.8
73.43,23.55,168.0,5.44,23.94,0.85,0.27,39.23,85.46,2438.32,58.46
108.46,98.43,143.74,5.74,35.76,1.14,5.57,15.38,59.66,2562.33,65.01
29.62,54.23,100.05,8.46,37.35,2.52,6.29,41.08,50.74,2603.75,63.59
149.26,66.24,54.64,5.23,14.32,0.38,6.58,30.95,38.75,2353.94,47.76
1.67,27.88,175.44,5.35,9.1,1.13,0.68,37.06,30.39,1857.37,50.66
33.72,32.18,155.33,7.02,6.15,2.21,7.54,34.26,66.35,258.5,54.46
116.16,33.55,167.58,6.51,27.72,3.49,4.99,40.92,71.24,783.48,81.25
142.88,69.87,28.16,9.71,23.17,3.25,0.8,12.09,24.0,1598.7,67.83
183.33,47.37,62.96,5.21,36.23,2.93,0.77,44.54,25.83,1102.61,70.61
141.1,51.77,84.98,4.1,29.72,1.8,4.13,40.8,78.28,2133.63,65.16
134.36,59.2,167.67,7.02,26.67,2.84,2.03,11.52,54.82,354.94,79.14
78.87,76.88,178.58,4.7,51.38,2.0,1.99,18.84,45.32,2830.18,64.51
0.26,9.04,56.98,6.19,39.18,1.66,0.19,28.74,58.69,1017.07,64.86
24.03,77.69,137.29,4.72,40.54,0.86,3.91,39.97,35.6,1552.66,54.16
106.91,56.32,15.56,9.23,26.0,3.33,0.78,20.93,22.08,1005.32,76.03
135.03,66.91,81.91,5.63,47.73,2.13,0.71,11.74,47.84,2395.58,68.66
83.49,32.76,97.33,8.54,13.36,2.4,1.35,37.3,46.15,462.1,70.26
146.14,40.94,153.13,9.67,27.11,0.58,0.18,25.19,52.19,1063.79,60.27
104.37,23.12,178.39,9.61,7.59,1.56,0.92,36.64,60.33,1845.6,58.87
14.84,97.93,67.46,6.91,11.35,3.38,4.8,21.39,84.01,137.66,62.83
38.4,49.7,105.55,9.89,9.48,2.68,2.13,38.66,92.4,1832.06,62.67
168.0,99.61,129.49,7.76,29.28,3.1,0.64,22.64,34.22,2088.59,74.48
144.98,48.98,65.74,4.34,43.35,1.45,1.17,26.67,51.81,2851.45,65.03
178.95,21.98,197.11,9.27,22.2,0.33,0.44,42.81,21.88,2925.85,45.18
23.51,50.75,175.15,6.55,6.46,1.3,6.24,15.18,71.67,783.81,56.85
198.04,3.96,59.28,4.49,43.9,1.38,4.54,30.38,47.85,2006.68,48.5
41.88,90.48,101.59,8.64,16.41,1.12,3.85,38.48,54.52,251.05,55.69
2.36,81.86,46.17,7.56,44.75,1.89,7.0,34.2,25.34,2164.67,52.76
199.48,72.58,102.9,9.23,5.4,0.75,0.73,24.93,87.45,999.57,53.92
56.21,60.98,136.67,8.88,22.18,3.29,0.39,38.09,78.59,637.71,72.43
133.6,57.98,17.1,5.58,39.17,3.19,3.45,26.77,32.96,53.77,75.44
35.34,99.67,174.02,5.17,52.91,0.99,2.19,32.54,20.46,1577.43,46.97
116.05,27.8,118.75,8.27,46.48,2.32,3.86,21.75,29.34,537.62,71.04
180.81,77.97,197.92,7.23,29.73,1.8,7.24,12.01,59.3,1739.24,57.1
64.04,58.14,5.12,3.95,44.52,0.95,3.63,17.16,84.96,1533.08,56.44
134.05,97.59,166.3,4.68,34.56,3.15,1.45,26.36,77.58,1855.99,72.62
37.58,82.78,158.39,4.48,49.74,0.89,6.4,41.29,71.07,732.9,46.91
124.96,99.85,26.57,7.33,47.46,2.22,3.17,14.61,83.91,353.88,69.17
67.29,58.83,67.06,4.06,58.67,1.24,6.06,21.08,60.94,2348.68,56.24
42.24,20.45,176.96,4.85,10.77,2.91,1.22,21.56,73.24,2973.84,59.88
62.64,50.37,103.69,7.04,23.74,2.21,2.76,37.24,86.79,1139.32,78.3
35.77,71.11,80.26,4.36,15.58,2.93,0.28,29.03,64.35,1161.99,70.87
180.38,77.44,181.1,5.11,39.69,1.28,1.96,24.56,68.43,2597.5,54.99
79.44,0.05,18.67,9.39,41.52,0.14,5.21,12.19,69.78,522.53,42.35
49.06,50.5,94.62,8.03,16.21,0.85,2.42,43.97,94.33,1037.19,65.18
89.68,23.52,130.47,5.49,28.19,2.87,1.2,38.25,56.39,836.29,75.41
64.11,87.49,121.71,9.2,38.12,1.18,0.54,11.97,27.24,379.28,54.07
148.88,15.29,52.86,5.13,41.24,1.19,4.86,11.62,89.66,1630.97,51.74
194.24,66.65,112.66,7.33,10.65,1.63,0.71,18.84,24.47,1880.78,62.9
87.61,26.61,141.71,5.9,55.66,1.03,6.41,11.78,23.69,2635.66,51.32
172.21,35.65,116.98,8.39,6.87,2.84,2.92,35.94,35.62,1945.37,61.59
113.17,94.06,136.89,5.92,58.51,1.19,2.51,17.18,25.87,150.94,64.13
31.45,24.04,51.22,5.12,22.4,2.15,5.04,40.85,61.74,146.49,59.5
138.12,9.5,166.57,7.45,22.4,1.63,4.5,31.36,90.08,176.82,56.3
102.69,6.93,89.94,8.34,29.53,1.08,7.9,27.0,39.53,759.06,63.88
130.12,50.46,197.44,6.99,43.22,1.0,0.5,13.92,24.01,752.3,70.08
177.94,64.17,4.66,8.16,13.78,1.81,6.83,14.57,40.16,2327.62,49.03
88.09,32.73,76.06,6.24,19.02,0.82,4.84,14.24,43.22,147.91,65.11
180.24,69.03,36.1,8.67,57.89,1.28,7.07,17.41,89.27,1830.18,44.17
150.13,6.1,111.12,7.3,53.23,0.23,5.58,13.65,72.58,1789.38,47.52
97.72,85.73,48.64,4.78,16.68,2.79,6.12,21.23,31.87,1537.98,63.94
120.64,81.66,147.5,9.29,36.52,0.25,6.31,38.42,43.16,68.92,46.26
65.12,98.55,176.37,8.94,16.2,3.07,0.22,15.13,70.39,2475.65,60.1
196.72,93.65,42.18,9.77,35.25,0.26,6.72,20.48,24.26,1133.56,37.33
133.47,35.62,32.14,7.2,25.12,2.98,5.47,25.74,74.32,1344.79,71.94
8.77,39.93,175.07,7.89,24.93,2.29,7.58,31.48,89.94,2010.4,58.02
65.32,74.6,72.25,9.11,39.93,1.82,1.15,18.31,89.38,1990.47,64.76
124.66,13.41,86.92,3.84,18.85,0.59,7.38,31.49,24.73,829.05,50.95
11.27,31.4,44.19,9.43,27.23,0.97,6.85,16.43,84.68,34.3,45.07
4.78,11.85,85.06,5.26,55.89,2.45,1.89,31.96,60.12,2416.19,58.24
90.0,45.49,46.26,3.87,46.55,1.84,1.08,37.6,60.03,2269.09,61.62
66.54,55.2,133.19,5.04,26.08,1.85,5.07,10.81,66.26,1923.46,65.99
87.66,21.12,99.78,7.31,17.66,0.55,5.44,42.76,52.68,2804.66,56.0
52.54,2.66,157.61,3.81,41.25,1.72,5.72,34.95,77.13,613.19,49.03
32.94,71.94,62.55,3.5,49.42,2.11,6.78,43.25,45.77,310.79,47.71
137.83,2.0,101.12,7.66,52.34,0.52,4.5,19.26,79.78,2996.62,50.02
102.91,97.34,51.9,6.45,36.04,3.41,2.34,42.84,94.1,2605.25,74.8
40.03,22.16,186.89,8.99,33.42,2.92,6.87,25.87,30.26,124.75,59.46
63.92,66.39,104.39,5.17,44.58,1.18,3.52,15.31,55.61,990.79,72.82
118.36,43.48,34.69,5.32,14.67,2.02,3.53,35.8,21.5,1553.21,69.26
14.45,5.97,54.55,4.0,51.87,2.0,3.99,34.31,55.24,1884.7,53.04
29.49,47.22,16.58,7.0,9.07,0.46,6.7,42.26,54.98,1249.35,51.14
14.65,51.68,5.56,5.88,38.17,1.59,7.77,20.64,78.12,262.75,52.35
162.46,85.47,105.18,5.71,37.43,0.81,1.45,32.02,48.36,1419.02,62.21
150.48,73.23,67.42,6.47,22.09,1.23,1.06,43.6,90.94,1640.35,66.73
150.66,7.93,192.75,9.02,6.95,3.31,2.37,40.53,51.91,944.05,56.55
143.27,20.92,34.27,4.18,44.48,1.97,7.24,38.78,64.21,476.11,55.41
133.88,31.19,158.78,6.9,6.33,0.33,4.27,40.75,40.77,1554.01,54.84
95.4,11.64,63.19,4.78,14.88,2.39,0.14,39.55,32.48,833.2,70.04
128.46,45.69,44.71,4.88,34.93,3.5,4.7,23.27,72.61,717.23,76.3
7.67,98.43,193.93,5.17,56.7,0.67,4.44,10.54,53.66,2171.45,34.66
124.29,51.46,160.52,6.49,8.63,2.42,0.73,44.57,69.39,1678.53,76.22
155.58,74.19,126.12,6.71,36.83,2.9,1.28,37.12,68.69,2229.54,72.78
100.07,68.29,139.42,9.16,23.09,2.97,0.83,17.9,59.14,1344.03,75.37
71.5,84.99,198.28,9.3,41.82,2.51,4.22,36.18,44.16,232.4,55.06
55.49,21.57,118.64,7.31,57.41,3.19,4.29,22.76,35.75,1477.5,68.44
128.56,75.38,20.38,5.33,19.77,0.21,3.74,18.64,34.58,1785.87,59.29
138.56,88.14,12.97,8.82,57.58,0.32,3.66,29.81,62.98,2330.14,47.72
174.19,17.15,133.32,8.65,52.88,0.56,4.69,10.37,43.74,1748.77,44.48
68.47,34.68,131.52,8.69,38.39,0.25,5.33,44.18,64.72,2387.34,53.54
153.95,97.01,149.63,3.61,46.7,0.51,7.71,43.0,83.71,1538.09,43.83
112.27,78.08,21.76,8.4,52.57,2.88,4.41,37.65,60.02,1835.97,60.24
176.57,28.26,188.98,9.04,49.19,3.15,2.2,11.87,57.7,67.65,56.45
105.56,56.39,110.23,7.43,22.97,1.24,7.8,12.62,96.01,2584.46,61.2
103.53,40.43,129.91,8.38,49.69,3.35,0.94,32.69,50.08,496.58,79.12
115.58,49.0,6.97,8.55,22.24,1.52,2.57,37.99,22.38,2217.36,55.32
149.86,35.52,192.19,6.79,52.69,0.68,7.23,11.89,90.54,1334.34,52.14
192.94,27.93,112.52,8.79,19.05,2.42,7.56,29.73,37.96,2676.68,55.87
14.71,67.48,112.67,8.65,36.47,1.53,5.2,34.47,67.79,913.21,57.57
10.69,77.85,188.71,9.45,43.11,0.17,0.22,15.73,95.01,2916.03,40.74
187.51,87.4,185.87,9.49,28.42,3.39,3.6,16.15,79.58,2207.47,51.87
105.98,15.53,44.06,6.94,48.06,2.13,7.47,42.6,86.71,1843.77,61.97
122.98,82.29,186.22,3.7,55.89,2.19,7.13,24.04,53.88,2822.66,52.87
96.48,25.48,147.32,3.62,15.24,3.44,7.16,19.61,56.73,1619.58,70.09
18.73,42.73,3.78,9.6,6.84,2.93,2.42,11.6,24.75,1090.59,52.24
153.62,90.14,47.97,5.69,39.46,1.33,6.62,11.29,73.5,2085.05,51.71
149.44,45.45,82.6,5.95,38.12,0.24,5.41,19.04,79.54,732.36,59.28
62.34,19.71,116.56,6.55,23.77,0.86,7.16,31.7,62.37,1567.74,69.02
61.25,15.99,140.27,5.23,48.2,1.3,5.14,31.18,88.22,2683.15,53.65
167.57,47.3,42.04,7.34,50.44,3.36,3.06,17.89,28.75,1320.69,69.35
14.47,76.27,167.34,8.6,23.26,3.12,5.11,35.99,27.04,1273.2,52.12
176.22,99.72,169.14,5.17,42.52,0.17,2.93,26.14,30.34,1011.59,48.53
51.33,78.74,127.0,8.33,40.31,3.46,0.12,37.98,89.04,1969.92,79.55
118.6,87.7,184.22,7.87,23.85,0.97,6.55,42.35,34.95,800.44,59.08
187.2,74.78,162.6,6.92,58.3,2.74,6.81,18.31,25.8,2422.33,54.68
135.62,89.54,44.32,5.62,24.05,0.5,6.01,25.69,83.47,1895.5,61.32
82.89,7.63,159.74,9.17,39.12,0.85,1.9,11.86,75.83,2874.11,50.64
137.91,92.99,190.64,6.12,25.91,1.82,1.17,36.69,32.78,2767.89,67.18
68.8,39.64,27.52,5.94,5.65,2.49,1.44,21.29,81.07,954.32,73.03
55.45,92.16,195.74,7.67,10.04,1.27,4.06,32.79,43.55,2469.01,53.12
199.34,7.57,5.0,9.48,17.78,3.07,2.19,23.34,22.35,158.99,49.17
150.16,71.52,104.43,6.8,49.67,3.3,7.04,14.99,22.79,975.95,72.0
128.94,73.57,154.78,8.2,29.31,0.52,4.4,10.25,29.69,2314.67,65.01
71.06,99.69,158.09,6.47,37.37,2.54,3.66,32.41,85.55,220.51,71.81
9.83,76.89,146.93,4.92,56.91,0.55,6.99,42.7,51.8,1788.95,39.79
6.21,38.26,105.87,4.31,13.09,1.26,0.74,41.62,50.21,2275.74,49.91
110.84,55.72,130.19,4.39,52.4,2.89,6.98,42.92,83.47,2122.86,61.21
152.41,36.66,139.99,3.64,25.86,1.24,6.44,34.08,71.7,2326.3,54.12
107.48,19.6,98.91,7.09,23.56,3.19,5.53,25.02,90.59,491.72,77.99
168.16,24.85,119.14,4.35,39.4,1.5,0.98,28.42,21.99,952.44,63.32
6.69,22.2,169.27,9.13,54.43,1.15,0.51,35.42,33.3,2275.8,45.27
73.35,54.88,62.58,9.89,24.17,3.46,1.41,20.46,88.31,1761.72,76.05
47.41,90.62,104.64,6.72,46.88,1.6,2.24,16.71,96.84,260.77,59.6
89.45,91.27,1.7,6.42,6.06,2.62,4.97,12.38,43.59,2770.47,60.83
14.48,5.48,137.49,5.76,39.27,2.14,0.73,26.68,22.94,511.31,65.58
190.83,7.99,39.08,7.65,39.68,0.79,1.55,13.21,20.88,1775.82,43.52
44.65,24.51,96.2,7.45,35.58,1.8,1.68,26.11,22.32,623.27,68.29
184.46,25.51,42.04,5.73,56.58,0.36,5.4,38.45,72.72,2452.17,48.5
85.18,9.49,4.71,5.73,56.62,2.51,2.83,15.36,40.14,1746.17,62.7
197.1,38.85,96.64,7.69,23.81,1.86,2.27,14.22,49.66,1232.69,69.06
110.81,58.77,84.97,7.1,30.1,0.52,0.33,18.59,49.66,2203.96,73.58
186.17,57.82,85.03,8.17,48.58,2.71,0.85,12.91,39.82,1050.97,64.46
1.07,54.34,41.76,9.62,51.42,2.84,4.44,22.76,34.39,5.63,53.06
149.65,33.87,189.44,8.57,27.99,2.6,5.1,31.31,61.78,268.26,67.01
180.61,70.65,0.7,5.48,24.2,1.22,5.96,26.52,25.47,179.29,51.03
27.94,82.65,178.31,8.43,50.13,2.56,4.03,35.21,56.63,659.02,55.3
19.23,34.63,147.38,6.43,25.73,2.06,2.23,14.21,53.56,2730.78,68.72
84.91,8.55,34.41,8.55,27.29,1.95,2.41,21.91,43.25,564.94,68.63
186.74,29.63,94.44,9.26,12.45,2.31,5.24,24.59,26.57,1753.74,59.11
108.48,13.74,197.77,5.12,34.86,2.24,3.47,26.09,72.54,2357.81,69.21
105.49,46.74,128.74,5.05,22.95,2.82,1.35,12.4,68.18,2216.38,75.25
28.23,15.59,25.48,6.31,37.48,3.45,0.13,12.25,79.37,982.34,73.02
0.16,46.28,91.53,3.83,29.65,2.57,2.15,12.96,62.57,1428.02,66.53
162.03,22.1,93.64,7.96,46.15,1.6,6.07,14.91,60.87,228.28,56.62
17.51,73.87,160.45,8.37,20.28,1.67,5.35,10.02,39.52,294.48,49.31
126.77,2.76,183.23,5.75,14.46,0.2,0.87,20.57,51.82,740.7,62.09
182.92,55.47,16.45,6.52,43.66,0.64,3.61,24.4,62.89,449.93,57.27
41.73,16.95,62.81,7.34,26.13,0.88,1.24,29.2,25.87,203.09,56.77
133.05,0.1,59.69,3.98,36.0,3.47,3.84,10.96,76.3,778.84,62.12
15.74,86.92,199.21,8.12,56.76,2.69,0.97,25.58,94.5,1604.28,52.49
120.75,67.15,111.85,6.92,31.63,0.58,5.47,42.83,97.57,631.61,67.33
32.79,9.89,175.97,7.56,13.38,1.79,4.71,36.29,84.96,843.35,53.47
147.19,66.41,85.21,8.2,28.47,0.83,2.15,21.24,84.74,2470.45,66.65
60.25,61.16,144.54,7.89,31.32,1.11,7.94,28.42,33.22,2253.13,57.7
92.68,47.34,57.32,4.12,47.13,2.16,4.75,34.45,46.21,92.25,62.44
119.89,41.93,182.36,8.59,15.74,2.14,2.22,15.41,80.92,240.79,68.22
34.25,88.71,91.03,7.47,24.08,3.06,2.93,12.52,22.98,2784.62,67.03
148.33,24.51,160.75,8.15,7.75,0.66,7.34,31.66,26.6,1084.48,48.78
60.53,39.83,51.16,5.2,43.61,1.79,1.71,35.8,71.1,70.38,65.41
132.47,32.91,138.72,4.94,45.92,2.14,1.71,28.0,54.74,1170.88,69.06
31.66,77.12,81.03,8.87,30.15,3.26,4.61,34.34,74.64,2293.29,64.17
137.62,91.65,6.29,6.04,34.6,1.86,2.72,35.17,40.54,2707.11,62.37
25.64,84.98,82.6,7.24,46.24,1.26,2.5,32.54,26.49,2101.95,63.86
85.07,79.77,110.0,7.09,19.76,1.09,3.34,42.78,86.35,818.37,68.32
49.44,98.68,30.35,7.3,38.38,0.83,6.67,28.76,82.61,2960.61,45.27
149.68,69.71,36.78,3.95,58.02,3.37,6.74,11.99,57.01,455.43,56.62
52.41,75.11,92.97,5.47,41.19,2.15,5.36,29.78,90.44,1105.45,69.5
176.34,98.28,68.55,3.93,9.3,1.13,4.66,32.38,37.83,1068.21,51.66
178.36,0.7,88.15,6.62,20.96,2.63,0.22,21.93,49.37,1475.76,76.04
39.29,63.4,92.17,9.36,33.55,1.08,4.56,26.55,39.42,347.3,57.99
122.77,73.9,28.02,6.03,9.0,1.81,7.64,36.97,26.93,1840.74,58.63
17.54,91.78,36.24,8.59,42.21,0.19,6.71,35.16,72.22,1914.54,38.91
78.31,88.38,169.63,5.37,40.98,2.98,1.24,16.22,67.32,1359.62,73.35
142.66,84.2,32.54,9.07,53.2,3.35,7.79,18.33,55.57,294.76,63.78
131.88,94.58,133.18,6.23,32.5,3.04,1.81,29.97,88.8,2283.3,77.8
124.94,53.74,83.71,5.81,43.07,0.68,1.08,23.66,59.49,2784.36,64.96
56.51,0.69,193.65,8.03,15.01,2.91,2.38,36.27,56.02,1057.02,62.08
75.6,1.11,13.22,6.83,5.16,1.28,1.22,13.55,74.52,709.59,63.39
20.59,54.46,166.08,5.69,14.47,3.28,1.87,21.4,23.02,2861.04,69.72
143.8,43.53,98.29,3.88,8.42,1.12,2.54,22.87,42.29,416.72,63.03
100.78,45.12,1.07,4.58,28.52,0.4,4.77,25.07,86.69,1438.55,64.3
141.75,40.04,52.73,8.52,30.76,3.0,4.95,36.82,30.39,2082.23,67.05
49.79,91.77,81.54,9.48,40.45,0.5,4.32,10.65,85.52,130.63,46.64
64.89,35.92,62.84,4.6,12.74,1.94,2.46,15.06,70.77,2430.47,63.13
66.84,85.62,72.49,7.2,16.81,1.38,7.63,29.29,84.09,2009.25,59.86
5.15,90.29,183.33,3.72,48.91,2.67,2.44,27.04,26.25,2239.71,48.92
68.21,49.95,72.19,5.39,36.71,2.65,3.27,43.3,76.43,629.36,75.11
160.66,44.69,83.77,6.42,6.61,2.74,3.44,11.95,82.29,809.14,76.48
179.46,76.1,152.23,8.28,51.66,0.32,0.28,20.38,22.02,2985.73,43.96
103.64,70.8,158.77,3.79,39.64,3.02,3.49,37.23,78.19,1078.6,69.75
91.1,32.85,16.82,8.58,15.27,1.69,2.77,43.65,59.03,73.23,61.57
6.16,10.25,140.81,4.82,18.86,0.85,0.66,44.8,21.03,1062.78,52.47
175.84,26.49,96.51,8.44,35.45,1.12,6.51,20.21,71.76,1142.3,56.13
2.6,13.1,26.77,7.57,35.84,3.17,5.72,30.85,39.32,2652.64,56.0
188.95,29.47,52.94,5.71,49.29,0.12,2.34,43.52,97.2,834.07,52.56
97.84,26.18,9.01,8.2,24.72,2.83,2.16,44.2,98.25,2380.45,66.85
68.39,63.77,72.05,5.04,35.21,3.24,7.25,14.12,20.25,328.5,68.36
184.84,95.45,51.08,4.93,37.04,0.95,1.59,22.41,30.74,1532.31,54.46
4.88,68.57,76.42,3.9,35.73,2.89,7.0,35.68,61.17,1220.93,61.04
116.28,92.66,116.07,6.06,9.01,0.65,0.71,29.57,70.28,980.19,67.89
109.79,78.41,146.47,4.14,27.62,0.16,6.73,30.16,70.6,2328.48,57.24
43.86,72.79,121.07,6.23,23.64,2.16,4.38,25.07,77.67,1806.17,69.74
85.78,41.41,135.68,3.56,59.6,2.3,6.23,39.55,34.0,2852.45,53.37
130.45,32.48,173.13,4.51,30.61,0.61,0.83,12.26,43.99,1082.26,66.4
145.43,84.63,174.76,9.56,28.94,1.84,3.42,18.02,63.04,366.45,56.97
0.14,90.54,172.14,8.67,31.6,1.41,3.66,34.61,31.33,710.51,45.03
187.37,45.19,30.63,5.04,55.56,0.36,4.17,38.68,84.91,2049.48,50.97
32.91,0.91,50.21,8.17,38.63,1.83,5.06,43.97,82.77,1969.28,52.11
46.72,79.25,100.47,7.85,26.4,2.09,3.18,20.36,74.57,1890.5,72.08
52.69,28.51,71.75,4.65,55.19,0.84,3.63,17.71,46.58,2156.49,52.66
7.56,0.99,26.33,5.91,56.14,2.62,3.03,19.04,66.53,318.23,54.36
24.61,80.5,57.55,9.44,19.54,0.35,5.62,18.73,20.42,865.19,43.56
197.27,51.74,195.09,8.3,26.64,1.97,7.28,26.69,68.0,1723.85,53.32
63.04,68.52,69.39,8.44,58.16,1.13,1.0,19.93,23.98,1307.63,60.0
23.06,91.47,83.78,7.17,34.76,1.58,2.37,14.87,37.66,1522.24,61.13
21.4,54.12,1.28,7.83,28.75,3.14,1.84,11.88,47.86,638.56,62.66
143.89,50.32,143.88,6.81,15.75,2.38,7.52,18.95,71.64,1829.88,65.24
170.91,29.07,82.71,8.32,26.14,0.61,4.8,38.61,39.36,1006.87,53.43
51.39,30.52,20.63,8.26,39.72,3.11,1.23,39.56,30.44,2398.74,63.63
4.18,79.65,193.71,3.7,7.13,1.37,3.24,30.69,59.71,1761.46,43.36
44.62,44.9,155.49,7.61,9.58,1.26,3.84,23.85,80.07,2992.34,59.9
11.3,16.35,145.23,7.59,5.3,1.81,5.02,19.33,51.25,1775.07,58.51
20.68,9.45,191.57,3.94,17.04,0.8,1.8,11.38,88.67,159.69,41.84
86.3,47.29,81.5,6.17,15.06,3.21,4.07,44.66,95.3,653.72,75.67
45.98,46.5,143.71,9.34,51.79,1.69,6.43,23.36,77.12,755.87,59.39
103.19,65.35,41.24,9.7,15.19,1.44,5.31,23.05,84.6,76.07,57.28
50.7,47.11,139.42,8.58,41.36,0.68,0.92,23.91,64.33,2756.11,62.17
188.11,14.35,2.82,4.48,11.51,2.83,7.31,37.19,66.09,1880.7,50.57
181.19,50.78,25.26,5.94,37.65,3.34,2.77,33.04,22.93,2436.29,66.89
113.36,90.68,85.05,4.69,28.96,3.06,3.45,43.01,62.47,1759.83,70.95
70.88,15.94,2.42,7.74,27.48,0.65,5.57,12.61,62.21,2571.91,52.61
76.23,68.98,92.39,8.53,52.11,2.66,3.74,43.63,64.74,1881.36,71.16
82.37,59.39,104.56,9.24,14.22,0.79,4.75,30.63,37.93,246.95,53.76
145.52,74.86,124.32,9.09,37.74,0.23,3.87,42.53,50.97,87.96,51.28
90.33,15.06,20.08,4.14,50.2,1.75,2.53,36.74,95.92,1329.78,55.28
171.35,94.16,36.2,4.32,44.26,2.38,3.58,44.52,88.16,1927.66,46.15
188.82,62.1,122.66,9.41,59.08,0.52,2.56,17.45,56.28,2540.7,44.31
67.19,84.71,131.64,8.98,5.12,2.16,3.64,28.22,53.46,2685.57,58.21
112.14,24.66,5.18,6.49,53.64,2.97,1.7,42.85,82.69,2462.55,68.65
19.01,73.94,108.07,6.3,38.74,0.81,0.58,14.81,51.85,317.9,63.92
40.09,78.1,157.0,7.09,5.14,1.55,5.62,37.3,68.05,2266.93,56.3
82.69,39.74,13.82,7.38,30.6,1.8,1.09,41.99,89.68,1048.17,66.16
41.24,38.4,82.63,5.15,47.21,2.93,6.6,23.12,35.46,2572.24,63.8
175.31,65.78,65.3,6.12,15.04,2.72,2.98,25.51,79.33,2475.89,72.3
31.66,9.34,182.73,7.53,42.32,2.72,2.07,39.12,99.8,1952.23,60.91
91.13,73.56,37.16,4.84,12.68,2.41,3.34,29.82,23.05,2746.75,70.82
121.14,4.29,63.67,9.99,49.19,2.2,1.28,26.75,22.36,1626.36,61.65
138.37,19.06,179.69,5.34,36.27,1.83,6.81,19.59,75.78,724.46,55.98
76.61,66.41,66.13,7.09,6.86,1.36,1.42,28.76,55.52,1959.09,73.32
173.82,9.83,106.27,7.1,10.0,1.84,4.0,23.16,34.65,574.05,60.93
113.66,97.18,6.61,6.43,52.51,3.0,1.38,26.49,61.44,2286.11,76.18
87.9,86.84,196.98,5.07,6.82,2.04,0.46,39.75,91.3,2638.26,62.36
13.45,62.63,164.99,7.17,21.42,3.45,6.4,39.6,61.82,1996.93,60.07
92.94,81.91,126.88,4.09,36.18,0.58,4.5,10.73,95.21,1471.25,58.33
164.15,88.76,12.15,6.02,16.74,1.6,0.72,29.11,65.57,2856.3,59.4
122.91,25.95,14.97,4.96,17.33,0.78,7.15,43.28,34.9,2370.07,47.87
166.43,84.94,108.99,4.31,47.68,1.34,3.2,25.61,87.08,1381.17,63.69
98.8,19.48,57.01,9.52,21.0,2.79,3.47,13.86,50.41,1649.23,67.54
23.69,41.33,124.56,8.05,7.12,2.9,4.01,10.39,68.29,2151.96,65.6
2.73,55.83,119.64,4.6,44.66,0.21,1.87,24.29,51.45,1320.55,59.72
60.64,71.39,167.73,9.67,57.49,3.34,4.45,40.69,54.0,1209.47,57.6
139.6,3.01,56.28,4.9,50.76,3.06,2.07,41.25,33.86,2602.87,61.36
158.05,29.05,115.57,5.03,35.17,3.18,6.7,33.16,70.06,1083.52,65.3
59.15,60.85,155.47,4.37,28.37,1.38,6.63,43.35,45.28,2978.17,52.57
99.13,35.74,98.15,8.23,55.88,1.79,3.87,12.53,48.06,1019.45,68.46
84.22,77.5,166.13,7.21,47.14,0.67,4.3,22.97,35.53,2251.97,59.6
82.1,65.17,26.26,3.88,36.39,1.45,7.94,37.74,47.41,1526.45,54.96
46.27,23.44,146.78,3.66,53.39,0.53,6.38,39.4,85.71,176.21,39.4
27.27,14.59,188.6,6.96,38.09,3.04,0.6,13.2,96.35,2397.03,64.27
39.34,62.9,66.38,7.73,58.54,2.08,1.46,30.55,55.17,2496.95,59.55
11.07,45.05,73.27,8.85,52.21,0.56,4.81,33.31,79.91,2237.33,53.8
39.63,16.9,16.71,6.61,35.27,3.09,3.04,17.77,92.76,2763.56,63.05
1.84,32.64,128.3,7.9,55.76,0.37,6.45,11.17,40.27,186.76,42.36
125.45,30.3,110.49,8.27,23.83,3.25,5.16,10.72,30.69,927.4,74.22
63.28,10.81,8.07,7.48,43.55,0.46,7.93,22.56,39.46,2959.02,50.48
194.63,54.69,150.44,5.79,14.42,2.54,0.2,14.46,91.23,1513.61,72.21
38.74,76.36,165.86,4.36,54.25,2.29,3.56,29.99,44.48,806.84,57.77
69.17,57.55,181.42,7.71,18.64,2.76,3.32,18.75,62.06,1094.49,69.96
71.57,82.63,109.15,8.5,57.2,2.02,3.53,21.83,97.2,2827.09,63.56
1.69,12.76,90.52,4.73,5.93,1.29,7.09,22.06,58.09,2166.59,47.85
167.84,43.56,175.23,6.72,42.5,1.03,3.31,42.6,49.3,363.41,55.36
6.4,60.94,79.74,6.08,13.25,3.31,6.39,40.16,93.79,761.97,64.99
188.04,67.6,131.09,4.84,47.39,1.6,5.1,32.71,28.53,323.5,52.82
178.41,69.58,123.07,5.09,32.05,2.96,3.95,15.49,76.64,2586.49,64.36
107.1,72.9,74.43,5.04,55.03,2.56,5.57,12.69,54.48,1096.17,68.67
108.72,65.14,17.38,6.22,44.33,2.33,1.91,22.45,82.92,2932.48,65.98
130.76,9.42,4.28,6.04,47.25,3.4,1.22,29.99,57.72,2943.69,64.76
77.41,69.53,85.65,7.1,11.63,2.02,7.74,35.37,86.46,1982.36,65.24
129.44,72.48,96.24,4.11,10.31,2.59,3.19,10.84,54.46,2069.82,63.8
8.95,99.35,164.54,7.28,51.78,2.99,2.5,16.82,32.41,1480.88,58.77
10.81,69.34,82.88,3.64,17.42,0.26,2.2,25.35,51.91,1252.76,58.9
91.45,68.68,56.23,5.17,52.68,3.49,5.02,22.59,30.48,1146.56,73.77
109.92,51.48,92.42,6.76,12.84,0.99,7.97,26.04,24.54,2778.48,61.64
177.56,86.79,47.6,7.97,21.96,2.49,7.17,21.46,39.38,1198.04,61.45
20.93,99.68,18.27,8.51,56.08,3.34,3.26,30.58,53.44,2892.72,51.9
164.53,77.9,22.61,3.73,51.18,2.69,7.17,40.31,30.41,2350.39,50.55
42.01,61.25,63.83,6.99,7.98,0.88,3.71,12.87,75.51,694.83,60.89
78.82,7.9,2.54,5.8,29.65,1.33,0.96,20.25,70.66,1026.69,70.25
63.32,72.67,44.04,8.02,55.04,1.51,1.58,19.32,84.35,443.53,63.23
80.03,70.86,157.5,5.34,5.81,2.09,2.02,29.04,39.35,468.62,66.39
30.1,77.56,46.92,8.33,10.9,2.15,7.35,41.23,50.27,1663.9,47.29
100.71,12.46,22.15,7.41,40.49,2.78,7.83,38.7,72.71,833.08,69.65
160.33,65.37,189.82,8.63,10.77,3.02,1.89,41.59,52.52,2838.13,60.3
88.31,29.57,124.49,9.9,29.69,0.4,3.28,17.44,50.73,1096.82,62.23
98.12,76.03,12.01,9.41,32.93,1.03,7.85,22.02,47.75,140.79,51.18
169.75,24.04,12.45,7.36,52.31,1.27,6.79,19.64,59.73,356.07,47.79
141.21,68.4,122.42,9.31,57.66,0.15,3.6,29.11,52.65,1104.32,51.83
98.09,29.5,108.03,4.5,33.17,1.52,3.68,33.49,63.78,1579.0,75.41
51.54,0.9,13.67,3.78,33.07,1.32,7.04,24.54,98.97,79.0,48.84
176.99,63.34,44.86,6.97,44.97,1.89,0.33,20.77,58.83,1035.46,64.94
115.4,11.33,185.81,9.83,15.59,0.44,7.45,32.12,82.0,2218.61,44.16
44.23,65.93,114.4,8.11,56.75,1.51,0.81,27.44,73.48,305.7,60.45
53.82,92.56,88.07,5.48,5.07,2.13,7.22,39.01,64.57,338.46,56.8
160.63,96.92,50.03,7.85,5.1,2.83,0.61,11.89,79.1,944.98,61.55
8.83,23.59,26.74,3.76,39.41,2.71,7.76,35.76,70.99,305.25,57.54
198.42,80.93,80.53,6.56,23.78,1.48,0.17,34.25,25.4,1145.32,62.25
26.07,35.36,184.47,5.04,26.9,1.42,7.72,40.33,79.66,2160.07,47.73
159.21,90.05,9.74,3.82,17.18,0.23,0.59,39.57,92.41,2949.46,35.33
78.96,78.75,198.2,5.12,27.43,0.38,1.09,15.26,84.4,135.87,59.9
98.44,7.39,41.56,8.2,50.54,3.07,7.71,32.45,50.35,1734.72,68.37
176.13,40.71,81.75,7.08,43.46,2.84,6.35,31.14,92.2,676.1,71.06
82.58,33.73,9.01,3.65,10.21,0.17,6.73,34.3,28.12,1329.1,40.43
107.5,78.52,116.96,6.16,8.12,3.1,3.51,44.34,50.47,2981.48,72.12
9.86,41.03,96.71,8.39,32.84,2.19,0.73,13.83,20.4,2979.67,67.22
0.47,68.46,133.34,9.7,45.16,2.83,1.28,32.02,48.76,1820.84,58.06
48.96,60.24,108.54,9.18,41.55,1.81,7.4,30.89,23.3,498.13,53.95
136.12,97.56,79.64,3.51,52.53,0.61,3.14,10.26,80.03,1501.2,51.15
24.25,93.78,147.55,4.92,12.33,1.31,6.07,33.05,41.84,2508.25,48.45
22.75,42.77,5.0,4.85,38.32,1.63,5.55,27.4,64.02,1720.5,61.5
82.19,72.36,108.21,6.19,47.13,2.66,3.84,37.05,67.34,2152.86,77.33
129.57,82.95,22.78,7.7,56.58,2.86,6.9,36.43,44.68,2313.49,67.1
142.41,89.89,87.2,4.49,10.55,2.62,5.27,11.53,39.65,1366.27,63.93
35.69,6.81,158.23,9.45,18.18,1.72,5.94,37.31,64.08,2010.67,46.62
15.92,30.21,28.49,8.55,24.5,2.36,6.71,41.4,39.14,373.9,48.01
188.08,32.02,187.16,6.23,34.74,1.1,1.86,32.12,32.57,1147.82,59.7
52.13,43.44,177.7,7.3,27.47,3.46,2.42,40.42,79.55,1529.74,74.52
170.67,16.93,82.98,7.02,52.36,0.67,6.07,17.28,45.6,2183.05,54.32
172.7,49.62,1.19,7.28,57.28,2.56,6.65,41.54,55.81,1391.05,60.49
154.5,66.32,157.95,9.09,8.85,0.63,4.82,42.76,92.99,2874.38,37.64
33.77,49.74,176.18,4.8,43.48,1.05,7.95,19.97,30.18,853.42,57.05
164.36,66.58,34.95,7.94,11.29,2.65,7.04,22.09,25.13,534.75,56.92
153.85,6.64,183.24,4.2,54.39,2.58,6.42,34.88,54.38,595.04,47.56
119.34,87.6,182.82,6.48,12.82,0.52,2.04,21.76,69.19,1112.51,69.93
67.44,93.91,94.26,7.63,59.53,2.41,2.73,44.63,57.24,1593.23,59.61
52.5,61.79,159.61,3.58,28.53,0.79,2.95,20.09,20.68,936.98,53.5
24.38,88.14,88.99,4.2,26.01,3.41,0.83,11.01,52.46,2602.28,63.62
101.95,13.14,112.81,4.09,37.25,2.15,5.88,38.62,58.48,2103.91,63.53
117.05,79.74,63.97,5.94,26.69,0.11,3.36,11.52,95.74,795.84,66.56
71.87,11.91,31.89,7.54,17.91,0.81,5.01,44.1,26.12,2291.5,55.15
95.07,40.8,149.31,9.97,39.6,0.88,5.7,31.0,75.05,1728.69,60.76
72.7,32.38,0.28,5.15,45.06,0.94,0.17,25.38,51.57,2056.62,63.42
128.2,58.56,115.91,4.38,56.99,1.99,0.48,35.64,89.88,2827.56,63.9
180.25,30.15,172.94,6.2,27.5,0.8,2.75,35.05,72.75,736.54,61.41
32.78,63.73,44.26,4.45,43.82,1.5,5.28,23.6,51.51,2759.13,56.25
76.28,36.74,66.58,3.66,50.85,0.69,3.88,17.49,71.17,2110.63,55.78
28.17,86.08,117.5,7.17,50.73,2.37,7.52,39.57,55.72,626.6,60.55
124.99,63.39,49.37,9.22,6.88,2.03,2.13,42.27,77.39,2726.01,58.87
145.77,21.53,169.5,9.1,24.56,2.24,0.92,44.82,83.21,1321.26,61.45
186.38,33.61,73.32,4.16,5.74,3.39,1.0,22.71,75.48,622.08,64.31
55.77,84.74,116.32,4.46,35.75,1.46,1.88,30.19,49.89,800.79,68.34
190.04,38.65,45.22,6.69,52.58,0.83,1.97,44.34,22.79,2184.43,51.99
12.65,53.58,8.28,5.89,49.82,3.5,3.09,24.44,31.06,2829.36,65.1
120.6,64.89,34.74,8.07,49.62,0.3,4.56,37.67,57.11,714.57,52.93
11.43,34.78,9.24,6.72,24.35,2.86,2.07,42.89,66.82,2750.78,61.8
178.75,29.4,93.72,3.63,7.55,0.65,4.17,16.49,27.47,192.16,41.97
105.96,47.53,117.33,5.35,14.48,2.36,3.87,35.36,57.04,374.2,73.24
133.87,21.49,8.94,9.36,41.89,1.71,2.54,34.6,42.89,1087.87,56.14
166.31,28.42,18.1,6.82,12.36,2.95,3.53,23.61,25.46,1763.34,65.78
30.06,6.21,97.11,8.69,11.89,2.59,3.13,44.33,48.28,1721.14,61.15
7.72,30.4,159.84,6.11,24.45,0.69,7.61,40.34,70.66,134.39,48.63
175.78,32.07,125.6,7.9,10.2,2.36,0.64,44.8,82.08,108.63,62.62
62.99,96.18,20.94,4.6,23.14,0.84,6.16,29.25,80.93,1976.75,51.26
25.8,58.97,177.51,8.29,58.33,0.68,2.54,17.78,60.85,1338.08,51.91
93.69,78.74,183.49,8.61,6.1,0.39,1.56,19.78,27.59,1443.55,54.56
119.66,4.54,64.99,4.09,50.68,0.49,6.98,37.7,67.65,89.96,47.29
6.19,10.65,123.2,4.69,59.65,2.49,3.81,22.66,24.1,2996.2,47.89
54.98,81.45,98.47,6.51,29.0,3.47,4.13,17.52,54.0,1766.84,83.39
6.56,62.35,188.4,7.64,56.87,2.4,3.38,42.27,72.72,2742.49,49.82
84.07,19.1,101.75,7.64,19.36,2.51,3.3,21.93,29.87,1097.66,77.19
179.02,40.48,191.99,7.84,59.03,2.76,5.57,12.86,69.72,1682.48,55.26
196.53,53.87,39.87,8.14,52.39,3.12,6.1,29.83,73.84,1276.26,64.99
127.41,84.36,69.11,6.79,53.66,1.01,6.33,29.26,91.24,359.05,59.81
32.33,6.04,156.27,7.24,12.17,2.16,4.25,24.78,37.34,1305.42,66.47
181.17,59.67,156.72,3.55,52.85,0.84,5.65,25.62,85.55,706.84,47.31
103.25,71.7,146.44,4.58,56.8,1.89,6.24,17.69,47.52,786.93,62.54
30.75,97.79,171.92,6.74,50.05,0.81,5.5,20.35,51.04,2259.05,47.71
184.35,80.72,140.51,8.35,10.03,0.32,1.63,27.03,97.21,1024.46,53.22
151.49,27.62,127.22,8.76,9.66,0.4,5.72,44.02,60.65,2229.18,49.71
146.34,70.96,91.79,8.24,24.67,3.42,5.22,44.3,89.6,2949.32,62.26
141.84,76.33,93.42,6.66,43.77,0.12,0.86,13.05,75.89,977.43,62.73
40.07,72.97,81.23,5.33,5.68,2.45,5.21,41.72,53.52,707.3,67.16
42.2,82.01,124.04,6.39,57.29,3.12,7.01,25.4,23.46,2257.88,65.29
137.66,90.37,81.33,3.56,33.9,1.44,3.36,26.07,59.42,1724.38,62.84
43.94,9.84,29.5,7.39,24.71,2.51,1.16,22.58,49.96,2388.26,71.5
87.73,10.48,21.31,3.98,35.87,1.29,4.92,40.78,61.97,474.94,54.27
156.4,79.64,184.89,4.45,44.37,1.9,1.99,26.0,78.49,1965.12,56.19
156.79,25.24,4.95,7.57,20.03,3.28,4.41,10.2,62.97,2161.92,62.18
90.65,5.85,21.09,3.59,21.01,0.24,5.39,42.74,73.69,401.74,47.87
158.44,40.12,89.06,7.23,30.75,1.01,4.13,44.09,75.96,461.56,60.35
167.72,81.99,52.59,7.65,41.85,0.46,2.54,25.13,82.36,2820.27,54.65
130.96,12.66,81.17,8.62,43.85,1.79,6.87,25.26,71.98,569.99,58.73
45.69,67.18,23.49,3.94,22.82,2.72,1.17,10.61,90.46,2060.31,63.23
54.8,0.36,26.18,3.52,22.74,3.42,0.44,17.06,44.0,1630.81,65.97
62.97,10.97,160.13,8.48,31.79,0.63,6.65,14.2,86.86,2481.95,53.31
23.36,35.09,151.82,5.39,34.81,0.25,0.37,37.84,70.54,151.09,58.67
54.63,8.36,20.85,9.27,40.72,0.57,3.95,28.04,69.07,43.18,49.57
41.9,84.59,133.56,4.7,38.97,3.39,4.35,20.13,34.91,2250.93,62.16
91.07,86.41,121.86,7.31,25.49,1.19,2.77,42.36,87.52,2635.08,62.72
181.69,75.56,142.67,4.21,21.33,1.01,2.28,32.61,68.13,1899.7,58.78
20.9,24.25,94.89,6.12,21.94,2.6,5.95,42.78,34.47,1150.92,63.09
144.05,52.32,54.0,9.23,40.5,0.51,2.99,18.9,23.98,1325.86,64.41
137.46,18.42,132.74,7.45,28.82,1.29,1.08,40.33,58.92,2331.33,65.64
19.15,28.13,74.27,7.98,12.39,0.59,3.76,39.92,42.61,1546.55,52.63
184.51,51.6,43.79,4.97,5.33,3.41,5.84,41.4,43.73,2061.12,60.42
113.69,73.5,81.73,9.5,6.63,1.07,2.53,38.61,26.17,2845.28,50.64
72.75,9.47,152.65,7.55,52.71,1.02,1.14,38.22,37.88,823.44,60.81
151.31,29.67,95.16,4.19,30.18,2.26,2.79,39.72,97.39,468.63,68.77
51.47,92.66,59.97,3.6,41.16,0.16,4.41,41.36,64.79,2549.26,41.87
138.7,42.91,166.37,3.6,56.1,2.32,0.9,24.83,62.81,2087.22,61.3
7.94,93.89,176.33,3.83,11.95,1.64,1.95,17.67,60.46,1449.83,52.74
167.88,99.14,86.65,9.43,29.62,0.73,7.77,12.52,81.51,1706.12,42.72
89.63,52.67,74.94,5.83,34.65,1.75,1.71,19.63,74.08,2728.85,75.44
127.34,28.8,122.54,5.44,51.28,3.5,0.6,40.2,35.34,2871.43,75.23
44.25,79.08,11.59,6.21,59.65,2.95,3.51,44.9,60.1,34.26,61.76
135.41,15.93,138.26,6.16,44.14,3.41,0.68,24.81,76.71,2172.94,81.92
154.45,25.2,156.46,5.05,40.3,3.25,0.21,26.38,56.06,2924.66,68.64
94.64,78.49,79.49,4.1,55.62,2.89,0.22,23.74,63.36,561.34,70.67
123.55,43.36,34.92,4.21,51.06,1.24,2.44,29.28,26.5,537.84,61.06
91.27,20.15,5.76,7.39,52.58,2.58,0.68,26.73,20.96,376.48,70.49
178.82,65.11,127.45,6.08,5.15,1.43,1.62,33.94,81.51,1273.47,64.65
99.57,73.28,53.8,9.37,33.29,1.56,5.22,19.61,82.0,2340.97,64.68
168.36,12.51,92.78,6.51,48.05,3.07,2.38,24.1,60.7,1623.12,75.67
160.27,27.7,77.27,6.77,14.98,0.8,4.65,24.09,85.22,1161.17,64.37
82.1,22.13,34.98,9.53,46.33,1.11,3.35,21.15,82.54,1720.37,59.15
46.02,37.99,101.67,6.76,5.5,3.26,7.09,37.94,48.62,1052.66,68.88
81.22,76.34,91.92,6.76,36.63,2.48,5.6,28.91,59.26,1522.72,79.04
165.24,71.37,124.83,5.86,51.82,0.32,6.83,29.6,57.95,1413.62,56.65
45.53,66.25,50.38,8.12,28.72,0.51,4.2,18.44,21.56,2747.86,53.24
104.89,0.63,42.93,6.05,45.67,2.07,6.27,24.84,20.02,1600.49,65.22
161.22,14.21,162.87,7.32,34.17,2.82,4.96,22.06,87.07,1977.61,65.46
70.7,22.33,140.44,6.41,40.6,2.8,5.98,41.77,98.22,888.84,67.38
128.44,27.2,154.44,6.94,33.42,1.54,5.51,11.32,80.49,1086.82,62.82
49.13,14.64,24.66,8.88,31.17,0.98,2.47,16.13,25.72,2930.38,48.67
21.86,41.03,44.81,6.19,51.29,2.78,1.09,33.12,68.69,1827.68,70.47
158.88,7.52,115.11,5.0,10.1,3.31,6.47,31.17,70.07,899.64,62.57
19.79,75.0,171.44,7.21,37.16,1.61,0.71,35.02,41.52,212.7,57.62
54.28,78.77,178.42,9.59,11.31,0.57,4.88,11.59,58.99,1821.62,49.4
171.02,57.43,166.38,8.01,35.95,2.17,7.91,40.89,21.02,249.59,54.72
69.29,8.97,8.68,5.5,58.0,0.34,1.54,42.58,57.45,485.21,50.29
194.61,89.01,164.18,9.76,8.14,2.18,5.97,37.36,41.57,648.17,37.62
195.95,96.56,179.82,5.73,28.21,0.69,7.63,16.12,37.35,1923.04,48.32
53.66,20.24,11.35,9.89,49.11,1.85,4.01,37.61,97.95,1209.68,53.14
8.2,70.46,83.26,4.75,25.33,2.23,4.63,21.08,73.84,2192.71,63.01
141.01,84.19,107.32,10.0,33.62,1.62,3.0,15.32,91.4,662.85,57.35
90.2,53.98,46.55,3.99,11.31,2.91,3.59,12.84,31.64,2652.71,65.17
20.15,32.33,103.34,8.14,17.27,1.37,5.08,11.65,38.36,637.16,56.2
141.5,47.86,177.19,8.31,42.75,0.63,6.98,39.48,94.15,99.59,47.8
6.23,51.23,173.39,7.92,50.57,1.68,7.62,39.51,42.48,1354.76,49.68
174.04,40.06,187.97,8.55,40.56,3.38,4.39,11.16,90.34,371.73,61.2
27.73,92.98,96.82,6.57,51.03,3.09,6.28,35.05,79.13,1277.22,67.76
25.46,74.39,82.11,3.85,38.31,1.16,5.92,18.89,23.02,2910.02,56.35
35.13,24.13,133.16,5.83,49.56,0.93,2.05,17.8,32.16,2402.69,62.23
192.05,58.56,83.35,7.68,59.06,1.74,3.75,29.67,64.61,1383.22,55.11
138.63,68.87,8.39,7.7,9.56,2.33,5.5,26.03,93.36,2185.93,62.17
160.27,14.02,143.98,4.77,31.38,3.25,1.12,16.62,66.09,1276.54,80.89
79.53,35.84,56.2,5.14,15.44,2.19,7.08,10.2,75.9,3.18,65.11
67.26,90.55,9.82,6.66,30.59,2.94,3.28,21.29,73.91,2402.12,69.43
46.9,56.72,4.12,8.24,32.48,2.47,3.68,24.19,29.11,2287.83,67.42
96.13,21.7,186.27,9.04,39.21,0.45,6.97,26.63,86.35,2752.69,48.45
110.37,12.28,50.42,4.06,29.16,3.13,1.46,24.29,78.56,345.5,70.46
126.35,51.82,89.58,9.52,22.86,0.78,0.38,23.31,45.61,2438.69,66.73
51.42,54.77,190.12,9.53,7.37,1.35,2.36,43.72,56.85,2428.92,53.62
189.73,33.44,93.5,3.55,6.91,2.96,1.29,42.2,58.4,1090.61,65.13
33.95,63.04,15.72,6.79,14.63,3.43,7.89,23.69,83.54,1207.02,66.57
193.13,6.87,110.39,7.32,29.69,1.16,4.57,42.95,96.18,1261.09,54.73
2.97,14.51,17.64,7.1,27.96,1.4,4.56,13.05,88.62,1063.38,59.06
96.23,54.63,19.02,7.5,15.49,1.75,6.37,10.45,58.3,1744.69,68.89
66.67,6.18,170.3,6.77,50.23,1.79,2.14,21.58,47.05,1543.58,64.64
89.82,88.09,57.88,5.41,42.59,2.65,4.23,16.48,38.48,1727.71,67.56
114.13,14.21,135.73,4.12,23.87,2.88,1.22,34.65,74.92,1801.56,71.6
87.12,67.39,101.78,4.85,48.83,3.47,0.84,31.92,53.41,2081.3,77.33
82.97,39.12,44.47,8.31,59.41,2.83,3.57,44.11,31.38,884.76,68.55
146.54,39.98,103.56,5.07,18.48,1.12,7.31,36.39,23.94,569.44,58.36
137.18,76.49,13.8,8.89,24.94,1.32,3.58,23.82,66.58,1587.99,64.69
166.65,49.95,69.44,6.12,59.61,2.2,3.67,19.41,89.87,1294.79,64.81
49.99,72.57,104.57,6.19,12.58,2.43,6.93,11.91,46.46,2138.66,62.81
121.91,50.52,45.68,9.15,9.25,0.41,2.36,19.25,36.91,1707.37,57.96
117.04,59.29,132.04,4.89,33.65,1.27,3.97,16.38,60.22,2078.37,69.14
73.95,76.07,10.36,4.73,30.76,0.79,1.4,39.37,80.21,582.01,59.43
97.21,60.73,96.96,9.91,9.31,1.83,6.78,21.4,22.82,2972.0,54.96
62.76,61.56,143.0,7.01,20.95,0.67,0.39,33.93,90.13,688.77,67.75
28.37,78.92,85.99,4.74,28.04,2.07,3.36,32.68,99.28,1193.16,63.36
42.76,94.91,174.92,4.58,50.22,1.69,2.28,12.08,55.71,2158.02,47.16
21.1,37.67,126.44,9.1,43.93,1.47,2.13,10.79,87.55,75.91,52.79
136.61,57.71,191.7,7.4,55.3,2.31,2.03,25.58,53.47,2480.26,65.7
132.15,8.63,56.82,4.25,23.29,1.52,3.02,42.4,28.41,1737.28,52.45
190.12,35.88,187.76,9.26,22.02,1.46,7.22,32.37,60.19,2642.36,47.78
145.94,41.2,121.36,6.39,30.47,2.31,5.7,39.99,34.2,1627.01,78.19
10.41,83.52,149.04,9.93,5.41,0.29,7.13,11.54,35.31,81.5,31.54
176.85,51.34,180.43,5.33,16.4,1.57,1.65,23.24,83.63,1480.28,59.84
172.54,73.11,110.24,6.94,16.63,0.76,6.81,12.06,28.24,2690.02,52.77
88.66,1.9,172.44,4.63,8.36,0.23,3.5,21.94,43.51,775.68,51.79
117.17,46.45,108.34,6.36,30.03,0.22,7.85,19.95,48.98,959.4,70.89
195.22,90.13,119.84,4.65,54.8,0.67,4.79,42.25,92.74,97.6,46.48
106.46,22.43,89.02,5.5,5.22,1.58,3.95,38.64,68.8,2553.01,61.05
181.06,3.15,29.13,5.25,39.56,2.03,7.41,38.22,24.53,2601.33,47.76
16.61,43.34,110.7,5.34,53.36,2.81,3.11,10.87,42.49,487.16,67.9
38.21,70.44,195.49,9.8,10.91,2.17,6.02,27.77,25.11,640.51,50.33
88.15,45.45,157.44,3.75,55.45,1.87,3.84,13.4,78.87,1600.97,63.73
116.95,46.0,149.5,6.73,50.02,0.22,5.9,40.3,35.54,646.3,59.79
163.25,66.98,128.66,7.59,16.8,1.11,2.28,25.82,37.84,636.32,64.44
197.65,25.44,69.58,7.79,54.79,2.45,3.31,13.4,29.66,1206.63,58.98
77.77,75.19,33.92,8.4,49.22,1.02,2.83,44.43,75.08,1696.16,55.52
9.48,15.31,44.91,8.45,11.13,2.12,6.96,20.08,61.44,81.06,47.28
160.23,39.58,1.26,9.71,50.68,2.15,7.44,16.99,41.19,2636.14,45.77
120.88,65.6,134.7,8.41,34.82,1.14,5.91,29.76,83.41,2169.67,63.54
39.71,82.84,162.38,8.85,49.88,2.04,6.59,26.96,66.57,263.92,50.48
98.97,79.15,53.78,6.96,38.97,0.49,2.9,19.61,34.53,1725.47,68.8
148.46,72.17,18.37,7.77,26.55,2.57,1.29,35.81,21.48,397.17,64.48
154.08,35.91,67.15,6.61,38.06,0.18,5.52,20.13,27.21,2053.71,59.2
99.92,12.23,58.41,5.3,39.99,0.22,5.13,22.08,46.76,583.65,60.28
61.04,21.68,90.18,5.54,47.14,3.06,2.18,34.5,26.28,705.75,76.13
194.75,86.48,52.82,5.84,50.69,2.07,7.31,30.0,39.5,2530.68,52.44
132.67,85.73,67.95,5.71,41.48,0.65,2.92,20.11,26.19,933.71,65.32
81.65,95.16,181.51,6.97,59.43,2.15,6.54,42.3,25.96,2505.66,53.31
56.09,7.6,66.97,5.11,47.82,1.36,1.12,35.16,44.66,2275.31,61.18
146.22,53.68,157.1,6.86,55.09,1.02,2.37,20.58,61.09,958.92,65.94
48.44,64.87,125.17,9.46,22.57,2.86,4.95,40.19,47.47,2069.07,61.89
34.34,71.07,67.51,6.14,22.39,1.72,2.01,20.95,28.22,24.24,70.62
105.97,64.39,163.56,4.95,24.93,1.1,7.66,44.15,24.43,1720.87,52.98
58.0,77.0,119.02,5.75,29.18,3.31,4.46,41.78,35.67,2484.59,72.08
125.78,35.95,1.72,9.2,57.88,0.66,5.88,24.04,75.98,2532.74,46.77
23.59,17.94,13.75,9.62,9.04,0.58,4.54,33.21,73.47,1858.39,41.41
130.99,20.46,150.53,9.26,32.41,0.43,3.31,28.74,91.56,1057.29,57.2
56.66,1.2,89.31,5.37,13.86,0.52,6.59,38.59,92.99,2916.11,48.38
0.05,35.03,81.1,6.02,49.6,0.96,0.28,40.18,81.76,2969.15,53.96
25.39,9.17,29.17,9.84,6.71,2.47,3.47,32.06,21.36,74.82,44.42
186.72,32.15,31.46,5.61,30.03,2.38,7.06,29.45,28.68,479.8,64.36
173.47,62.82,159.55,4.4,26.71,2.7,0.77,21.88,79.19,2928.28,70.67
46.72,89.45,165.8,5.33,10.07,2.06,1.74,41.5,86.11,2980.79,57.21
155.67,83.96,112.0,9.77,25.72,1.77,7.69,31.21,68.94,2831.75,49.2
121.71,25.27,59.03,6.2,49.5,1.57,7.68,12.36,49.1,231.7,63.66
194.18,13.41,186.54,9.57,12.56,3.07,3.14,33.4,34.73,1965.86,52.07
74.72,19.31,124.79,4.18,59.09,1.27,6.04,17.45,74.12,196.13,50.36
136.29,97.1,159.33,8.48,8.21,3.13,5.04,14.95,53.01,1420.2,60.49
12.71,54.95,0.66,4.11,20.9,1.04,3.99,44.51,49.67,2932.1,54.34
79.25,18.25,90.06,4.78,47.62,0.63,6.53,41.38,57.59,2599.52,55.2
192.76,84.07,174.19,7.5,24.66,0.97,5.24,35.47,86.91,379.0,48.84
107.8,39.52,67.65,6.32,31.42,1.8,0.82,30.55,71.41,1628.18,80.03
57.58,89.92,145.31,7.83,15.27,3.25,6.73,23.48,64.43,424.58,65.94
24.05,26.07,131.53,9.83,44.35,0.7,2.27,21.08,45.57,453.55,52.61
140.71,39.32,30.44,3.84,14.87,2.07,5.1,21.78,46.05,377.46,66.53
128.97,50.49,154.98,4.75,51.68,0.84,6.23,25.84,99.05,291.41,59.04
74.79,89.26,22.51,7.66,34.67,2.4,7.19,21.97,57.74,613.51,65.35
190.19,86.88,145.58,9.33,35.15,1.68,7.41,17.87,38.53,2750.67,48.19
4.44,57.44,198.19,8.68,56.34,2.59,7.41,41.93,77.72,1073.57,41.69
60.74,22.18,191.6,6.53,47.51,3.01,5.29,36.56,80.05,2559.07,60.04
184.21,40.34,160.05,8.35,45.87,1.24,5.03,32.44,50.37,114.64,52.18
64.19,97.56,106.9,4.85,52.19,3.29,0.22,25.5,82.96,1762.69,73.79
50.45,60.78,134.96,3.59,10.05,1.69,0.77,38.15,89.59,1739.9,51.74
106.84,78.11,145.62,7.21,44.93,3.28,3.2,15.64,86.37,2762.85,79.43
164.76,44.99,1.68,8.79,17.83,0.88,6.36,14.88,25.79,411.3,44.38
20.63,53.2,20.47,6.32,20.45,3.15,4.78,43.39,83.39,2270.71,61.33
188.6,42.9,119.41,7.2,5.83,1.23,1.96,42.98,52.1,2366.84,60.24
159.01,70.29,1.31,6.24,54.15,2.65,1.07,33.4,28.53,1572.69,72.43
36.25,85.15,181.78,6.84,45.65,3.39,3.8,26.3,91.38,678.53,61.21
142.4,50.74,97.93,9.25,12.66,3.2,7.31,41.14,59.15,1029.16,68.15
76.99,48.09,51.55,6.61,23.04,1.68,0.52,35.89,90.16,1605.89,71.05
80.46,34.03,78.76,3.55,31.4,1.27,3.75,36.91,67.89,1473.82,64.87
156.66,17.71,170.16,8.7,32.17,2.18,0.57,32.77,46.03,2100.0,55.98
192.56,93.92,185.44,7.52,37.76,2.5,2.08,42.26,66.24,768.47,54.88
25.33,31.61,23.25,8.25,30.97,1.94,7.64,20.89,96.64,889.41,56.57
84.13,80.07,155.59,9.36,40.68,2.98,0.93,19.32,69.77,2714.75,70.3
96.19,71.53,115.65,5.36,53.61,0.3,0.5,30.58,85.13,2224.33,67.76
75.26,79.09,117.1,6.77,26.89,2.14,0.79,22.27,89.18,1065.83,82.98
72.64,93.68,155.89,7.42,53.22,1.89,5.56,11.98,51.31,2163.13,56.34
10.45,62.34,44.57,5.75,17.08,0.23,0.2,43.67,32.53,77.84,52.53
137.11,89.8,106.21,9.0,11.68,0.14,3.21,41.62,98.05,1062.44,51.41
87.24,16.77,63.87,8.03,18.17,2.16,7.63,10.36,91.08,427.7,59.28
38.96,62.67,18.9,8.27,16.36,0.5,0.64,40.38,67.42,871.21,55.76
163.21,77.23,21.02,8.75,59.18,2.71,7.46,28.13,95.68,1694.18,50.54
160.51,27.16,27.29,5.18,25.96,3.33,1.03,27.68,68.98,1933.27,76.33
97.28,74.08,122.98,8.35,40.83,0.7,1.11,15.86,69.77,2893.25,63.97
59.69,77.85,21.17,8.53,43.28,2.82,4.88,16.88,70.33,1826.35,62.39
127.62,83.12,114.02,8.98,29.49,2.11,2.03,19.83,86.02,886.08,69.32
57.63,31.29,117.66,6.68,17.3,1.62,0.12,29.47,45.02,2351.4,67.82
47.2,68.16,180.78,6.78,29.1,2.31,6.02,26.9,44.82,1165.9,71.29
146.1,30.43,125.28,4.14,31.06,2.83,3.03,19.67,22.6,361.7,66.12
8.07,73.9,197.12,9.04,57.47,3.4,7.27,38.21,84.71,1820.43,46.2
18.95,46.3,6.2,6.97,36.27,2.35,2.3,22.31,41.06,1635.5,68.27
1.36,59.75,140.83,7.36,58.34,2.64,5.39,16.89,37.54,87.16,58.77
30.59,41.58,5.3,4.29,36.72,2.17,2.68,24.47,58.03,576.38,58.56
13.8,16.2,145.88,7.41,12.97,2.02,1.27,34.71,88.66,428.52,64.02
199.16,17.8,77.17,3.77,26.14,0.32,7.8,21.33,67.9,1302.92,46.65
57.76,7.76,122.26,9.5,48.58,0.63,4.75,21.15,87.41,2984.64,45.32
29.85,61.81,61.91,9.11,28.19,1.39,6.73,14.05,20.03,2265.98,52.17
48.2,84.86,31.82,4.76,10.49,2.31,2.08,13.56,35.15,930.9,62.99
187.23,2.08,144.7,7.36,10.28,0.36,3.21,20.25,77.36,2852.28,47.19
104.03,6.62,180.92,7.42,18.04,1.95,3.87,35.19,42.7,1593.78,64.61
72.96,45.75,36.72,8.72,36.06,0.14,5.07,28.82,95.07,2531.07,54.76
174.68,73.77,184.14,8.42,50.66,2.7,3.22,38.87,80.42,2953.76,55.22
79.0,15.77,28.04,9.96,34.35,2.37,2.05,35.14,76.03,2427.31,57.76
67.0,27.17,147.13,5.78,46.03,1.87,1.6,32.32,21.32,2484.56,66.84
41.46,23.2,191.89,4.31,40.51,2.04,4.83,15.0,75.33,2850.7,52.25
75.56,39.91,29.47,7.23,33.83,3.27,2.06,42.02,61.98,648.45,79.46
63.34,22.5,87.02,8.47,16.81,3.18,3.23,11.04,33.83,2549.3,69.76
135.46,35.26,67.49,5.36,53.57,2.8,0.37,43.51,66.95,515.39,71.36
57.92,72.85,77.7,5.04,20.16,1.24,2.13,38.12,28.44,1667.17,62.07
115.44,61.1,150.63,8.72,18.91,0.46,3.92,18.83,58.91,319.81,61.97
13.18,8.12,132.24,8.4,19.18,1.19,6.39,44.49,35.31,1004.78,42.04
38.26,63.77,193.74,4.82,10.26,2.66,3.05,25.69,20.85,439.83,57.44
81.48,47.71,37.1,9.15,32.43,2.18,2.43,38.16,49.64,2499.38,63.54
187.39,93.46,108.65,4.38,23.01,2.5,4.18,42.63,49.49,1831.21,55.06
75.45,28.93,89.83,4.21,33.71,0.46,0.49,27.42,61.3,593.38,63.66
132.81,72.62,183.77,5.78,29.92,0.64,2.9,31.7,96.94,2565.05,63.22
51.02,73.09,2.12,9.26,33.59,2.36,1.17,32.92,26.35,1927.04,58.94
25.41,22.15,197.83,8.02,21.37,1.36,2.1,30.42,37.92,230.46,49.53
11.71,90.32,95.95,6.07,49.83,1.36,3.19,16.5,56.05,949.28,57.12
61.08,49.12,125.11,4.52,34.38,1.44,0.56,20.22,47.94,396.06,72.48
31.53,67.89,72.01,8.14,16.46,2.81,6.4,13.75,65.15,275.19,56.95
34.8,14.59,170.51,7.39,54.6,2.48,2.27,25.25,84.31,2042.49,61.83
152.15,25.78,112.4,9.92,11.02,0.46,1.94,16.48,53.46,390.81,51.66
3.17,58.61,132.56,8.48,45.34,1.27,2.81,16.13,44.73,442.06,55.11
111.56,31.9,129.78,4.16,42.31,2.39,3.01,14.04,38.23,2339.47,66.91
75.89,49.97,72.8,8.23,9.01,3.42,6.52,24.81,83.04,2767.3,66.7
101.31,37.4,15.2,5.17,54.58,3.2,2.35,13.24,27.4,789.5,69.13
112.57,64.06,161.54,9.75,22.4,0.94,3.74,35.53,58.86,2845.8,51.48
62.67,48.71,57.94,3.63,45.75,0.32,4.04,41.5,49.87,840.89,50.92
59.02,0.46,169.79,5.05,20.24,2.05,2.51,20.96,70.61,1092.87,61.51
146.68,64.97,121.73,6.74,33.91,1.48,6.29,39.38,63.42,1952.42,65.14
174.26,42.21,70.74,4.01,58.48,0.72,5.03,30.61,47.73,2222.83,47.56
38.52,34.17,118.85,5.74,38.59,2.32,5.8,24.21,28.45,2962.25,66.53
19.52,9.41,129.1,6.73,21.3,0.65,0.53,38.43,30.91,2309.62,57.86
179.56,22.04,141.34,6.41,30.21,1.3,6.57,37.57,74.5,1321.01,59.98
69.98,22.38,164.47,6.49,42.18,2.8,2.0,42.91,59.44,324.22,69.87
110.26,93.54,31.95,9.21,29.49,2.43,0.83,42.92,83.09,1878.24,61.22
71.91,43.25,188.83,6.78,55.09,2.16,5.32,34.4,94.02,2525.02,62.76
25.16,4.21,82.17,9.62,52.71,3.26,1.82,41.94,73.97,2496.48,53.51
117.87,13.88,172.09,4.46,13.07,0.53,3.31,11.92,92.97,2151.44,50.07
105.03,7.9,44.1,5.32,48.17,2.45,5.69,16.64,22.21,2269.54,66.1
40.6,58.89,5.81,7.77,56.83,0.5,0.91,20.72,62.99,389.49,51.92
90.37,18.66,114.67,5.34,22.43,0.56,1.11,37.75,41.36,378.5,64.61
159.39,49.86,64.93,5.76,18.1,1.82,5.35,11.51,35.74,1734.1,68.98
118.09,37.01,196.89,9.36,5.53,0.18,3.65,36.53,42.43,187.1,45.72
19.38,80.39,20.89,7.0,11.36,1.8,1.85,33.47,85.56,546.26,58.35
109.6,32.05,9.46,5.68,57.85,0.13,4.17,40.73,70.39,2200.65,58.21
140.55,45.83,9.0,8.55,26.51,2.15,4.99,11.65,82.17,74.69,67.12
158.54,72.13,43.37,3.96,26.3,1.16,3.3,31.75,59.99,484.95,61.17
125.82,43.34,115.84,7.16,19.67,0.38,1.47,13.5,41.38,2374.36,66.26
30.53,79.32,101.11,4.15,14.02,2.75,5.22,11.97,57.45,2773.49,59.07
142.03,66.17,70.02,4.65,32.98,1.43,1.06,43.17,37.18,750.48,61.03
135.47,41.05,17.76,3.91,44.78,1.61,5.26,17.78,99.32,1525.28,55.66
4.89,50.4,46.75,9.36,35.29,1.37,2.24,16.62,81.85,2654.12,54.57
82.35,96.72,36.83,3.81,6.95,0.38,0.11,40.62,24.99,2418.46,46.78
66.59,66.16,149.13,6.86,49.19,1.66,3.78,20.94,99.84,2562.65,64.76
133.88,90.5,155.99,4.96,56.24,2.36,2.55,39.65,31.99,967.27,64.92
43.23,17.88,155.4,5.99,29.22,3.17,1.91,33.46,72.65,876.07,74.27
118.17,48.32,193.81,6.71,25.16,2.7,4.04,16.64,50.34,2169.26,75.75
182.64,90.87,176.85,6.43,17.64,0.37,2.76,28.18,63.49,1561.2,56.35
159.56,32.26,99.56,8.36,21.6,0.66,2.43,33.13,77.14,2608.1,61.53
184.29,96.77,82.99,9.43,40.44,0.25,6.12,35.3,44.19,2230.68,40.47
195.7,9.71,183.15,5.45,47.36,0.51,0.76,26.87,28.19,1048.29,50.6
2.13,90.27,122.25,3.66,23.27,1.73,3.24,22.43,72.56,2476.91,55.39
124.55,44.52,58.88,9.31,23.68,0.85,2.05,43.21,22.04,2767.61,55.72
82.57,7.37,112.89,9.86,29.81,2.3,2.35,24.61,37.99,352.88,65.59
171.97,87.95,198.43,6.32,14.36,0.21,3.59,34.22,20.69,1612.56,49.82
50.36,25.19,169.89,6.46,56.0,3.01,7.39,39.3,78.82,1709.71,61.7
196.21,2.23,56.26,4.44,43.8,2.4,5.31,15.91,90.61,178.94,49.07
122.74,13.58,190.59,6.59,28.85,3.39,1.63,26.9,45.98,43.91,80.12
158.71,65.91,196.29,5.47,11.72,3.34,4.62,29.32,45.18,540.38,63.36
17.12,97.78,46.23,9.96,51.69,2.46,1.32,29.95,27.79,2504.1,45.59
36.69,11.15,179.12,4.7,31.6,0.64,7.09,15.22,23.4,1921.61,47.44
151.68,46.19,176.64,5.96,48.83,0.86,3.45,10.91,38.85,541.45,60.6
4.4,18.06,7.95,7.51,6.84,1.04,7.6,33.28,88.76,1821.6,42.38
163.38,74.5,133.94,5.74,20.05,1.55,5.33,31.75,68.15,1883.58,59.07
2.79,11.81,61.06,6.58,39.22,2.04,6.68,34.51,20.91,1402.15,64.58
131.42,23.98,134.92,9.83,31.84,2.42,1.52,17.81,68.76,1575.64,68.79
73.02,19.64,182.71,6.8,21.23,0.36,6.85,21.82,24.04,2076.5,56.77
122.3,55.25,99.76,9.42,16.06,2.18,1.6,29.96,53.48,2703.16,66.13
139.21,87.32,82.88,3.78,21.6,0.3,7.81,12.02,94.76,2572.07,42.97
68.5,51.11,184.31,4.28,45.83,2.91,2.31,17.23,70.2,2125.9,69.04
21.59,5.82,194.82,9.64,15.1,0.24,5.5,40.83,68.95,2568.1,34.27
13.93,56.34,12.45,4.34,37.66,1.43,4.42,15.4,73.97,1882.03,51.4
117.79,79.75,184.57,8.29,28.3,1.53,3.88,15.75,31.11,2251.04,65.77
104.13,13.22,16.55,6.4,46.97,2.04,3.49,35.24,27.47,2650.51,66.04
148.44,7.27,67.46,6.14,16.09,0.42,3.13,40.92,49.79,2636.72,53.55
101.95,18.78,152.51,7.78,19.85,3.27,2.5,43.98,35.16,2435.14,68.89
84.49,74.61,155.41,8.23,26.93,1.4,4.82,39.27,21.85,1644.72,58.91
79.62,59.17,145.16,9.56,14.16,1.45,7.88,34.93,47.21,569.74,51.22
5.29,54.06,7.82,5.17,30.37,0.93,5.41,41.02,59.78,2520.92,50.82
67.11,24.95,26.59,8.04,27.88,2.75,6.08,27.54,24.03,2276.03,65.65
195.2,33.22,187.24,5.72,59.45,0.13,5.27,20.2,97.75,2315.35,46.44
174.71,96.59,16.29,8.16,37.66,0.46,4.17,35.21,81.21,376.44,47.61
65.88,24.06,15.71,4.42,8.82,1.7,6.56,24.24,79.02,2569.38,55.76
117.56,90.16,167.13,6.47,30.3,3.39,2.65,23.17,90.41,2394.23,76.36
169.46,58.05,128.25,4.69,53.32,0.22,2.26,24.9,67.22,1190.13,59.49
88.25,12.33,70.33,5.69,52.67,0.31,3.13,31.88,55.05,1437.05,61.9
3.59,46.73,33.14,8.15,57.9,2.53,4.67,41.58,58.76,2863.18,48.37
14.9,94.85,176.83,5.02,54.18,2.6,0.1,43.32,35.76,131.38,55.09
102.08,41.86,197.71,7.95,14.7,3.15,6.7,32.9,50.41,397.27,71.36
193.89,86.34,9.99,6.72,5.2,2.06,2.5,11.26,83.81,2450.0,50.65
138.64,25.64,110.82,4.1,38.89,1.47,4.85,24.26,60.18,1838.22,67.22
14.18,57.09,52.26,6.01,43.63,1.63,0.51,14.54,34.68,162.02,65.94
37.87,84.39,166.48,9.15,12.22,1.57,3.51,29.54,88.99,2096.41,49.74
154.26,92.07,69.21,9.93,14.18,3.41,0.64,23.84,72.0,1164.47,68.0
168.29,48.58,142.93,5.9,57.97,1.39,0.19,35.81,67.88,1373.01,70.85
123.54,63.97,107.9,3.86,56.91,0.43,6.33,31.04,97.54,676.36,57.73
128.88,0.3,108.3,4.35,13.63,1.08,3.3,16.4,94.02,526.74,56.85
5.67,25.32,171.6,8.62,18.59,3.36,6.54,15.37,31.72,1282.04,59.62
165.71,27.87,94.08,7.76,54.07,1.56,2.76,13.5,79.39,1752.3,65.65
157.66,9.35,169.12,5.35,28.92,1.17,5.22,35.99,92.29,647.39,55.02
51.81,27.97,72.69,6.04,48.89,1.16,0.84,21.63,88.94,1362.97,70.05
141.74,32.11,34.96,8.77,26.78,0.13,1.6,25.41,91.12,1761.14,52.86
42.97,96.88,91.1,6.19,45.5,2.25,3.82,24.97,84.5,1449.55,66.63
8.07,66.86,99.67,8.41,26.83,2.56,3.58,33.06,99.11,1404.23,65.89
40.23,42.6,95.68,5.42,54.45,1.3,1.63,11.61,41.82,865.83,60.18
35.73,98.81,161.67,8.21,22.91,3.07,6.98,22.42,32.73,336.8,56.14
67.55,15.32,112.94,6.53,33.77,2.63,2.35,13.39,26.07,2850.29,77.59
83.69,47.61,177.69,7.04,33.7,2.14,3.48,11.7,85.89,2708.58,70.29
101.71,64.71,102.84,7.39,40.69,2.49,2.77,12.86,56.21,2790.35,80.97
95.35,5.56,44.94,6.43,21.87,2.72,7.96,24.75,40.65,1640.84,73.27
54.13,71.7,25.9,6.53,40.35,1.89,2.84,34.29,74.18,783.47,64.34
5.83,9.99,173.67,5.23,12.76,1.45,2.19,26.21,20.07,989.26,51.07
121.02,14.03,11.23,9.91,54.15,0.53,7.26,18.56,35.74,1802.53,40.3
79.15,15.97,23.52,9.39,12.93,1.48,1.34,32.79,50.27,2144.88,57.7
59.73,92.89,12.73,6.93,51.22,1.97,7.35,17.07,36.98,1932.58,55.67
173.39,68.32,84.75,3.73,43.12,3.32,4.59,23.25,47.41,530.23,64.17
149.35,65.54,106.52,4.59,23.76,0.63,1.86,43.32,33.23,2670.51,57.41
171.55,55.55,3.97,9.05,23.01,2.67,2.09,39.03,20.32,1842.72,60.24
99.0,29.28,103.12,9.55,58.13,0.92,5.72,41.97,59.71,2592.52,48.22
26.19,62.09,78.75,4.55,15.72,3.35,0.41,15.54,25.64,1853.59,67.32
139.24,41.01,154.73,8.27,44.76,2.12,5.75,31.73,77.63,1213.28,65.44
41.21,14.54,165.99,7.55,15.1,1.57,2.55,20.85,24.91,256.4,56.56
88.25,68.96,136.99,5.47,54.8,1.28,6.49,38.58,81.32,909.07,61.42
13.0,12.96,94.7,6.33,45.81,0.79,1.09,25.91,24.93,572.84,62.75
165.06,19.07,43.23,7.9,56.3,2.53,2.07,35.78,97.86,2886.39,50.14
25.19,81.77,169.42,4.16,53.35,2.26,3.57,20.91,48.92,1201.45,52.93
180.62,66.01,68.33,4.73,35.22,3.13,7.05,12.4,44.0,2714.8,62.89
172.85,63.1,71.26,3.72,13.37,2.13,2.34,36.33,44.43,992.46,57.83
92.92,41.82,183.2,9.36,17.18,0.68,6.77,31.07,39.33,371.35,56.48
148.87,39.63,195.12,7.23,16.1,2.42,0.91,40.33,34.18,2429.61,62.26
123.89,69.03,179.63,6.9,17.14,3.09,1.47,14.05,86.36,1407.55,80.72
160.62,74.0,199.65,8.09,31.2,3.47,1.35,43.94,56.9,2552.14,63.95
86.36,51.02,173.78,9.92,52.73,2.43,4.94,41.96,27.99,1699.59,58.65
157.16,96.93,140.87,4.62,6.27,1.08,3.17,32.84,85.51,299.29,52.3
92.49,95.57,58.76,4.37,18.12,2.02,6.92,28.39,88.87,95.01,63.14
188.19,41.24,190.59,5.42,37.82,1.85,3.94,23.97,93.88,477.92,60.0
97.27,82.06,175.33,9.38,52.59,1.84,6.72,13.31,23.74,962.23,53.97
92.52,54.33,48.15,6.17,21.36,0.37,2.0,42.51,57.93,1227.2,69.27
157.01,51.18,97.83,8.66,26.04,0.76,7.46,16.83,68.36,2593.9,56.59
164.32,5.5,14.01,4.82,25.54,1.88,5.12,22.5,87.41,2637.92,51.08
110.9,57.4,190.66,6.71,21.15,2.81,4.09,16.5,69.62,1369.34,75.54
35.96,90.06,114.55,4.33,43.43,0.72,4.91,19.14,56.62,1968.41,43.94
93.55,78.01,49.04,6.18,41.07,0.66,7.35,23.74,81.08,390.23,62.03
193.61,78.63,58.48,5.2,51.38,2.68,2.81,34.39,57.06,2855.09,57.98
150.6,15.99,196.13,7.07,55.47,2.45,2.04,38.39,42.85,1013.07,56.68
162.23,35.84,123.12,8.57,54.53,1.75,2.04,12.04,66.7,1944.96,62.47
6.57,23.32,84.14,9.6,34.71,0.27,7.78,38.54,60.9,1657.67,40.66
93.57,31.59,99.97,5.34,15.21,1.71,2.77,37.76,59.03,2298.8,71.94
129.32,57.95,19.71,8.33,17.22,2.94,7.08,14.72,35.33,2977.22,62.37
166.01,36.48,15.0,9.26,37.46,0.14,1.19,19.6,87.64,1305.29,50.77
9.85,56.07,118.54,4.31,55.51,0.45,3.5,12.94,24.56,890.54,49.48
170.49,43.85,102.4,7.31,34.17,2.85,4.99,26.95,24.28,302.81,73.4
109.68,28.66,71.83,7.48,56.47,1.89,7.71,43.91,31.19,2376.05,58.66
39.46,9.54,113.22,5.27,19.42,2.35,5.45,40.68,28.97,935.33,61.34
63.45,89.18,14.54,3.65,9.75,2.63,0.12,40.59,90.61,1331.88,57.42
56.39,1.14,188.8,5.17,48.8,1.12,6.11,14.45,83.23,2870.02,42.33
106.17,0.17,58.74,7.3,53.37,1.11,5.23,41.55,42.78,2840.97,57.84
10.34,82.68,14.36,4.78,29.64,1.0,1.56,10.7,41.25,2082.34,52.02
31.71,99.68,33.9,5.37,10.63,0.67,5.0,36.68,52.44,310.61,45.21
162.54,72.71,19.09,8.1,7.33,1.14,7.41,20.48,61.7,1345.64,46.3
26.52,1.53,35.72,6.09,8.44,3.34,0.14,27.56,46.46,2725.53,69.5
46.68,22.67,83.35,3.93,29.15,0.39,7.8,35.68,92.45,1511.97,47.17
90.67,97.18,147.61,6.09,17.91,0.92,2.44,32.65,23.86,2952.17,62.57
103.42,80.86,54.47,10.0,30.41,1.18,4.9,21.72,96.9,566.54,57.3
152.72,56.68,87.19,5.2,31.87,0.62,2.29,38.61,65.56,1792.96,68.08
89.47,23.69,185.75,5.22,30.2,0.36,5.87,32.82,95.6,567.7,61.7
157.97,1.44,59.16,4.6,39.1,0.65,4.18,39.53,75.66,2387.94,45.51
123.67,2.09,158.94,5.27,42.37,1.89,2.18,22.82,32.13,2752.84,58.99
22.62,61.2,31.56,7.24,26.78,2.13,4.08,14.11,75.48,185.06,64.69
31.27,2.18,35.66,9.77,23.54,0.83,2.88,23.02,97.5,1280.77,51.51
87.41,99.36,91.23,7.45,25.26,1.81,2.07,27.31,60.0,114.15,72.08
79.38,18.34,46.82,6.16,8.86,0.12,4.78,15.04,90.22,206.4,54.95
148.71,71.07,180.61,6.03,22.69,2.15,5.14,29.66,99.19,1104.18,61.51
116.15,15.51,10.15,3.66,16.0,0.1,1.21,33.15,47.08,1749.38,54.44
77.63,54.01,119.45,3.52,21.0,2.29,7.44,10.09,53.0,2555.1,60.74
34.15,8.06,120.85,8.68,44.29,1.74,0.15,29.42,41.99,2841.75,61.74
45.37,76.68,13.21,6.69,59.37,0.47,2.29,14.48,94.01,806.19,54.06
115.1,58.49,146.51,3.72,55.8,0.4,2.81,14.99,70.12,671.82,54.8
84.69,8.62,93.78,5.36,50.19,0.12,0.62,23.19,80.58,474.58,66.49
102.99,84.86,144.61,5.82,45.55,1.98,0.81,13.25,35.94,58.94,70.61
34.14,54.7,165.38,8.59,56.97,2.84,6.79,30.02,54.35,1605.3,54.67
132.58,92.16,64.58,6.32,46.36,3.01,2.96,35.8,70.96,1593.9,75.43
170.51,91.66,96.9,8.63,30.9,2.04,2.99,21.42,78.87,256.17,67.2
51.59,92.05,52.15,7.62,38.07,3.12,5.54,42.73,72.55,51.58,59.98
98.3,7.78,40.3,3.72,21.82,3.03,5.82,34.88,76.77,1144.75,63.99
195.11,12.1,0.12,9.8,5.18,2.47,5.69,44.61,69.26,236.66,43.81
66.65,98.77,192.73,4.68,24.45,1.33,3.8,31.24,35.53,168.82,52.89
119.01,48.76,88.19,5.29,27.27,2.91,5.68,26.13,63.67,1482.09,78.31
18.04,23.82,2.61,8.76,45.32,1.43,7.4,36.74,91.56,2437.23,39.01
121.2,76.97,1.79,4.73,52.26,1.47,1.17,23.81,29.7,2006.41,58.59
17.93,26.43,57.67,6.11,57.95,2.41,4.64,10.03,38.92,460.76,61.59
191.85,72.72,2.79,9.12,24.35,3.25,7.04,17.46,55.24,1982.62,52.33
143.13,83.73,74.9,7.64,57.66,1.8,7.73,17.2,25.86,1051.84,58.35
157.63,78.43,12.59,5.46,48.97,0.7,0.79,27.12,50.32,258.08,58.01
140.82,27.4,7.85,7.69,6.7,0.58,7.6,34.91,53.36,1109.26,49.66
117.95,40.16,133.88,8.78,37.74,1.13,5.84,29.49,85.74,2597.01,60.13
89.98,41.33,181.37,6.13,25.11,1.66,5.82,13.61,98.83,612.9,60.41
171.67,49.13,81.88,7.22,6.87,1.11,1.27,19.12,35.2,1474.75,67.7
191.37,16.74,167.35,9.92,34.23,2.52,4.65,14.78,36.68,1050.99,54.68
99.81,45.25,5.85,9.77,37.16,1.95,2.93,12.78,92.93,2399.08,58.11
186.31,51.08,155.54,6.81,18.87,1.48,4.73,15.48,91.21,1796.55,64.92
116.67,53.17,12.56,4.12,56.69,0.83,5.93,28.19,97.0,1229.28,52.23
107.68,81.99,167.69,8.05,38.57,2.16,1.55,36.45,87.26,1305.72,68.76
90.9,51.73,176.47,5.25,14.68,2.39,1.31,23.89,63.74,2710.58,74.67
41.86,23.08,157.19,7.85,44.67,2.77,2.92,17.03,66.13,756.82,70.27
0.74,66.31,164.15,5.79,32.45,3.47,5.17,25.06,54.19,250.3,62.54
48.3,79.73,112.3,8.17,31.03,0.89,5.42,21.55,20.85,2559.96,59.76
101.94,31.94,52.98,5.89,50.9,0.15,4.91,11.56,59.6,1432.05,62.54
75.99,64.53,128.65,9.62,12.6,1.8,6.81,42.29,90.33,145.27,54.54
89.7,14.69,87.91,4.39,32.0,3.24,5.91,10.37,28.7,2714.25,66.93
196.13,34.19,1.07,3.94,47.94,0.95,4.09,11.44,36.71,1883.35,41.03
70.05,90.92,95.37,8.58,41.32,2.67,3.91,20.51,33.93,755.74,74.02
90.44,91.13,130.24,6.11,5.3,1.19,6.4,37.19,20.95,2095.47,55.79
26.7,57.53,2.78,6.53,48.31,1.43,7.08,27.11,31.11,804.46,57.37
9.59,70.24,124.27,9.57,56.96,3.32,6.81,27.89,56.26,1170.93,62.85
155.08,85.4,130.51,7.33,43.76,1.67,4.02,31.6,84.39,1059.73,66.16
114.14,95.86,31.62,7.79,53.17,2.57,4.68,11.41,23.22,2236.93,53.06
152.14,48.99,86.21,3.63,24.84,1.97,6.31,43.56,53.68,319.04,56.04
29.97,56.16,192.87,7.86,24.28,2.7,4.68,29.23,87.58,845.27,67.64
114.37,41.56,176.84,6.02,22.65,1.18,1.88,38.83,94.05,2703.4,66.29
50.73,7.2,82.16,6.49,45.42,3.08,7.11,25.02,26.17,2653.37,74.72
45.61,42.28,69.97,8.75,56.81,1.97,4.0,25.25,73.1,2912.04,59.29
2.31,79.06,24.82,6.9,53.7,1.15,7.86,15.89,75.26,80.69,47.53
26.07,80.49,7.04,9.91,13.26,0.23,4.47,22.6,97.46,344.41,39.01
61.85,89.24,59.49,8.68,39.44,0.14,3.16,16.47,22.51,2904.39,52.87
23.38,5.15,188.06,8.24,59.78,1.3,1.79,41.95,84.17,866.85,51.78
197.17,52.72,191.72,7.33,21.25,0.83,2.82,21.5,69.22,2182.22,57.76
61.73,10.74,162.5,6.18,39.91,0.28,1.84,23.98,25.67,2840.0,63.22
26.06,20.07,70.16,3.84,54.86,1.98,7.38,14.7,47.22,2486.68,48.87
39.82,90.02,28.73,3.62,54.48,3.46,4.84,44.73,63.96,1156.45,53.99
117.54,49.68,119.11,3.8,22.68,1.54,6.58,30.0,24.25,1853.61,63.6
12.81,75.85,129.3,9.73,10.17,1.98,1.75,30.11,76.45,1269.05,51.9
172.49,6.44,84.91,5.6,40.53,0.85,0.59,15.09,89.92,928.85,66.16
192.3,41.68,138.33,8.05,57.08,0.8,3.41,33.77,63.82,2229.25,51.92
49.35,67.42,149.34,7.36,32.94,1.22,7.5,33.84,74.47,2942.7,54.52
90.02,13.34,156.61,7.22,30.17,2.94,0.99,41.65,70.36,1355.34,76.36
4.43,32.58,100.46,7.27,52.52,3.37,6.33,19.93,24.65,1655.42,62.03
128.14,6.45,158.33,5.46,28.35,2.62,0.57,40.44,45.64,1304.28,74.05
82.79,65.13,5.1,9.26,42.45,0.17,1.4,25.53,87.33,2927.88,57.12
54.01,97.09,136.08,9.47,26.38,1.59,5.87,17.88,82.8,2177.32,50.13
41.37,82.7,47.13,7.69,25.74,1.53,1.77,33.13,47.43,1508.1,61.21
130.8,97.46,54.1,9.12,15.33,3.28,0.27,11.14,61.66,2282.98,58.75
83.24,84.56,18.26,3.89,9.86,2.63,1.83,40.03,94.37,446.09,55.15
35.93,85.52,38.48,4.15,53.68,2.53,5.89,12.29,98.38,100.0,44.93
137.82,57.72,198.4,7.13,14.97,2.02,4.3,23.95,84.36,1530.46,72.26
113.01,51.83,83.08,9.0,8.42,2.3,4.42,15.02,42.14,2079.46,61.78
171.73,40.63,185.55,5.55,37.03,2.48,3.34,26.47,27.99,311.8,67.0
23.5,81.81,32.58,7.06,35.03,1.98,1.25,43.51,91.71,790.08,63.32
157.13,18.21,40.81,3.56,36.23,2.97,1.8,14.99,72.86,2944.77,59.39
134.7,5.62,111.56,9.91,30.75,0.23,1.56,13.76,86.88,528.13,52.1
23.0,94.79,69.91,8.49,12.81,3.3,5.69,16.93,26.18,483.6,62.5
138.96,0.38,128.78,5.85,6.15,2.73,6.79,42.85,65.04,1131.33,62.52
88.31,97.68,84.41,9.89,7.55,1.9,1.98,19.84,89.92,2997.75,51.32
189.0,72.89,162.32,4.1,56.87,3.03,1.46,31.25,24.91,929.9,56.72
28.32,32.85,86.31,6.52,34.25,2.92,2.09,20.1,94.54,610.64,77.1
128.57,69.78,114.47,3.88,26.98,1.53,7.52,35.19,72.65,531.36,57.73
76.4,81.79,64.21,5.68,27.6,2.96,1.79,32.09,49.46,2381.46,76.81
191.36,24.54,140.81,4.93,40.87,0.74,5.55,43.59,74.15,2507.25,48.75
65.99,77.09,130.95,5.56,25.72,1.7,1.02,21.51,77.15,2144.07,72.43
192.44,80.44,79.4,9.66,48.81,0.89,5.32,20.94,70.9,2646.88,45.52
180.3,24.94,55.21,6.28,19.3,0.52,2.03,37.27,78.13,2708.07,58.2
54.08,4.19,122.82,5.61,25.2,3.14,6.71,15.54,30.65,2376.86,67.62
160.71,20.41,188.63,7.67,56.42,1.35,0.28,35.48,63.11,1943.35,60.82
199.12,20.06,26.53,7.94,19.32,2.43,4.05,37.02,45.26,2313.45,51.75
50.53,6.52,159.82,9.89,41.39,1.38,5.34,40.04,30.33,2878.01,37.17
87.36,72.6,108.6,7.05,25.05,1.95,5.97,34.14,76.42,2145.05,74.13
104.04,38.0,105.11,8.39,30.92,1.28,7.21,15.85,68.05,2219.45,72.94
58.99,88.44,192.34,5.98,7.49,2.63,5.04,21.76,99.95,1025.85,61.88
3.05,25.22,121.17,4.61,14.2,2.77,1.12,11.96,87.13,1441.29,59.36
44.03,45.32,166.1,6.29,10.61,1.56,5.82,36.35,52.68,2884.65,60.62
56.39,63.9,102.9,6.22,51.46,3.02,4.27,34.19,82.36,2660.67,67.37
88.72,87.75,49.97,6.23,57.89,1.31,0.89,28.02,34.88,449.14,67.1
34.22,52.46,138.9,8.02,8.74,2.69,1.21,44.25,57.63,285.61,60.36
174.65,37.35,184.64,6.14,9.23,2.31,6.64,21.19,52.28,1362.74,59.61
140.98,86.7,168.25,9.7,35.37,1.65,4.57,41.17,68.85,530.65,58.21
17.04,31.02,39.67,9.89,32.72,3.12,1.35,16.36,84.38,2881.82,54.78
130.02,7.94,63.38,6.9,40.78,2.05,6.33,43.43,56.93,2261.82,63.54
130.73,44.5,103.38,7.13,45.52,2.96,4.73,20.11,89.18,2516.86,77.26
191.24,78.51,114.32,6.15,48.85,2.59,1.42,38.22,80.25,1970.53,63.12
0.6,3.08,38.76,5.81,13.2,1.91,3.65,13.93,41.61,2368.92,56.68
49.59,58.59,46.0,9.9,7.08,1.21,7.44,24.32,62.63,678.97,48.08
185.56,59.45,151.77,3.76,53.9,3.33,6.04,43.81,88.04,2961.53,50.03
186.43,92.85,146.06,6.17,30.82,0.29,3.16,20.89,80.27,1773.8,56.73
144.12,28.65,167.84,4.48,58.42,3.14,0.14,37.32,85.67,1015.84,67.58
153.15,27.88,186.59,8.22,34.3,1.82,1.89,26.96,40.65,2960.62,68.31
18.3,44.05,61.65,4.76,33.05,2.65,1.53,31.19,82.4,61.78,65.64
102.78,35.69,171.92,9.25,39.26,1.24,3.08,30.95,52.46,2071.25,62.98
46.32,73.63,133.2,5.93,14.36,1.41,7.07,29.96,96.8,2483.96,61.15
36.24,64.18,191.55,9.46,18.97,0.75,1.52,26.92,57.27,259.76,49.49
162.06,75.89,54.41,9.91,54.82,3.34,0.49,16.67,91.76,2435.4,57.33
27.01,82.0,53.93,8.51,16.68,0.25,1.14,10.43,73.05,2114.33,52.6
93.73,92.3,140.86,7.55,17.81,1.42,3.63,33.71,94.67,902.9,62.72
187.72,43.09,185.68,4.47,33.05,1.24,0.63,34.71,65.27,345.95,56.67
37.17,98.47,164.91,9.56,40.26,2.86,4.5,37.08,38.99,2322.99,42.76
195.6,21.57,145.41,8.55,5.05,1.81,2.26,42.58,72.18,2764.12,45.69
198.86,71.44,77.46,5.37,30.12,0.67,3.06,15.69,40.54,1290.36,54.31
111.12,53.4,143.55,6.55,26.95,1.83,1.33,41.17,88.06,1715.46,78.29
34.03,81.69,160.22,3.94,52.61,0.9,5.99,18.26,26.86,1201.86,39.04
63.22,47.68,150.66,7.78,51.18,0.16,3.11,28.98,39.19,2287.25,56.78
84.9,78.39,135.36,4.31,54.83,1.95,1.01,19.08,82.68,2583.26,63.44
61.86,93.02,9.43,7.73,51.31,1.33,2.96,14.86,53.41,1833.25,54.09
56.13,73.23,131.94,7.87,48.27,0.91,7.87,11.8,32.7,1460.79,55.0
194.45,77.61,95.66,5.61,52.25,0.69,5.74,22.03,99.54,2122.69,52.7
30.67,6.72,192.31,9.67,14.61,1.64,6.97,44.0,56.52,1275.91,36.41
146.67,20.5,121.44,8.56,23.75,3.06,7.15,26.54,58.25,1851.29,66.96
0.08,97.43,121.65,6.73,42.6,2.68,4.44,11.32,48.22,1542.7,55.53
119.24,69.32,198.81,9.47,55.77,0.12,4.5,33.61,25.28,533.12,42.97
183.19,56.14,18.72,9.06,41.68,2.59,7.26,17.06,39.35,1191.74,52.2
57.59,36.7,55.26,8.0,16.44,0.35,7.0,12.04,42.42,779.95,52.08
37.11,4.44,131.22,4.49,56.96,1.96,5.76,37.74,65.69,833.33,50.4
130.34,36.91,63.05,6.73,46.82,2.75,6.59,25.62,94.9,42.75,72.11
142.52,49.89,69.23,9.12,44.41,1.64,5.96,44.2,31.18,2482.27,54.33
137.61,21.15,178.53,7.46,46.94,1.38,2.53,35.02,97.97,84.88,55.77
63.86,17.31,115.87,7.05,41.25,3.29,1.05,20.1,57.92,2299.66,72.79
50.44,50.84,20.57,9.71,6.22,0.2,5.77,44.35,66.64,506.96,43.52
191.18,58.59,62.17,3.61,18.95,0.46,7.25,40.48,22.8,2801.53,35.48
184.66,23.99,15.21,3.58,57.61,3.06,7.83,21.06,88.07,2415.68,40.11
91.46,58.74,111.23,9.3,20.87,3.11,0.49,20.17,89.38,346.66,73.94
169.24,90.03,34.65,3.75,47.44,1.37,5.13,27.58,80.27,2410.8,48.44
90.46,47.32,171.42,5.66,28.35,1.94,4.98,28.96,31.62,1074.62,73.44
84.88,85.74,115.46,9.51,54.91,0.66,3.02,30.25,52.37,2742.21,54.57
31.35,92.73,11.88,7.99,35.67,3.11,4.47,17.61,96.44,1525.6,56.73
85.28,9.24,60.18,7.71,39.75,1.69,3.7,11.91,53.77,2198.84,63.23
107.48,9.58,123.27,7.77,18.18,2.02,7.4,28.95,47.9,67.43,69.77
4.5,47.6,67.1,5.56,8.16,0.5,2.46,31.22,26.85,167.25,53.75
88.82,58.81,102.64,6.95,46.61,2.19,1.52,43.53,26.37,2.94,71.48
156.27,42.59,181.87,7.59,8.72,2.47,5.42,29.03,54.61,96.89,59.98
136.01,32.65,70.01,5.49,44.7,1.1,2.36,15.47,63.23,1657.36,68.12
127.03,64.1,67.17,8.67,35.55,3.15,0.54,20.75,85.98,2351.33,79.76
181.91,0.21,163.95,5.59,50.1,0.79,6.43,11.82,92.57,155.74,34.9
3.61,96.81,63.75,3.96,16.32,3.15,2.66,10.54,51.98,819.71,55.83
111.41,23.21,15.59,4.81,34.78,2.49,7.94,26.73,87.48,1382.08,62.6
157.47,91.71,36.19,6.15,38.78,2.92,2.57,33.17,63.49,1520.22,69.24
108.27,10.9,189.76,9.4,9.09,2.48,4.49,43.3,97.81,1994.74,49.05
64.78,23.81,186.66,6.2,45.64,1.56,1.37,32.17,94.34,222.24,61.11
27.25,23.49,44.96,4.08,26.4,1.23,4.31,16.34,77.05,2302.3,48.64
177.51,99.62,110.7,4.78,12.09,2.6,2.19,41.75,35.14,443.4,55.27
94.15,0.46,27.47,7.04,26.29,1.11,5.49,40.8,93.97,1240.69,59.81
175.62,63.96,134.94,4.65,10.41,0.31,0.32,24.27,29.34,851.02,56.8
117.17,86.97,37.06,3.92,53.84,0.94,5.62,28.29,85.47,1477.79,52.62
134.84,67.23,9.96,8.15,30.12,2.67,4.19,27.48,59.54,626.14,70.16
160.85,36.27,164.98,8.6,12.59,2.8,3.1,25.41,68.92,2142.75,64.37
131.83,95.83,65.08,9.03,18.87,1.04,0.61,21.54,89.7,1839.34,61.35
79.61,89.35,21.7,8.99,44.86,1.21,0.59,44.54,83.44,1889.08,50.56
102.73,43.4,166.78,5.97,48.23,1.97,6.36,41.79,24.68,2156.59,62.36
160.61,57.33,152.48,8.27,7.27,0.99,5.95,21.67,49.6,634.41,53.1
74.73,96.75,136.75,7.29,8.29,2.16,3.78,31.5,97.64,1699.93,63.3
77.62,98.26,182.25,3.65,55.45,1.06,0.15,12.99,48.47,1674.24,53.67
19.14,44.98,97.85,6.11,23.2,0.51,6.52,36.09,84.44,1970.36,60.05
182.92,84.74,25.61,3.84,15.63,0.63,5.36,39.53,78.28,2343.35,42.47
18.21,30.2,12.27,4.04,11.77,0.95,0.71,26.34,96.49,2699.6,53.19
129.64,37.18,63.69,3.86,31.18,0.67,2.28,12.66,95.99,364.51,58.01
82.64,16.48,17.37,9.75,47.41,3.41,0.64,30.38,56.59,357.44,60.11
81.12,20.92,107.1,8.99,33.66,2.34,6.97,11.92,38.23,341.82,66.58
135.91,65.69,2.9,6.35,6.14,0.71,4.08,38.56,44.09,2676.22,53.65
13.42,51.08,88.75,5.11,31.61,1.54,3.06,30.48,43.57,1034.04,67.64
118.74,23.11,35.69,3.97,22.14,1.02,5.09,40.48,70.39,2002.17,55.99
154.41,40.29,73.65,6.3,42.56,2.43,5.99,23.26,49.36,1096.6,73.06
165.64,37.32,135.01,7.4,33.79,3.05,5.26,18.76,89.45,1427.56,71.28
34.11,98.74,70.19,8.68,58.09,1.46,6.65,42.85,44.14,1865.49,43.7
179.48,85.36,68.27,3.84,37.9,1.56,4.8,41.53,99.21,1267.56,47.42
131.23,38.8,198.15,6.22,39.79,1.45,0.12,12.31,73.01,271.59,65.94
176.37,91.39,143.76,9.85,33.61,1.63,1.18,40.22,48.46,1731.74,55.83
97.06,34.26,102.77,4.28,22.11,0.22,6.95,42.48,66.88,2655.79,59.17
108.41,66.79,115.88,6.1,39.68,2.11,1.11,25.86,48.93,1542.36,82.86
183.81,96.66,124.04,5.29,23.31,3.34,4.99,41.24,61.22,2724.74,60.18
179.98,39.03,4.92,4.37,44.45,2.77,1.73,25.65,62.07,1738.87,65.24
89.63,67.99,16.05,8.95,18.03,3.03,7.69,12.0,81.22,2013.48,59.16
54.88,29.59,129.84,8.03,25.22,0.88,1.88,29.12,55.74,945.04,67.43
78.63,26.63,72.89,6.18,37.1,2.16,2.96,42.76,95.89,1252.98,78.88
77.55,57.42,11.09,5.9,39.57,3.14,6.21,28.69,27.88,1822.91,76.19
57.37,97.93,59.5,8.88,41.77,0.33,5.3,14.87,45.68,2385.02,42.65
53.72,45.31,26.06,4.09,43.52,3.08,2.64,25.39,79.76,2153.55,67.96
172.21,93.76,183.26,4.45,22.51,0.32,5.61,13.72,67.7,1966.68,39.61
13.97,91.44,40.59,9.39,54.09,3.44,7.84,30.49,29.92,2850.57,47.27
135.52,25.38,28.74,8.81,6.65,0.39,1.25,31.86,85.1,134.24,48.2
34.56,40.18,125.23,8.54,15.36,1.35,2.0,33.24,73.13,2675.68,64.26
68.9,64.33,104.38,7.56,8.86,0.29,3.65,11.85,66.72,1284.21,58.85
12.31,51.8,115.19,5.4,41.93,0.29,2.58,39.69,90.09,541.43,53.81
53.99,9.6,87.19,9.58,20.05,3.05,2.6,42.09,86.75,323.81,56.98
153.68,99.37,93.43,6.7,15.95,0.32,3.49,20.04,45.29,2941.18,55.26
177.0,75.27,155.76,5.32,31.44,2.79,6.34,37.41,63.58,2866.87,61.4
44.31,43.77,43.98,5.88,39.05,3.18,2.92,26.92,88.74,2965.77,75.65
92.71,61.82,79.31,3.61,39.06,3.28,2.13,28.59,25.18,1802.47,72.72
94.06,8.76,191.57,5.16,35.66,3.04,4.45,18.5,46.29,1516.23,71.72
174.72,49.53,38.0,4.72,59.56,3.35,6.99,41.32,51.09,2019.85,55.86
152.56,93.08,58.75,4.38,52.31,0.28,5.63,43.54,41.79,990.23,39.47
102.62,89.66,38.31,3.71,18.14,3.49,2.79,32.91,60.67,936.59,72.23
134.15,33.74,4.1,4.97,46.73,0.17,7.78,15.31,83.7,1673.88,46.24
169.47,53.14,53.97,4.17,36.31,0.67,5.56,28.71,58.37,2605.44,52.29
1.91,69.74,9.29,3.79,8.88,0.38,1.19,20.59,23.41,2884.06,45.39
80.58,34.0,30.94,4.39,7.73,2.63,5.59,25.78,88.31,1028.63,66.4
181.45,6.49,72.54,4.82,48.98,0.4,7.26,33.61,36.4,2697.3,48.58
148.06,50.54,4.14,6.2,34.97,1.1,3.84,12.47,54.52,390.48,63.22
108.57,60.16,150.59,7.29,36.42,2.27,5.86,17.12,21.65,416.17,71.63
105.93,0.58,159.12,5.59,23.49,1.79,1.29,36.25,55.16,2862.83,63.11
69.55,9.56,82.28,4.42,56.17,0.56,0.97,11.34,49.97,2799.63,55.35
104.1,20.73,196.93,9.61,44.23,1.87,5.06,31.07,43.13,355.85,53.04
131.08,34.81,135.8,6.85,56.03,1.26,3.26,19.35,94.98,2737.8,59.14
83.67,54.11,148.74,8.32,10.46,2.09,3.73,41.59,74.26,1447.41,63.89
142.83,29.38,38.46,8.01,37.11,1.93,2.53,39.16,93.24,2513.31,61.4
172.25,27.62,167.49,5.35,40.06,3.46,3.7,42.18,57.33,876.32,73.67
30.94,86.93,189.01,7.14,11.93,3.04,0.88,13.29,61.29,2116.8,64.87
90.31,14.51,47.26,7.41,24.04,0.11,0.95,44.82,95.91,2637.26,57.32
81.6,49.55,137.29,5.79,16.81,0.7,3.61,15.02,56.62,2396.34,69.08
137.49,95.28,149.39,7.86,59.15,3.2,3.68,40.45,22.49,1061.48,61.5
49.97,62.5,61.03,8.64,34.89,1.93,6.98,23.16,71.61,245.54,56.75
128.05,71.72,95.0,5.87,22.34,2.68,2.71,43.43,35.84,2555.06,73.9
175.5,43.12,19.51,3.6,41.55,1.81,5.45,10.04,96.27,1122.95,54.06
83.63,1.99,34.62,5.77,41.28,2.77,2.49,34.12,25.55,1793.87,68.01
182.2,64.61,12.31,4.26,24.1,0.55,2.53,44.85,91.8,45.39,46.52
198.63,63.19,112.03,4.51,59.67,2.61,5.7,34.29,31.6,2906.47,52.47
21.22,11.04,125.05,5.88,49.49,3.06,4.54,34.73,40.64,411.86,66.4
46.61,46.22,183.22,4.85,27.02,1.0,3.05,33.35,32.16,1944.11,58.21
190.08,91.53,108.44,9.58,41.3,1.35,3.92,44.28,46.66,2425.28,44.85
191.67,20.51,52.12,7.74,44.08,2.11,6.77,35.12,28.54,326.48,53.0
19.54,46.11,11.89,6.87,14.56,3.05,5.99,27.39,49.95,1712.65,64.88
3.0,46.11,176.99,3.56,53.3,3.19,7.48,18.67,44.81,2886.93,46.01
32.22,81.08,95.77,4.17,50.43,1.92,7.03,37.19,79.36,2727.67,52.12
199.2,82.46,147.46,8.63,46.56,2.34,5.39,15.64,68.9,820.97,55.55
36.0,75.93,2.93,6.03,17.25,3.07,1.6,12.17,74.67,2883.83,62.44
100.51,36.55,97.63,3.8,12.49,0.89,2.96,36.71,59.25,2891.66,60.1
169.68,7.2,65.14,8.87,14.93,2.91,4.48,22.91,88.24,1364.81,59.86
4.08,34.95,6.07,5.47,10.12,0.99,0.37,17.43,48.3,469.51,56.15
120.9,67.98,155.13,6.01,56.72,2.08,5.48,36.84,52.19,198.45,62.65
55.41,70.27,102.58,9.83,51.83,3.28,7.84,40.37,27.73,1349.62,56.22
172.47,96.5,66.64,3.6,9.99,1.84,6.64,13.69,99.92,1612.96,46.27
56.69,45.36,161.16,8.19,42.29,0.42,5.53,24.52,56.17,777.56,55.5
137.35,63.24,89.38,9.67,18.51,3.15,5.46,10.83,93.25,10.31,61.18
134.84,53.92,0.7,3.92,5.95,2.09,7.19,38.97,88.21,408.04,40.04
44.3,15.06,188.89,9.13,21.08,0.34,2.55,10.29,40.75,722.75,46.54
6.96,46.12,51.14,6.21,29.2,0.14,3.63,23.67,60.1,937.56,63.48
81.85,54.48,166.12,9.21,6.1,0.99,5.32,41.6,67.05,1248.12,54.7
57.84,95.07,163.28,5.5,22.8,0.51,4.62,30.42,87.6,2152.66,47.5
161.8,36.65,32.47,9.89,43.52,2.24,6.77,38.1,27.79,2348.52,45.71
160.07,98.01,94.8,7.71,17.56,2.13,2.99,14.72,86.26,1050.7,66.0
91.4,54.23,8.04,7.58,31.67,2.96,3.39,14.01,28.96,2760.52,79.18
121.3,24.25,70.91,8.74,53.82,1.85,2.07,22.4,55.91,526.66,66.86
120.85,19.17,146.2,6.34,6.56,0.96,5.14,33.56,88.97,968.4,67.28
165.43,14.17,47.41,5.18,48.21,0.27,3.18,15.72,38.69,424.94,54.15
85.0,45.29,23.43,5.21,26.11,0.14,4.43,12.29,23.7,2017.35,59.31
55.09,2.19,101.42,5.65,34.76,3.25,0.58,44.15,23.82,655.79,76.51
53.01,44.5,107.4,7.51,17.7,0.59,5.66,20.18,35.11,2042.66,67.57
107.24,98.84,135.17,8.95,36.84,1.8,4.31,31.85,63.28,123.13,61.66
89.83,67.01,151.83,6.75,45.19,2.8,5.96,33.08,91.43,621.88,69.13
88.02,75.98,139.16,6.12,16.08,3.26,2.08,11.35,76.72,1445.85,80.13
18.23,11.9,169.08,8.66,23.88,0.79,6.86,29.81,84.4,2328.8,43.46
143.72,47.31,44.58,5.38,36.21,0.89,6.98,17.01,39.73,476.03,58.36
42.75,28.62,113.95,7.98,27.92,0.71,3.55,13.15,50.6,641.03,61.94
39.39,89.41,72.02,4.19,21.12,0.64,0.85,23.89,61.95,1828.61,56.42
82.55,18.13,192.42,4.24,29.84,1.65,4.11,37.75,49.41,2448.93,56.32
45.56,45.87,88.06,7.69,21.0,2.26,5.21,43.92,80.19,1684.44,65.28
116.77,58.8,191.94,4.04,21.6,2.5,4.84,27.33,97.63,1846.52,62.62
74.29,51.4,153.81,4.51,38.58,1.21,7.19,41.06,81.53,2941.36,53.52
89.78,83.02,143.69,7.56,31.24,2.22,7.35,43.08,95.21,2381.73,66.78
107.43,23.15,98.31,6.35,42.24,0.11,5.01,25.5,98.29,1376.69,64.3
40.71,37.74,88.68,7.15,51.06,3.12,5.17,15.09,45.71,259.86,72.83
31.15,79.21,105.31,9.85,56.86,3.06,1.13,20.85,69.29,2646.74,66.37
176.08,52.81,58.73,7.61,13.32,1.95,3.21,23.56,81.31,2430.35,61.08
86.74,40.21,180.9,7.34,39.44,0.93,2.71,25.91,69.52,1281.85,69.69
82.42,2.94,158.87,5.97,37.03,3.41,2.83,32.56,67.87,2403.9,73.27
7.12,75.34,160.28,7.6,52.68,2.86,5.85,32.58,49.46,2182.77,51.23
99.6,97.22,86.63,3.58,54.27,0.16,3.96,29.01,62.41,598.5,54.57
110.83,62.03,14.22,7.12,46.83,1.7,4.07,17.99,47.26,526.99,67.98
111.77,85.65,136.62,3.95,37.75,0.45,2.06,22.72,38.06,2344.83,61.93
141.41,51.69,74.88,4.93,15.96,0.55,1.42,24.47,50.41,1680.74,68.47
35.5,23.17,174.09,7.16,20.22,0.1,3.33,33.23,51.95,1338.07,56.55
50.44,1.44,156.07,7.84,38.15,2.44,0.56,14.95,31.54,1110.11,64.03
162.15,65.34,29.07,6.0,12.66,0.96,1.36,18.46,59.08,2156.61,56.45
189.43,49.31,120.34,6.22,15.12,1.14,6.57,19.94,70.96,1210.06,64.88
27.19,78.21,138.44,6.74,55.13,0.26,3.56,28.14,28.33,36.16,57.74
99.53,69.47,113.63,8.43,57.6,0.13,7.81,36.51,62.49,937.73,50.01
42.84,98.8,102.81,3.61,5.29,2.8,0.13,39.55,27.03,2715.93,58.76
12.01,51.03,45.57,6.41,52.44,2.35,7.37,35.98,88.49,1107.09,60.8
65.1,42.72,47.18,3.59,56.59,1.4,5.25,36.19,52.7,121.91,49.11
28.74,28.67,153.6,5.57,33.92,0.34,5.02,18.43,39.45,2189.79,59.2
141.99,47.69,3.74,6.88,29.69,2.74,6.74,40.97,50.2,827.06,70.04
106.75,87.29,155.78,4.02,55.53,3.25,5.05,11.84,72.15,176.05,61.19
28.77,4.24,105.36,6.65,5.41,1.89,0.38,28.91,58.21,2396.29,61.88
1.85,97.79,187.24,9.51,51.23,0.57,7.25,13.1,68.23,19.04,34.89
161.63,99.33,199.46,7.95,21.31,2.32,7.0,31.03,67.68,479.46,50.78
35.24,59.78,132.7,8.58,40.26,0.34,4.21,11.66,75.63,594.16,54.47
121.24,33.15,82.45,7.27,22.78,0.66,1.1,32.43,94.56,2065.98,72.36
67.38,22.3,95.02,9.33,33.76,1.7,6.59,11.18,72.23,336.2,59.48
117.1,27.65,40.84,4.45,49.46,0.95,4.29,15.78,33.19,2114.6,57.8
63.13,5.01,19.85,6.42,14.97,3.26,2.68,36.37,56.5,951.15,74.28
17.39,47.51,115.75,7.38,41.52,2.85,7.95,20.6,35.24,1538.2,74.16
44.59,5.73,161.1,9.18,54.41,1.04,1.4,40.94,30.92,2449.07,40.96
37.61,71.85,52.35,5.5,54.56,3.38,1.4,13.43,79.56,1326.33,69.5
85.6,37.19,83.93,3.51,54.18,1.39,4.84,28.57,32.42,461.01,63.44
131.66,19.94,110.95,9.83,33.52,2.03,2.21,42.4,82.47,410.33,61.14
52.76,54.49,181.58,3.67,47.22,2.02,3.36,24.46,61.79,1153.68,55.22
2.41,97.38,27.73,4.49,29.58,2.31,2.0,21.47,53.91,462.5,61.98
103.79,69.51,47.38,6.24,30.31,0.93,6.28,43.81,89.87,1891.85,65.23
121.15,49.17,183.71,6.73,20.61,3.23,2.27,24.85,92.01,1788.58,77.82
192.57,77.69,7.91,8.92,20.69,1.0,6.75,34.46,37.23,2134.57,42.01
117.89,73.75,131.22,6.41,7.08,2.36,5.91,42.2,84.0,1812.49,68.6
94.23,89.17,127.91,7.06,34.23,2.7,2.45,10.38,68.48,1076.86,75.37
114.68,20.47,76.65,4.8,21.98,3.1,6.41,29.93,59.7,1790.14,71.74
185.58,85.89,93.63,7.2,15.32,1.65,2.62,34.97,39.03,2594.29,61.57
165.68,30.1,170.98,5.76,11.69,2.52,3.31,24.66,84.21,126.38,61.44
64.6,94.1,33.0,4.14,24.08,0.39,0.72,33.55,90.51,275.51,55.33
47.45,28.11,46.31,9.65,54.45,2.75,4.59,38.22,78.39,2934.73,56.38
52.53,92.68,102.47,4.03,33.4,2.67,6.55,21.05,42.08,2303.7,56.39
100.88,96.38,81.95,7.91,35.63,1.5,5.02,21.31,25.68,216.63,65.67
148.81,14.55,114.87,9.4,7.99,1.17,4.46,13.07,58.32,2819.66,50.45
100.64,97.45,184.17,4.66,33.59,1.39,7.19,43.43,41.47,2826.86,51.6
13.56,8.57,183.42,5.04,41.72,0.41,3.59,11.15,47.38,2034.45,47.01
144.72,21.86,46.0,6.27,13.29,2.27,7.97,26.48,46.41,2757.36,62.63
161.19,44.42,60.43,5.41,59.1,3.2,3.74,28.65,36.88,1024.99,72.42
57.9,99.36,32.41,8.43,55.33,2.36,5.18,14.94,98.77,1211.62,55.6
132.83,48.86,185.56,5.7,59.62,2.07,0.47,27.15,88.45,1323.46,66.81
85.32,55.04,79.57,9.91,24.82,3.47,5.62,20.32,26.62,2747.16,63.5
177.82,69.44,89.94,9.08,50.23,1.94,2.62,38.09,87.09,2822.68,50.13
169.05,96.83,160.53,9.32,23.08,1.28,1.11,38.81,22.01,1785.85,54.74
105.09,78.34,102.59,3.91,46.2,2.5,1.27,25.15,86.6,2716.52,68.48
138.3,22.42,23.95,4.65,57.13,1.87,4.12,25.21,35.58,2568.8,55.42
176.67,30.3,87.57,4.6,13.53,3.41,4.76,12.66,57.51,1272.65,69.36
99.14,9.76,126.1,7.87,12.72,3.15,5.66,22.5,45.5,2108.44,70.69
62.65,64.45,143.84,3.58,10.74,3.32,3.62,24.2,66.25,553.11,69.86
150.73,18.07,129.07,8.74,48.91,0.1,6.93,25.63,55.71,446.39,50.51
44.01,25.74,23.84,7.06,41.66,1.24,0.64,25.85,22.85,2036.56,61.93
77.71,88.81,60.87,7.18,33.73,2.23,1.06,13.23,80.09,1308.48,70.76
173.15,32.68,146.71,6.99,47.57,1.15,1.9,15.71,58.53,2088.59,64.58
144.88,56.66,176.04,6.98,51.75,2.33,0.9,25.19,36.8,2382.65,71.72
80.76,39.76,9.44,4.79,57.22,2.53,6.07,23.24,67.64,1258.12,62.07
42.95,7.4,8.45,5.34,16.07,2.22,2.97,14.98,34.68,2854.27,58.05
71.19,36.29,128.68,6.67,29.29,1.66,4.87,32.7,63.48,2744.96,71.54
56.82,40.81,109.61,7.91,55.77,2.47,6.14,14.12,54.39,291.63,65.26
35.22,89.57,31.07,5.27,30.37,2.75,4.42,10.18,62.77,406.0,63.22
148.67,32.45,109.66,8.74,31.82,2.47,4.31,31.44,65.9,395.89,67.58
50.41,37.92,194.9,8.77,56.83,2.86,3.66,12.9,23.32,1584.78,54.08
90.83,78.29,126.18,5.28,45.41,3.32,5.59,12.12,70.98,1409.33,77.22
77.17,75.9,89.83,7.14,35.36,0.45,4.28,13.0,43.96,2651.01,67.88
196.42,79.83,165.51,5.77,24.65,3.18,3.29,42.77,47.16,1106.67,62.16
78.22,95.38,42.56,4.74,55.34,1.03,4.98,13.69,81.9,1368.26,51.65
16.0,79.56,82.87,8.74,5.49,2.02,7.7,39.37,34.51,2639.27,47.8
17.97,40.76,105.55,9.94,22.66,3.3,6.48,37.18,47.06,1656.63,61.98
118.15,82.15,100.91,7.18,57.03,2.21,3.63,39.44,25.44,1802.0,71.77
119.87,50.87,184.19,9.44,32.4,0.39,4.9,31.18,97.26,352.77,55.72
83.75,27.77,58.53,7.67,39.31,1.8,3.19,15.43,38.16,94.21,68.28
86.37,30.29,11.3,7.18,34.29,3.14,4.21,36.98,90.12,2366.36,65.7
10.79,22.38,183.28,6.62,26.85,1.5,5.9,29.79,68.21,868.26,53.97
103.31,14.5,43.41,5.03,41.59,2.98,6.72,29.89,54.38,1504.39,67.54
100.95,18.45,75.81,4.05,47.16,2.8,0.58,31.31,66.49,2540.83,70.06
29.91,6.32,106.18,6.38,25.04,3.18,1.4,15.19,65.4,1216.13,78.1
20.77,88.85,195.18,7.15,37.48,0.99,4.68,20.2,67.76,2795.14,53.71
24.71,93.1,107.05,6.81,9.55,1.79,5.66,44.77,47.1,2026.97,55.85
20.21,58.68,89.55,8.02,35.12,1.24,5.32,40.57,90.81,180.03,55.66
121.94,84.05,116.73,4.75,46.13,1.92,2.07,22.57,82.41,367.25,69.26
39.3,18.36,194.16,5.8,37.19,0.17,5.27,44.53,98.23,2440.13,44.21
50.29,90.17,163.59,6.2,53.31,0.92,3.75,12.44,86.73,2973.52,52.7
34.71,50.64,33.79,4.71,20.74,3.41,2.03,22.21,49.02,504.25,69.17
191.57,6.72,160.65,9.39,32.05,2.15,7.09,29.43,45.44,1668.49,50.45
170.92,14.13,168.22,7.93,9.81,0.69,4.29,31.73,57.34,1283.04,49.57
46.1,30.9,138.14,4.1,43.5,1.83,6.91,38.18,24.78,1075.47,57.0
65.51,4.36,131.45,8.13,29.36,2.47,3.4,35.78,51.47,2204.13,65.87
41.98,30.93,88.18,7.06,34.17,2.15,5.1,34.08,22.63,53.29,66.73
98.38,5.99,128.34,6.91,12.06,1.81,6.55,44.1,33.76,2046.57,59.53
3.92,23.6,147.51,9.93,59.85,2.39,2.7,30.94,45.11,370.49,51.82
134.27,26.57,24.56,7.52,47.46,0.67,6.87,10.23,71.48,1186.89,54.37
104.63,99.44,51.47,9.33,27.03,1.59,2.88,31.59,97.93,1150.02,66.35
179.73,23.55,38.82,9.44,36.35,2.65,1.7,36.56,32.93,958.19,59.43
32.88,23.92,168.24,4.16,39.03,2.07,5.95,42.13,27.93,2856.61,44.05
160.82,68.68,136.0,3.55,57.84,3.18,2.75,23.73,93.99,1954.64,63.41
158.39,85.94,90.16,6.33,47.26,1.61,7.63,11.81,59.76,1183.25,64.94
25.44,38.71,165.21,8.5,24.23,0.55,6.46,14.44,68.98,351.97,48.68
79.71,87.56,143.36,8.86,58.77,0.27,1.92,41.78,21.65,305.55,44.21
34.03,34.01,182.72,8.62,21.6,1.72,7.89,43.27,46.12,2092.56,54.27
50.94,19.7,15.36,6.41,36.73,1.59,2.97,18.14,60.4,515.34,66.51
52.65,32.96,101.83,8.37,43.54,0.97,4.51,33.65,40.77,2052.53,62.89
111.25,60.94,141.35,8.17,19.91,2.11,0.68,26.57,84.44,2869.22,70.71
82.28,36.71,41.5,5.54,57.6,0.95,0.43,31.15,68.54,2226.6,65.75
189.55,67.29,65.43,4.6,16.89,0.84,2.44,11.76,96.43,1367.64,53.07
25.27,23.69,83.8,7.54,29.3,2.22,0.2,43.74,75.79,1961.63,68.41
194.74,70.1,158.87,7.9,14.89,3.31,2.29,26.51,32.29,427.37,65.91
46.13,34.74,98.72,7.19,53.12,0.79,4.23,37.04,61.8,1191.92,55.37
154.57,45.59,98.57,4.89,17.19,0.72,5.56,28.08,32.34,1602.24,64.12
67.79,55.77,86.18,5.3,6.91,1.87,2.09,39.99,88.87,996.69,71.4
28.62,68.62,45.72,8.11,7.14,0.51,3.32,32.15,46.45,1694.81,50.35
171.58,23.87,184.61,9.76,27.76,1.1,3.12,21.22,54.99,496.37,52.55
61.77,83.59,63.56,9.64,33.75,3.47,2.69,27.45,89.69,2365.34,70.57
131.77,72.18,113.49,6.88,7.29,2.96,3.17,37.67,41.17,1105.67,73.28
113.29,23.41,29.76,9.26,10.11,2.5,3.96,19.39,56.79,666.4,62.51
94.35,97.5,86.85,3.69,10.36,0.19,1.67,37.54,82.8,1484.3,52.62
99.16,66.48,180.76,9.1,41.77,1.0,3.77,34.81,25.29,1809.15,52.61
146.45,45.24,199.09,6.59,21.49,2.04,2.16,10.29,42.21,1516.67,68.4
17.55,15.75,72.35,8.58,35.94,2.51,0.6,40.34,28.85,196.96,59.23
133.64,53.32,30.8,3.54,9.05,2.37,1.79,28.23,79.6,997.66,66.06
179.16,16.48,62.89,9.15,54.07,0.73,7.48,42.46,31.75,639.19,42.09
11.56,42.95,65.45,7.37,21.74,1.69,4.09,10.38,96.7,2397.2,59.99
28.13,40.87,128.9,5.06,47.8,0.77,7.86,40.16,50.44,2895.42,47.41
143.33,71.99,99.23,5.76,50.47,3.24,1.88,36.95,62.33,2004.43,73.9
87.46,19.24,153.69,4.8,59.33,2.0,2.41,33.14,37.81,2779.15,63.02
80.71,82.19,140.26,6.26,45.76,1.43,5.16,30.93,87.48,2430.28,67.0
27.39,32.61,50.26,5.65,29.35,3.22,2.91,30.98,39.12,163.78,71.02
101.35,44.4,156.85,6.97,13.39,3.17,2.95,39.36,58.4,2498.45,78.17
25.31,77.23,169.49,8.8,7.63,1.81,6.77,44.79,97.27,2125.24,43.85
95.32,62.54,119.68,9.88,53.74,2.44,0.33,26.18,57.81,750.15,69.27
152.72,30.8,185.53,5.13,29.57,1.18,5.36,29.83,60.29,964.34,60.5
51.65,38.62,156.59,4.19,46.25,1.15,7.05,16.36,89.07,2283.2,47.88
96.16,30.58,119.08,6.07,32.3,1.97,1.48,23.72,91.37,2790.82,83.48
198.4,59.48,181.23,4.43,53.38,2.98,3.29,15.93,76.41,627.19,53.44
137.33,33.26,120.07,8.92,46.23,2.13,6.49,10.37,21.82,2309.23,54.51
168.27,72.57,104.24,6.76,9.7,1.66,4.33,35.32,77.91,2214.88,65.0
82.97,57.98,71.25,7.53,46.37,2.36,2.93,20.71,79.73,2356.13,73.51
153.57,14.57,176.57,4.48,19.67,2.86,5.04,40.45,48.42,1493.96,58.12
8.1,31.03,24.55,8.37,47.52,2.78,2.67,27.2,70.99,111.1,62.74
24.58,22.14,94.7,9.83,57.17,1.36,5.05,38.15,41.63,401.5,46.83
40.61,39.03,107.48,6.64,56.16,3.28,1.25,24.83,46.09,1270.58,80.22
80.39,51.6,110.95,9.76,11.88,0.15,1.88,39.15,48.64,2166.85,55.31
169.15,50.68,130.38,3.73,8.01,1.63,0.22,39.96,89.55,2490.65,54.29
69.25,75.45,101.16,3.73,47.73,3.19,1.56,26.34,94.34,2376.17,67.62
130.92,18.92,51.36,9.74,44.05,2.47,1.13,42.66,77.76,2087.21,57.89
141.86,94.65,171.39,8.05,14.69,2.49,4.82,20.33,34.95,2478.2,56.19
117.24,34.28,131.51,4.73,42.65,0.63,7.56,23.09,76.13,1708.97,57.07
71.45,30.02,171.64,5.87,5.85,2.08,1.8,26.68,40.45,3.96,69.47
115.41,68.52,55.21,6.8,39.71,3.39,1.12,36.18,31.41,1893.8,83.17
68.45,80.55,127.41,8.07,50.78,0.82,4.33,23.95,60.84,2591.63,55.35
16.77,37.85,142.83,8.97,40.3,1.21,1.53,12.93,92.22,1506.15,59.01
198.56,74.68,76.68,4.04,8.6,1.42,4.38,10.08,49.57,1866.93,46.32
25.44,88.37,162.45,7.77,59.5,1.32,4.09,40.55,71.4,2619.07,41.44
14.47,76.68,0.5,6.6,24.59,2.23,0.25,32.4,80.0,2674.72,60.9
175.71,3.42,118.98,7.38,25.93,0.9,7.72,15.95,87.83,2209.28,54.27
60.37,82.74,122.71,6.81,9.66,1.82,1.69,41.57,23.34,782.83,69.63
130.06,77.45,106.77,6.43,14.19,1.46,7.17,35.28,60.36,274.11,64.09
65.8,66.93,126.01,4.84,19.91,2.29,3.13,36.78,91.8,838.74,70.23
78.29,76.0,33.45,6.57,48.96,0.92,1.35,25.73,43.47,2935.48,64.5
52.42,97.94,136.96,4.73,43.05,1.98,0.94,36.36,25.95,1515.39,67.85
68.61,43.11,67.16,3.79,37.1,2.62,4.13,31.21,49.72,2415.48,61.16
82.14,6.72,90.41,5.93,52.51,2.46,2.96,35.71,77.23,771.64,72.0
144.08,46.09,66.62,3.66,59.88,2.94,7.35,21.84,98.15,2559.04,57.45
102.31,4.64,94.79,7.16,26.16,3.35,1.69,28.73,65.06,936.37,90.9
188.71,29.43,124.31,3.97,26.52,3.0,5.82,11.24,94.47,2914.58,57.98
8.38,58.69,167.67,6.34,45.48,3.29,1.57,15.68,94.83,1727.12,64.59
100.61,30.96,96.69,9.87,40.44,0.16,6.99,39.97,85.2,2654.73,48.95
116.84,68.54,64.64,3.56,5.74,2.24,4.13,32.96,55.6,4.15,61.64
184.04,82.2,97.59,5.88,41.05,1.01,6.67,38.98,78.43,1019.12,54.19
9.83,42.04,137.76,7.88,44.58,2.85,3.56,29.64,93.53,1154.33,65.96
114.7,90.01,69.34,4.53,59.23,2.88,1.48,25.13,88.11,1980.4,66.55
170.73,7.98,82.86,7.14,37.27,0.26,4.36,38.53,65.12,1625.37,54.28
48.39,84.01,112.57,5.18,42.64,2.12,2.25,11.65,90.59,2030.78,63.52
175.26,82.86,58.8,4.95,48.38,2.99,1.56,34.03,87.24,1301.01,64.57
3.81,32.2,41.82,9.32,10.28,2.1,7.24,31.33,30.32,785.02,49.43
146.49,29.87,28.08,4.82,45.41,1.55,4.46,11.25,42.58,2844.32,51.57
186.62,30.51,70.52,5.95,35.08,0.36,6.42,21.75,87.28,630.27,55.57
131.44,81.14,9.67,4.6,10.5,2.58,6.23,28.15,81.2,2525.59,58.32
87.81,83.17,116.7,5.35,41.84,0.35,0.11,11.14,50.68,2701.32,65.3
8.98,32.97,35.18,5.41,17.9,2.13,7.1,20.78,62.22,821.96,53.18
184.02,59.26,75.48,5.62,34.58,3.22,6.21,10.52,98.85,1749.02,64.31
94.06,13.89,53.84,7.67,20.45,1.52,2.22,19.51,50.68,2214.96,66.28
5.8,46.88,126.08,8.33,10.75,2.72,1.91,44.21,37.77,2625.52,57.92
137.96,99.88,170.07,6.82,18.8,2.82,0.55,25.88,74.28,2498.99,70.44
96.37,15.88,126.66,7.47,29.13,0.14,0.83,43.23,33.99,2452.3,60.76
24.87,94.76,108.5,8.79,32.18,3.21,1.64,38.15,28.0,208.84,56.71
42.85,82.43,133.82,10.0,13.17,0.74,0.13,19.18,90.34,2931.14,46.03
12.9,97.22,6.0,6.47,22.65,1.06,2.6,42.79,90.33,1566.22,55.14
114.86,17.96,24.57,9.59,52.27,3.06,7.39,20.5,81.48,927.08,57.1
124.41,21.35,18.99,6.69,55.07,2.43,4.49,22.09,21.39,586.32,63.92
101.15,1.69,19.64,8.58,34.44,1.36,4.69,20.62,36.57,2883.49,56.46
163.42,72.47,52.1,7.23,31.97,0.4,1.97,25.48,83.39,174.92,62.53
172.2,64.41,106.41,9.25,36.98,1.41,1.88,12.58,84.56,2790.43,64.98
123.12,17.81,22.94,6.42,16.8,3.39,3.0,38.57,58.79,643.89,76.42
2.55,79.11,187.02,8.02,59.65,0.46,2.17,12.87,87.05,2929.41,38.68
139.05,29.92,170.85,6.53,45.99,2.98,6.88,26.75,88.35,122.28,70.55
83.6,13.5,194.33,9.07,18.13,1.21,1.5,12.43,85.16,397.48,56.9
113.11,42.26,8.5,9.96,19.97,2.33,5.43,32.92,80.58,32.63,56.44
129.82,9.1,170.28,5.08,40.66,2.25,3.97,25.76,85.88,39.03,65.08
70.05,26.32,160.75,6.58,22.76,1.21,5.45,10.04,29.31,2776.37,63.91
183.42,37.13,180.42,4.03,24.54,0.28,6.69,25.09,61.57,2298.81,45.6
26.79,85.19,105.59,4.42,47.95,0.61,2.8,22.73,55.08,2687.42,49.39
134.3,79.25,157.58,9.54,19.68,2.02,4.37,41.99,24.47,88.92,54.93
0.87,44.28,10.26,7.03,43.79,3.33,4.04,30.96,99.19,196.55,62.81
184.93,72.46,15.18,6.07,56.42,3.25,3.05,38.95,62.69,2981.14,59.98
22.5,56.86,23.71,7.86,11.83,0.49,6.51,15.06,86.65,1471.61,50.63
18.98,34.08,182.96,7.14,12.94,3.08,0.18,14.42,54.33,406.01,72.64
66.6,72.59,12.23,5.38,56.86,0.89,2.55,16.4,45.51,1335.64,56.05
74.71,68.35,20.03,4.97,16.19,3.19,6.67,43.03,61.33,313.52,62.11
42.86,61.91,186.08,7.34,6.15,2.68,6.99,13.48,31.61,2943.63,56.2
117.02,61.8,21.48,4.72,52.77,3.37,5.58,26.92,34.88,2155.0,62.55
88.58,68.3,173.95,4.4,20.53,1.6,2.79,12.67,24.67,595.25,60.63
6.84,38.45,157.85,5.57,21.41,2.59,6.6,36.56,88.67,1685.22,61.99
63.93,86.91,8.06,9.1,17.48,2.6,0.76,23.47,63.48,2172.68,62.88
162.09,16.23,4.37,3.74,55.47,1.79,2.2,31.41,98.9,2219.41,50.2
137.94,88.39,106.88,8.92,47.59,3.41,0.83,12.51,86.19,901.74,67.69
144.97,34.23,199.44,7.54,37.82,0.93,0.97,25.1,64.26,228.48,67.82
139.62,12.5,175.77,3.76,29.93,3.45,4.79,14.68,62.36,2639.82,61.38
62.19,60.0,62.01,7.41,12.89,2.86,0.67,21.36,60.22,2792.89,74.94
19.93,37.6,77.26,6.27,55.93,2.19,5.47,16.61,24.51,1627.57,65.09
54.49,81.55,77.58,8.97,46.23,0.36,2.86,26.86,24.31,2593.69,47.84
166.36,43.08,146.84,9.4,20.34,0.98,0.54,41.27,59.16,1622.17,56.13
196.09,66.86,68.23,5.36,57.11,2.96,2.36,23.91,91.97,783.97,65.52
98.77,30.83,29.56,8.6,56.44,2.58,3.25,41.63,71.98,1972.61,64.19
1.94,20.95,149.42,5.51,41.27,3.37,3.0,37.12,62.52,1698.29,58.54
28.01,38.8,91.6,5.42,59.18,1.45,4.13,36.14,69.22,2719.47,54.69
64.42,60.68,15.36,4.75,15.3,3.14,4.07,37.34,45.07,2825.18,63.11
115.72,65.69,158.01,7.91,45.23,3.03,2.94,34.87,47.96,1317.8,73.35
15.02,57.82,117.06,5.2,13.37,3.38,7.2,17.11,79.22,519.84,66.61
188.67,98.81,97.87,6.52,43.04,1.03,1.84,39.34,36.7,2359.64,57.02
73.02,69.11,134.67,8.78,55.59,1.78,2.79,23.16,33.69,699.53,59.48
182.52,93.15,101.07,8.65,34.49,0.38,4.47,19.42,61.51,1749.87,54.46
156.1,11.79,129.68,9.06,46.97,2.11,2.04,39.16,79.3,2005.77,53.36
151.09,6.14,173.5,4.55,12.87,2.59,1.29,31.6,44.53,2547.17,57.4
121.34,31.1,122.7,7.31,39.83,0.91,0.15,18.86,53.21,622.0,70.41
125.36,13.66,131.92,9.45,8.48,0.68,7.57,41.07,63.96,2505.17,42.52
127.6,52.59,122.77,3.77,7.03,2.27,6.3,28.86,91.06,1532.69,57.26
125.74,51.9,106.24,8.66,39.87,1.44,7.12,10.84,70.07,1593.17,62.02
110.75,57.5,34.39,5.1,36.5,1.55,0.42,28.44,88.34,2807.94,73.03
197.28,74.52,67.14,7.85,23.11,1.7,0.68,43.43,50.93,1142.94,61.13
146.46,97.13,138.62,8.16,33.21,1.84,4.46,15.67,67.02,88.93,52.74
155.39,87.83,85.1,9.52,42.64,0.76,0.28,20.53,72.06,796.05,52.79
174.49,11.84,81.23,6.81,40.46,2.06,2.24,18.0,93.14,2300.25,61.88
43.13,33.85,151.85,9.01,9.05,0.33,7.78,17.71,84.55,2549.99,41.69
16.76,25.58,1.11,3.79,42.3,0.49,2.92,12.7,31.7,1509.45,38.19
96.58,17.68,135.8,6.23,41.27,2.52,7.84,26.33,73.79,1401.27,74.71
102.82,54.47,97.85,6.36,41.83,2.59,1.04,38.65,24.17,1061.0,89.57
165.84,55.33,75.35,7.0,51.6,1.01,3.14,18.4,99.48,2486.57,63.86
88.76,22.72,68.11,6.63,36.72,0.73,0.15,34.89,52.72,1246.83,76.67
114.17,71.19,34.58,9.79,56.58,0.28,4.77,30.06,73.46,742.48,50.92
105.41,73.29,66.85,4.01,58.9,1.52,2.8,17.43,35.01,2173.19,63.34
7.64,2.1,78.28,5.22,46.35,1.83,4.08,29.94,82.55,1551.92,57.72
123.04,39.58,87.49,9.8,24.73,3.16,6.38,28.29,75.61,235.83,64.65
165.61,89.01,134.46,6.39,12.87,0.11,4.45,17.9,48.01,2038.06,58.24
31.5,52.03,90.71,7.21,50.11,1.48,5.36,10.59,48.8,1233.25,64.83
118.87,34.76,159.26,4.03,13.06,1.53,3.83,24.24,74.49,2559.32,58.61
118.72,25.37,127.95,5.35,13.04,3.11,6.01,21.31,49.46,2831.69,70.8
32.84,24.34,37.92,3.76,55.55,0.77,4.86,19.9,95.98,2896.15,40.32
24.69,9.98,55.43,4.39,35.79,0.33,6.94,34.45,45.98,2966.84,41.14
196.01,81.72,15.85,7.62,21.13,1.4,6.07,34.83,41.36,2568.64,53.07
78.74,8.67,189.14,8.46,57.96,2.18,1.93,42.43,80.87,1096.76,50.69
45.48,29.23,177.31,9.16,43.9,3.02,4.24,10.96,28.34,772.45,57.21
34.26,4.57,16.96,5.13,34.42,1.01,7.01,41.86,65.03,608.33,44.88
133.52,78.14,114.82,5.66,23.12,0.95,6.89,33.6,69.88,2216.89,58.81
121.89,3.93,192.08,7.2,42.21,1.21,3.87,33.08,44.64,1921.52,54.37
128.71,30.83,149.43,4.04,45.2,0.5,2.58,44.72,96.08,1729.14,51.94
17.6,57.33,98.36,8.74,44.17,3.42,1.76,12.72,53.28,1236.57,73.67
178.71,40.96,48.22,6.64,15.74,1.94,1.64,38.11,42.41,2310.79,67.17
77.85,28.23,55.81,9.78,43.35,1.03,1.24,30.77,74.75,1217.01,61.2
62.67,27.52,147.25,4.26,36.98,1.33,8.0,15.66,77.7,1344.72,54.98
92.47,79.78,156.12,4.37,51.75,3.04,5.33,36.98,54.15,1006.65,62.64
78.01,97.4,105.74,5.77,39.36,2.39,2.59,22.55,34.51,1406.44,74.74
172.72,34.8,24.19,4.84,13.05,1.98,2.42,18.84,70.55,369.41,61.29
185.85,3.91,186.77,8.03,22.52,2.56,2.51,30.21,39.9,2753.9,54.33
60.69,3.66,168.95,9.65,45.91,2.67,6.99,26.69,37.8,2254.15,49.06
172.79,75.92,28.11,4.08,45.7,0.76,4.15,15.5,66.23,1687.11,52.78
156.3,55.24,11.35,5.07,17.25,0.64,2.24,35.59,98.88,2597.03,50.54
186.16,78.36,107.17,5.05,24.5,3.39,6.41,20.92,75.41,424.4,69.1
49.15,69.75,56.83,6.81,5.84,0.73,6.03,27.22,84.82,404.5,54.05
115.39,90.75,56.65,6.44,23.24,1.68,3.79,20.11,77.05,2314.91,67.69
54.91,88.58,17.44,8.22,6.45,3.44,5.54,25.41,49.8,1140.37,65.14
164.82,78.83,190.68,8.26,53.01,1.52,5.93,18.74,92.55,2338.9,47.39
1.06,47.52,166.03,7.22,41.67,1.85,0.49,26.83,84.69,2388.67,63.62
112.96,30.81,22.77,7.34,58.3,2.81,7.02,15.62,75.28,2743.62,65.93
67.84,50.7,175.32,8.98,54.06,1.26,2.37,19.9,63.31,951.29,56.89
64.54,50.21,136.59,6.08,38.19,1.57,7.85,17.46,48.94,156.22,68.25
128.98,61.03,65.09,3.58,32.66,1.23,7.27,22.63,55.97,1450.91,64.54
170.3,18.61,174.25,4.88,53.6,1.08,0.25,39.06,44.84,246.71,51.81
121.84,65.56,119.6,3.73,21.41,1.7,5.01,27.34,93.61,1547.18,64.5
170.63,45.66,169.73,6.06,17.29,2.64,7.72,24.84,46.29,2608.54,64.35
52.92,62.02,93.85,5.83,27.55,3.05,4.56,30.03,95.01,1607.54,73.34
103.9,23.96,100.13,4.14,7.93,1.7,4.96,37.46,55.45,559.36,60.88
90.11,43.44,58.2,8.41,21.61,1.19,7.45,20.39,87.0,678.44,65.98
2.33,21.02,77.54,7.09,9.6,3.2,4.62,38.24,40.12,2608.95,58.19
111.36,87.53,113.55,4.97,7.9,1.24,2.03,18.74,97.21,2536.49,60.45
132.3,48.8,189.41,8.43,35.32,2.74,3.74,39.68,91.77,1389.85,63.18
118.38,22.5,120.02,7.84,43.95,2.65,2.86,39.17,75.95,2286.76,67.6
147.26,4.12,29.48,4.75,34.52,0.27,1.42,30.68,93.55,49.35,54.1
114.27,67.57,1.4,9.89,8.88,0.7,1.79,22.48,69.71,2597.39,46.95
13.35,21.46,170.2,4.65,26.72,2.05,0.58,24.5,21.15,590.43,56.16
23.29,98.96,72.87,8.52,11.1,3.05,1.43,38.46,40.11,711.19,63.17
119.29,53.37,62.99,9.79,40.75,2.12,2.15,12.88,27.15,1624.82,65.08
55.0,28.9,160.15,8.22,50.45,2.63,6.09,37.54,25.25,1391.41,55.39
15.93,65.77,189.07,7.83,11.42,2.6,2.99,14.66,57.65,426.15,60.79
85.92,27.52,149.61,9.37,8.68,1.78,5.56,38.54,98.16,2100.29,49.95
110.86,82.03,34.77,5.25,27.33,2.01,7.97,41.55,51.51,1731.65,61.15
65.75,30.82,78.28,5.3,21.69,0.34,4.7,27.97,97.4,2722.53,56.25
144.09,98.82,151.88,7.67,19.34,3.25,4.95,36.35,91.28,2895.2,55.41
128.75,60.51,181.39,9.23,16.63,2.39,4.46,17.09,34.07,1174.99,64.87
66.56,84.44,199.72,7.51,22.43,0.63,3.22,37.01,90.68,1149.77,53.94
150.97,7.28,102.31,9.85,58.1,0.93,1.57,34.6,40.6,2561.31,52.27
129.74,34.83,164.5,4.95,52.17,0.12,7.82,14.02,24.2,357.08,47.09
127.49,73.75,9.33,8.87,38.07,1.0,3.88,27.64,29.61,105.14,53.03
110.69,65.51,57.16,9.53,49.03,1.18,7.49,36.81,61.32,51.65,48.97
2.28,19.42,74.3,6.28,5.81,2.42,2.15,13.24,69.9,2859.29,60.5
139.3,35.62,195.1,9.75,11.13,1.72,0.96,33.06,22.0,1320.32,57.1
75.21,26.34,0.68,4.81,21.09,2.97,5.13,38.04,76.28,1925.34,66.02
188.52,61.34,61.6,9.69,40.41,0.4,6.83,22.19,25.91,408.41,45.67
163.6,34.46,186.08,9.37,53.59,2.5,5.33,23.37,72.01,123.91,51.79
117.54,30.91,61.34,3.93,17.71,3.07,5.97,19.61,24.78,2658.54,65.38
50.44,20.74,45.01,6.89,12.66,1.53,4.91,16.54,43.94,2219.15,58.66
40.74,40.9,146.02,6.94,51.64,1.08,6.0,43.52,90.72,2267.54,58.83
68.08,19.55,149.07,3.87,27.5,1.61,2.82,34.62,96.81,1397.69,59.95
95.31,96.26,94.44,3.76,43.47,2.78,3.18,11.84,24.19,1877.17,66.59
59.21,15.45,189.38,3.53,35.14,3.22,6.26,42.47,85.86,1865.25,48.12
102.99,91.33,40.54,6.91,14.68,0.32,6.43,14.04,68.06,2965.83,55.89
33.07,42.85,182.68,6.51,43.53,1.9,0.75,42.34,94.76,1406.67,67.69
195.54,37.79,151.1,9.61,28.14,2.28,0.23,25.81,51.03,1184.11,70.46
21.58,23.13,73.64,5.72,20.83,0.16,5.37,27.0,74.84,2129.31,53.51
186.39,63.58,161.38,7.78,54.65,0.72,0.77,28.9,26.77,2059.24,58.82
182.72,68.55,26.64,3.55,5.33,0.31,1.45,13.28,44.23,1799.48,43.61
105.07,46.76,26.2,7.81,27.27,1.09,1.66,33.27,57.16,1172.25,77.56
144.98,5.57,185.99,9.44,21.53,0.8,4.12,32.9,54.6,1332.55,49.95
87.21,91.85,18.96,5.81,8.0,1.76,1.69,30.22,82.04,741.91,63.01
126.01,98.03,0.82,5.54,9.42,2.33,1.53,41.07,27.79,703.44,63.72
68.12,43.1,77.81,7.57,14.48,2.96,0.18,26.75,24.75,2585.36,76.52
60.23,61.37,20.77,5.64,32.77,1.13,6.16,34.87,26.72,653.56,59.06
115.65,45.03,172.61,6.12,20.55,0.27,1.17,21.87,20.23,2538.98,66.86
99.63,32.19,184.54,5.28,51.08,0.11,4.59,42.36,43.57,536.28,53.75
115.91,7.73,96.49,5.74,18.2,2.97,2.47,42.62,93.42,1630.07,75.26
57.33,45.61,85.09,7.92,44.61,3.09,1.55,26.87,75.68,1427.56,79.88
73.39,81.84,107.81,9.5,16.57,0.44,2.84,35.76,46.89,2293.79,55.9
16.78,1.7,45.24,7.29,7.34,0.13,2.13,18.16,36.44,2661.44,47.69
10.46,58.21,59.59,3.57,19.55,2.82,3.52,32.52,78.2,762.45,56.88
50.69,88.08,20.2,5.22,51.07,2.28,5.55,12.98,75.66,1364.7,50.19
14.85,21.75,89.29,9.69,9.52,1.99,0.5,40.19,68.03,544.11,55.88
20.75,18.33,122.34,9.42,23.95,1.91,1.55,35.26,89.86,1027.26,56.39
162.59,77.23,186.04,4.25,5.44,2.73,0.73,43.42,69.01,743.72,54.66
7.77,25.51,147.81,9.4,39.66,1.1,7.75,37.24,49.01,2898.81,39.99
131.79,19.2,144.61,9.77,56.85,1.42,4.63,16.41,78.85,1309.76,52.11
54.51,37.8,61.6,5.61,26.14,0.36,6.58,26.36,38.98,809.16,61.13
174.31,39.25,177.66,8.06,36.73,2.02,2.21,28.98,69.23,313.26,65.61
97.0,87.41,189.39,7.14,29.88,3.37,7.17,39.0,23.01,1045.09,67.02
61.12,61.84,186.45,5.69,58.53,1.07,5.07,29.26,54.17,2703.36,60.54
103.53,40.6,7.76,4.5,45.48,3.26,3.31,26.68,26.53,2129.57,73.17
76.39,53.44,120.87,5.88,7.43,2.58,4.84,34.96,97.09,417.85,70.22
112.86,95.4,128.65,9.53,10.98,0.9,1.11,32.48,31.99,37.89,60.59
22.91,11.32,59.01,8.77,30.88,2.35,2.57,36.21,44.3,1815.43,53.12
199.4,20.77,198.48,5.65,39.75,1.35,4.36,26.63,41.08,2875.08,53.41
85.11,96.25,58.24,7.06,20.97,0.52,5.16,35.32,45.16,851.78,60.5
69.65,95.73,43.32,6.14,42.11,0.42,1.81,43.99,55.49,1136.92,63.74
142.04,17.72,96.83,6.53,36.71,0.16,7.94,16.36,41.19,2456.15,56.38
72.78,14.51,64.63,8.45,28.93,2.81,6.68,11.83,50.13,1128.88,63.18
166.65,42.11,184.81,7.03,37.03,3.11,4.68,29.98,41.34,1612.4,70.98
90.85,4.97,88.02,4.68,55.41,1.74,7.79,15.55,98.12,99.97,52.6
143.91,65.49,82.03,5.25,18.38,1.87,4.15,15.78,43.06,2038.8,67.19
21.49,7.75,125.17,7.19,48.52,2.45,7.58,33.52,44.24,50.62,57.06
169.22,5.8,16.22,8.0,5.66,2.48,6.04,24.77,49.63,1107.53,49.87
147.14,48.52,151.35,6.8,9.66,1.2,1.82,11.14,70.35,252.52,68.27
42.34,95.78,153.68,7.53,57.23,0.64,3.3,29.66,97.61,146.27,40.6
29.06,42.68,94.81,8.63,43.38,1.56,2.18,18.55,67.06,13.59,72.04
63.26,35.65,191.14,7.05,39.83,2.47,5.8,25.18,98.75,62.94,66.37
195.21,99.8,115.87,9.85,23.37,2.83,6.16,11.37,47.69,1766.33,48.28
51.37,53.2,139.05,5.03,15.14,0.4,5.51,12.22,93.63,59.0,48.57
91.23,37.52,184.87,9.48,25.9,2.1,4.41,16.7,51.13,223.22,63.98
6.0,38.59,133.27,5.11,37.91,0.28,3.28,35.14,70.3,1233.1,57.44
79.45,19.5,86.37,6.96,39.89,2.9,7.88,37.65,24.14,1220.81,70.69
114.26,51.22,4.95,6.46,14.33,2.37,0.32,22.03,20.33,788.32,76.46
190.62,43.89,145.66,5.92,29.5,2.47,1.08,14.4,38.02,1993.02,73.14
103.35,27.08,192.97,9.76,36.17,2.69,4.83,42.77,23.09,200.97,50.34
163.82,16.05,94.05,5.27,57.8,1.79,6.07,37.55,53.9,861.09,52.62
109.43,31.12,67.95,7.89,35.22,1.12,7.67,15.77,55.73,2084.67,64.78
8.16,50.87,103.85,8.73,36.93,2.77,3.97,17.94,96.39,317.61,63.55
63.0,5.83,145.69,4.78,47.09,2.74,2.2,11.28,33.86,2132.25,64.12
115.11,15.37,0.14,9.83,28.04,0.56,6.92,41.53,56.22,47.91,40.97
190.12,94.77,177.44,7.05,26.11,3.17,3.58,42.66,44.63,2105.74,60.29
171.83,54.29,177.27,9.44,37.5,0.85,1.12,12.9,24.79,2360.29,49.56
45.67,6.34,108.26,7.82,48.08,1.14,4.22,15.14,28.54,2089.64,60.18
44.02,69.31,24.48,7.72,40.07,0.83,4.25,17.19,90.19,2276.77,53.24
40.23,6.18,134.36,5.75,15.24,3.38,1.91,16.33,51.8,2482.67,72.02
184.5,73.89,27.57,8.51,26.87,1.12,1.22,42.92,81.25,1409.67,55.32
170.53,75.0,101.51,3.69,33.19,3.4,1.23,19.15,55.9,1099.09,70.14
154.98,65.11,18.73,7.11,33.81,2.27,6.6,23.12,93.04,1986.9,65.45
78.55,73.22,117.81,3.71,23.68,0.7,4.06,12.4,76.17,1741.51,59.17
100.88,8.8,63.61,5.49,33.73,1.98,5.92,32.0,47.28,2128.0,63.95
92.87,72.68,166.2,4.13,42.01,3.1,7.7,19.31,89.02,2447.37,60.84
50.68,13.67,159.99,9.43,30.74,2.01,6.36,18.58,26.96,105.97,52.87
101.01,33.95,199.69,7.58,29.82,0.55,1.34,44.2,26.08,1786.54,67.4
6.1,94.27,51.5,7.85,49.09,1.08,3.42,11.35,64.39,1758.38,51.51
26.36,50.29,12.36,9.03,46.63,0.86,4.02,16.55,78.5,2244.91,47.4
177.32,96.74,88.6,8.26,28.23,0.53,5.64,27.96,68.08,2703.42,46.72
150.34,8.89,16.68,4.31,59.78,1.21,7.72,29.68,73.01,687.7,47.16
84.57,47.76,35.7,7.51,8.66,2.35,2.35,34.96,40.85,2688.05,70.63
103.43,6.24,119.46,9.86,22.93,1.4,6.9,17.32,90.23,2260.15,49.0
74.0,63.02,118.43,4.89,7.03,1.61,0.67,23.79,97.74,732.99,65.04
148.16,7.87,8.67,7.53,51.17,1.19,6.99,20.05,51.07,1979.56,47.58
156.84,17.54,88.58,7.16,46.56,3.48,5.59,39.21,52.71,2020.6,72.44
152.66,25.88,106.04,6.05,42.6,2.09,0.33,22.59,56.3,981.02,74.75
144.52,74.87,53.6,9.71,16.8,2.94,4.92,19.14,36.01,1132.61,58.73
40.9,16.4,174.41,5.82,43.92,1.6,7.46,31.59,31.29,262.11,45.77
67.59,84.66,32.22,4.11,24.54,0.67,3.52,13.76,82.15,1578.74,53.3
93.97,13.19,50.78,9.76,52.77,2.98,1.03,39.71,68.51,2936.74,66.8
66.16,3.52,31.4,8.24,15.97,2.7,7.91,19.77,32.02,170.91,58.05
150.99,39.5,23.31,5.73,16.98,1.22,3.39,38.84,59.68,1830.19,62.6
65.87,97.94,175.8,5.32,57.83,2.16,4.27,44.7,99.68,59.59,48.93
27.65,11.03,55.57,9.53,33.44,0.42,7.74,10.75,62.13,133.28,36.19
79.81,10.17,144.5,5.28,29.55,0.19,4.72,16.72,92.98,1752.9,60.39
195.98,75.12,85.6,6.99,24.35,2.87,5.44,36.14,86.84,2103.67,64.4
45.18,31.22,127.17,4.9,50.72,3.3,5.71,12.9,28.84,1833.6,65.21
122.43,71.73,185.64,9.97,24.4,1.27,6.05,25.63,52.37,1505.72,49.12
86.59,20.0,168.92,8.5,24.59,2.13,6.42,15.27,64.78,2308.63,62.67
14.2,46.01,13.8,7.19,11.78,2.54,0.69,26.44,71.94,511.16,73.83
97.58,26.53,169.04,8.35,33.64,2.64,7.48,10.44,43.32,2781.27,59.81
140.43,45.15,90.36,9.46,55.81,1.74,4.41,15.27,20.62,2143.06,48.47
102.64,76.91,70.03,9.76,57.66,2.19,4.32,19.62,44.77,2333.03,62.31
174.42,76.2,134.48,8.61,59.75,2.33,6.7,16.93,65.32,140.54,42.06
57.79,51.58,190.04,9.02,31.02,0.45,2.52,22.65,48.05,1715.22,62.97
17.25,92.84,18.83,6.09,47.62,2.29,5.28,15.07,50.46,1523.25,56.11
187.31,26.38,153.62,6.05,35.39,1.84,2.6,38.73,86.93,2550.26,67.93
75.64,24.03,40.7,8.75,35.14,1.39,6.11,28.21,53.35,2377.04,54.36
115.28,61.38,76.03,8.44,49.34,0.99,3.52,20.86,97.47,976.07,64.99
158.4,62.13,174.76,9.36,50.94,2.27,1.57,20.33,33.12,428.99,52.18
64.86,4.65,109.16,4.36,6.09,0.67,7.28,18.54,27.21,808.26,53.38
143.23,60.78,13.49,7.99,56.85,2.86,6.05,27.68,37.03,2694.24,60.75
27.08,37.44,101.61,7.71,50.26,0.68,0.21,28.59,27.04,1154.74,65.73
58.26,74.74,157.93,8.69,44.66,2.72,0.61,44.71,39.95,2788.75,64.19
28.94,80.81,105.78,3.66,51.86,2.88,3.09,32.02,63.5,1161.71,57.88
162.25,55.22,33.38,8.87,34.55,3.29,6.26,28.6,40.71,2967.3,63.91
44.53,0.17,89.01,5.62,47.53,1.68,2.28,11.34,85.45,873.64,67.11
143.48,63.64,184.87,7.97,37.93,0.32,7.93,29.25,48.7,1257.23,49.8
188.66,74.89,131.64,7.51,34.86,2.4,7.36,27.32,52.31,945.09,66.54
105.55,24.9,145.98,6.36,16.64,1.06,6.93,41.38,26.95,2971.18,61.16
108.01,46.46,157.19,8.35,51.61,0.42,0.17,35.29,41.64,1278.13,62.36
92.21,96.57,18.14,9.75,53.61,3.01,7.72,26.79,29.64,2430.72,51.32
65.18,29.81,116.31,5.6,58.42,0.58,4.77,17.98,38.61,473.22,65.94
95.13,22.32,75.18,8.36,11.62,1.82,4.77,35.01,72.68,294.1,65.11
120.56,21.09,27.83,5.54,21.04,2.78,0.88,20.04,50.54,2692.36,78.69
197.2,55.88,40.54,9.0,42.7,0.78,4.91,22.35,21.53,1191.34,49.18
187.55,94.98,156.23,6.34,52.04,3.15,4.28,34.23,41.39,2151.01,62.11
172.43,60.87,32.3,6.42,46.32,1.23,4.38,20.93,89.72,1265.78,61.29
177.83,30.33,62.48,8.52,30.06,1.45,1.61,20.39,50.23,2437.17,63.22
93.57,63.86,56.97,6.73,44.93,0.55,4.39,25.48,65.03,1839.11,66.85
131.49,62.48,9.73,5.23,8.97,2.29,0.67,33.22,58.3,2173.92,62.45
179.01,59.69,92.43,9.97,41.44,1.78,0.27,42.96,97.89,2287.71,54.23
78.59,15.94,153.19,7.53,5.44,3.41,1.78,15.2,42.3,521.75,76.37
192.35,63.46,4.43,7.69,7.62,2.47,6.43,18.84,76.57,1064.05,48.5
83.16,43.02,22.51,7.7,46.65,2.68,4.87,44.49,67.71,948.93,67.87
120.22,1.86,144.04,9.24,31.27,0.78,7.17,31.6,69.56,1846.38,51.93
141.96,53.98,118.72,4.7,8.28,2.52,3.17,10.34,84.52,152.97,65.9
190.12,98.93,143.05,3.88,31.5,2.0,2.86,41.31,33.35,479.56,48.45
48.92,34.97,46.02,6.01,8.45,1.47,5.63,19.87,87.53,7.32,62.42
149.23,96.56,160.75,7.17,24.03,2.76,3.32,29.25,28.27,1167.86,68.46
104.16,9.62,95.97,5.36,13.66,3.43,3.11,22.85,73.18,1316.91,86.01
53.71,73.25,122.06,7.98,17.07,0.42,3.78,16.1,36.57,538.64,54.09
155.32,11.43,18.43,3.98,15.76,2.78,1.01,31.07,71.37,514.19,62.87
110.44,27.36,41.01,8.64,25.45,3.23,1.7,17.52,29.23,1284.15,75.14
132.19,57.08,154.67,8.17,10.93,1.17,4.87,17.98,76.77,747.03,59.01
64.58,59.28,44.78,4.89,34.03,1.33,4.91,38.09,45.75,222.56,57.13
96.25,77.52,18.51,5.44,27.39,2.8,4.76,32.51,73.21,2766.21,76.06
123.47,61.53,119.44,8.75,51.19,3.34,1.68,42.14,63.79,2596.43,67.9
80.98,59.36,109.59,8.53,50.43,3.29,3.54,25.33,37.97,157.84,76.1
39.67,91.24,121.58,8.79,50.34,0.29,7.38,27.68,62.53,615.78,44.53
192.33,45.22,123.66,5.59,30.83,3.06,6.9,12.43,32.72,2119.52,69.61
102.29,22.53,100.04,9.8,20.99,2.09,4.5,22.59,99.38,202.89,61.62
146.78,16.18,98.75,8.15,27.85,1.53,7.22,11.71,67.71,2757.0,63.04
82.21,40.0,184.83,3.92,42.81,2.97,5.43,22.25,60.85,44.71,62.01
71.03,71.28,106.78,6.61,34.14,2.82,3.36,24.31,93.48,1611.55,82.45
81.43,4.25,123.46,7.82,39.34,1.83,6.23,16.06,44.02,1204.56,64.64
81.84,12.91,53.39,4.6,43.15,1.5,2.49,39.93,38.26,1431.01,60.23
108.84,10.61,174.22,9.36,55.51,1.71,6.85,21.79,70.92,2174.28,47.79
108.69,58.53,4.87,8.4,56.92,1.18,2.7,11.92,92.6,82.99,54.35
99.43,24.29,111.45,4.03,51.23,2.41,6.38,23.66,71.99,1865.71,66.79
26.96,16.63,76.77,9.44,8.58,3.13,2.32,29.18,21.74,2507.54,54.56
99.22,59.28,120.78,6.13,58.86,0.95,7.34,26.73,89.01,2113.85,61.85
33.82,76.13,72.03,6.44,43.7,2.91,1.56,29.72,43.79,1102.67,72.5
25.23,33.22,143.54,8.59,43.14,1.33,5.78,40.89,89.53,554.88,50.64
186.53,57.82,4.07,7.69,6.27,0.55,3.33,11.03,98.52,2143.59,52.06
120.99,9.81,81.18,6.34,31.37,0.24,0.25,37.62,72.11,1086.94,71.04
131.9,93.52,166.25,5.19,39.46,1.73,2.72,23.16,42.45,2398.89,58.97
80.36,33.69,50.04,6.86,20.32,2.03,1.7,23.44,38.07,79.78,74.93
181.8,99.75,10.55,7.26,9.58,0.12,4.49,30.66,76.36,34.13,44.57
127.59,97.86,99.3,7.6,34.28,2.32,2.15,30.78,24.3,1476.12,74.0
153.83,77.88,195.31,7.43,29.55,1.86,0.67,13.7,72.01,350.09,67.15
73.71,2.01,12.83,7.51,7.42,3.49,7.63,32.19,44.74,2475.77,53.41
192.0,54.35,14.01,6.59,33.57,0.46,6.78,16.14,20.21,250.24,54.02
164.09,8.68,119.02,7.15,10.92,2.5,0.46,20.32,70.68,2842.46,68.79
170.79,89.51,50.01,5.38,28.35,0.84,2.24,26.92,66.55,845.63,58.52
34.44,78.96,82.05,4.53,19.87,0.8,5.08,33.36,62.3,2625.83,59.92
54.19,97.23,166.1,7.45,58.38,0.16,2.64,36.5,39.89,826.4,43.68
57.13,60.84,39.77,3.81,6.91,0.12,2.33,35.17,93.17,1226.05,55.14
54.18,52.22,143.86,3.92,35.8,0.73,4.81,28.21,22.57,628.93,56.37
171.08,51.9,100.9,5.11,13.36,0.7,1.64,15.96,28.85,147.14,60.41
6.38,38.64,180.99,4.76,22.56,0.1,5.22,33.69,51.08,1788.8,48.42
15.22,46.87,194.59,5.93,15.11,2.54,0.81,44.18,51.1,2416.83,57.81
54.78,63.54,96.99,5.91,59.73,1.81,2.67,38.57,30.24,2189.74,73.28
39.97,93.29,116.93,4.26,6.78,1.45,1.01,25.08,98.66,2911.58,55.1
46.37,59.59,149.17,5.1,34.77,0.45,2.44,26.07,98.99,2722.86,55.29
159.59,85.71,63.73,3.53,38.44,1.24,5.49,43.4,81.86,418.06,46.54
112.63,86.28,45.35,5.78,47.47,1.7,6.13,12.37,44.34,1878.01,60.92
1.15,51.88,192.94,8.68,39.43,3.49,1.25,30.75,47.29,1423.36,66.11
85.86,34.75,86.52,5.23,17.72,1.84,6.0,14.94,91.35,560.06,64.68
81.58,63.96,0.32,7.68,37.89,0.17,0.77,12.64,20.6,2256.03,61.55
22.79,44.59,167.54,4.14,58.62,0.81,1.81,19.95,32.44,1450.59,55.14
135.23,8.14,119.93,3.58,51.66,1.31,4.05,18.03,42.33,2095.51,58.48
140.42,37.78,33.71,6.74,29.94,1.65,7.77,11.59,99.89,183.22,62.97
144.18,99.41,6.03,6.5,31.26,2.39,7.79,39.86,23.63,339.78,61.4
145.69,4.85,58.3,4.74,12.31,2.11,3.88,39.23,71.89,1328.65,63.89
0.01,69.67,185.58,5.36,36.35,1.83,6.46,33.83,84.76,57.58,45.85
190.78,84.12,186.7,3.7,20.41,2.95,4.47,36.89,28.34,568.62,57.41
162.84,64.87,62.2,8.69,10.95,0.77,6.04,12.33,29.91,2512.89,49.51
180.8,56.97,167.19,5.46,31.08,0.36,5.26,19.55,42.45,1412.15,55.06
3.13,70.76,88.37,4.93,7.48,2.95,5.61,30.71,67.01,2146.78,59.59
186.77,42.93,130.87,8.73,11.61,1.67,3.57,41.22,39.66,489.97,52.9
161.96,9.14,66.89,3.76,17.05,1.98,6.68,34.74,60.43,1147.9,49.87
167.44,96.24,103.19,5.35,59.48,2.95,3.62,10.62,35.09,2456.46,62.8
18.66,43.23,58.76,5.21,49.47,3.32,5.68,18.37,80.12,128.04,69.89
147.76,66.54,12.22,5.21,34.8,1.98,6.97,24.16,52.37,947.66,56.82
191.98,53.13,27.88,3.57,17.79,2.86,5.28,31.76,36.67,1532.98,61.72
135.71,5.47,58.13,9.58,33.54,1.95,4.13,33.27,83.78,1866.12,56.83
114.11,95.27,195.25,9.12,40.69,0.21,4.27,31.38,39.22,440.9,49.24
189.13,79.25,193.13,6.19,5.25,3.35,5.7,12.48,61.56,2777.1,52.96
88.59,14.91,165.53,6.4,59.33,2.88,0.83,36.52,22.92,2211.79,69.5
119.86,98.16,46.5,6.91,39.47,2.66,5.13,33.45,44.83,191.27,71.74
95.27,73.69,88.32,6.61,59.35,1.6,3.06,17.47,33.85,1336.65,68.07
186.57,47.23,87.96,8.56,30.8,3.3,1.17,27.37,40.45,2668.38,75.28
15.22,61.14,77.39,6.67,39.29,1.77,7.31,18.97,98.88,2700.65,63.09
100.22,10.67,8.98,4.73,30.38,2.55,4.03,34.03,49.61,2638.56,63.75
137.39,56.04,106.91,4.26,5.52,0.44,3.71,17.56,31.92,356.93,53.11
158.38,7.37,14.56,9.47,51.74,0.84,4.38,10.71,99.01,1502.07,39.5
116.6,54.49,160.38,3.81,29.7,1.54,5.02,25.11,44.0,1363.12,72.18
181.78,55.27,138.26,9.33,30.9,2.08,1.64,11.51,79.34,1264.13,65.36
188.4,87.44,70.55,7.99,24.8,2.84,5.04,11.51,90.82,1139.21,64.44
12.86,72.51,129.43,6.13,28.8,0.92,2.88,16.69,48.19,2576.51,55.44
80.47,24.96,46.61,4.72,44.91,2.73,5.75,35.24,71.61,2375.6,62.17
4.69,88.84,53.05,5.52,43.53,3.13,6.2,43.0,24.24,563.98,54.68
65.88,57.32,62.83,6.94,49.46,2.88,0.16,27.94,51.48,2349.11,75.36
107.37,60.64,159.4,7.77,58.61,2.22,5.76,33.73,91.66,2037.01,61.17
182.16,16.9,42.14,7.99,26.51,2.85,2.88,11.73,84.11,140.69,61.68
169.31,85.78,112.56,6.41,23.64,3.08,2.5,37.66,39.56,314.22,70.23
25.5,93.1,40.09,5.93,32.14,1.99,3.05,25.69,21.48,2845.8,59.62
18.61,77.5,57.01,8.49,13.49,2.85,4.65,26.88,69.5,1590.41,64.03
117.85,94.08,47.1,9.52,46.69,1.53,1.0,38.09,29.59,2994.16,50.8
106.42,30.23,129.0,9.44,36.96,1.88,5.62,14.08,85.17,2896.81,62.32
53.28,86.11,105.35,7.09,16.62,0.28,3.62,25.95,57.3,2305.69,60.94
179.89,48.89,144.26,4.01,52.52,3.1,1.36,28.88,51.79,966.85,64.67
185.47,16.39,43.99,3.98,39.05,0.58,4.12,31.47,39.77,581.35,50.88
80.52,66.88,1.83,6.12,6.87,1.04,4.64,34.76,63.94,33.39,58.98
178.06,68.41,136.1,8.26,15.81,1.18,2.84,32.09,85.6,467.41,48.34
76.79,28.69,22.97,6.73,54.01,0.49,7.21,39.67,57.74,2636.86,45.9
147.36,2.75,49.26,7.58,25.96,3.23,5.61,44.37,27.77,2139.69,59.38
95.19,19.98,61.14,8.98,59.14,3.4,5.32,10.59,64.57,2542.12,60.19
24.52,39.98,149.36,3.76,34.14,3.04,0.52,24.46,46.15,2520.67,68.77
185.59,16.76,125.18,9.5,16.44,1.28,4.06,24.32,61.31,2924.86,49.73
90.82,19.4,36.85,5.65,37.66,0.29,6.82,36.27,26.88,2099.12,52.32
146.9,39.14,119.58,3.8,10.63,0.72,5.38,20.17,25.95,1684.74,53.3
73.43,96.18,141.63,8.93,49.41,2.73,1.94,10.53,78.81,1772.71,60.17
3.78,76.42,77.78,9.57,39.53,1.07,6.9,12.61,59.09,2045.55,43.34
20.11,31.97,49.19,8.5,58.02,3.13,3.02,42.33,52.6,1373.87,57.59
99.24,95.16,135.8,8.73,42.96,2.94,7.33,42.14,96.32,2047.11,68.31
137.99,64.56,122.18,9.16,7.7,0.91,4.15,18.97,35.42,1780.52,51.85
66.95,45.54,15.58,6.9,31.2,2.46,6.31,42.76,92.46,481.7,64.01
139.1,46.83,133.34,7.92,34.22,1.6,4.93,40.66,86.62,336.88,63.66
139.73,41.07,97.7,5.36,55.42,0.83,2.4,34.12,62.41,657.33,69.42
140.79,23.3,150.67,5.12,28.79,2.11,5.27,18.56,56.15,2328.08,64.66
98.5,38.66,38.14,7.46,37.64,2.95,0.18,14.14,29.97,771.86,80.76
182.98,52.79,51.64,8.27,15.23,3.25,6.7,15.87,49.67,2577.99,66.71
97.84,52.8,108.66,6.08,18.45,0.3,7.73,16.92,63.3,860.97,69.11
90.05,76.17,96.35,6.1,35.17,1.52,1.74,38.25,48.24,1856.25,72.82
39.88,35.88,77.27,9.7,43.33,2.16,7.08,21.23,93.43,2599.87,57.19
61.53,71.68,149.21,6.87,28.95,1.25,1.43,33.73,23.6,2542.51,67.79
8.47,57.81,112.95,9.91,28.8,1.18,3.98,36.89,44.14,2505.14,51.03
126.71,96.18,142.05,9.11,19.08,2.72,2.41,25.17,94.42,2465.13,59.88
49.71,38.53,30.65,7.66,43.4,2.76,1.62,17.49,26.54,2062.44,68.62
60.83,90.12,145.8,3.56,5.3,2.58,6.07,26.61,57.27,2159.08,51.94
154.16,82.06,92.31,5.42,33.2,3.15,6.47,14.7,79.84,2863.87,66.49
65.44,63.77,6.75,6.21,5.2,1.78,6.73,38.54,47.05,2343.7,56.07
48.44,65.45,46.9,7.74,37.64,2.78,0.17,38.22,84.73,428.43,74.56
33.81,8.46,5.15,6.07,6.7,0.14,6.8,42.69,31.92,700.38,36.59
154.97,95.02,91.37,8.88,56.7,3.46,0.51,38.41,98.91,1007.59,60.91
25.94,10.69,65.18,7.81,31.29,3.23,3.64,32.71,71.46,264.71,69.18
90.75,56.32,197.49,5.76,42.62,2.96,1.48,23.22,43.51,2648.13,73.94
101.39,33.01,173.7,8.6,51.95,2.1,7.26,27.38,25.62,1255.02,58.4
137.48,42.99,165.13,5.47,17.95,1.95,4.66,16.53,64.57,1287.39,68.13
126.66,61.02,100.22,3.91,34.7,0.61,3.8,33.57,67.07,1224.33,63.6
162.14,90.89,161.42,4.62,52.49,0.28,3.61,39.22,55.37,1420.78,41.99
8.95,45.76,53.37,3.52,34.58,0.97,3.3,34.4,95.05,593.21,44.99
59.29,98.77,112.13,8.91,26.6,0.61,3.84,43.49,45.78,2190.41,56.38
56.03,59.28,78.58,7.58,25.29,2.01,4.57,44.06,66.36,2641.43,68.06
29.2,16.06,34.27,7.21,26.13,1.23,6.55,34.38,25.47,2164.49,57.99
57.84,19.0,14.52,7.8,38.85,1.42,1.98,36.11,56.58,819.46,56.57
61.95,71.61,111.64,7.75,7.51,0.19,6.45,21.46,82.81,85.43,60.32
104.38,5.04,19.53,7.18,27.85,1.97,6.66,11.58,79.79,421.41,62.18
132.74,48.03,143.6,8.98,35.83,2.33,6.82,40.04,58.23,2026.55,57.35
76.22,14.82,184.29,6.37,48.25,1.24,7.54,34.08,88.56,2284.45,57.07
143.89,43.32,32.42,8.73,34.15,0.55,7.66,43.77,95.99,1469.06,47.49
67.23,74.99,94.19,8.61,55.94,2.49,0.95,10.01,54.73,79.62,70.07
58.06,45.88,147.75,4.8,29.41,0.54,7.03,35.05,48.03,1455.35,55.57
108.24,16.35,57.37,6.45,40.79,2.88,6.78,19.39,70.68,2661.2,74.73
4.74,25.19,184.15,8.93,5.97,1.96,3.08,25.55,99.84,365.66,43.67
15.96,36.75,177.69,8.9,18.11,0.91,5.56,25.8,23.19,2724.83,45.06
83.59,6.96,20.75,3.66,49.85,3.16,7.42,11.25,49.32,2851.78,54.03
188.58,58.43,5.48,4.95,37.24,0.58,0.82,39.82,59.25,1990.46,57.73
144.3,60.75,195.29,6.26,57.04,2.14,2.9,13.09,98.42,188.29,54.17
17.63,6.22,191.3,3.81,46.41,2.2,7.79,43.35,86.06,1006.63,42.04
169.26,40.23,84.46,5.19,29.73,0.23,4.43,29.99,43.78,2587.39,61.86
146.46,41.4,10.11,5.18,47.83,2.17,0.82,19.61,82.63,2158.37,63.47
122.19,33.38,123.78,4.89,30.73,2.46,7.69,32.35,36.67,1473.63,68.09
164.06,55.77,58.68,6.08,23.16,3.19,7.23,42.46,67.21,484.54,61.75
80.82,34.6,187.34,8.78,7.59,2.51,6.47,37.33,23.2,1451.66,57.49
44.3,41.64,158.93,5.09,52.61,1.75,6.37,15.8,53.95,279.15,56.07
102.4,79.75,129.92,7.28,28.04,3.0,3.94,20.85,81.32,1845.43,77.24
109.77,16.21,56.9,7.12,42.68,1.3,7.01,13.8,42.94,2337.18,59.01
107.67,61.91,140.25,8.82,13.42,3.01,2.51,35.59,78.3,1884.06,68.42
113.01,50.56,57.83,6.06,50.59,2.97,2.93,17.03,46.19,41.65,78.3
189.74,30.51,7.53,4.95,50.33,2.15,1.81,36.1,25.77,2008.2,53.84
180.45,72.75,101.69,9.29,31.52,1.27,3.28,14.61,92.1,1458.54,58.7
175.14,55.12,97.74,8.91,41.97,2.11,1.95,36.69,53.62,1287.94,66.87
160.28,47.74,152.6,7.54,33.68,3.18,2.78,28.01,79.16,848.58,78.8
188.69,66.77,173.13,4.11,35.37,2.26,5.55,39.35,67.52,349.04,57.12
19.7,80.23,70.89,3.6,53.88,2.96,3.5,28.16,73.93,1680.49,54.91
53.02,97.27,89.89,4.69,58.18,1.27,6.16,18.7,63.06,2499.76,47.97
99.01,62.94,94.08,4.78,25.21,1.09,3.88,33.83,63.85,2957.58,67.18
169.31,87.44,64.84,4.39,23.25,0.97,1.2,20.51,89.39,1900.88,54.71
101.03,0.11,148.68,5.2,21.71,1.77,5.96,13.22,65.3,934.99,67.45
149.61,53.02,104.42,5.7,47.39,1.57,0.62,38.94,84.71,1241.56,72.56
27.79,21.46,182.79,8.4,44.76,3.0,7.55,35.53,55.76,2170.96,51.46
50.48,9.42,130.06,8.11,7.41,0.48,6.74,12.01,97.84,1429.38,47.13
146.36,53.2,42.38,4.18,9.86,1.98,7.71,42.44,24.97,1567.05,52.54
32.95,74.68,32.96,9.85,40.54,1.47,2.06,17.13,50.31,418.49,53.11
70.27,41.23,74.48,8.39,20.12,3.29,3.9,36.03,34.28,1610.65,73.09
52.97,67.01,69.39,4.56,10.04,2.78,1.63,10.77,43.77,2915.1,63.95
69.97,48.97,81.43,4.31,27.75,1.57,3.44,26.76,29.74,1008.8,74.02
141.66,43.71,36.72,4.07,53.26,2.28,2.03,18.99,59.93,503.94,61.13
73.57,29.03,195.64,8.26,25.15,2.64,6.84,29.43,21.07,1423.38,61.95
111.05,38.26,29.14,5.04,43.26,0.34,1.06,19.46,66.76,1557.02,67.25
19.99,34.98,130.53,3.97,54.53,2.39,1.88,27.39,95.12,2992.86,58.02
161.0,64.62,2.61,6.24,14.31,0.57,2.19,10.39,32.96,642.0,52.56
73.98,11.6,81.39,8.11,38.53,0.74,5.93,41.78,72.63,1629.34,53.87
129.71,9.26,61.84,5.48,54.92,1.67,5.08,38.3,40.74,1119.91,54.91
145.08,66.0,76.4,6.64,15.64,3.43,1.18,10.87,31.64,2239.91,76.0
41.93,54.63,99.62,4.75,59.38,3.34,4.88,44.53,87.01,2611.97,65.1
176.93,43.02,120.08,6.29,25.08,3.17,6.79,42.48,57.83,2281.98,71.63
123.24,15.24,116.7,5.83,16.96,0.22,3.67,33.08,25.34,569.85,60.36
85.75,41.1,126.14,6.32,51.08,3.0,4.93,23.79,63.37,1952.3,74.13
36.47,78.97,168.91,6.53,30.73,2.74,4.3,40.94,98.3,696.43,70.16
188.46,88.96,177.34,4.1,41.89,1.8,2.93,40.04,84.37,2951.28,43.99
151.01,70.26,147.45,4.11,31.93,1.21,0.12,24.75,64.5,1679.16,65.34
41.6,5.99,15.79,5.19,40.39,2.67,1.57,34.67,96.07,1291.67,61.34
67.54,67.04,192.26,4.25,6.95,0.46,7.58,38.37,84.18,1939.0,38.85
161.93,24.1,189.48,5.14,24.26,2.31,2.9,38.61,55.81,1798.57,66.28
139.14,31.53,142.34,3.66,41.15,2.38,2.45,44.07,57.62,2751.63,64.82
153.16,19.59,103.49,5.78,24.29,1.98,4.95,38.0,94.17,1537.83,65.92
88.24,77.58,50.12,4.89,47.67,3.08,7.24,29.42,23.62,2268.38,59.53
143.3,64.86,151.27,9.3,57.85,1.22,2.49,38.14,46.27,2953.92,53.19
77.3,61.18,175.57,9.08,7.06,1.73,1.86,20.57,55.11,1895.29,63.39
42.25,66.8,133.04,5.45,52.04,2.68,7.23,18.65,36.13,413.37,61.34
126.54,23.68,125.81,6.59,14.3,2.54,6.21,20.36,34.21,2987.97,76.16
195.2,44.46,38.6,9.71,55.45,2.01,5.65,29.05,60.12,1930.26,51.68
62.12,63.33,71.56,6.91,57.07,1.03,4.5,30.6,66.89,2967.79,58.04
92.19,63.66,144.63,9.01,36.3,1.1,3.46,21.21,56.74,1566.74,61.08
134.8,79.19,3.38,8.87,31.35,2.62,5.14,26.86,52.55,149.95,60.3
108.3,28.71,128.25,9.62,46.72,0.12,1.81,30.2,76.46,2784.08,61.01
168.69,77.03,153.33,5.49,55.49,2.32,6.56,19.71,79.28,2659.57,53.6
152.35,44.02,66.94,3.78,17.78,0.94,3.39,11.99,33.92,1461.56,56.4
11.66,67.02,15.23,4.18,26.03,2.39,6.06,13.69,25.19,1040.61,50.03
199.68,45.57,163.82,7.21,27.96,0.74,6.51,31.45,25.19,443.85,52.51
150.48,94.86,28.37,6.95,51.52,1.38,0.7,42.26,78.79,2785.97,55.1
172.78,17.93,74.16,5.44,12.53,2.66,5.44,25.6,21.26,1566.79,63.64
130.24,67.5,141.45,5.12,39.27,2.67,2.49,27.8,98.04,2347.33,70.59
171.26,57.65,163.4,8.11,24.3,0.81,2.93,11.41,76.48,1850.98,56.31
22.48,17.27,172.48,5.71,53.7,1.38,5.89,43.33,67.76,351.4,45.84
69.55,6.6,106.08,7.43,23.69,1.81,7.66,40.04,22.56,143.54,61.75
175.28,79.91,95.17,8.13,58.79,2.1,6.45,27.08,22.55,1134.57,59.9
40.33,15.75,169.66,6.3,5.86,2.62,2.4,40.88,56.52,22.47,66.24
15.65,18.65,112.62,4.76,18.18,0.18,5.69,25.29,50.68,633.48,48.31
157.62,97.84,115.73,9.1,30.15,0.49,2.69,26.01,43.16,2751.38,49.33
167.1,71.73,86.79,4.11,19.1,0.64,3.57,33.91,30.34,1738.93,54.03
32.53,25.05,74.56,8.89,45.56,0.75,1.07,21.32,41.8,2083.12,58.92
170.87,59.09,96.11,8.94,49.8,0.2,6.69,40.85,70.79,2338.33,46.12
137.35,53.41,72.97,7.21,43.36,3.23,5.21,17.48,51.87,2840.05,71.98
104.02,84.45,68.71,7.59,58.37,0.65,6.92,43.62,44.97,459.9,54.59
166.05,72.93,198.73,5.83,30.08,0.35,1.87,42.45,93.98,1727.02,62.44
83.85,83.17,67.24,8.97,58.89,1.7,1.12,22.1,46.56,1166.49,59.8
38.8,21.15,51.28,5.21,11.85,3.3,6.54,33.12,92.86,1145.66,66.95
56.97,64.02,70.78,7.14,51.53,3.38,7.04,27.38,26.48,2042.29,68.22
101.03,4.02,118.16,3.51,7.11,2.4,1.46,30.46,86.11,609.28,62.19
106.27,6.89,182.2,9.61,34.26,0.71,5.17,16.05,60.93,1902.32,53.86
161.12,71.35,157.57,9.66,31.65,0.11,1.4,36.2,60.76,1089.75,52.51
158.27,2.44,168.45,8.12,52.1,1.24,0.21,27.86,67.73,355.77,51.98
116.27,57.98,171.8,6.25,43.54,0.53,4.38,13.65,73.07,2543.74,61.84
156.16,84.04,184.11,4.66,29.26,2.67,7.61,37.97,85.46,429.29,55.93
38.35,37.99,47.01,6.7,54.26,3.39,4.76,41.56,24.3,1517.77,66.83
10.01,4.48,91.67,8.64,53.72,0.38,3.49,10.22,45.04,833.31,45.03
174.73,71.38,77.04,7.43,6.36,1.45,2.33,38.24,57.06,2860.13,56.48
15.11,92.97,76.38,6.93,52.91,3.17,2.32,29.86,97.17,1840.79,68.33
49.34,71.72,130.46,9.02,33.96,2.58,2.18,11.76,24.89,1911.18,65.37
139.06,57.84,80.36,5.54,51.14,3.06,1.75,25.6,51.6,1628.66,73.62
81.89,23.0,123.27,9.09,14.97,3.24,0.63,24.55,82.6,2689.27,66.76
175.26,1.54,76.46,6.36,13.31,1.5,6.08,16.72,94.44,908.21,61.39
59.6,69.47,62.23,3.52,44.72,2.46,2.59,22.6,84.47,1704.67,66.46
2.37,23.1,70.62,8.26,20.14,2.51,1.33,27.6,98.17,674.2,64.08
60.13,85.82,160.75,9.21,35.74,2.24,4.87,29.22,62.18,587.5,58.43
115.62,46.64,120.21,6.65,42.88,1.21,7.48,15.11,78.26,1444.36,70.67
75.19,53.06,194.8,6.46,38.57,2.93,5.54,30.53,90.5,822.07,77.03
106.97,75.39,166.53,8.74,43.44,2.71,1.62,18.98,53.15,2245.11,69.62
175.32,77.94,97.16,9.25,39.12,1.61,3.37,15.71,26.49,127.54,57.11
182.5,64.27,48.48,9.83,25.85,1.53,6.62,21.58,24.42,349.82,54.85
53.19,93.84,134.78,5.75,9.98,0.14,0.5,32.29,93.79,1859.48,53.02
92.43,98.23,145.33,7.37,52.04,2.97,2.76,43.59,20.16,226.57,64.36
109.83,94.69,92.84,8.85,51.53,1.07,3.16,38.86,45.37,954.63,61.59
189.82,82.42,45.98,6.96,5.31,1.7,3.68,40.29,88.05,1878.36,50.47
199.72,70.56,111.45,6.5,51.25,1.5,4.51,17.58,51.8,649.99,60.79
47.08,66.33,50.77,7.22,13.3,2.41,4.0,26.15,35.75,2334.39,61.55
145.4,10.38,188.0,5.82,23.31,1.43,1.39,25.63,30.45,2879.89,66.96
75.61,27.15,125.78,4.75,27.73,0.71,3.39,26.11,22.78,2809.15,60.77
1.62,0.57,58.39,3.93,42.38,3.05,3.02,16.99,71.79,261.93,54.46
1.85,13.74,43.15,7.46,10.08,0.72,7.44,39.52,46.04,2159.32,40.34
92.11,43.92,143.34,5.96,50.47,0.2,5.97,21.61,20.96,2271.67,60.81
97.67,14.65,141.56,9.24,56.85,0.77,6.94,26.6,26.64,530.26,50.58
4.51,90.17,119.43,4.95,57.4,1.65,5.71,22.69,88.16,282.12,43.83
137.39,80.57,122.86,5.52,10.05,1.54,0.55,22.16,29.87,311.18,61.82
58.8,7.16,120.77,9.81,55.57,2.81,3.85,31.49,59.82,1490.66,62.0
111.98,24.89,72.02,7.12,36.23,0.76,6.25,44.76,47.75,2620.46,63.44
60.18,81.91,187.48,5.75,44.98,2.74,4.77,40.97,36.21,996.55,64.66
33.43,80.3,95.86,9.1,56.18,0.43,6.09,42.47,29.99,498.62,37.58
81.43,94.55,4.07,8.33,41.35,1.71,7.7,25.19,71.11,1808.57,58.15
46.45,99.75,69.67,7.23,30.12,3.04,2.05,16.66,90.04,1128.14,68.86
106.96,97.63,26.06,9.28,33.88,1.5,7.87,10.47,68.11,2946.79,47.32
39.77,41.01,72.68,4.11,42.65,3.38,1.05,11.53,50.08,1584.5,68.41
101.68,25.03,121.65,6.06,56.96,2.25,7.37,35.42,44.52,46.39,74.65
31.48,75.84,4.53,8.77,53.94,2.67,1.63,22.71,49.02,2286.23,57.14
134.19,29.93,174.04,6.01,36.74,1.83,5.78,32.87,49.31,2808.63,62.95
150.79,80.64,122.06,9.52,16.61,1.56,6.29,29.35,60.85,2250.48,54.54
22.08,53.4,59.07,4.49,24.07,0.39,6.51,44.3,49.42,837.53,52.36
93.56,79.39,62.24,5.69,24.9,0.51,3.56,34.94,66.91,2596.69,61.4
14.17,27.59,93.13,6.27,20.9,2.04,1.44,44.39,28.36,1759.24,70.89
119.64,50.8,49.62,7.97,46.07,2.19,6.39,20.51,42.0,1546.31,67.31
52.88,56.4,0.87,4.77,50.98,3.45,5.19,21.61,77.73,567.56,56.73
105.52,94.31,5.31,3.56,22.59,3.02,2.14,27.85,80.65,1283.69,63.33
103.49,26.66,71.55,9.85,51.54,2.97,3.2,27.38,74.09,2082.55,72.64
184.87,93.67,24.84,9.34,45.39,1.07,2.45,28.22,47.28,2482.52,46.79
109.82,80.49,4.47,5.45,29.26,1.5,7.33,39.82,55.7,2650.21,56.67
116.6,73.09,171.85,6.64,43.43,0.45,6.45,35.0,34.57,1654.21,61.44
80.33,78.69,54.83,6.68,47.31,2.08,7.07,16.23,97.29,2619.8,58.29
189.82,60.54,100.62,9.15,35.86,0.34,0.51,30.54,89.61,2881.31,57.29
155.44,24.41,35.88,7.38,29.37,1.62,5.32,16.13,95.34,2113.52,64.58
57.08,18.95,9.34,8.87,10.59,2.03,2.21,24.74,65.56,2602.37,54.47
168.84,86.63,148.97,9.43,5.08,0.88,6.01,41.83,57.26,2849.4,40.27
86.48,72.51,24.99,7.18,56.55,2.74,7.14,12.56,89.51,1061.28,66.73
165.73,21.32,5.14,5.36,19.71,2.39,6.15,43.72,52.66,2457.31,47.23
164.58,61.51,117.45,6.74,41.46,0.6,7.3,17.75,41.45,1842.97,56.82
37.77,44.75,2.69,9.03,56.88,3.44,3.25,16.14,60.2,2318.37,58.1
140.23,15.87,87.26,7.29,50.01,1.94,5.03,26.82,33.57,336.82,66.54
58.13,53.19,57.77,9.32,11.74,0.19,3.85,41.31,81.53,2725.24,48.91
59.5,28.15,63.88,9.32,49.11,1.29,6.66,16.56,55.32,2161.21,51.86
59.27,9.62,0.78,5.93,44.95,3.43,4.55,10.26,72.39,753.65,64.19
145.11,46.7,192.87,6.41,23.12,3.17,5.71,24.66,66.72,2036.37,72.22
45.97,59.01,103.39,7.91,42.93,0.61,5.08,30.07,66.8,1975.18,56.62
0.18,4.69,114.5,4.22,50.42,3.01,6.91,36.15,94.48,1657.31,50.97
143.05,40.21,133.22,6.53,21.03,2.2,4.27,11.96,24.47,533.16,70.42
34.24,25.77,159.5,4.47,52.8,0.17,0.96,28.27,69.09,1563.23,52.66
20.9,3.07,121.58,9.01,9.33,2.68,7.6,15.84,41.0,1909.61,49.11
47.5,12.57,152.44,9.63,34.01,1.5,4.49,25.05,29.98,1653.61,56.41
75.98,13.9,89.75,4.42,17.83,1.45,6.28,43.93,24.38,1001.05,52.81
95.18,18.29,74.26,7.84,45.04,1.4,5.46,44.29,86.41,2108.8,60.79
8.91,80.34,164.63,7.64,14.62,2.13,3.51,44.49,51.9,1917.86,50.13
194.11,43.95,173.06,8.44,23.78,2.53,7.62,22.72,75.91,698.3,58.31
143.21,14.71,27.56,8.02,12.01,2.3,5.89,34.6,94.58,1135.33,58.16
64.64,10.03,108.53,4.91,49.66,0.92,1.93,40.54,88.38,1415.13,55.4
63.74,29.79,136.73,5.39,12.28,2.5,7.97,27.7,39.37,2553.28,65.69
89.71,79.8,16.72,4.57,44.77,0.56,8.0,26.61,70.83,313.37,53.44
125.25,36.45,185.92,9.49,43.9,3.4,2.39,35.28,43.85,1205.06,65.51
29.27,15.99,104.02,6.89,12.83,1.71,7.88,27.6,23.92,281.65,56.99
37.79,40.41,129.09,9.85,36.13,0.41,4.98,30.38,92.64,2026.1,49.88
171.89,55.53,35.65,6.42,32.33,2.06,1.56,25.86,76.39,1224.21,72.37
51.25,2.96,52.89,7.09,37.7,2.06,7.83,35.6,86.81,876.87,57.59
76.04,62.76,24.2,8.63,56.55,0.23,0.91,39.74,41.84,2534.38,54.57
174.25,39.51,52.8,8.68,9.43,0.14,5.14,25.89,42.32,2984.68,49.78
132.63,0.97,98.48,5.0,50.13,3.49,6.71,27.19,36.36,2184.49,70.13
68.34,67.39,166.73,5.37,52.42,1.43,6.65,42.3,42.79,29.19,55.72
136.74,71.24,106.74,4.14,11.95,0.93,0.15,29.71,28.48,2920.59,60.34
3.94,62.88,48.89,8.74,41.09,1.96,3.46,26.62,78.6,418.88,55.99
147.13,34.19,8.92,8.66,43.62,0.13,0.8,43.98,97.67,888.35,47.71
97.4,52.96,124.39,4.03,35.18,0.14,2.15,12.32,92.65,1247.42,64.03
162.64,38.72,84.03,5.17,32.66,0.48,7.51,31.81,31.74,430.6,58.55
190.93,70.06,196.87,6.42,22.48,2.83,7.09,10.89,36.88,1278.63,60.22
185.16,58.36,155.95,7.02,42.9,0.94,5.31,25.71,48.84,2704.49,56.08
181.85,8.18,161.67,6.9,20.71,1.81,7.2,21.35,35.97,789.67,62.49
102.43,64.31,2.45,9.89,30.3,0.86,2.6,25.21,74.92,797.73,56.4
72.03,68.72,155.56,8.47,52.16,1.95,6.64,41.61,79.77,1771.77,57.07
93.01,37.07,38.92,4.24,9.92,1.83,5.51,27.82,80.51,2007.8,55.44
137.98,87.58,117.16,5.41,34.06,1.46,5.9,30.44,66.68,1783.86,63.44
176.8,84.3,89.48,5.75,31.73,1.57,0.78,21.53,40.3,233.51,65.41
41.4,17.52,114.32,5.55,25.82,2.32,2.86,44.48,29.67,2639.76,63.66
183.64,90.43,26.69,8.61,37.86,2.96,0.48,44.12,59.04,2201.18,58.21
163.04,44.09,91.38,5.84,5.86,1.19,1.29,40.51,91.12,1717.86,60.89
195.77,72.37,7.39,6.7,32.09,1.91,2.24,34.78,41.96,1339.13,61.06
176.05,81.41,8.2,6.97,31.71,3.0,4.73,24.98,46.11,2924.65,61.59
55.99,50.51,131.55,5.26,33.39,0.67,6.1,14.43,77.41,2513.57,67.34
21.19,39.91,190.34,5.6,16.68,3.43,0.96,41.82,47.4,782.02,64.01
22.45,91.55,155.48,8.57,16.42,2.65,0.53,28.69,89.77,1879.51,62.03
58.24,23.09,93.83,9.13,40.6,1.34,7.08,29.66,89.25,701.4,49.98
122.84,25.7,11.17,3.74,10.1,1.38,1.13,13.59,91.99,1713.01,54.31
160.86,36.16,9.0,7.43,21.83,0.8,3.64,37.74,81.61,2196.32,58.81
179.85,85.95,31.58,7.62,50.69,1.01,0.99,29.33,24.73,1396.96,58.31
124.75,93.88,195.16,8.29,10.71,2.1,4.33,19.04,62.45,904.57,58.02
1.13,22.01,79.73,8.01,30.74,0.11,0.94,16.01,58.1,1022.76,60.07
37.26,86.39,168.68,9.2,41.77,0.18,6.12,31.49,56.96,2583.88,41.44
19.95,25.82,141.03,4.01,12.79,3.45,0.78,40.24,72.4,211.15,61.83
72.66,97.06,121.09,6.02,22.19,0.9,3.5,28.38,80.16,2736.53,59.16
100.27,59.74,189.57,8.58,35.73,2.92,3.42,40.12,63.31,775.53,67.46
8.68,0.71,46.08,9.0,23.0,2.18,7.37,16.56,80.32,1846.77,46.63
69.7,3.41,90.98,5.22,11.05,1.62,3.5,29.37,39.43,1506.12,67.64
35.84,14.75,172.94,7.3,17.78,2.59,0.66,25.44,71.25,942.89,72.69
129.41,18.76,110.35,4.67,11.02,0.27,4.39,21.3,68.93,2697.73,51.59
92.85,76.76,49.29,9.03,59.1,2.67,5.83,13.51,46.77,2483.49,57.57
99.06,22.28,41.78,8.25,17.96,3.01,2.77,17.22,60.31,1655.26,78.47
85.54,96.91,150.58,4.94,34.18,1.05,4.91,41.09,99.17,1222.07,60.09
191.2,63.61,2.56,7.55,28.57,1.13,1.06,22.68,75.98,2028.59,60.42
42.95,69.25,182.84,6.81,36.32,0.45,3.46,40.03,55.57,355.83,55.26
103.33,21.78,3.68,5.18,32.4,3.01,1.41,38.49,76.64,2841.89,71.4
147.2,89.27,126.2,9.31,44.99,2.85,2.26,20.67,50.64,2667.6,64.46
111.37,66.78,120.95,4.46,53.02,1.55,5.16,26.74,45.39,1533.63,64.15
185.8,86.44,115.68,6.54,20.69,1.38,6.05,25.87,60.18,2504.31,61.94
75.59,95.65,94.87,7.29,15.1,1.55,2.56,41.4,55.91,2757.94,61.22
92.74,12.56,170.49,8.85,59.14,1.53,7.92,31.52,96.03,394.47,50.01
17.7,9.66,131.87,4.48,52.63,1.56,2.35,25.31,98.31,791.11,53.71
121.8,80.34,156.37,7.46,25.02,0.6,1.29,28.18,45.92,632.85,64.45
57.64,86.61,23.1,3.54,54.21,0.15,6.95,39.45,25.33,1994.39,38.85
32.06,58.38,9.98,8.85,41.88,2.69,5.23,20.77,36.15,2949.27,59.32
108.91,36.6,5.71,5.03,29.06,1.27,5.47,24.56,94.14,96.98,57.2
106.46,65.26,29.44,8.19,53.04,1.77,6.38,14.57,32.12,2985.26,54.49
15.17,30.57,133.4,7.41,42.14,1.15,8.0,29.88,69.42,346.29,52.58
139.64,23.84,98.8,3.83,50.45,1.4,2.34,43.94,23.13,1870.13,55.33
124.75,48.81,150.45,4.69,27.98,0.35,4.43,22.05,60.56,2037.38,65.52
37.8,21.62,38.35,5.24,48.93,1.36,5.66,42.93,52.56,111.62,45.83
93.89,48.37,73.39,9.26,25.18,1.67,1.26,38.16,76.85,999.23,74.55
144.06,95.66,177.7,6.63,45.43,2.93,2.52,37.74,60.89,1402.46,66.51
105.89,83.98,187.14,9.44,28.95,1.2,2.52,35.99,58.81,2721.33,54.21
79.1,94.16,184.35,3.81,27.29,0.4,2.69,36.6,69.96,2106.04,52.46
64.47,80.63,163.66,3.54,48.81,2.68,5.77,21.8,76.09,1883.09,60.96
122.08,35.48,137.65,9.66,11.88,1.38,4.78,39.13,71.81,388.17,56.17
187.82,81.2,182.74,8.21,56.05,3.21,5.76,44.08,90.68,869.97,50.48
134.35,92.29,142.84,8.59,32.98,3.36,4.15,13.65,29.14,1318.86,65.31
14.95,94.7,190.79,9.45,39.98,3.06,7.65,14.44,96.65,905.84,46.21
92.14,68.32,4.96,9.9,27.29,0.87,4.21,10.41,74.19,1312.71,52.8
178.16,21.14,184.33,4.14,40.52,0.96,4.87,34.57,35.82,2760.21,39.49
18.89,3.97,111.15,4.53,44.04,2.8,2.46,12.54,53.08,1815.72,61.57
197.78,14.72,22.36,4.73,52.77,1.62,0.56,28.27,44.72,1555.31,56.39
189.81,96.55,42.98,8.82,51.99,1.11,6.54,34.07,77.35,1613.19,40.44
15.65,46.21,170.43,5.81,24.68,1.1,6.87,30.81,99.64,2319.98,60.01
186.68,85.5,101.22,7.36,38.87,2.06,6.82,31.25,89.47,2925.31,55.9
72.63,46.5,196.56,9.06,47.93,3.14,6.43,43.65,88.96,2945.67,52.34
168.94,66.08,23.51,7.94,47.07,2.2,2.22,20.55,52.96,1977.33,69.3
83.68,2.41,82.5,3.93,54.0,2.21,4.64,31.71,54.87,1104.72,61.25
88.17,24.99,66.37,6.4,50.76,2.64,6.54,31.93,36.29,1771.94,70.18
126.85,43.63,103.23,3.94,44.48,2.69,5.04,19.65,49.72,204.1,69.21
154.9,63.06,126.69,6.61,46.19,3.19,7.67,20.6,70.32,485.42,71.82
6.76,17.15,132.33,4.93,49.41,0.65,5.45,35.93,87.35,2672.48,42.22
118.63,76.46,0.26,3.51,51.08,3.45,4.53,21.01,24.7,2244.51,58.34
37.35,36.44,17.79,8.79,24.4,1.22,7.96,18.12,95.69,733.48,48.17
69.19,81.74,7.01,9.8,48.0,1.06,4.32,44.43,39.42,1235.84,41.75
69.59,9.8,172.92,9.77,57.21,1.83,7.74,13.25,36.02,186.84,40.58
93.81,67.98,62.66,5.44,17.81,1.0,0.2,20.95,51.83,2593.41,67.95
66.83,29.33,73.41,8.89,7.65,0.89,4.45,39.42,70.97,903.92,54.52
21.47,79.54,90.07,7.91,8.98,3.39,2.38,17.1,65.53,1640.62,66.55
29.13,40.22,169.86,8.7,16.92,0.45,3.23,19.0,40.19,2958.52,54.32
6.69,66.53,2.83,9.0,55.59,3.47,0.79,15.68,96.67,541.44,56.32
94.05,93.43,23.72,9.87,11.97,2.22,2.19,30.48,67.83,2646.79,50.08
190.89,2.06,137.03,4.49,46.12,3.36,4.6,10.09,85.73,775.89,51.38
23.14,1.11,192.78,8.5,52.69,3.15,5.8,40.65,93.19,344.15,47.11
189.25,77.03,128.56,8.27,53.26,2.3,7.29,23.14,52.02,66.08,55.07
146.67,64.64,52.22,5.37,27.92,2.11,1.93,27.55,38.5,2518.16,71.57
127.5,29.3,103.97,6.05,32.24,3.47,6.38,18.7,71.2,5.72,79.59
129.06,49.44,195.0,4.65,22.78,1.85,0.29,11.47,46.92,2856.61,62.48
165.35,4.19,105.62,9.44,13.1,0.71,7.16,43.68,50.76,550.46,48.39
21.38,19.24,74.7,9.22,16.67,3.48,4.8,40.83,31.0,2436.4,53.83
100.95,42.45,76.69,7.49,12.41,1.2,6.78,19.67,85.6,2584.91,67.3
139.42,83.4,193.41,6.83,27.41,0.4,2.12,13.48,82.41,254.76,54.1
117.36,47.97,143.78,5.01,14.37,2.54,3.05,25.76,71.01,1147.63,71.93
166.56,58.64,137.43,8.63,27.19,1.62,0.87,29.27,50.45,830.59,68.92
14.45,87.38,46.41,3.55,51.82,1.42,0.72,29.97,97.57,46.06,49.59
138.14,30.88,111.9,6.51,41.0,2.25,6.63,42.08,48.72,1270.02,68.2
106.81,70.07,71.35,9.09,41.45,0.28,2.45,33.55,69.51,1455.72,64.55
75.83,86.17,48.04,7.52,49.65,2.47,2.89,31.57,31.9,2038.4,67.21
68.05,20.26,179.11,7.63,7.27,1.81,4.29,12.99,31.26,732.9,58.22
124.17,35.65,76.63,3.96,48.7,1.77,5.4,28.36,96.44,2539.62,60.07
178.2,97.98,56.56,5.36,15.8,3.16,0.47,29.35,78.19,1438.83,68.53
99.24,98.32,186.34,7.88,24.03,2.93,4.64,32.05,22.08,2012.03,62.54
164.94,22.32,39.47,3.82,21.94,1.91,4.92,15.63,71.08,1404.5,60.22
80.43,6.64,149.1,5.65,10.81,2.07,6.82,43.63,23.79,244.32,58.56
20.48,27.09,130.55,5.8,14.55,2.84,1.32,30.03,79.55,2996.99,67.01
12.3,39.77,184.1,6.74,57.6,1.5,3.66,24.58,24.39,2335.78,58.88
10.27,44.1,166.41,5.86,38.01,2.38,3.85,33.23,49.44,2943.57,67.36
76.03,61.88,141.06,6.45,31.07,1.94,6.8,15.07,50.19,2466.71,73.83
67.45,89.95,62.91,7.06,46.68,1.8,2.96,25.27,67.35,1372.35,70.87
143.59,33.03,99.11,4.33,49.76,3.45,0.74,35.23,36.99,2071.19,70.0
148.56,85.0,188.9,4.67,11.06,0.16,4.85,42.92,75.43,2506.37,39.47
10.17,9.35,4.64,8.91,45.75,1.51,5.33,25.63,62.86,1931.12,40.05
44.22,4.19,158.87,6.49,56.28,3.26,4.7,32.07,46.81,1951.69,65.44
54.85,50.4,50.36,5.81,37.2,3.26,3.97,25.08,81.87,602.46,78.04
109.52,5.97,37.0,6.32,38.78,2.64,1.78,28.34,68.26,328.95,68.65
28.9,39.25,46.44,4.64,52.87,2.11,4.36,27.6,91.84,2203.48,49.86
26.79,89.68,11.95,5.06,42.37,2.45,0.39,34.37,61.58,1696.86,66.6
188.76,24.15,198.4,6.85,59.74,0.96,4.58,32.87,45.34,2197.4,42.14
160.84,70.6,173.97,5.83,20.55,1.76,3.96,10.28,20.44,1748.53,61.04
36.13,30.24,104.21,6.59,51.5,1.92,7.63,12.92,65.66,37.8,57.01
81.31,4.49,143.02,4.47,38.68,0.32,2.63,36.62,92.2,2918.3,55.97
71.12,55.67,111.32,4.52,25.12,3.05,0.27,15.65,30.42,368.63,80.16
158.2,83.49,162.32,6.0,53.57,1.65,6.1,36.94,98.19,2131.62,54.27
102.04,40.95,168.95,5.96,59.79,3.16,1.42,38.54,71.45,1844.19,72.28
25.57,61.73,46.56,9.24,8.18,1.43,4.4,42.72,39.66,743.38,49.84
147.8,90.0,91.95,3.72,55.9,1.49,1.8,38.49,95.7,2483.31,50.19
79.38,78.97,126.97,9.95,16.17,0.93,4.36,28.67,99.18,785.53,49.65
52.58,19.39,195.69,9.72,16.29,2.29,4.69,17.39,22.42,211.26,48.55
75.1,73.34,136.54,7.02,7.3,1.96,5.33,14.5,96.33,2079.37,60.86
99.55,50.19,179.53,8.17,55.72,3.2,3.05,40.59,41.05,978.2,68.11
68.62,74.6,169.22,9.58,46.77,1.56,0.58,23.66,78.86,489.29,60.03
48.38,49.45,116.41,5.13,7.94,2.3,4.82,11.83,42.48,528.71,60.84
79.7,12.8,178.73,5.55,39.84,2.51,6.93,22.16,56.4,47.35,68.19
3.83,56.99,75.48,4.22,11.61,1.19,4.25,40.4,41.58,913.48,54.35
154.5,49.21,75.86,7.16,46.33,3.09,2.08,29.68,77.64,828.69,77.3
34.19,51.79,156.19,4.54,27.5,1.39,3.37,32.45,84.28,1445.54,67.28
8.78,87.89,26.91,9.55,7.85,2.27,4.37,18.87,78.52,1438.2,44.81
130.74,89.48,61.17,6.31,50.62,2.19,0.79,10.68,96.73,2037.98,68.04
154.79,45.35,121.71,9.48,36.48,1.53,4.59,42.09,31.46,1536.42,58.81
162.77,45.57,84.01,4.83,47.51,0.72,0.96,12.6,66.24,2441.22,56.66
98.7,51.52,188.14,8.01,42.1,2.11,1.51,44.98,95.66,2623.32,68.53
41.07,51.96,191.7,7.71,28.89,1.38,3.2,40.42,57.1,1655.83,60.07
147.45,95.04,100.52,6.1,43.43,1.39,6.41,14.06,91.07,2542.68,60.26
139.94,64.94,107.81,9.34,5.81,1.78,6.61,44.98,20.84,2970.86,49.22
49.25,27.75,144.93,6.33,23.69,2.4,2.33,38.28,95.61,1985.7,68.0
180.68,53.15,91.45,4.79,47.78,2.58,4.35,39.69,24.05,572.91,61.64
20.87,62.72,38.02,9.85,46.97,1.55,0.84,38.34,24.71,1600.11,52.69
196.54,63.98,149.39,6.37,53.81,0.51,7.98,42.51,48.87,183.37,47.94
172.05,58.53,147.56,4.85,38.61,2.79,5.27,36.48,86.95,2338.29,56.45
137.58,17.77,49.0,5.86,56.82,2.38,1.87,28.42,26.92,127.24,66.8
187.75,3.36,166.58,7.49,35.67,2.82,7.21,10.0,94.3,1446.66,51.96
144.46,33.78,122.73,6.83,32.52,1.17,2.86,19.78,37.83,2791.86,64.91
38.09,42.75,47.26,7.63,15.85,3.19,2.27,31.01,23.95,2545.51,68.82
88.43,6.18,130.41,7.8,47.84,0.99,2.45,20.93,65.09,149.44,59.86
14.3,81.5,46.72,4.3,43.06,1.09,3.94,24.35,86.34,1146.68,52.26
77.93,34.41,53.05,5.55,30.34,1.92,0.36,13.78,97.79,977.41,72.75
148.32,91.36,169.6,8.37,9.79,3.49,5.25,44.3,38.96,213.24,56.3
77.29,15.44,185.9,7.73,11.91,0.79,7.59,14.02,87.89,332.12,51.32
66.06,5.69,51.38,4.07,11.3,2.95,6.54,12.5,31.34,1694.35,59.28
119.07,48.23,185.61,5.55,25.66,0.11,6.51,30.46,79.9,975.04,58.14
174.44,18.91,47.76,9.55,13.74,0.91,6.22,31.75,22.61,129.69,40.58
9.52,93.74,23.45,9.1,52.35,1.28,2.92,28.36,51.05,2554.16,40.39
77.09,1.03,11.64,7.86,54.46,2.31,1.6,22.36,84.92,1635.32,59.96
31.65,41.26,48.42,3.97,52.12,0.49,2.58,42.35,30.3,2109.52,44.68
139.07,92.67,77.05,7.45,38.49,0.54,1.47,22.02,68.08,2087.91,64.75
21.14,38.44,185.51,3.58,37.8,0.6,6.82,20.87,86.37,238.89,43.03
132.96,9.31,48.43,7.8,54.0,2.35,3.43,43.08,36.57,12.98,57.4
57.24,30.29,73.09,8.25,27.35,0.49,6.51,40.97,84.2,2534.12,55.74
39.78,49.8,146.83,6.73,8.43,1.45,2.39,26.69,44.5,2914.54,68.35
187.27,18.52,60.41,3.52,30.87,0.63,1.24,19.12,52.17,1676.08,51.87
3.7,46.66,136.87,7.83,35.45,1.4,6.98,14.53,80.09,1546.98,46.68
87.56,83.63,86.42,8.83,35.22,2.53,6.41,37.97,85.86,358.36,66.96
4.33,87.26,39.29,7.31,13.75,1.04,4.49,35.42,44.19,1677.14,53.12
96.72,4.93,146.81,8.11,48.09,2.2,1.07,13.7,37.63,63.46,62.96
100.21,16.09,5.41,4.09,45.26,0.94,2.76,35.91,64.74,2371.84,55.3
64.33,27.53,58.47,8.15,17.64,2.61,0.55,41.42,66.08,1557.7,75.42
26.43,59.49,71.24,7.49,35.32,2.74,7.2,11.95,27.06,2150.17,68.55
75.28,36.1,91.64,5.65,48.47,1.16,2.0,24.37,65.39,1431.07,69.82
134.45,84.4,135.97,7.95,5.42,0.18,4.23,24.29,70.89,2219.34,52.47
156.48,71.67,91.88,7.7,20.13,0.54,7.54,38.36,27.87,1653.79,49.11
106.15,10.05,118.86,7.4,30.96,1.77,5.02,14.16,85.32,1600.37,68.43
117.97,62.46,119.16,4.69,51.48,1.4,5.02,15.3,60.09,1113.52,63.02
40.12,11.3,74.65,5.43,48.94,1.27,6.68,23.41,68.08,857.42,49.5
57.47,25.5,186.79,9.94,13.3,2.07,5.58,39.81,61.5,2297.61,51.41
32.38,17.79,191.17,6.32,30.45,0.65,3.94,44.53,58.57,2131.49,59.12
49.86,17.31,116.37,3.89,21.76,1.65,1.07,29.11,43.91,2703.67,65.04
44.98,61.64,14.34,9.34,27.08,0.79,4.02,15.52,49.27,2360.33,54.12
103.89,56.36,98.23,4.62,34.73,3.44,1.54,41.6,76.93,221.23,75.62
112.54,17.6,36.88,6.12,32.46,0.27,3.99,15.68,70.52,2862.36,66.5
188.99,99.02,96.64,5.31,12.79,0.15,0.27,22.87,68.53,2248.77,54.76
39.11,42.18,37.7,9.77,11.69,2.02,2.88,35.93,84.26,1037.57,57.08
128.34,9.71,140.77,5.96,12.16,0.31,0.54,12.09,62.99,1935.17,64.49
163.45,12.06,16.09,8.11,51.27,2.86,1.25,26.97,44.11,2292.69,62.33
112.05,58.39,190.66,7.39,6.1,2.89,5.59,24.25,67.52,409.8,74.35
51.0,97.91,39.08,3.78,16.13,1.57,7.81,43.09,82.29,2898.35,38.77
52.51,57.2,132.13,6.0,57.57,2.95,4.56,29.12,90.57,1951.8,74.27
7.85,94.9,183.39,6.04,8.63,2.62,1.44,41.07,59.48,59.89,52.18
61.09,44.41,49.58,9.93,7.0,0.56,3.07,13.11,48.6,1660.21,52.1
148.92,43.58,186.86,8.78,26.3,3.02,1.95,29.52,87.96,582.54,67.05
9.5,50.0,77.73,9.07,13.32,3.07,0.48,34.22,53.78,753.32,68.69
43.86,69.74,192.11,5.54,36.12,1.2,7.31,15.29,97.17,206.74,56.05
141.25,36.76,194.27,5.64,23.62,2.73,4.38,39.69,54.56,1252.25,71.75
156.53,86.39,37.62,6.85,16.49,3.15,1.28,40.77,98.91,793.84,68.46
91.06,2.93,166.22,7.6,59.92,2.64,5.99,33.73,27.86,2509.45,53.59
139.61,43.98,38.68,8.23,23.76,0.42,1.45,28.21,47.6,2581.89,57.86
77.59,51.1,45.29,8.84,40.26,0.42,1.73,34.29,42.21,80.66,63.72
31.98,60.7,16.83,9.18,53.08,3.44,4.85,19.98,99.5,2317.85,55.88
79.63,27.61,31.31,3.66,55.73,1.94,3.47,13.87,88.69,116.1,51.99
115.99,42.75,126.44,8.67,27.56,2.29,7.17,29.32,79.06,1341.25,67.42
189.61,48.45,89.85,7.47,58.69,3.2,4.81,26.89,93.41,312.8,68.05
13.75,68.69,158.19,6.96,44.85,0.13,1.54,24.93,93.25,1682.61,62.62
101.48,77.35,66.4,7.59,37.08,1.55,3.85,16.62,35.89,2868.23,66.12
65.78,73.78,193.72,9.23,43.13,2.03,5.84,16.66,47.3,691.88,57.25
101.66,34.16,9.97,7.04,24.81,0.11,4.84,44.48,23.86,2518.57,52.87
4.8,99.95,12.59,4.55,28.34,2.22,2.64,42.45,44.68,2350.97,52.36
62.61,84.87,140.27,6.34,37.24,2.99,3.15,18.86,77.1,2279.89,78.67
163.97,26.0,177.51,9.51,22.98,0.29,5.36,12.1,77.04,800.21,41.89
110.79,19.51,159.1,8.79,47.28,2.83,4.2,21.36,55.58,1858.81,68.83
90.12,31.4,97.96,4.82,18.81,3.42,0.68,39.58,33.5,256.4,79.0
57.11,45.23,53.93,8.14,48.82,3.23,4.43,17.82,23.63,1450.85,69.04
59.61,85.08,2.69,5.17,13.37,1.93,3.69,44.44,39.92,2759.85,47.84
76.62,77.84,101.89,5.77,16.96,3.03,6.54,17.13,26.64,1535.09,69.21
167.11,85.12,95.13,6.55,46.42,2.72,0.99,29.53,99.23,101.13,73.01
193.44,27.2,68.85,6.37,19.47,2.88,0.11,44.73,31.72,2094.88,68.26
87.73,59.35,115.61,3.69,48.75,1.45,6.58,14.55,84.97,2617.81,57.6
78.67,28.32,145.76,8.53,48.11,1.72,1.77,16.92,49.81,591.57,69.0
169.31,10.9,140.18,9.0,19.15,0.91,0.35,30.67,69.54,473.66,51.09
85.38,68.42,52.65,6.95,9.02,0.28,1.85,37.63,63.01,84.43,66.82
110.4,14.3,117.06,4.62,14.15,2.13,7.1,34.58,24.5,2287.26,56.54
46.19,66.77,29.75,5.11,46.39,1.15,1.45,30.62,92.53,2735.2,56.74
148.7,64.8,24.32,4.32,51.58,1.81,2.63,25.07,92.03,1466.41,58.05
106.4,81.02,157.17,4.6,26.07,3.37,4.92,37.52,43.84,833.41,68.15
161.81,13.96,138.75,9.2,14.03,0.31,1.52,14.92,30.68,2775.11,52.36
156.15,78.35,153.59,6.62,9.15,3.07,5.2,18.58,28.12,595.36,67.17
43.0,99.93,30.49,4.22,16.87,0.39,5.68,37.63,87.57,1270.55,47.71
143.13,85.1,182.92,5.16,58.88,2.32,1.93,19.84,66.68,2712.73,55.12
160.01,75.18,26.62,9.67,14.37,1.27,0.86,14.84,49.96,2963.37,49.2
69.22,66.22,174.01,6.81,9.74,0.44,3.28,39.5,47.27,793.85,55.63
34.52,42.18,70.48,6.85,48.2,2.67,5.62,36.91,63.71,2854.27,61.01
0.53,73.05,21.09,6.92,38.85,2.48,6.53,32.36,41.76,1444.66,60.48
90.18,72.42,57.35,4.23,34.42,2.28,0.39,32.96,21.57,1907.93,71.41
70.49,63.15,36.29,9.81,29.63,3.38,4.34,33.23,53.2,2279.57,68.97
110.98,79.63,98.13,4.05,43.6,0.18,2.13,35.57,90.09,1114.2,67.52
37.61,44.88,189.95,8.05,43.41,1.58,3.39,21.03,84.24,2503.83,54.0
171.93,12.13,65.57,3.88,28.34,2.01,4.28,40.29,92.93,2769.16,50.51
51.55,55.91,122.42,6.38,17.88,1.32,5.91,19.09,73.15,2285.79,68.61
45.29,26.5,178.34,9.35,51.27,2.38,0.41,24.48,23.99,350.04,56.01
96.14,38.44,126.01,8.49,14.05,3.16,1.45,27.87,57.33,160.02,79.13
99.77,1.74,72.44,5.68,34.37,2.47,4.97,38.22,21.7,904.3,68.68
43.02,38.28,198.17,7.08,43.1,2.04,3.58,25.16,97.58,2319.19,61.63
54.37,80.88,37.48,4.57,40.14,2.61,1.76,27.78,74.49,2575.1,61.39
33.94,54.27,104.65,9.71,39.03,0.47,0.61,39.83,21.3,1229.84,58.14
143.69,0.98,159.34,8.11,41.44,2.24,7.33,44.99,97.0,369.95,51.65
154.02,46.98,0.13,5.93,53.16,1.48,2.97,37.76,49.84,2239.77,58.14
92.47,29.15,140.41,5.57,25.1,1.18,3.34,20.56,31.92,2523.23,70.14
142.82,47.76,53.3,5.05,39.51,1.82,0.49,13.85,78.26,327.75,68.1
147.19,40.47,33.95,8.61,43.33,2.84,5.93,34.32,32.22,1274.19,70.26
27.66,93.2,54.84,6.32,37.47,1.5,7.94,34.04,37.74,1926.71,58.54
193.24,4.12,193.36,5.65,54.67,2.49,7.83,27.11,27.0,2260.81,49.38
164.21,68.36,178.39,9.38,41.01,2.1,2.56,35.36,76.14,2851.59,48.76
40.9,85.1,42.75,4.48,28.34,3.21,7.69,12.21,36.98,600.33,58.99
37.23,95.92,23.41,5.21,51.51,1.61,3.32,44.8,85.26,2727.87,45.14
25.13,17.76,72.83,5.74,31.93,2.89,3.16,26.95,69.61,2545.31,69.17
27.68,53.13,118.47,5.19,34.16,2.96,6.67,29.85,51.16,1507.82,72.05
149.63,4.36,173.43,7.31,37.03,1.68,6.36,28.64,97.76,1775.58,56.11
93.93,49.92,193.22,7.41,22.75,1.76,3.85,29.06,35.79,2100.21,69.52
156.59,12.55,150.23,3.86,44.74,1.23,3.63,37.39,80.93,2689.71,51.69
149.25,83.79,119.8,4.44,10.4,1.78,7.75,12.5,32.25,1665.75,50.33
120.92,11.39,28.47,4.79,52.79,0.95,3.33,42.22,37.84,653.09,52.12
137.27,51.33,14.81,3.96,46.5,3.02,6.91,22.02,30.26,1282.01,60.06
3.67,52.11,119.21,4.31,24.45,0.95,6.0,31.88,94.85,996.21,52.43
62.36,97.17,107.81,5.06,17.45,0.98,0.94,12.02,57.97,2847.79,59.33
127.56,65.5,169.22,5.75,26.33,3.15,1.36,27.1,87.01,304.37,81.8
1.87,28.78,64.52,8.64,49.28,1.91,0.4,38.52,24.5,1395.87,52.69
6.6,24.08,7.94,4.92,6.74,0.46,0.38,20.97,66.72,2963.79,46.01
170.38,12.82,84.74,7.86,30.74,1.28,4.88,22.58,56.04,1513.78,62.61
136.8,75.65,193.84,3.88,18.98,2.5,0.71,32.55,98.99,1307.47,57.72
53.07,69.08,159.11,7.78,53.12,1.48,1.18,12.42,83.44,1990.07,57.66
137.59,60.99,6.75,8.67,27.76,1.54,2.03,23.42,94.22,675.48,65.7
158.49,4.08,174.94,7.43,43.38,1.8,4.47,37.35,57.95,2540.05,55.63
61.36,76.28,94.34,4.81,24.68,0.86,1.91,33.42,84.86,1427.93,66.85
7.21,64.19,72.95,5.65,23.13,1.54,3.23,29.08,36.63,1239.44,66.02
186.56,96.39,69.35,8.73,22.92,0.83,2.89,30.49,76.14,1273.82,59.0
69.04,58.72,119.03,6.31,42.3,1.29,3.23,18.92,97.63,2048.92,71.18
21.3,30.4,106.12,5.16,58.03,1.91,7.44,43.15,68.85,1971.69,49.47
98.37,38.15,131.33,9.56,16.45,2.46,7.76,44.87,21.77,1536.04,55.89
153.69,17.58,114.73,7.64,40.41,2.26,0.67,15.71,47.61,1788.61,69.79
44.33,72.29,28.79,8.74,19.6,2.06,0.97,12.66,67.69,2598.94,58.34
53.9,70.77,51.45,3.66,35.21,2.12,0.53,16.07,29.28,2422.43,60.7
48.54,20.07,168.21,5.71,34.79,1.84,3.16,21.04,52.14,1565.1,69.05
198.33,15.85,132.65,6.48,29.75,2.19,6.82,34.89,56.07,2795.73,64.61
39.48,7.7,89.68,7.32,32.43,1.38,6.42,28.79,90.36,1381.36,61.64
115.1,91.2,36.52,4.73,53.41,3.16,2.9,11.95,65.64,925.92,62.37
185.05,23.31,1.54,6.74,9.87,2.11,6.03,27.6,63.81,474.13,58.03
29.38,34.42,62.38,7.96,50.67,3.28,7.83,30.86,49.22,673.51,61.67
194.17,28.05,10.97,5.75,30.43,1.48,1.63,14.67,50.72,2030.63,59.28
189.5,41.36,96.46,7.99,23.35,1.44,7.71,13.01,65.07,1730.37,56.82
176.91,71.4,164.36,6.03,14.74,3.38,6.19,24.68,33.08,392.69,64.11
42.91,87.06,57.08,6.55,49.81,2.58,1.01,37.13,57.49,1434.16,66.36
126.81,18.26,169.55,4.37,37.56,1.86,6.38,15.78,60.59,460.86,57.57
152.18,68.64,140.91,7.73,45.06,2.54,0.91,14.51,74.94,1214.19,70.22
197.21,35.26,25.05,4.96,22.32,1.45,0.33,39.39,67.59,729.13,55.99
36.08,98.05,128.91,8.89,26.61,2.68,6.14,18.97,46.17,1465.95,55.0
153.21,29.89,30.34,7.1,55.25,0.81,7.17,14.17,62.46,2589.78,52.4
67.76,0.72,130.96,7.14,57.87,3.33,3.26,41.72,21.56,893.08,61.72
35.13,51.56,28.54,9.43,45.69,1.67,0.29,23.42,74.98,2918.22,58.01
84.28,15.07,78.5,4.59,46.22,0.42,4.82,24.61,38.58,1496.68,60.29
158.77,4.45,113.32,6.95,43.19,2.97,1.94,43.89,86.62,522.6,63.36
92.97,69.83,10.07,5.98,37.3,3.14,4.4,34.68,77.87,2001.09,71.93
107.5,73.23,30.66,9.78,37.73,2.58,2.61,41.9,32.78,2600.0,62.53
199.03,46.07,64.08,8.65,58.01,2.24,5.02,20.64,45.76,1436.6,54.72
79.82,67.69,92.46,8.42,46.3,3.26,2.16,31.22,79.81,2672.93,67.08
123.08,53.82,171.7,4.83,41.04,2.21,1.27,26.28,76.39,2317.02,72.94
73.05,62.98,37.45,5.04,15.4,2.79,6.04,44.97,63.07,343.02,62.32
78.56,59.67,69.49,3.69,58.74,1.7,4.36,26.98,43.58,2564.93,57.79
139.13,66.58,95.16,7.65,33.62,2.57,2.61,34.06,61.79,342.56,75.24
187.58,19.96,59.16,5.91,56.9,3.5,5.06,17.05,99.32,1156.75,64.56
108.47,26.87,125.15,5.53,44.25,1.4,2.37,14.92,52.24,2793.78,71.99
153.68,44.0,51.32,7.64,7.2,2.55,2.99,13.46,62.0,806.64,73.08
17.84,44.61,154.47,8.89,34.64,0.61,3.07,30.03,84.22,28.07,57.42
42.23,77.44,101.03,4.36,54.1,2.26,1.89,40.58,22.26,1281.57,60.78
100.43,36.74,17.26,9.47,7.85,1.2,3.58,40.58,93.36,2824.06,51.36
4.0,16.25,125.4,3.72,52.67,3.05,6.54,12.43,87.82,1273.37,45.28
50.57,25.15,113.85,4.12,38.74,1.32,7.77,37.8,63.92,322.3,56.21
103.48,21.47,67.72,8.95,7.45,1.61,1.83,40.8,62.83,1259.2,62.24
2.99,73.17,2.23,6.7,25.55,3.43,7.52,38.25,93.02,2960.3,51.94
52.91,47.03,40.14,9.61,6.66,0.83,2.3,10.85,76.43,605.75,55.66
102.81,70.86,81.14,6.5,5.09,2.02,3.81,34.7,81.25,2740.99,72.93
114.63,41.62,39.98,9.52,54.3,3.04,0.9,22.99,38.38,355.73,73.07
185.15,88.97,115.5,5.06,46.17,1.17,4.9,35.47,20.79,322.51,48.51
129.07,98.35,142.46,7.51,20.92,0.15,4.14,26.06,55.15,144.86,52.26
82.95,66.98,171.2,9.96,11.25,3.15,5.46,33.45,28.67,482.25,63.2
186.07,86.38,129.4,5.94,7.99,2.21,4.84,19.58,53.21,2825.99,55.6
156.98,50.79,137.8,3.51,55.45,0.88,7.85,15.11,70.52,2464.07,45.39
40.0,93.46,121.69,3.92,39.41,1.04,6.18,42.26,68.42,1000.57,53.83
26.17,83.16,197.1,9.08,13.83,2.82,7.73,35.16,75.17,417.85,44.24
135.16,99.18,52.2,6.7,42.48,2.28,4.25,43.03,31.32,1682.62,62.18
111.98,62.31,53.25,6.99,59.94,2.59,2.32,38.25,39.49,370.25,68.0
157.93,77.92,25.27,8.7,48.34,2.06,4.3,18.02,75.74,2023.0,54.26
147.76,54.29,97.14,8.78,29.56,2.79,3.79,34.52,34.72,2649.75,69.79
125.04,25.91,19.23,6.6,49.78,2.89,3.47,29.61,37.24,1569.55,69.04
197.28,35.48,54.03,9.08,45.94,1.42,3.27,19.69,74.0,695.64,52.18
106.72,89.4,96.54,6.54,9.88,3.16,6.51,40.31,78.17,943.88,75.3
22.62,5.59,191.52,7.89,55.91,1.82,5.95,37.29,43.36,1145.96,48.93
165.65,59.15,192.76,3.72,53.63,0.64,5.19,14.49,89.75,2880.58,40.77
50.37,37.25,148.75,4.4,37.48,0.84,5.2,29.95,86.78,2579.93,55.47
155.46,38.67,77.85,9.03,32.95,2.6,3.05,36.89,67.97,1637.11,63.53
191.42,88.46,173.03,5.54,17.53,1.38,3.56,15.64,86.11,2050.06,55.24
139.36,85.38,175.09,5.68,50.9,0.99,1.31,44.71,98.24,293.15,54.97
119.21,59.88,182.04,7.81,28.75,2.16,4.67,31.16,95.21,548.13,72.17
92.08,27.29,128.01,7.35,36.86,2.76,1.21,40.16,30.22,1652.1,79.28
72.88,47.55,40.36,4.03,14.35,0.47,7.33,29.12,50.38,378.71,55.97
70.6,40.83,18.22,8.48,16.76,1.63,3.38,20.81,77.87,60.71,57.89
127.27,35.36,182.96,7.51,59.19,2.72,0.44,39.24,27.05,315.7,74.56
150.25,10.28,11.11,9.06,32.17,3.17,0.11,25.66,30.95,311.54,66.52
135.7,54.31,59.18,6.98,49.87,0.15,5.44,30.39,52.14,2223.37,62.54
39.68,30.18,97.39,6.19,50.64,2.33,4.93,30.15,20.5,2549.9,67.54
98.8,66.08,4.4,5.91,58.98,2.13,6.19,12.06,55.28,2441.99,58.63
158.33,31.92,181.38,3.53,59.06,1.86,6.02,21.88,51.42,2973.61,43.34
95.14,43.12,57.42,3.76,30.13,0.64,0.12,21.67,76.65,2657.96,67.04
107.32,5.24,5.7,4.35,57.27,2.62,1.42,11.53,27.23,1280.87,56.58
154.23,99.25,198.72,9.54,25.1,1.44,2.67,13.67,55.38,1346.75,55.66
132.25,50.76,62.28,9.22,38.42,0.9,0.59,29.99,97.01,923.53,66.01
81.87,2.42,175.35,6.73,50.19,2.99,1.51,21.27,90.2,654.99,75.17
179.08,54.12,90.69,4.67,55.26,1.14,4.69,27.56,77.17,2375.22,57.99
32.51,87.04,132.63,4.45,33.81,0.77,3.71,26.92,98.24,1913.71,51.57
199.1,77.26,48.22,5.16,27.98,1.16,6.9,32.9,27.35,420.84,51.81
23.77,70.09,100.58,9.41,45.07,0.72,1.87,39.74,40.09,2103.33,54.7
2.99,13.95,51.53,6.89,30.08,2.74,4.33,17.94,31.25,581.24,64.85
178.0,65.77,190.22,8.73,41.95,0.72,6.91,22.66,81.09,1238.95,44.9
48.99,76.63,12.19,6.79,49.23,2.54,0.58,29.5,88.64,2676.45,64.78
145.94,57.24,54.93,7.46,51.26,0.65,6.97,35.95,71.3,193.53,55.55
162.2,89.27,178.62,7.47,18.99,0.87,2.82,23.42,40.64,1114.77,60.41
171.8,27.7,96.01,3.7,36.43,1.26,6.89,19.28,29.82,69.97,48.38
198.32,24.21,120.02,6.39,6.38,3.33,5.49,33.64,63.57,1338.66,65.12
58.81,86.96,130.34,9.12,48.88,3.21,5.42,33.24,31.86,2030.98,62.16
142.05,62.54,14.19,6.68,11.88,0.39,0.48,36.49,32.95,1.5,56.22
23.08,0.14,3.55,6.33,52.94,1.24,7.54,27.41,64.61,1968.74,47.64
81.36,35.31,187.57,6.92,27.37,1.28,3.51,12.64,27.77,1945.27,65.69
169.59,85.79,54.3,5.97,14.2,0.82,0.96,30.6,93.07,2721.21,59.69
73.53,2.73,76.06,6.85,48.77,1.58,6.16,21.0,36.48,1326.7,64.74
118.22,0.32,136.42,4.38,16.02,2.64,6.95,44.93,86.13,477.42,55.92
100.75,28.13,47.26,9.79,26.69,0.44,7.44,30.35,65.96,2046.11,53.66
129.19,91.4,146.61,3.72,36.18,2.38,4.1,25.48,32.4,1156.29,64.15
194.58,90.15,91.65,6.64,24.8,0.99,3.29,36.67,97.82,520.55,59.18
11.15,51.88,171.32,4.86,14.85,2.28,4.71,44.23,61.57,1883.02,59.56
114.79,55.32,55.71,3.88,27.34,2.42,2.44,27.27,39.64,343.31,74.68
172.61,33.2,40.76,7.74,12.93,2.58,3.2,21.6,38.15,474.12,64.14
96.28,24.37,166.34,9.9,44.55,3.03,4.36,26.85,30.37,2200.58,65.8
15.71,81.52,65.27,8.37,14.43,3.16,6.61,34.28,64.87,2067.34,64.76
112.11,10.63,82.37,5.15,31.53,2.68,6.84,33.56,69.61,1797.22,73.13
66.41,48.74,158.74,6.71,35.82,1.74,1.14,36.08,66.43,2359.82,73.26
30.99,63.44,127.12,3.82,56.98,0.25,1.16,31.71,87.33,450.75,46.13
169.81,10.37,88.35,6.96,9.3,3.29,1.56,43.4,25.54,233.22,64.91
104.32,51.96,49.98,4.15,56.18,2.14,4.81,22.77,22.26,2976.91,61.55
186.66,57.75,152.84,8.66,16.45,1.92,1.7,10.04,87.65,1545.61,64.79
161.2,74.25,36.09,3.87,51.25,0.91,4.94,15.23,29.59,2907.45,42.29
138.59,23.48,185.66,3.56,9.98,2.43,5.83,11.54,31.56,1780.47,55.61
1.01,29.33,30.06,9.1,59.38,3.48,6.88,15.32,63.06,2132.09,49.99
85.56,56.95,160.99,9.63,49.42,1.22,6.95,17.52,52.54,887.69,53.23
39.5,98.31,84.85,4.06,8.46,2.82,1.8,19.51,73.33,2602.53,56.44
182.16,21.75,37.2,5.31,16.78,1.09,2.57,10.86,35.22,1159.61,54.28
34.92,98.59,80.48,8.32,35.17,1.76,1.54,19.87,87.25,2635.51,57.56
57.21,71.43,44.31,7.01,33.8,0.83,5.48,15.21,37.37,854.38,59.42
103.37,82.61,27.2,9.67,39.61,1.84,5.53,13.01,54.54,1774.03,52.56
52.67,8.96,47.83,6.03,30.49,1.66,0.13,30.34,21.79,2346.97,66.21
41.97,30.04,173.48,3.52,45.38,0.23,1.4,16.75,97.13,2352.37,43.91
119.82,5.77,21.19,3.63,24.17,1.4,2.75,12.85,43.24,2367.19,53.01
17.79,37.15,194.51,7.17,14.7,0.31,1.74,16.28,62.61,2988.25,51.72
11.63,98.13,1.0,8.39,6.86,1.63,4.46,40.38,58.18,2871.45,37.59
74.45,10.53,131.65,8.64,22.86,3.43,0.42,28.53,52.12,608.1,73.96
144.13,56.24,171.3,9.42,28.48,1.1,6.63,28.71,34.47,1108.26,55.47
110.96,0.61,186.79,4.99,41.25,1.85,3.78,19.53,69.54,1548.58,63.63
84.58,71.27,28.8,8.3,49.36,0.54,4.79,28.06,64.45,2181.95,58.59
113.15,19.72,139.64,8.88,18.2,0.62,4.68,35.76,55.21,2030.22,55.24
73.09,12.96,21.47,8.94,32.13,1.31,3.66,30.88,63.95,2022.78,57.67
187.23,33.7,70.52,6.18,17.86,1.77,4.58,28.8,72.03,848.08,62.35
10.98,77.1,146.39,7.57,57.31,2.48,0.7,22.73,88.83,1012.47,62.67
134.68,10.66,69.19,7.09,40.62,1.65,3.14,32.07,38.36,616.54,63.36
178.26,22.98,62.67,7.38,42.28,0.18,5.71,40.0,81.66,2640.77,49.17
160.78,0.85,23.21,5.33,34.22,1.02,2.99,16.67,85.26,1256.56,52.44
36.81,96.84,13.29,7.94,20.5,0.18,2.11,38.85,79.56,1403.77,49.58
59.19,59.21,23.06,8.12,16.02,3.22,4.56,26.94,85.45,2873.82,64.03
143.41,71.99,175.09,4.77,41.12,0.2,3.87,44.27,66.25,2749.47,55.57
16.85,65.14,2.24,6.38,55.69,0.27,4.31,19.17,21.76,838.23,51.28
162.37,14.44,138.57,6.24,16.71,1.11,7.67,13.42,75.66,2664.43,54.8
143.78,59.49,153.72,8.37,36.45,2.25,1.28,15.62,88.97,1644.72,68.22
145.92,13.14,113.58,7.83,34.11,1.32,4.97,10.67,41.1,1962.78,63.73
20.05,40.12,146.16,6.6,40.29,0.31,0.34,22.79,79.55,1287.9,66.84
143.55,56.9,130.45,7.74,37.33,2.94,5.21,21.21,28.95,2953.16,67.76
135.96,55.89,91.11,5.21,20.0,2.48,1.66,32.34,71.69,2052.39,78.47
166.18,11.91,76.54,5.01,43.03,1.45,6.47,15.7,24.57,1051.74,54.47
8.32,3.44,188.27,5.06,20.0,2.4,2.23,36.63,63.8,1711.98,51.27
4.62,79.82,194.39,3.69,40.91,1.03,3.27,21.29,90.16,2604.85,39.86
74.6,72.59,130.25,7.99,21.5,1.89,4.17,40.67,50.31,193.35,68.74
29.76,8.18,39.46,9.91,9.53,3.09,4.92,16.41,34.95,657.11,49.65
111.68,12.74,89.58,5.51,12.0,0.47,2.46,37.91,74.27,21.45,63.32
183.47,89.26,99.31,9.54,50.88,2.98,1.34,16.52,87.64,476.36,54.73
78.3,76.91,151.59,7.44,11.67,2.78,5.12,10.69,44.2,1643.43,69.92
168.99,99.62,133.56,4.96,23.18,3.33,3.59,12.05,65.81,1122.76,60.28
0.05,25.4,102.96,3.58,20.82,1.85,0.56,38.55,72.8,1483.69,53.88
33.7,48.78,136.07,8.2,8.18,1.03,4.34,28.64,51.23,1456.13,55.01
6.08,23.65,4.81,8.03,37.97,1.3,3.79,21.24,25.4,565.14,51.93
65.63,62.28,155.33,4.99,48.93,2.28,4.15,32.45,86.41,2466.65,63.58
181.64,11.54,42.33,5.66,59.58,0.58,0.95,23.2,87.02,1029.18,50.6
19.39,12.72,131.28,9.34,56.48,1.3,3.84,38.69,28.17,2514.38,37.1
121.28,7.19,22.79,4.52,7.71,2.57,5.99,36.19,67.05,584.16,59.99
90.3,69.36,22.89,8.93,19.16,2.05,1.15,26.35,78.57,1029.34,69.91
187.69,49.41,7.13,4.6,27.67,0.31,5.03,10.39,27.43,1926.51,48.62
24.5,61.77,182.05,6.63,53.13,1.79,1.51,28.18,87.71,998.34,65.3
42.41,87.93,120.91,6.74,24.8,1.88,2.54,23.4,48.34,646.97,67.08
5.91,74.03,72.39,6.57,36.37,2.48,2.96,30.79,67.08,2822.86,66.73
86.79,46.17,157.56,5.37,41.28,0.14,6.13,15.62,50.12,1353.81,59.3
55.57,98.44,125.22,5.15,21.39,1.56,1.89,33.27,62.27,2752.97,58.93
173.98,45.63,124.02,8.27,37.01,3.11,2.18,17.22,72.64,2956.61,66.49
120.99,11.25,97.41,5.29,7.8,0.19,6.97,44.3,76.66,1100.91,52.87
122.82,99.27,1.59,7.46,31.41,2.39,5.97,38.66,52.19,1039.11,64.15
106.38,2.28,51.69,9.0,25.82,0.86,4.1,16.34,28.91,625.69,55.81
18.37,54.99,21.82,8.94,24.57,1.42,2.6,29.04,47.46,1532.87,60.1
89.0,30.91,132.48,4.59,17.92,3.11,6.35,25.92,86.77,646.87,74.6
199.9,50.36,49.72,7.76,49.98,1.33,4.54,38.37,67.19,741.6,56.5
167.05,55.87,90.03,7.41,53.51,1.95,2.71,35.89,55.81,2271.19,68.59
178.69,24.01,70.69,5.33,53.85,0.4,2.59,20.36,73.61,1312.16,52.16
164.65,55.69,28.64,6.04,26.79,1.2,3.71,22.75,85.4,646.39,63.99
20.61,75.61,191.67,5.35,19.25,0.58,7.59,12.11,90.53,894.39,40.39
45.49,26.65,186.68,6.99,10.41,2.01,5.18,29.86,77.74,581.05,59.16
0.62,38.34,16.92,8.72,41.98,1.66,5.47,36.56,27.2,721.51,41.29
60.7,26.82,165.47,9.2,23.16,1.0,3.16,24.66,37.89,2241.97,58.34
21.72,82.06,97.67,8.2,20.22,3.5,7.81,43.1,97.22,2560.89,59.36
94.56,72.5,154.75,6.64,25.43,0.62,3.32,14.8,77.87,2863.25,62.59
135.43,87.12,30.23,9.73,35.51,2.91,0.19,41.18,91.34,2971.67,59.06
174.9,17.0,26.45,7.17,13.91,0.22,6.43,10.75,62.44,1221.67,50.65
149.84,7.36,178.15,6.61,57.87,2.98,4.15,41.96,28.02,200.41,59.7
187.72,11.94,179.56,9.07,45.29,1.72,1.29,20.69,31.37,1808.64,46.97
10.78,16.1,93.18,4.7,7.57,2.92,0.28,13.84,96.63,207.65,61.28
2.44,53.31,174.03,4.53,21.87,2.64,7.94,44.62,47.35,2090.73,54.3
132.27,97.09,133.49,8.59,7.76,2.05,5.21,36.06,51.0,2111.12,51.14
57.87,35.72,37.0,9.16,17.62,1.36,3.78,28.56,97.94,444.09,53.72
50.7,95.85,65.79,3.97,20.76,2.36,2.74,23.78,58.11,2286.58,62.9
66.18,3.82,27.21,8.47,44.49,2.93,0.67,18.93,21.11,786.04,66.03
53.96,92.69,154.79,6.26,44.53,1.81,5.2,30.91,63.69,1141.47,64.18
102.29,18.12,197.05,8.07,7.49,1.51,3.01,25.71,78.43,184.28,60.14
88.03,91.25,109.28,4.38,37.35,0.59,7.92,27.73,63.32,1293.45,57.05
102.49,5.62,131.17,9.82,57.85,3.15,0.96,26.17,71.81,911.85,66.38
134.54,94.82,149.22,9.23,39.56,1.01,2.04,32.48,61.24,1914.43,49.79
77.43,20.08,44.85,6.14,57.83,0.52,3.29,42.34,38.03,807.63,56.48
50.26,30.27,67.2,9.31,25.93,0.33,6.4,43.35,27.07,1856.71,50.55
33.24,49.09,82.46,9.32,30.29,2.65,6.24,39.23,21.26,902.61,65.21
69.89,38.07,118.92,6.5,32.25,2.39,2.03,19.4,74.94,706.67,84.38
148.36,66.75,170.1,9.65,55.82,0.51,2.95,18.67,51.02,2226.73,44.17
151.34,97.48,50.84,9.85,25.92,1.9,0.57,30.19,60.94,924.95,61.29
133.38,60.64,94.18,4.91,59.09,0.62,3.09,44.11,29.38,634.28,53.7
46.81,72.15,150.31,3.93,34.87,1.4,1.43,29.31,64.38,2874.34,60.36
117.62,8.8,17.48,5.65,17.0,2.76,7.36,13.91,39.82,2569.57,56.39
114.14,62.78,102.58,6.68,10.7,0.87,6.48,40.28,85.23,1438.24,59.9
96.85,45.38,28.88,4.1,14.51,0.19,1.4,36.14,67.78,223.55,53.39
110.0,88.58,107.83,4.41,7.16,0.76,3.98,18.36,25.02,1594.29,60.55
98.36,38.82,153.56,9.82,43.08,1.46,7.67,32.05,37.19,105.57,57.24
113.09,67.95,47.39,8.29,33.43,0.92,3.34,17.86,38.74,2493.91,62.22
143.1,22.82,169.9,9.19,45.59,2.56,3.64,24.88,84.26,1271.62,57.73
21.93,25.94,66.96,9.81,48.02,2.78,2.8,18.29,59.1,642.58,55.21
149.93,37.61,38.16,5.96,56.22,0.92,3.99,30.89,71.49,2293.07,56.01
27.18,30.41,93.06,7.97,11.43,1.01,4.81,20.61,58.97,495.68,62.61
13.33,25.39,175.22,4.7,15.24,2.0,0.81,15.88,52.5,2087.51,56.1
195.22,4.97,13.79,7.09,35.16,2.66,0.83,12.09,85.88,1918.0,60.86
191.4,83.67,65.51,4.86,12.12,3.36,6.18,32.11,85.81,484.09,60.66
12.09,6.43,130.63,4.54,10.1,1.12,7.86,30.88,87.32,1992.91,42.16
88.65,88.74,71.52,4.14,41.65,3.2,3.98,16.81,96.56,2346.5,66.49
37.25,12.55,14.16,7.27,44.86,0.72,6.9,10.1,46.47,2332.5,47.76
97.07,6.53,66.4,9.67,51.39,0.24,6.96,14.76,76.52,1810.42,46.95
166.04,56.3,164.19,4.29,55.37,2.79,3.02,20.69,47.04,288.85,62.83
190.12,50.24,193.61,6.77,29.34,1.73,2.7,28.31,91.41,513.48,66.65
126.85,49.12,7.96,7.97,58.89,0.36,5.86,41.0,62.3,892.72,49.22
70.78,57.45,113.86,6.72,7.08,0.34,7.29,17.36,49.76,2811.96,60.33
120.67,28.71,21.06,9.43,52.86,0.15,6.84,17.54,20.61,287.56,42.72
62.4,66.29,136.08,4.58,22.68,1.14,2.62,39.55,73.97,1648.39,60.41
181.96,50.24,1.58,3.66,55.69,2.6,2.9,27.79,56.4,2677.09,50.4
174.08,33.47,2.95,5.99,17.24,2.36,5.92,34.2,27.65,1314.57,58.48
111.65,82.65,155.38,7.11,45.75,3.5,2.61,22.14,50.51,2643.31,77.11
64.96,72.77,14.89,5.15,28.4,2.12,6.83,39.36,61.05,968.8,62.09
58.68,39.36,61.04,4.59,25.98,0.48,4.12,25.74,46.53,1327.0,66.82
6.68,84.76,191.61,8.73,8.27,3.43,2.41,41.6,81.6,1787.7,52.46
163.16,92.03,197.05,4.73,43.83,2.46,2.36,24.02,78.86,1953.34,55.43
90.08,53.69,32.28,6.38,14.64,1.37,6.29,38.31,29.31,1177.99,66.56
65.03,21.5,112.18,9.7,30.46,0.94,1.08,11.95,61.1,1379.95,65.32
94.22,91.58,111.83,7.48,12.77,0.86,7.46,33.9,56.77,1837.63,63.6
163.75,18.95,90.48,6.74,38.25,3.35,3.37,14.95,80.24,2554.39,68.55
24.92,4.84,184.94,5.84,17.71,1.53,6.77,41.4,58.91,1069.76,51.34
171.53,32.75,150.81,6.88,37.69,1.76,6.36,43.76,45.42,1678.54,61.29
179.5,72.7,152.91,8.27,57.06,2.95,6.26,21.24,57.53,2276.24,49.99
189.34,92.33,53.91,8.85,55.65,3.38,5.43,29.69,58.03,2886.37,58.8
79.5,63.73,86.86,7.72,16.03,0.11,4.05,23.99,34.55,363.62,58.18
43.43,95.18,97.48,8.64,10.46,3.47,3.18,31.45,48.6,238.56,59.59
74.73,9.24,59.78,4.07,7.35,0.36,4.69,22.41,53.11,111.74,46.94
66.58,6.08,18.96,3.59,50.57,2.95,4.26,38.67,24.42,637.86,52.87
35.23,60.42,25.27,8.27,18.71,3.33,2.87,11.1,70.37,1587.82,60.48
121.45,96.61,36.13,5.2,20.62,2.01,4.0,35.95,36.88,505.64,60.42
95.32,50.27,40.73,9.2,17.44,1.98,2.98,10.48,47.16,741.83,57.9
173.14,5.15,48.45,6.98,51.2,2.37,5.3,43.7,34.37,491.72,52.69
6.42,22.12,51.09,6.61,58.84,1.3,6.7,11.42,79.44,2639.24,48.44
128.77,24.48,91.14,8.52,46.54,0.66,6.32,37.83,64.23,2617.37,56.35
152.59,33.79,101.91,8.32,50.3,0.33,2.79,34.49,35.87,1387.86,52.91
151.9,4.36,61.78,8.08,39.13,3.1,4.12,40.13,35.78,985.0,59.5
177.21,90.49,181.46,7.98,34.08,1.96,0.18,14.5,38.18,2767.47,56.46
145.81,51.56,110.63,6.85,44.69,2.46,6.98,22.42,96.69,1890.4,74.11
185.56,67.09,157.5,9.52,6.97,1.23,2.04,13.01,57.95,488.34,52.2
66.53,6.72,184.85,9.29,8.38,2.84,3.58,20.1,94.35,2430.6,54.15
100.64,5.41,32.63,5.64,42.8,1.29,1.31,31.33,99.32,931.94,62.87
2.82,58.65,85.57,8.73,23.43,0.2,5.46,43.95,60.8,2586.06,44.65
1.39,88.73,86.64,9.29,31.89,1.25,4.41,18.9,26.81,1606.75,46.75
48.03,52.85,70.89,7.52,48.01,2.99,2.98,21.92,84.89,2078.76,76.19
20.16,87.78,1.78,7.11,36.74,3.08,4.33,24.28,68.84,2134.78,63.85
52.04,81.1,163.19,7.87,49.29,3.28,1.43,11.07,25.88,142.57,68.41
35.41,7.59,22.31,4.56,28.05,1.8,6.23,34.1,59.15,2211.06,50.17
5.7,20.2,199.1,4.07,20.81,3.35,2.2,14.42,73.0,694.22,54.02
181.86,65.77,154.59,8.83,17.92,1.8,4.96,40.74,55.47,2289.89,54.88
1.64,44.35,116.0,7.23,12.24,0.62,7.21,24.52,66.14,924.87,55.38
147.22,29.07,30.92,4.3,7.02,1.81,0.4,40.6,94.8,280.63,54.69
30.43,41.86,103.08,6.21,7.92,3.05,3.16,35.72,31.26,1814.17,76.75
182.45,44.52,52.22,5.44,19.9,2.77,1.17,37.26,58.75,2967.52,68.02
178.56,91.06,50.46,9.19,20.31,1.58,7.28,23.15,20.67,74.25,48.9
130.78,10.35,165.91,6.8,26.0,0.82,2.94,38.45,54.95,50.29,62.85
134.45,27.97,76.13,7.25,37.54,2.08,1.79,29.63,36.56,551.21,76.14
1.07,53.76,90.14,5.03,46.76,3.27,5.44,15.92,38.17,406.77,68.48
196.97,69.83,168.59,8.69,15.87,0.7,4.39,41.23,38.48,2183.99,40.13
175.57,63.06,17.56,9.55,46.76,2.91,6.55,24.25,80.75,1809.79,56.47
179.02,94.16,118.92,8.65,12.64,0.6,6.05,41.42,60.64,247.25,48.65
131.85,79.56,115.64,6.7,59.38,3.23,7.8,30.15,50.43,348.65,66.34
68.96,55.71,85.04,8.93,20.68,2.46,0.82,11.8,20.06,2283.98,67.19
178.73,21.47,165.95,4.72,51.05,0.47,0.73,37.47,86.86,637.92,55.04
58.3,45.09,188.58,4.24,15.48,0.79,7.27,10.89,20.01,438.56,45.71
112.54,69.34,93.07,6.35,57.29,3.25,7.65,13.47,84.63,167.74,71.96
19.95,83.8,91.23,4.68,50.46,1.83,3.31,21.8,78.19,2378.1,52.02
184.39,95.97,100.41,5.18,24.77,1.64,3.7,32.09,29.68,2823.5,58.36
28.15,60.55,144.62,7.3,28.18,0.3,3.01,24.98,69.63,2526.34,60.46
44.98,52.69,133.61,6.13,5.21,0.39,6.24,23.92,20.89,42.63,57.78
111.63,1.77,44.57,9.13,18.83,2.45,6.19,24.98,37.89,746.1,60.05
152.82,7.21,12.78,4.97,20.91,2.74,1.84,14.44,39.28,2424.37,63.3
123.87,15.61,189.85,9.98,29.9,3.05,3.13,34.47,98.47,2324.64,61.79
46.43,5.48,52.21,5.84,12.65,1.81,1.78,17.04,65.66,553.15,63.7
0.19,40.09,127.72,6.85,31.33,1.22,0.47,25.23,20.72,2313.8,65.32
151.43,33.69,165.69,4.36,41.77,2.23,0.54,43.95,30.31,938.72,56.5
197.04,63.74,60.06,7.27,25.42,2.2,1.26,42.47,35.35,2964.83,61.06
161.98,53.57,127.09,9.75,17.77,0.22,0.34,36.9,85.75,2729.57,53.98
92.04,59.6,21.58,8.37,35.12,3.29,3.44,41.01,74.3,2629.85,69.78
180.75,47.2,193.99,5.09,6.6,2.28,0.61,33.99,58.65,1402.25,63.46
81.97,27.77,11.63,6.38,23.75,0.12,6.79,38.69,84.87,1592.25,56.61
104.99,95.28,87.63,6.27,34.02,3.36,5.73,18.69,57.92,2048.31,72.73
95.43,8.64,107.36,4.14,23.47,3.34,6.29,25.92,85.27,504.77,70.91
89.52,93.89,158.1,9.26,24.0,3.32,4.98,20.05,37.54,1670.72,65.96
155.04,31.12,24.23,5.98,51.66,3.12,5.34,11.33,94.34,2300.62,60.38
105.35,51.27,88.16,6.71,56.37,0.73,1.0,18.41,96.58,162.89,72.25
63.34,10.88,59.94,5.39,50.51,3.42,0.56,18.97,71.03,674.35,67.83
51.63,7.09,62.4,4.49,10.44,2.69,7.91,33.97,70.71,2497.56,49.83
7.55,42.95,155.76,9.36,20.94,2.28,3.05,21.99,65.22,1230.85,62.05
116.64,74.17,1.09,3.74,44.12,3.31,0.51,17.56,54.62,477.43,67.73
45.99,26.94,149.82,6.1,58.59,1.4,1.36,10.45,34.3,881.21,65.12
29.63,56.23,162.08,8.25,18.33,3.27,7.01,24.0,35.42,2157.76,65.29
130.77,27.87,180.27,5.51,54.4,2.16,1.73,36.98,72.2,1863.06,68.64
136.24,38.86,125.38,6.4,45.65,2.07,3.79,31.96,57.38,1794.75,78.11
150.43,90.64,66.69,7.17,59.09,2.3,5.37,41.41,38.06,1219.49,59.59
100.72,85.58,85.45,9.97,10.15,2.66,7.73,30.08,27.36,2193.85,61.06
178.81,51.6,193.95,8.43,26.71,1.61,0.21,11.67,96.73,2263.33,55.34
187.27,23.81,176.24,9.79,31.3,3.43,3.95,25.25,75.08,2174.37,60.57
161.47,19.32,92.71,8.01,41.96,0.4,7.97,24.69,35.26,2394.6,48.33
127.12,95.41,188.61,5.25,40.97,3.21,1.06,39.73,79.97,829.03,72.82
60.74,20.27,164.59,5.37,54.85,2.34,1.08,32.99,33.53,2733.39,61.95
196.59,80.82,180.22,8.85,51.13,3.19,0.79,19.3,67.14,1019.63,59.19
54.83,36.9,136.6,6.28,8.05,1.35,4.11,34.54,65.38,831.19,63.21
40.53,98.57,171.53,5.91,31.76,2.92,2.85,39.1,28.66,1976.42,54.87
88.43,36.82,178.35,9.64,27.39,2.19,5.76,12.0,73.11,2889.7,57.48
11.37,35.15,18.4,3.59,59.84,2.93,4.61,35.25,64.58,768.68,47.31
195.7,63.75,193.04,6.91,28.5,1.21,4.69,37.83,84.16,569.86,62.09
117.69,96.15,66.72,8.54,42.54,3.22,4.14,22.65,92.66,153.69,66.8
111.39,97.62,87.98,8.29,20.64,3.24,7.94,43.29,76.58,1409.62,68.61
131.16,70.72,158.38,5.89,38.8,1.71,4.36,39.13,44.27,2714.1,66.96
99.4,75.46,132.98,6.98,16.36,1.46,0.67,19.21,46.18,2700.92,77.66
6.41,56.34,178.61,3.54,38.2,2.06,2.65,23.77,44.95,2316.66,59.8
122.46,75.58,80.11,6.98,52.75,0.78,6.27,41.79,89.09,753.54,61.31
143.23,85.98,74.66,7.34,6.06,1.79,5.06,39.14,58.66,1463.26,61.17
83.35,48.61,6.34,9.19,32.75,3.15,5.5,38.25,96.68,347.4,60.09
151.46,61.99,92.55,4.87,59.03,1.34,7.38,43.99,72.4,1733.49,52.35
45.4,53.73,144.81,8.86,13.76,2.6,3.61,12.6,68.23,2887.17,60.23
44.26,56.25,60.24,8.17,15.09,2.22,0.25,12.19,91.91,2252.04,67.02
32.28,89.0,92.55,7.83,30.9,0.99,7.92,25.23,67.17,1321.63,64.89
74.4,35.56,43.88,6.06,52.9,1.91,3.69,41.94,85.83,1974.97,64.72
169.4,20.82,154.56,5.89,35.95,3.0,0.87,28.67,59.91,1724.09,73.61
165.58,45.63,12.1,8.07,32.98,1.99,4.43,42.68,67.89,1970.21,60.08
76.56,20.81,141.08,9.94,9.77,2.47,4.76,15.44,40.74,176.02,51.46
117.82,49.84,75.79,6.13,57.91,2.74,4.56,35.8,90.11,1897.99,74.83
144.16,90.35,8.32,9.47,24.09,0.27,7.72,21.29,42.24,1706.73,39.41
48.24,61.74,170.69,7.31,18.85,0.27,2.63,33.7,97.07,2967.16,55.28
33.63,85.54,97.54,9.14,27.65,0.49,0.37,24.99,50.85,213.06,57.09
194.42,16.62,119.86,4.91,27.78,0.65,7.37,20.63,54.82,1112.09,53.45
123.51,90.09,146.41,8.45,30.22,2.86,1.61,39.94,59.36,2542.7,69.61
196.28,60.18,131.01,8.93,42.87,1.58,6.02,23.64,50.68,1223.92,58.3
67.55,3.18,146.17,8.91,52.74,0.73,1.71,17.99,66.01,2973.65,52.24
140.61,63.31,152.46,8.6,8.15,1.91,6.65,15.29,72.0,228.23,58.37
44.52,95.14,117.83,5.48,31.99,2.7,7.26,16.2,33.78,73.87,62.96
52.24,7.92,73.13,6.89,27.77,0.58,0.93,28.28,86.45,2205.2,62.8
102.38,58.25,48.63,5.45,5.6,1.27,1.26,11.89,72.89,2851.9,63.9
63.92,91.55,180.58,5.73,49.91,0.76,7.41,12.65,79.52,160.91,48.57
33.52,0.97,193.98,5.46,10.74,2.3,6.19,25.8,95.2,2088.94,54.96
52.58,63.09,71.53,5.35,11.31,0.57,0.41,34.53,84.76,1342.06,65.48
7.15,47.49,22.46,8.01,7.66,2.76,1.54,34.12,69.36,1509.12,66.0
140.88,34.7,44.51,7.73,16.02,0.81,3.36,41.48,44.29,2123.27,59.06
98.42,62.75,134.13,4.83,14.72,0.3,6.93,27.72,67.75,675.34,60.57
18.85,5.27,34.59,7.99,24.13,3.2,1.29,17.63,24.78,1561.98,65.06
34.34,75.31,156.02,5.39,41.26,1.23,5.82,38.02,69.67,2023.72,55.36
20.51,0.45,184.61,4.81,7.99,1.81,0.76,15.16,54.56,521.5,53.39
122.52,30.69,192.73,8.36,52.32,0.44,3.79,33.58,75.51,1176.27,55.61
18.84,50.4,1.87,5.86,22.96,1.73,5.86,34.46,42.59,1417.56,59.54
150.86,37.7,191.63,7.2,38.36,0.86,0.61,16.77,69.54,205.04,64.06
4.1,30.75,148.04,4.8,5.66,2.96,1.71,11.92,83.76,2963.79,56.63
49.88,83.08,16.81,7.49,25.12,2.53,6.36,16.57,28.29,10.85,63.59
178.13,93.48,83.05,4.85,5.11,2.36,1.39,37.77,74.21,320.96,55.73
143.71,87.37,140.01,4.58,14.1,2.76,5.37,39.21,97.62,2004.93,55.14
14.59,52.24,191.34,6.01,29.63,1.1,5.17,19.17,90.07,144.65,56.17
164.23,88.42,32.83,8.64,34.43,1.64,4.21,28.19,31.56,2817.39,50.29
98.61,92.09,25.55,4.65,13.41,0.39,1.69,11.97,55.77,2895.38,52.32
169.36,40.92,94.47,4.26,45.99,0.33,3.39,16.79,39.11,1435.48,52.71
120.15,28.34,193.62,3.71,15.4,1.22,5.01,29.84,25.75,1750.99,55.84
136.37,9.83,194.28,6.2,11.37,2.9,7.07,18.15,83.21,2646.19,59.81
198.7,47.91,45.58,5.33,23.34,2.13,6.4,11.78,86.47,686.61,59.23
46.47,94.63,63.87,5.4,35.33,1.54,4.9,41.13,72.44,1255.32,57.03
124.79,56.09,181.61,9.88,59.39,3.39,1.9,18.13,27.3,2659.85,60.5
92.06,66.76,146.97,4.76,28.03,1.6,1.81,37.18,26.17,1074.44,70.91
7.89,11.29,194.46,6.48,28.43,1.69,6.53,24.78,64.7,2783.76,48.27
2.89,14.35,178.63,9.91,8.26,3.47,5.35,34.7,92.17,2052.92,41.61
23.85,46.45,43.02,3.7,47.12,0.55,2.93,22.47,34.06,2222.33,47.95
129.82,95.13,151.95,8.03,15.0,0.97,7.77,31.09,70.51,1966.38,54.07
113.43,36.08,9.71,5.91,45.96,1.64,7.13,32.98,59.95,2261.54,60.79
110.69,87.75,163.57,9.39,55.08,2.04,5.4,14.33,40.57,2570.62,53.79
6.37,12.03,120.31,9.43,47.25,0.6,3.02,40.94,53.67,2836.01,43.52
93.86,61.7,191.22,6.02,40.33,1.22,2.54,22.35,56.22,606.78,65.36
184.92,60.06,192.01,4.94,38.22,0.85,7.52,37.55,32.04,2931.2,45.79
79.52,85.99,10.16,6.28,29.95,2.99,3.6,29.34,34.01,2459.96,70.11
124.98,0.33,32.1,9.77,12.95,2.94,6.42,16.41,73.69,1559.22,55.79
155.96,18.99,96.84,5.33,47.84,0.92,7.52,22.43,30.18,1236.15,52.39
156.79,21.97,175.9,9.88,31.25,1.58,3.99,12.98,82.44,1267.72,50.49
103.86,95.0,162.89,8.83,39.41,2.32,5.26,19.5,87.79,1815.27,57.55
171.59,15.37,192.87,5.24,25.57,0.26,0.78,17.25,29.11,2106.84,51.96
78.28,3.7,123.62,8.64,16.04,3.1,5.26,19.58,95.53,2061.22,66.3
177.74,53.45,51.31,3.82,49.36,1.84,1.8,38.11,98.21,691.55,52.43
48.05,52.86,5.02,7.06,23.83,0.87,5.4,12.8,24.3,1664.82,60.24
56.04,84.4,44.59,5.82,52.67,1.45,0.9,32.12,20.28,1609.86,61.88
10.62,94.89,135.05,6.28,58.11,3.17,4.01,22.38,95.85,608.81,67.64
159.12,53.85,185.25,6.57,50.65,0.18,4.22,26.93,27.23,1196.81,58.68
83.41,93.0,64.18,6.77,12.05,0.59,3.92,17.45,41.52,1780.56,58.6
45.82,72.52,175.14,7.77,52.03,0.76,6.08,43.37,57.95,2696.7,48.9
46.36,26.46,78.98,8.03,33.56,0.3,6.06,33.23,32.67,1037.06,54.17
180.28,92.84,61.65,9.84,18.28,0.87,5.68,17.07,53.23,761.84,41.27
166.78,66.74,101.77,8.46,10.12,2.88,5.09,27.16,94.18,281.47,62.61
110.71,41.41,88.45,7.97,20.32,1.89,7.24,15.44,90.98,1820.0,66.83
123.22,68.02,182.76,6.05,12.56,2.16,4.65,41.83,32.36,2229.53,62.87
94.87,40.13,93.65,4.27,6.41,0.63,2.85,26.48,95.54,596.26,60.61
78.33,11.42,55.47,3.88,59.33,1.05,0.57,12.59,76.87,1851.28,52.68
183.1,71.9,168.51,6.6,50.73,3.22,4.33,15.28,97.66,2903.0,59.22
25.12,82.41,199.75,7.84,45.64,0.82,1.9,27.43,34.16,2065.98,52.3
83.69,72.88,129.63,7.73,15.62,3.18,3.16,16.88,25.21,1800.76,71.02
68.91,22.91,50.09,9.69,6.53,2.35,0.49,34.89,53.21,187.88,55.18
99.63,95.66,47.76,5.99,31.69,1.81,5.16,24.9,99.11,2958.18,63.47
91.53,2.53,11.54,7.58,45.79,0.69,7.1,29.75,56.45,1404.64,53.1
103.78,33.27,15.46,9.27,57.96,2.39,2.67,31.64,71.6,1505.3,63.31
27.98,26.01,183.0,6.13,51.41,3.11,6.46,43.18,63.02,2389.2,60.68
102.63,4.81,19.3,6.61,54.14,0.64,1.1,42.67,91.65,1392.67,56.11
48.48,40.57,96.87,9.5,18.13,0.12,5.81,23.16,89.54,1517.11,49.01
36.87,62.31,139.62,7.08,13.54,2.62,0.73,41.35,96.93,2466.94,67.02
12.97,88.26,170.07,8.7,18.63,2.14,2.14,44.79,68.8,640.18,50.25
152.53,98.97,34.25,9.58,12.62,1.81,2.95,40.8,64.91,581.74,47.53
85.49,80.81,87.56,7.21,48.92,1.65,1.34,11.78,25.08,914.9,74.24
125.33,46.87,50.3,4.21,54.67,1.79,1.56,21.45,44.68,1628.27,62.09
145.52,72.37,51.16,8.84,21.9,1.37,5.62,13.84,48.78,1888.52,55.1
135.86,84.36,60.77,8.82,53.23,0.38,0.86,33.94,60.31,2411.94,54.73
94.1,46.53,117.42,4.25,8.03,2.74,7.48,22.23,29.84,1058.05,66.53
77.58,78.51,3.32,7.06,42.25,1.69,6.17,16.6,62.88,635.81,64.72
75.19,48.27,81.75,6.67,34.01,2.9,2.92,17.25,41.09,1238.39,89.58
128.01,38.65,37.37,9.01,20.22,3.44,5.07,23.13,97.58,520.43,67.04
98.96,52.61,193.42,5.29,47.25,0.68,5.78,30.84,36.52,811.53,65.05
169.83,67.59,116.55,6.27,16.66,2.8,4.8,33.83,33.92,202.91,69.42
174.94,72.69,173.62,7.43,27.89,3.42,4.98,10.76,61.15,221.87,62.49
34.11,35.67,39.14,6.86,44.04,2.56,7.34,44.34,94.05,628.0,62.18
27.25,57.13,162.0,9.71,23.6,0.94,7.06,11.43,28.86,997.31,43.46
126.08,90.99,82.96,9.74,52.04,3.15,7.32,44.31,93.42,2830.69,47.44
60.25,97.63,35.54,4.03,52.6,2.8,7.09,19.41,28.62,1456.89,55.51
3.71,22.72,152.25,5.44,16.14,1.63,5.51,41.23,33.76,378.36,48.5
177.73,19.28,152.4,3.55,29.22,2.05,3.98,40.81,32.67,557.23,58.07
45.38,67.67,199.18,6.22,28.76,2.55,3.95,26.94,38.42,777.1,65.37
185.86,41.47,156.19,7.8,27.55,0.52,6.2,36.29,80.09,2714.76,53.49
143.49,2.42,29.05,6.56,32.61,3.25,7.4,33.26,53.98,1092.5,68.72
152.53,34.69,64.51,3.94,9.09,3.46,0.8,38.77,84.91,2803.7,57.38
40.29,80.67,90.35,4.77,52.85,1.22,7.03,29.46,46.26,248.47,56.41
46.84,79.74,25.33,4.63,20.95,2.53,6.81,21.78,57.54,2589.19,54.82
104.25,49.47,157.61,6.82,5.1,1.53,0.79,24.61,59.63,1367.84,70.49
34.42,47.26,105.34,7.9,42.68,0.19,5.29,14.88,57.25,2683.16,61.4
61.09,57.95,188.89,5.56,40.78,3.36,7.78,20.04,51.86,2232.62,69.57
64.29,21.94,117.86,4.35,59.07,0.58,6.83,43.86,48.01,784.77,46.79
31.93,52.6,104.58,8.69,44.56,0.35,0.6,25.02,87.73,1168.38,67.15
41.04,1.1,14.29,9.08,23.3,2.95,7.41,34.97,52.59,2137.0,51.71
157.71,47.56,29.87,5.3,57.39,0.22,1.47,20.88,30.53,699.3,56.38
33.44,33.61,169.91,6.23,25.09,2.44,0.67,35.18,35.51,2042.55,75.57
5.69,67.49,198.14,4.03,50.17,3.26,1.9,26.69,75.96,1704.86,59.67
125.87,63.84,83.04,4.98,23.46,1.48,3.92,37.61,99.47,1020.32,70.45
195.2,38.08,162.02,8.49,7.68,0.33,6.54,23.97,74.33,2067.47,42.63
66.24,0.73,125.52,5.87,45.36,0.84,2.21,43.75,26.83,2782.71,51.91
23.73,25.23,191.81,7.43,24.26,3.32,3.18,16.45,61.87,2717.55,64.02
114.08,63.33,47.63,9.65,23.64,1.68,1.21,27.69,68.82,1609.69,69.69
181.27,7.24,108.97,8.2,44.37,1.94,2.4,15.75,65.77,2176.57,63.52
156.81,10.76,81.76,6.45,22.71,0.63,7.23,19.21,32.99,1177.67,60.21
124.5,64.7,108.34,5.88,11.49,3.22,5.48,28.17,73.29,701.31,83.82
63.01,75.58,53.77,4.74,27.25,1.86,5.42,16.13,21.48,1958.73,59.13
108.38,32.15,99.55,8.41,50.31,1.9,2.07,13.79,80.62,840.7,67.56
18.25,48.97,124.96,4.23,12.16,2.06,1.26,39.66,41.14,834.94,62.67
135.79,94.57,16.24,3.9,35.5,2.71,7.11,22.79,97.09,2195.0,55.41
145.02,94.55,148.6,4.18,12.27,0.79,7.55,34.9,50.27,2638.54,42.88
193.01,30.75,141.3,5.08,7.71,3.3,0.52,26.78,25.57,1539.63,66.48
52.08,81.0,176.09,7.58,25.83,0.7,4.29,36.12,99.24,133.9,51.5
3.69,59.39,85.17,9.1,41.18,0.77,3.57,19.16,70.77,2140.71,55.3
109.12,97.55,12.33,9.95,20.12,0.14,5.93,13.46,65.12,2263.56,42.57
141.36,47.76,92.29,8.25,29.52,0.17,2.48,28.29,48.43,2812.68,65.89
158.08,77.47,27.52,4.45,32.02,1.56,5.0,32.22,56.27,1649.02,50.56
38.75,76.81,129.49,5.31,51.27,0.72,0.75,43.21,55.67,1737.42,61.15
52.35,49.74,9.43,4.36,50.04,0.82,6.6,37.06,41.64,2142.57,45.78
102.52,79.56,74.8,4.25,5.13,3.46,1.99,40.61,47.55,1517.35,74.65
66.12,26.1,16.57,7.19,27.77,3.26,2.58,35.55,95.1,619.22,69.3
172.1,12.23,0.67,9.39,41.09,1.2,3.09,44.82,33.67,2440.74,37.38
94.75,42.52,192.11,7.95,51.88,1.27,1.73,35.92,59.48,1903.24,62.74
159.92,94.36,199.23,8.7,7.69,1.09,6.49,32.87,92.38,848.3,42.91
116.12,50.07,111.1,6.8,39.55,3.1,0.64,21.09,81.46,2903.21,88.76
154.62,63.53,47.79,6.59,51.31,0.43,7.47,18.64,99.77,2487.89,51.83
66.53,62.42,182.22,9.59,19.03,2.09,7.45,19.77,82.52,1043.31,53.65
166.28,13.26,184.61,8.19,16.29,0.73,6.64,10.95,22.53,46.16,45.39
54.91,39.03,170.9,6.49,30.73,2.68,7.62,18.2,36.62,2876.64,66.86
109.22,70.69,108.87,5.66,57.94,2.25,6.11,19.99,94.48,315.94,66.56
42.8,97.2,14.94,4.11,43.11,1.42,4.54,13.0,96.01,989.2,50.01
95.11,16.8,17.69,8.84,28.35,0.43,5.8,10.41,63.97,552.89,55.0
63.64,41.04,179.32,4.6,6.15,2.71,0.13,27.6,56.03,2685.47,69.39
53.34,9.51,175.17,6.85,35.62,0.36,5.51,16.34,69.93,1004.36,59.3
193.4,24.24,86.88,7.64,24.18,1.03,0.43,18.14,92.0,821.83,59.43
32.01,37.68,65.63,8.34,15.21,0.96,7.11,44.33,57.39,1358.92,52.85
157.47,54.06,128.82,4.04,32.51,2.07,7.18,15.19,71.23,2984.33,56.05
196.83,23.06,161.4,3.57,23.78,1.85,1.0,11.75,38.37,1564.92,51.24
3.98,22.76,146.34,8.09,7.13,1.05,5.47,38.88,64.1,90.0,48.51
139.81,77.78,123.12,6.45,44.9,1.56,5.38,19.47,30.8,1884.82,69.36
50.58,96.26,46.3,4.68,45.29,1.58,4.03,27.66,21.36,1645.4,62.7
8.1,32.36,52.5,9.88,39.04,2.05,0.3,39.17,66.06,232.61,55.39
80.58,68.8,144.81,8.64,51.25,3.15,1.0,27.74,75.77,2543.49,66.92
187.04,25.81,160.52,7.26,16.17,0.58,5.31,41.25,38.63,263.91,50.84
2.35,92.8,23.23,8.06,20.74,2.0,4.28,33.23,36.06,183.92,48.05
117.58,67.29,37.46,4.51,30.23,0.16,0.47,31.57,74.72,2224.01,61.39
100.28,80.27,136.09,9.75,8.31,2.47,4.19,36.48,69.18,1437.14,64.78
174.68,4.94,77.8,9.98,53.6,2.28,6.81,17.66,85.73,164.48,44.31
16.8,59.85,112.66,7.71,31.98,2.46,7.13,16.01,41.63,1617.27,67.12
136.31,52.76,122.96,7.84,22.86,1.71,5.61,39.41,76.15,1180.0,68.3
136.02,29.3,155.24,8.08,31.29,0.74,5.33,41.5,35.2,2211.92,57.87
133.82,26.24,161.14,7.83,22.88,1.62,6.18,15.62,39.85,134.11,58.66
188.47,58.0,56.02,6.35,20.74,0.18,1.15,28.59,60.45,1058.48,61.38
164.62,70.65,108.26,7.01,29.64,1.4,1.6,15.93,86.69,1466.09,74.62
8.39,3.32,24.7,5.34,31.5,2.95,3.94,11.06,43.4,1657.69,57.38
94.22,56.74,168.4,6.4,28.83,1.25,3.66,27.51,35.68,2117.08,75.49
79.59,17.05,169.09,6.33,35.14,2.11,1.56,31.05,69.52,1115.53,76.81
62.03,14.04,59.9,5.37,48.09,0.99,5.46,26.42,47.48,652.07,58.27
90.27,62.31,32.12,8.61,8.15,0.56,5.95,37.35,52.21,1252.17,55.2
76.84,31.09,14.02,6.16,49.63,1.87,2.24,18.08,67.25,846.94,69.22
86.47,44.09,115.0,7.09,17.57,0.22,2.57,42.21,27.27,2138.37,58.22
195.85,36.0,18.29,4.51,18.87,3.18,2.13,29.71,44.8,143.8,62.05
17.73,64.83,136.12,6.59,37.97,2.74,2.3,28.63,66.61,2833.28,72.98
184.45,47.01,135.63,8.45,58.66,3.49,2.98,25.84,31.04,2654.4,66.21
96.05,96.35,122.8,6.39,5.96,3.48,3.58,17.53,63.53,971.56,73.23
124.75,35.24,175.31,7.13,42.02,2.58,3.93,19.91,77.42,315.69,72.33
166.04,74.03,75.66,8.06,43.33,2.74,3.93,29.34,60.04,1974.97,63.23
72.09,25.73,180.45,6.03,36.55,1.9,4.98,35.97,60.35,2849.09,67.88
86.08,50.88,7.39,5.8,5.53,0.84,2.82,14.93,32.34,2789.1,57.9
81.9,55.26,22.55,4.06,38.35,2.85,4.08,28.29,22.39,282.94,69.33
74.95,32.91,82.44,7.28,11.33,1.02,4.1,11.06,25.76,1271.24,68.66
185.11,47.18,118.8,8.1,9.29,2.31,0.86,16.42,60.75,1776.95,67.07
165.79,27.93,6.48,7.28,43.28,2.58,5.07,38.13,55.91,2494.6,56.92
21.8,0.6,113.49,5.34,43.51,2.02,2.3,19.67,85.03,1405.17,61.65
21.62,21.56,61.48,5.21,53.95,2.35,0.47,19.9,50.19,1418.74,68.73
85.57,70.01,177.43,4.54,5.19,1.1,5.21,28.59,94.58,1719.25,57.44
19.73,77.1,106.66,3.81,25.83,2.69,0.48,22.99,46.91,2858.9,68.05
123.82,28.02,117.58,6.27,5.67,3.31,3.59,39.44,64.5,814.75,81.29
28.74,40.8,189.12,4.54,25.06,1.75,5.01,25.89,73.77,1938.28,58.1
104.47,3.74,152.83,7.99,32.04,0.51,7.99,39.96,81.5,2888.98,50.97
1.44,23.71,87.65,9.75,34.14,2.21,4.17,10.31,72.28,1359.77,56.85
63.32,77.92,95.38,3.98,24.58,1.26,2.61,38.3,30.06,971.65,57.92
135.44,60.6,129.58,9.3,44.89,1.52,3.99,11.02,74.96,875.07,62.8
96.81,20.58,40.04,7.78,27.86,0.62,1.65,40.43,20.08,1958.8,60.62
195.65,25.74,17.73,9.09,33.44,2.23,3.56,43.31,46.88,1409.96,53.43
174.82,81.68,62.25,4.51,49.0,2.78,7.0,41.02,58.28,2526.95,54.87
71.81,20.91,155.68,9.39,14.59,2.71,1.18,41.18,52.98,770.26,61.67
9.1,33.42,51.46,9.73,22.65,3.48,4.29,29.37,41.07,2994.48,54.25
169.13,66.44,26.15,9.39,33.68,0.82,5.0,43.14,88.71,2680.34,44.2
182.25,56.11,43.8,8.61,47.22,3.21,2.57,14.22,99.45,1084.78,65.41
164.13,46.09,135.79,4.09,28.39,2.59,5.91,13.92,72.8,2574.07,64.04
25.59,89.97,122.79,4.93,9.0,2.51,5.34,19.65,29.92,2997.52,54.95
199.58,21.97,137.66,9.44,59.39,2.42,3.77,29.12,34.92,2986.99,43.76
51.72,74.14,64.39,4.99,43.94,1.93,5.16,15.88,20.29,947.29,57.47
144.84,15.91,180.17,5.76,44.75,1.39,6.74,40.74,49.36,1554.99,56.76
181.61,61.57,90.35,3.83,30.58,3.31,4.84,19.12,85.61,1524.12,68.06
47.14,87.06,102.74,7.58,35.09,0.61,4.59,42.01,38.8,2090.98,59.74
181.65,45.79,189.76,7.16,59.67,0.7,5.01,20.01,52.32,219.24,49.82
61.9,72.43,195.86,9.75,37.73,0.16,5.44,14.85,96.01,2465.55,41.44
195.28,82.04,132.31,9.3,17.04,2.61,3.28,36.0,62.48,583.47,56.48
56.25,13.6,188.96,6.79,58.04,3.14,6.71,11.79,95.2,1388.26,63.03
190.69,70.58,108.3,7.46,34.58,0.73,7.4,37.25,23.99,1790.0,55.75
10.71,91.98,61.46,6.19,6.14,0.22,5.01,42.71,73.92,1423.87,44.5
141.85,57.64,63.02,4.36,36.53,0.93,7.11,18.09,30.48,209.0,56.29
106.42,18.61,111.79,9.14,8.88,3.1,5.98,38.47,22.35,1110.4,66.54
95.58,12.69,121.01,7.07,34.02,0.16,3.44,42.14,41.18,1336.27,68.36
44.7,25.97,87.92,6.27,50.39,0.44,4.02,21.32,21.55,1469.03,69.27
141.12,10.35,176.75,3.95,34.64,0.18,4.6,37.27,32.82,2926.53,40.87
38.16,51.34,85.34,7.82,25.54,3.31,7.52,13.49,36.08,1264.97,73.62
110.57,6.97,54.68,6.1,53.54,0.56,5.22,40.3,99.73,1833.27,57.53
50.65,22.34,1.6,5.15,56.02,3.16,4.12,26.28,24.74,349.65,61.92
191.12,43.99,194.11,9.2,24.11,1.71,1.07,18.67,96.06,673.82,55.89
5.73,47.39,164.86,4.69,32.44,1.44,5.37,28.42,50.69,190.45,56.19
39.95,56.54,123.11,6.85,59.06,1.55,4.48,19.01,63.42,1426.96,65.95
48.46,70.56,166.11,8.67,14.8,1.52,7.53,37.92,22.68,1505.65,51.1
82.81,4.72,162.06,9.02,21.4,1.26,2.8,21.26,20.43,2764.87,55.7
46.55,8.06,186.37,8.82,28.56,2.86,6.38,12.56,39.57,2061.2,58.43
98.27,6.09,77.21,9.33,10.55,1.83,2.33,11.23,74.96,668.36,61.12
174.49,42.32,110.97,4.43,19.96,3.47,1.46,19.1,75.52,198.85,73.61
142.41,4.18,19.73,9.61,34.96,1.86,0.2,28.62,66.83,342.12,62.23
115.99,74.61,193.06,3.57,17.57,2.88,7.17,32.23,57.06,186.75,59.48
17.8,22.3,197.03,5.16,42.75,2.63,3.61,27.72,39.22,2896.22,59.79
138.8,93.92,157.82,4.05,24.12,1.46,2.32,34.45,86.98,2117.92,55.9
33.28,48.64,90.82,9.65,9.94,2.78,3.28,33.84,65.86,233.47,62.78
157.27,44.63,99.31,6.26,47.05,0.63,5.72,30.09,47.49,474.39,57.52
50.01,78.05,87.07,5.55,36.21,0.79,3.21,33.87,31.85,2137.72,63.29
83.41,71.32,58.66,4.59,50.37,2.2,1.88,40.16,72.75,680.73,62.81
70.09,60.73,105.56,4.51,24.81,2.52,0.79,11.41,35.64,1637.38,73.13
171.76,93.51,10.69,7.49,6.07,2.29,5.01,39.15,61.9,450.35,55.8
25.31,42.23,198.38,3.81,7.57,1.83,7.78,22.46,54.8,2650.82,49.11
113.13,80.85,84.81,7.36,48.75,0.57,5.11,20.69,36.04,1671.69,63.22
28.41,38.01,185.47,8.54,27.59,1.37,7.58,40.21,82.38,906.58,52.13
140.96,83.83,144.85,7.41,58.7,2.16,7.04,31.24,56.66,2724.31,59.18
181.02,25.95,57.99,8.87,50.67,0.87,1.33,12.05,22.03,1571.18,52.9
86.92,28.93,44.41,5.22,5.89,2.27,7.04,16.67,60.28,1631.63,62.14
97.62,67.79,199.14,4.0,52.85,0.9,0.11,42.74,36.52,1189.66,58.75
185.48,21.27,154.43,8.19,16.71,0.43,4.13,24.44,99.45,375.19,46.52
104.2,22.92,49.93,8.88,31.74,1.2,4.23,19.55,71.8,653.8,65.64
97.52,30.53,13.49,6.76,32.84,1.03,5.84,16.93,27.74,1420.82,65.09
115.67,67.89,139.38,8.83,8.28,2.86,6.07,29.48,60.37,2132.56,65.35
137.85,88.94,60.6,6.48,11.91,1.74,1.93,43.89,51.62,613.73,63.67
21.38,67.46,44.27,4.79,28.27,0.32,7.07,14.7,67.4,466.49,50.76
164.22,82.78,146.99,6.58,40.34,2.87,1.51,18.37,72.77,1561.16,72.0
87.1,54.36,135.85,4.9,19.54,1.01,7.7,27.34,56.31,385.55,71.67
14.47,6.89,96.28,6.57,33.95,2.03,7.88,17.53,71.13,1309.88,61.1
157.24,10.05,188.53,4.46,25.85,1.94,5.6,44.98,43.01,1677.62,55.8
75.39,55.44,135.93,4.71,39.67,3.4,5.22,24.33,22.96,1465.86,75.22
20.07,32.78,178.68,9.24,28.34,0.97,7.84,25.42,24.46,2702.16,45.42
126.76,22.06,38.11,4.25,51.84,0.59,2.01,17.67,88.18,198.01,55.53
176.03,46.63,59.33,4.96,59.11,0.98,5.18,37.85,47.3,2708.08,47.04
177.55,66.65,20.9,9.97,55.22,2.06,3.31,26.28,95.48,1876.96,52.44
191.53,38.5,60.92,7.24,14.27,0.84,1.42,32.69,57.8,468.78,61.15
173.54,80.25,194.36,7.31,30.14,1.26,1.11,16.1,87.44,311.96,53.01
0.43,73.85,192.57,8.99,30.23,2.34,5.63,14.53,30.98,2494.38,49.87
76.05,73.49,152.08,6.91,51.23,0.5,1.91,29.63,88.64,77.21,62.1
163.71,98.52,104.21,4.94,24.65,3.31,4.83,16.23,95.07,1739.78,65.3
73.25,29.52,156.16,6.25,35.23,1.91,1.98,28.03,96.34,2633.31,71.71
120.31,64.47,110.7,8.41,38.51,1.74,3.69,44.97,44.04,2793.52,69.01
121.26,85.55,0.7,9.17,11.13,1.33,5.96,25.46,77.51,1855.14,53.05
73.01,57.95,100.31,5.28,35.69,0.94,4.27,10.87,25.0,2894.28,60.04
180.89,78.95,119.78,5.2,18.58,1.74,6.98,32.2,43.15,1979.11,51.92
100.65,41.45,53.15,5.63,16.36,1.75,4.26,19.06,46.42,2810.11,68.62
92.96,59.05,40.66,7.38,18.77,0.29,1.63,42.92,76.71,2567.23,66.99
199.5,5.57,54.76,5.31,10.46,2.98,7.19,18.18,45.72,118.15,56.4
98.7,98.58,124.73,9.31,8.84,2.89,3.4,42.64,25.3,1216.0,59.8
35.68,80.0,29.21,9.86,40.58,1.62,6.95,10.64,57.42,1208.05,44.73
102.61,86.88,144.07,7.91,56.75,1.24,1.94,44.24,44.0,976.46,61.29
162.8,69.43,84.53,9.81,42.84,1.8,5.13,19.57,81.71,2996.6,52.35
155.37,18.61,70.67,5.37,22.15,0.85,1.41,37.36,61.19,443.91,57.6
157.72,3.1,161.45,8.8,23.43,0.1,0.73,26.32,44.64,721.79,52.55
141.6,86.47,101.21,7.91,34.78,1.3,7.99,22.97,24.38,286.15,56.57
50.84,39.63,75.68,5.21,52.65,0.16,0.18,43.53,37.4,1716.11,54.74
172.42,26.39,175.63,5.57,16.14,0.24,4.77,42.96,33.59,2503.91,43.58
178.69,56.17,73.65,6.68,30.77,0.2,0.21,31.14,47.89,670.98,64.92
38.83,42.09,171.8,8.65,32.44,3.09,4.46,42.87,22.95,1691.5,62.44
26.09,65.17,100.84,9.17,56.22,0.59,0.89,37.6,23.36,587.26,48.68
195.12,48.38,41.6,7.62,34.49,0.96,6.32,22.72,93.19,187.51,54.3
173.66,69.72,122.56,8.19,47.95,1.77,2.41,41.36,91.36,362.73,58.34
178.65,85.34,57.06,5.22,9.83,1.9,2.82,22.56,76.79,1264.65,62.51
177.28,19.56,29.43,8.32,22.98,0.52,2.09,43.12,77.68,617.57,48.91
108.34,32.94,17.31,7.43,38.63,3.19,1.0,28.06,26.27,271.65,82.05
129.28,43.68,48.34,4.95,42.27,0.89,4.05,35.86,31.85,1238.06,64.16
109.07,96.21,147.31,9.68,53.69,3.3,3.64,32.3,42.42,1989.71,64.52
10.24,36.53,167.6,6.83,37.47,0.97,4.36,35.67,60.02,1721.24,61.12
149.1,38.11,172.34,8.66,20.93,0.11,5.04,16.32,87.83,1535.26,50.37
101.07,65.35,54.03,6.92,34.65,3.4,0.8,41.12,98.71,1393.76,82.5
129.54,41.92,132.19,9.56,44.13,1.74,3.37,38.78,82.32,1514.92,61.22
100.53,95.12,46.07,4.42,48.14,3.09,4.78,32.08,32.24,2631.47,65.57
98.36,89.45,124.55,7.05,56.95,2.6,2.65,17.41,91.87,93.18,69.76
34.36,51.34,177.44,3.66,15.49,0.71,1.61,30.06,75.38,1401.11,50.15
55.74,64.48,8.18,4.78,41.35,2.97,4.89,25.26,27.1,2630.66,60.97
31.77,5.8,197.05,5.33,16.02,0.27,5.78,10.63,47.24,1566.16,34.84
39.13,69.57,165.42,6.57,22.48,1.83,6.03,42.31,84.29,668.81,59.83
194.6,70.72,152.33,8.83,12.85,0.96,2.67,36.92,89.79,707.34,47.04
30.62,35.92,138.27,6.53,47.51,1.33,0.88,41.42,79.87,1912.08,63.92
53.85,21.97,154.05,7.15,55.27,2.67,7.33,31.11,58.52,2374.81,62.42
118.12,91.51,198.92,9.51,6.65,2.42,5.53,21.63,99.68,2560.87,54.47
122.04,42.67,154.04,8.42,49.74,1.6,7.59,25.39,20.2,1522.92,57.11
30.79,65.37,70.32,3.83,18.3,0.26,1.25,39.02,28.47,2468.85,51.36
158.74,3.33,122.78,4.65,31.78,0.24,5.29,16.98,56.87,761.8,48.31
157.04,41.41,67.38,3.75,46.15,2.49,1.65,15.3,76.74,1714.09,65.69
47.46,81.73,194.01,3.95,32.88,3.33,6.94,13.52,22.17,2367.26,55.13
57.73,38.76,180.03,5.7,17.72,2.98,4.2,13.48,54.27,2735.4,74.56
187.6,60.32,113.52,8.23,54.84,0.52,4.31,27.03,40.09,2352.93,50.63
165.13,20.99,156.25,5.09,37.65,0.51,7.45,35.77,64.82,2605.86,47.75
139.56,41.65,181.94,6.05,56.22,2.18,2.5,41.16,45.11,2662.12,58.59
16.45,92.76,48.72,6.06,51.57,2.34,4.99,29.88,72.29,809.33,63.19
83.65,56.65,115.9,7.34,53.21,2.2,1.24,27.37,31.75,970.32,74.55
111.86,90.19,96.34,9.3,24.89,3.11,2.97,23.55,80.8,2405.07,74.13
37.48,90.2,154.32,9.89,59.3,0.89,1.64,20.52,63.65,2790.75,48.34
89.65,94.41,75.82,7.43,51.88,0.69,1.69,11.17,80.12,2434.79,54.97
120.21,89.54,141.8,6.78,23.57,3.21,5.32,35.58,59.08,666.71,74.87
65.48,0.33,80.6,7.93,54.3,2.56,2.36,12.48,50.39,2976.19,61.39
156.19,93.4,22.21,7.84,46.54,2.52,2.08,36.53,38.98,1904.62,54.85
168.09,13.75,21.42,6.91,44.88,1.24,6.48,34.98,90.85,1435.42,48.11
64.72,3.99,23.81,8.29,5.34,2.23,3.84,44.56,54.94,2895.23,45.39
167.73,5.54,6.5,6.69,6.24,2.57,3.1,10.7,58.04,2689.16,51.58
20.72,34.89,106.59,9.98,43.21,2.14,6.54,18.5,62.17,1772.64,57.43
167.55,62.08,134.38,3.82,20.33,2.6,3.96,12.88,61.58,1092.52,57.52
30.55,40.23,25.35,6.38,8.22,2.11,6.54,42.65,66.97,1405.62,60.78
16.59,2.56,122.37,6.08,20.73,3.44,2.62,27.99,30.78,1651.68,74.38
128.36,47.65,119.55,8.51,51.09,1.77,7.7,43.45,86.69,1818.1,60.36
94.39,44.21,29.42,4.74,30.88,0.14,7.4,15.44,47.55,2111.41,54.25
181.58,75.68,80.82,6.32,38.86,0.66,6.61,21.55,32.19,1778.49,65.08
72.64,27.96,151.03,8.04,49.03,3.38,1.78,32.36,33.72,2613.5,70.61
57.43,21.75,3.35,7.42,22.79,1.7,5.85,19.64,48.9,300.44,58.04
100.15,25.59,29.39,7.04,5.61,0.51,6.56,42.26,40.64,2844.49,57.86
91.19,30.37,199.17,6.33,22.78,0.63,2.97,25.36,86.77,580.39,69.67
68.89,59.92,146.71,8.39,57.62,0.2,1.21,31.48,90.31,842.16,56.34
138.75,47.15,92.83,7.7,31.53,0.87,2.23,22.28,76.95,2522.83,71.97
151.91,33.69,125.96,9.19,36.34,3.45,4.73,17.31,84.94,1239.43,70.6
170.6,37.43,169.24,8.26,46.82,1.22,2.09,37.94,21.05,1790.06,57.87
194.57,37.09,168.46,4.41,11.32,0.95,5.33,37.75,26.86,1771.72,42.25
53.33,97.24,64.94,7.53,45.37,2.37,3.2,38.54,84.8,395.84,67.09
143.22,23.3,98.26,3.79,21.38,2.39,1.88,21.55,57.6,1203.17,69.01
78.85,81.81,127.61,6.02,26.35,3.39,4.94,39.9,95.21,2732.56,72.94
135.42,70.82,14.38,6.18,19.82,2.58,0.68,21.17,87.96,174.53,69.71
95.2,0.56,189.16,9.06,13.45,0.47,5.04,22.64,47.04,2112.23,42.9
198.75,99.32,86.55,4.67,24.88,3.45,7.8,20.48,45.66,1490.48,56.68
145.78,75.64,74.17,7.68,10.21,2.65,5.72,25.07,90.6,79.53,64.59
190.5,68.24,181.42,4.75,51.46,0.98,2.69,10.93,54.79,1443.4,53.02
166.99,40.53,23.66,9.67,21.83,0.99,7.22,18.77,55.93,1168.09,49.63
180.58,55.52,7.85,6.94,40.95,3.36,4.27,18.93,62.78,1908.6,73.16
162.88,25.33,137.0,8.1,21.32,0.75,4.27,39.82,81.34,609.64,56.12
91.83,3.55,77.0,7.7,16.59,0.87,3.09,34.3,48.99,1082.58,63.07
50.36,83.6,152.9,5.47,44.25,1.32,0.51,19.2,53.42,1787.93,68.49
74.06,89.65,13.71,9.36,39.32,2.41,2.23,22.69,55.94,2272.49,61.44
4.05,16.25,76.75,7.58,17.0,1.56,6.56,43.69,87.05,849.38,49.31
104.8,78.71,47.07,6.82,38.67,1.16,2.15,30.88,53.37,2154.1,71.47
101.01,74.12,147.92,6.93,5.28,1.01,3.36,34.48,86.61,1392.9,65.11
105.05,17.84,45.43,9.29,14.73,0.53,5.11,43.99,64.3,1549.29,51.41
194.81,42.18,91.59,3.88,45.03,1.96,2.33,33.09,68.0,1625.18,58.03
182.29,42.28,163.78,6.03,27.56,1.03,6.51,24.0,71.08,519.91,63.64
32.34,76.0,183.08,8.97,16.2,1.23,7.2,23.41,50.65,848.01,45.43
73.78,83.77,144.52,3.74,32.83,0.13,0.59,13.92,68.56,2371.32,55.41
84.79,9.48,85.85,7.65,30.59,1.91,4.64,13.53,34.24,1308.22,70.99
72.11,56.3,114.4,6.12,39.87,2.47,2.86,23.23,45.33,1078.3,79.46
159.7,76.17,137.94,4.83,8.99,3.25,4.48,24.67,88.18,287.24,64.51
104.81,78.62,174.99,7.47,50.06,0.77,4.42,32.99,49.11,541.41,56.75
114.42,14.8,177.71,8.9,8.21,3.23,0.18,26.13,51.11,1643.87,65.88
170.6,52.55,186.19,6.54,29.96,1.33,5.22,35.43,91.98,1442.24,68.69
161.19,85.76,162.14,4.45,44.08,2.83,1.81,13.51,47.27,2931.36,61.36
26.44,31.85,29.36,5.49,23.96,3.15,4.52,21.05,71.86,541.91,67.97
142.78,42.51,149.53,9.88,55.06,3.37,7.17,41.63,95.59,649.33,57.16
87.09,80.44,162.92,4.22,46.54,1.21,1.62,11.53,99.86,2074.17,59.1
58.93,8.93,175.57,4.54,28.43,0.99,2.23,33.01,62.94,1185.71,58.66
10.0,85.95,184.96,9.94,15.11,1.59,0.6,29.39,68.8,895.8,52.56
97.45,31.12,101.83,9.23,7.39,1.99,3.98,12.11,54.76,166.83,61.31
71.09,0.15,131.02,8.1,49.09,2.45,6.97,14.61,79.99,1947.28,60.47
50.3,23.42,1.91,4.48,15.69,2.45,4.4,20.05,77.55,2585.48,51.4
138.93,8.95,114.56,5.06,19.83,0.5,2.88,13.57,50.44,2941.06,55.1
153.9,9.24,94.64,4.67,5.57,2.18,7.26,22.95,24.49,1366.28,52.99
48.96,69.28,192.46,7.6,6.0,0.67,4.3,33.46,70.09,1886.71,53.15
9.89,21.4,180.34,6.09,17.67,2.52,7.79,35.66,22.7,595.12,58.49
169.75,93.47,159.52,3.81,53.01,3.42,6.03,22.84,71.08,2293.52,55.89
1.99,51.64,11.4,5.39,47.95,2.72,7.3,40.88,85.14,940.89,53.36
187.42,46.01,80.41,9.09,47.34,2.46,5.22,40.61,66.12,2562.39,51.95
125.52,43.43,139.21,8.67,50.49,0.36,7.92,15.02,46.64,2521.04,59.08
64.37,69.26,5.93,7.68,15.26,0.73,4.25,33.58,60.28,291.26,64.21
49.3,45.23,47.16,4.06,58.85,1.31,5.16,19.36,48.73,1915.26,49.65
1.8,12.86,177.5,9.24,17.77,3.27,1.16,30.78,28.87,2508.84,56.79
47.09,88.02,25.96,6.97,13.25,1.23,7.5,23.16,45.38,1575.54,51.76
27.55,42.84,10.27,6.71,21.21,2.87,2.75,29.89,58.99,2148.04,66.99
122.43,7.4,116.12,9.57,34.17,0.45,5.35,31.98,47.38,652.3,53.96
33.31,52.94,189.29,3.56,11.84,2.35,2.95,15.28,21.83,1876.68,54.63
105.73,64.73,166.92,7.11,45.62,2.75,7.09,27.6,27.39,1813.1,73.08
118.02,27.56,194.95,8.64,25.43,1.95,0.97,15.75,29.83,813.91,58.76
59.61,80.03,150.7,3.91,36.26,2.71,7.22,16.32,53.19,2770.88,57.19
7.01,66.98,87.47,5.82,45.38,2.56,5.04,36.07,22.79,1282.56,65.09
7.45,65.03,189.32,9.85,54.6,1.72,7.66,41.98,58.28,2116.17,46.0
5.27,42.08,85.33,4.88,50.06,3.04,4.08,25.44,24.96,259.65,61.77
147.82,96.19,70.02,6.95,34.56,1.26,4.0,36.47,92.93,9.05,61.38
63.6,27.42,89.64,8.35,59.51,1.55,2.93,30.15,99.49,2838.63,62.37
159.26,57.77,162.79,6.04,34.14,1.94,2.7,40.69,50.39,2149.21,74.05
86.35,30.91,183.54,6.15,34.48,0.54,1.07,42.58,82.55,456.05,70.13
90.6,74.48,71.54,3.91,13.72,1.85,2.69,39.26,91.6,1651.38,63.19
102.58,4.78,92.45,4.74,13.18,1.2,4.91,42.31,87.64,304.97,57.33
142.61,4.59,179.67,9.22,14.28,0.97,0.77,18.75,64.59,2334.43,48.95
54.7,81.09,9.41,8.82,37.55,2.06,1.57,20.12,56.25,1117.9,67.16
24.32,43.43,156.77,5.48,27.83,1.22,6.89,30.54,45.99,125.34,56.76
111.21,34.12,90.84,5.98,26.22,3.01,0.82,38.02,26.96,80.46,81.27
65.4,60.75,75.3,6.36,12.02,1.49,2.01,12.98,97.63,729.67,70.83
88.5,70.19,89.38,5.75,25.96,1.5,0.13,21.23,24.85,563.04,74.34
129.39,20.12,83.74,7.75,25.79,3.44,5.78,21.38,34.98,2987.29,72.11
98.83,18.54,151.32,3.58,39.14,1.26,6.82,40.41,60.59,2857.18,50.11
124.06,95.82,185.59,9.22,26.36,0.55,7.05,36.08,26.69,2640.17,45.32
108.84,58.97,98.29,5.45,28.03,3.08,7.21,32.77,76.42,1151.27,88.73
147.96,39.01,166.55,9.17,19.99,3.22,3.29,16.52,20.97,50.78,66.14
141.19,80.14,146.39,6.45,12.23,0.87,4.52,28.34,88.02,1161.49,58.46
106.84,52.52,66.14,8.55,21.5,3.1,5.45,10.32,93.62,2297.42,71.18
135.78,24.17,117.46,8.87,7.35,1.78,7.33,17.26,74.3,307.13,53.29
174.71,20.67,133.36,5.46,16.2,0.25,6.39,38.07,70.8,564.66,50.48
86.45,39.69,4.7,7.66,22.87,1.97,3.96,32.93,67.31,796.92,70.77
82.55,85.99,79.19,7.45,13.01,2.99,4.13,29.15,25.83,204.76,69.41
152.85,6.14,198.53,6.59,41.57,1.45,2.76,39.51,47.1,1070.61,61.11
116.51,21.85,127.45,6.55,20.44,1.97,0.19,25.46,70.54,1040.32,84.26
14.2,89.32,66.85,5.48,38.85,0.58,1.24,19.8,36.89,1395.93,57.06
178.42,12.17,50.0,5.52,40.41,2.96,2.72,39.35,20.36,154.3,63.19
6.16,62.96,41.9,7.06,29.6,0.46,4.89,20.6,62.46,659.7,54.09
149.68,21.35,80.33,3.71,29.7,0.42,5.74,39.96,48.34,1513.72,54.97
151.76,60.59,38.65,9.57,36.98,3.27,7.14,33.21,38.56,2474.64,66.15
190.62,38.31,27.04,7.72,19.44,3.07,4.48,32.1,84.6,269.99,65.15
10.83,10.17,72.81,6.38,6.17,2.05,3.21,12.79,76.19,299.74,62.37
119.37,58.25,121.4,3.9,40.48,0.46,5.56,26.71,71.82,230.23,64.73
85.57,68.3,29.28,7.6,38.47,1.96,3.2,23.07,97.53,1479.8,69.82
66.13,68.03,8.87,3.62,31.2,3.23,0.96,42.45,72.37,543.91,68.96
18.06,63.7,6.93,7.92,53.17,2.18,0.13,10.44,78.39,1111.53,59.76
112.53,50.02,53.48,3.97,32.97,0.77,5.7,31.11,40.63,1171.03,64.24
95.81,51.95,38.03,7.76,21.69,3.18,7.2,24.42,81.04,327.5,80.22
20.91,63.56,107.85,6.14,44.24,3.04,5.46,38.17,63.72,2862.37,70.02
122.5,69.03,91.14,7.81,57.93,1.96,0.32,39.2,65.29,1851.51,64.55
147.59,65.49,64.95,4.4,45.53,3.0,1.83,26.25,31.19,2243.76,66.81
153.46,58.69,166.71,4.26,54.99,0.29,7.58,15.59,78.81,1995.18,42.26
181.07,15.58,100.99,5.11,11.2,1.67,5.71,17.16,73.31,1340.26,59.27
81.89,21.06,18.31,6.17,11.65,0.71,5.93,35.34,32.03,2845.23,54.84
190.61,26.02,59.15,5.14,13.5,2.95,6.47,38.81,34.36,1008.35,58.22
173.09,91.97,194.67,4.03,43.66,3.4,7.31,22.83,89.06,2834.29,52.19
59.3,75.94,195.4,5.61,26.43,3.26,3.57,22.82,69.5,1879.6,78.38
31.86,55.29,50.93,8.09,31.27,1.81,3.5,15.88,32.19,1325.05,62.14
87.08,25.21,33.45,7.29,19.41,1.84,0.28,33.01,37.25,2030.5,77.25
80.38,11.09,99.14,9.76,45.49,3.19,7.5,14.21,57.49,2494.43,57.06
115.14,89.88,96.29,6.33,51.49,2.55,1.13,34.62,92.1,2778.77,64.5
116.68,89.27,82.03,5.66,13.81,0.35,3.66,30.93,60.38,1845.43,65.05
150.0,11.07,105.87,8.01,15.6,0.54,4.84,38.37,34.48,2034.92,54.29
101.98,79.72,46.44,6.18,23.67,3.34,7.95,30.95,87.83,2859.45,69.61
20.96,44.66,22.99,7.52,20.41,1.34,3.25,17.26,53.39,1542.79,65.61
171.66,32.4,114.09,9.65,34.23,0.74,5.38,30.25,75.6,2630.66,42.74
61.95,73.91,186.52,6.74,46.39,2.6,7.63,41.67,30.76,1616.31,63.22
194.26,61.43,27.55,6.74,48.63,3.09,4.61,37.73,81.23,2506.18,57.53
23.57,78.0,140.96,8.54,16.46,0.8,4.32,15.99,93.47,1760.94,53.62
191.65,7.43,87.58,8.41,14.66,0.95,4.63,13.27,85.84,709.27,45.21
18.2,31.86,58.8,6.86,25.0,3.16,6.56,43.56,22.46,579.12,62.29
46.21,31.93,170.62,3.92,13.12,0.14,0.44,36.11,66.99,952.79,49.51
9.32,32.98,91.3,9.88,10.05,3.19,6.1,38.96,66.23,807.34,56.02
141.02,50.25,116.66,5.95,18.34,0.23,1.46,41.51,85.29,1208.47,66.88
170.06,28.3,88.61,5.56,26.67,0.42,6.16,26.34,99.56,2089.71,54.75
86.81,44.44,16.25,9.88,37.33,3.03,6.42,40.59,94.55,2586.84,53.43
185.7,36.78,118.98,9.17,44.78,0.94,5.05,14.57,28.2,482.31,49.8
118.06,73.53,83.77,5.65,17.25,0.86,3.57,21.86,80.86,1702.45,62.78
126.0,60.35,17.35,5.5,50.03,2.97,5.89,21.95,94.24,1985.1,69.29
169.08,65.36,119.16,8.19,6.85,1.94,0.25,11.25,52.6,1620.69,64.91
59.36,21.06,1.97,5.67,29.42,1.29,5.23,16.55,94.37,199.15,56.8
70.85,32.55,41.7,5.13,39.82,2.53,1.94,35.5,92.34,1919.39,75.08
181.19,2.12,156.21,9.87,21.02,2.85,5.32,26.19,71.22,978.43,50.72
180.19,10.84,7.59,7.18,42.6,3.03,1.19,30.88,92.6,711.54,64.75
195.3,26.51,129.34,8.46,52.69,0.51,1.52,31.54,79.19,1333.5,54.17
180.37,6.55,189.94,8.13,9.92,2.08,3.67,17.38,70.11,2141.51,51.52
25.47,60.26,34.24,8.41,33.19,2.41,4.29,42.43,45.0,1644.54,55.58
164.74,99.81,83.42,9.37,6.03,0.5,3.39,14.9,64.67,758.75,43.57
81.97,10.08,115.1,6.75,20.38,2.17,4.93,10.11,74.44,493.9,64.36
198.16,82.12,90.08,8.4,12.53,0.21,0.52,19.23,61.68,1045.03,55.15
94.46,11.88,124.08,8.68,39.34,1.26,1.63,27.73,60.11,101.86,67.16
110.77,66.99,80.82,9.65,18.68,0.68,0.13,15.87,91.58,2644.03,59.19
105.95,64.32,29.7,8.14,20.53,2.01,4.57,37.07,98.78,874.87,64.27
64.35,90.27,17.81,9.3,16.31,0.75,5.56,17.34,77.33,2659.84,43.63
15.0,11.39,148.89,4.12,18.41,2.78,3.92,43.4,47.43,2158.75,51.46
179.13,31.54,47.72,4.32,17.38,0.51,3.74,34.84,91.7,2829.48,43.31
160.54,9.08,169.49,4.53,43.38,2.68,3.46,39.94,85.81,1734.39,59.43
27.91,40.74,148.61,4.44,57.57,0.44,2.75,29.19,79.28,2292.97,47.97
155.35,91.16,9.89,4.07,31.96,1.6,4.75,29.37,51.17,518.62,55.26
125.17,78.15,40.24,4.3,38.02,2.48,0.15,44.12,68.22,2007.44,63.11
81.83,72.29,58.4,9.97,50.0,0.65,4.8,14.1,50.95,1622.4,48.42
50.8,53.3,118.9,5.27,31.19,2.66,3.97,30.33,33.85,1423.15,78.84
171.95,88.35,161.97,6.61,21.61,3.34,5.04,12.38,82.15,685.25,65.98
140.04,44.94,12.07,8.84,57.3,1.37,6.85,44.66,75.98,2064.63,44.31
109.55,14.97,49.92,4.27,54.84,0.1,6.65,32.08,44.16,1553.01,49.35
121.91,83.76,75.24,5.56,17.12,1.72,6.48,12.9,60.84,2587.38,65.8
18.21,27.96,36.68,4.54,43.67,3.17,3.35,20.01,67.71,278.31,65.7
94.78,5.36,109.06,3.91,40.59,2.36,3.18,41.19,84.46,201.86,64.6
38.74,12.6,95.6,9.74,40.73,2.49,1.73,12.85,22.26,305.96,61.31
41.68,60.91,63.3,9.08,50.68,2.79,0.35,19.59,89.76,952.1,68.24
132.26,60.71,103.38,9.22,42.08,3.19,4.09,27.67,50.5,2425.37,68.54
182.25,26.02,71.16,9.15,33.49,0.52,7.8,44.39,61.79,1684.34,41.97
80.75,72.72,68.64,4.5,51.53,2.11,6.04,17.29,57.22,1822.86,68.39
41.55,77.36,53.08,8.6,19.57,3.13,4.43,37.73,83.12,1656.53,57.75
129.75,92.05,108.09,8.23,42.36,2.74,2.45,22.0,72.96,1771.94,72.65
174.24,58.49,88.82,9.52,43.58,0.95,1.06,10.32,79.67,42.09,51.35
149.66,77.94,39.26,4.93,52.87,3.07,2.18,37.38,97.68,2115.5,61.45
173.75,75.31,2.59,6.19,59.91,1.1,4.32,27.14,82.29,2370.48,45.62
107.31,25.78,30.19,5.42,35.67,1.5,5.03,26.8,78.81,2916.93,70.57
150.38,31.02,8.57,5.18,31.64,0.73,2.99,33.58,30.88,2026.52,59.55
28.01,47.85,86.32,7.74,38.04,3.11,0.93,32.77,48.19,1583.97,80.78
69.65,1.9,45.02,4.57,41.23,0.42,2.18,32.97,67.55,1582.75,58.06
77.91,29.74,84.09,6.52,44.21,3.48,2.13,21.4,43.67,979.72,83.08
102.26,47.39,65.89,7.7,20.47,1.22,4.33,30.32,72.32,1418.83,74.44
185.82,10.81,107.6,4.35,31.79,2.52,0.92,40.72,41.01,123.49,58.72
174.86,12.63,144.77,5.17,25.4,0.54,2.38,41.26,45.42,2906.07,48.71
26.91,46.32,95.86,9.79,7.13,1.76,2.81,24.17,22.66,275.99,51.94
34.56,73.1,12.39,8.67,38.52,0.24,4.27,18.16,38.52,489.6,47.16
71.53,83.37,3.5,7.9,53.11,3.09,2.46,12.62,60.93,1533.71,60.96
58.15,54.63,42.65,9.06,55.68,1.62,1.28,40.02,70.75,1289.97,63.6
122.95,47.47,84.99,3.59,33.46,2.63,0.3,15.79,55.31,2619.02,76.91
180.56,38.43,8.98,3.54,47.12,3.14,1.47,21.1,47.24,916.44,62.66
192.46,19.29,65.55,4.5,44.18,0.33,6.62,38.42,65.2,2157.82,49.11
130.72,14.66,177.41,6.72,17.59,1.84,2.87,37.42,25.03,1269.77,65.15
167.63,79.19,18.0,7.2,8.46,0.74,4.36,25.2,41.85,1146.02,58.31
105.04,46.5,189.7,4.24,46.13,0.33,3.97,34.28,50.88,630.92,55.21
41.67,79.03,171.33,3.97,20.55,2.21,2.28,18.35,58.39,2440.8,53.06
104.94,70.41,166.36,8.88,35.22,0.49,6.76,42.55,84.59,591.62,52.9
111.02,19.39,172.73,6.52,33.82,1.77,7.52,43.31,80.27,29.45,66.23
148.49,51.03,16.01,9.95,49.98,0.77,1.78,42.98,57.79,2491.01,42.19
43.98,44.4,30.23,4.99,40.46,0.77,6.48,31.81,59.38,634.65,58.67
73.66,42.39,26.87,7.71,51.59,1.88,6.07,12.5,76.19,451.71,60.89
72.81,54.26,22.25,8.73,46.37,1.99,6.72,31.47,60.15,596.33,59.55
191.89,98.21,65.54,9.17,59.99,0.11,3.33,24.76,30.58,2814.43,35.37
88.79,81.29,166.04,5.49,52.51,1.8,5.52,23.83,56.91,2015.17,62.18
151.02,90.37,50.39,4.76,16.61,2.38,1.6,10.98,68.2,2071.48,60.86
150.16,2.96,48.84,4.97,57.88,2.41,7.75,40.59,66.88,457.48,49.02
53.11,14.03,135.18,7.83,23.71,2.99,5.81,40.02,30.23,1842.78,60.99
114.37,8.48,19.39,6.9,38.43,3.14,0.7,21.33,97.63,2585.02,78.06
178.86,26.32,72.06,7.39,56.77,2.22,7.04,44.22,49.4,2040.33,55.84
95.04,44.19,59.09,3.63,16.78,1.74,7.68,14.75,99.03,230.61,54.82
189.02,64.21,169.46,6.04,52.15,0.79,2.74,39.23,85.44,1299.39,54.31
42.89,50.08,102.9,5.52,57.42,0.53,4.36,31.76,39.26,2134.38,59.52
14.83,90.32,129.29,9.11,51.96,2.17,7.94,27.0,93.46,278.62,51.19
178.29,93.99,25.81,8.55,50.05,3.32,3.66,43.72,38.52,1079.24,52.42
169.54,16.35,185.78,6.29,19.55,1.05,5.36,30.41,31.01,2139.54,56.65
198.52,85.29,64.49,7.6,27.39,0.44,3.67,39.18,53.87,2511.94,48.04
135.88,48.17,141.37,3.81,46.82,1.54,0.7,18.13,31.29,1913.47,61.66
187.34,45.33,190.93,7.64,11.5,0.1,4.13,11.13,23.83,2514.04,44.08
165.39,78.49,101.73,4.13,53.86,1.98,6.63,17.39,46.0,1962.95,49.92
168.89,9.31,101.51,8.14,16.56,0.27,0.43,44.59,43.69,2796.42,48.17
113.83,88.25,23.45,7.23,36.06,3.27,3.58,29.65,93.89,40.8,71.94
76.47,67.09,78.06,5.45,10.78,3.06,6.6,39.47,53.88,1048.58,70.59
186.91,87.53,170.49,5.91,15.19,0.49,2.89,33.97,99.26,193.61,49.59
86.42,99.45,27.02,4.09,37.2,0.6,7.82,15.41,29.84,1138.6,51.12
107.76,51.8,183.5,5.6,39.91,3.34,3.13,13.98,62.52,741.86,77.24
89.22,9.33,133.46,9.78,19.84,2.87,6.29,26.99,77.58,737.59,61.01
112.96,16.65,84.19,6.66,11.55,3.3,2.04,42.97,44.75,865.1,80.15
94.1,32.36,109.3,6.58,35.23,1.24,2.73,14.66,31.66,867.66,75.0
9.59,10.36,30.1,7.59,51.24,0.48,5.8,27.57,69.17,1743.58,48.18
176.41,81.53,43.5,6.65,16.08,2.19,0.55,36.59,66.57,1947.88,60.26
88.88,29.69,57.28,5.81,43.04,3.39,0.84,12.76,46.84,777.09,81.26
117.79,97.59,76.97,4.41,26.22,0.54,2.21,24.24,40.75,425.89,62.24
27.84,70.26,183.1,7.6,56.87,2.88,2.08,28.76,88.12,1250.33,68.27
0.68,17.34,73.51,8.37,9.54,1.32,0.62,13.84,96.17,891.65,55.53
49.06,47.6,104.77,9.5,7.2,0.49,7.78,32.97,75.99,2757.72,50.38
140.92,46.69,32.41,3.52,11.84,1.66,2.42,35.86,60.07,2394.21,57.3
19.84,49.25,147.19,3.93,48.03,1.76,5.81,32.38,27.33,2654.89,51.88
181.78,53.57,112.06,9.35,55.75,0.13,3.2,12.6,28.41,310.42,42.99
43.0,3.12,87.98,7.6,50.24,1.71,7.93,10.23,56.86,1148.79,53.58
40.92,68.63,189.44,9.73,44.48,2.3,1.21,37.95,92.06,2546.16,54.15
36.3,48.72,178.13,6.3,8.17,2.7,3.06,27.15,81.69,525.63,75.84
2.8,79.1,131.9,6.21,16.76,0.44,3.51,29.78,75.41,2341.08,57.67
154.36,81.53,184.36,5.74,56.45,3.08,5.77,41.74,40.74,2620.52,57.69
175.01,23.05,112.96,4.43,39.25,0.67,4.02,29.57,31.01,821.76,58.41
122.83,4.84,165.39,5.96,30.76,2.34,6.03,18.88,91.63,2901.31,65.18
37.64,70.32,81.89,3.6,40.88,1.98,6.75,25.67,34.98,2509.33,55.84
57.06,97.78,17.35,6.81,14.82,3.09,2.38,26.97,38.66,504.88,68.25
95.19,44.67,198.83,9.01,54.11,0.23,6.45,33.86,81.19,1721.97,46.55
190.87,25.96,33.13,5.59,41.1,0.75,3.98,22.31,82.34,689.66,50.77
49.47,15.67,50.3,4.12,30.92,0.51,0.7,39.39,74.91,1386.14,56.75
146.33,28.74,32.62,9.83,30.16,1.21,2.45,28.75,31.6,1529.82,56.93
87.89,32.79,67.5,4.34,50.23,1.25,6.44,29.1,34.97,2013.18,56.21
59.57,42.39,57.86,6.94,21.93,0.4,3.17,36.59,86.86,1844.84,65.21
91.18,65.54,120.22,8.76,12.54,1.85,0.84,12.87,45.68,1063.99,73.83
14.24,27.32,199.29,5.14,15.21,0.5,5.14,41.08,64.39,1595.97,43.93
159.74,5.1,10.5,8.97,9.46,0.35,6.82,16.81,84.59,234.31,37.54
48.66,37.33,155.69,7.12,32.93,0.21,1.15,21.65,42.44,1679.18,64.06
145.08,85.56,25.6,5.66,42.25,3.26,4.39,13.21,34.06,2931.42,64.93
13.67,49.84,3.97,9.13,56.37,1.45,1.74,26.49,48.38,1694.71,54.04
191.02,96.48,127.72,7.54,46.29,1.06,2.77,21.84,61.84,2609.81,52.06
38.6,50.36,174.66,7.5,37.07,1.74,3.37,17.56,55.2,2608.22,65.53
176.55,27.59,35.26,6.78,52.52,0.64,0.14,16.18,42.13,2866.0,49.2
161.89,19.33,68.32,5.29,54.07,1.48,2.91,14.89,51.96,205.97,59.35
193.57,69.45,33.75,5.48,44.18,0.75,2.54,12.22,79.96,1924.51,50.13
95.58,53.64,181.3,4.07,8.1,1.13,5.38,17.53,64.58,2754.14,52.42
145.48,60.4,54.07,5.08,21.05,3.24,7.05,10.14,44.94,2370.09,62.79
74.14,75.51,88.94,5.31,23.49,0.61,0.93,12.87,60.59,1343.34,67.02
36.87,72.59,178.95,3.88,59.86,1.71,3.91,43.84,81.22,808.49,42.55
88.62,4.34,110.57,4.22,30.53,2.35,2.29,24.07,43.43,1037.91,77.28
33.15,80.26,186.57,5.26,46.9,3.22,7.9,42.14,34.86,367.59,54.06
196.41,53.27,185.29,7.9,49.76,3.24,6.26,23.99,64.05,630.21,63.93
19.25,39.17,92.32,4.7,40.93,0.94,1.03,37.27,58.39,2139.66,63.49
117.84,53.75,116.48,6.89,6.01,3.31,3.01,34.48,67.15,520.72,80.38
125.29,61.25,46.06,6.8,6.06,1.23,0.98,15.68,28.87,2497.55,70.34
107.62,14.95,198.11,8.92,50.03,3.14,6.32,26.38,37.5,762.86,65.32
132.44,41.74,55.66,7.46,45.66,0.42,3.95,14.26,24.98,1222.67,61.71
23.24,33.56,156.66,9.46,34.49,0.77,5.21,24.21,86.98,898.95,52.44
111.0,35.04,62.59,7.58,18.69,0.37,4.64,19.89,51.75,981.31,63.37
57.44,9.13,62.61,3.67,9.77,1.12,1.54,31.61,91.46,2434.24,51.41
188.04,15.98,20.77,5.98,14.03,3.07,0.2,36.07,95.65,2165.83,63.1
152.41,16.18,111.98,8.04,36.92,0.64,6.97,41.98,24.69,1160.45,50.64
194.5,37.32,48.97,6.59,35.02,0.86,0.83,11.68,55.02,1078.9,68.12
7.51,89.45,29.68,6.23,56.77,0.84,6.35,36.01,55.0,2013.21,45.51
57.03,20.6,45.33,7.87,57.65,1.03,1.61,14.45,71.86,2072.02,54.21
39.08,41.62,50.22,5.36,36.68,0.16,6.84,40.39,25.7,138.28,47.37
2.23,31.16,100.82,9.41,51.28,1.54,4.79,32.73,94.78,647.29,54.46
48.47,78.74,77.18,6.19,49.67,3.42,3.25,41.58,82.83,1746.61,68.11
135.76,5.01,15.1,7.6,46.38,1.62,5.3,14.54,21.83,1763.85,52.4
46.22,19.65,107.21,9.89,29.05,2.87,2.26,26.94,35.05,580.98,70.65
101.8,21.06,157.55,8.61,26.42,2.04,3.41,27.25,85.98,197.95,65.15
177.56,99.3,114.85,6.96,19.53,0.15,6.61,35.94,37.85,2939.25,46.93
138.75,57.08,194.91,9.09,56.54,2.09,0.17,43.95,49.42,380.23,59.73
78.93,13.9,19.83,7.14,50.89,3.32,1.95,10.46,72.14,2616.54,65.82
74.49,27.22,164.23,6.37,14.74,1.98,5.96,32.76,25.57,1049.26,61.18
91.15,16.78,101.14,9.18,18.89,1.89,5.78,11.43,73.98,2557.81,60.18
35.41,12.46,104.32,3.68,36.97,2.38,1.39,24.78,41.63,1876.55,57.78
126.8,79.72,103.82,6.15,27.75,3.06,7.87,39.73,33.72,148.4,66.77
72.83,49.58,65.06,5.73,16.76,2.02,5.44,29.69,27.91,2734.72,70.36
170.47,63.12,64.91,8.14,48.51,1.48,3.03,39.74,32.49,2311.53,55.49
151.31,33.13,126.37,3.58,5.09,0.23,2.87,32.47,64.17,1392.36,52.07
122.1,55.37,8.95,7.8,23.88,0.48,4.23,41.69,95.01,1783.45,59.73
72.84,25.76,117.76,5.75,56.11,2.31,0.39,37.72,74.51,985.41,73.15
41.99,30.8,144.92,4.14,46.84,2.2,5.74,35.35,56.05,437.2,58.6
155.23,65.22,71.27,9.87,27.07,0.91,0.64,36.03,97.53,172.82,55.4
97.28,15.04,43.47,4.88,56.08,2.54,5.26,29.81,39.21,1622.4,69.16
44.95,61.72,42.68,5.77,54.54,1.05,6.43,39.73,86.1,538.71,49.15
39.03,85.22,16.37,4.85,7.89,1.14,7.25,26.3,32.95,1064.36,52.91
33.08,12.04,17.94,7.8,12.04,0.31,1.27,12.31,37.91,906.82,48.72
155.43,89.75,33.34,8.59,26.3,1.97,5.99,36.23,58.63,1125.1,53.92
45.8,7.94,3.83,9.09,56.12,1.08,7.87,35.84,28.2,510.27,41.37
105.33,34.89,53.25,5.52,51.43,2.88,0.64,14.73,43.24,2349.63,73.51
90.31,61.05,61.28,6.91,7.63,2.82,0.32,18.75,73.62,2201.9,77.41
115.92,55.94,199.04,7.81,33.18,0.54,1.78,18.58,57.03,2456.36,56.62
175.43,9.64,198.34,7.59,44.61,0.64,1.72,30.73,65.09,1461.84,53.37
173.55,79.89,37.41,8.15,20.18,1.19,2.62,29.53,24.11,2111.11,59.44
90.22,97.32,42.61,8.5,44.74,2.07,7.4,14.17,40.05,403.61,56.31
3.07,18.12,98.38,4.13,25.33,1.26,5.5,25.36,81.33,1770.35,55.18
85.29,89.51,29.76,4.59,20.07,1.29,0.18,10.87,65.89,2802.41,63.62
121.24,55.68,100.81,8.27,26.59,0.58,4.01,15.5,20.08,920.21,66.49
111.55,93.59,79.88,6.6,57.29,1.24,7.02,12.42,68.14,1838.64,58.84
130.27,17.61,64.92,6.28,54.79,1.7,4.32,27.28,30.65,661.99,62.35
30.82,79.2,164.52,6.46,55.27,3.45,1.63,12.18,30.57,895.87,67.22
129.31,5.98,165.62,5.92,55.46,2.95,7.64,43.29,94.33,2859.66,53.02
36.53,88.32,197.58,7.34,14.81,2.8,2.53,31.92,97.46,267.74,62.64
150.1,67.42,44.62,5.6,54.28,2.0,2.87,37.01,62.18,2312.73,62.04
67.82,37.03,177.66,7.64,16.68,1.32,2.91,24.42,67.32,2624.22,65.66
141.98,19.05,107.57,4.82,51.1,3.01,3.22,43.23,52.56,1795.95,63.31
9.57,81.65,118.29,8.42,34.8,1.28,5.7,37.12,90.67,50.78,48.7
81.57,60.32,179.26,8.58,18.2,2.12,2.58,20.95,61.81,2275.37,67.85
141.01,36.04,188.53,7.26,26.92,0.97,3.77,14.23,94.21,1197.64,58.02
45.37,44.38,145.36,5.9,28.84,2.74,2.18,26.09,37.76,2301.93,74.24
159.06,82.65,69.57,3.59,45.32,1.85,4.11,29.26,27.58,384.7,57.62
126.16,33.89,97.93,4.29,38.33,3.14,7.58,28.61,98.99,1856.09,71.33
117.51,8.96,123.01,4.02,49.92,2.03,2.39,42.91,59.47,1118.81,57.86
70.71,91.13,165.73,3.57,26.82,0.66,6.55,34.3,69.17,40.15,46.75
96.49,38.73,131.59,8.19,45.9,3.48,1.83,26.28,47.42,1593.36,82.82
119.47,34.84,73.09,9.71,48.6,1.81,1.24,34.93,30.69,1778.03,62.26
94.49,20.44,83.58,3.57,8.47,0.95,0.82,22.17,87.28,2778.05,61.43
139.66,89.74,10.09,4.23,25.66,1.22,7.84,37.97,31.57,2768.03,43.94
86.74,21.75,184.85,9.09,53.73,0.51,4.61,40.87,60.18,2097.56,51.5
40.45,63.67,17.62,7.98,43.77,0.35,4.16,43.15,86.48,1135.24,48.09
42.79,88.08,115.99,6.13,28.01,1.63,0.16,11.2,72.83,87.85,69.13
1.16,3.49,174.33,9.95,15.06,3.34,3.93,20.13,73.96,2149.21,48.57
60.19,82.88,84.17,7.23,10.31,0.52,5.34,15.79,38.44,1195.49,60.29
149.78,41.06,160.03,7.85,17.61,3.17,3.34,33.34,62.06,925.77,79.84
158.83,65.8,160.76,7.75,18.46,2.81,1.12,18.94,23.33,1023.85,63.89
40.49,37.24,11.97,4.95,25.39,2.84,2.21,26.18,24.83,235.69,71.65
191.81,69.55,82.43,6.67,14.73,2.51,5.74,37.49,77.84,571.37,67.27
100.48,25.43,138.21,4.91,13.03,2.11,3.86,39.78,82.89,2132.35,66.67
183.4,2.19,84.47,6.81,51.42,0.51,3.89,31.17,31.13,1048.36,53.46
141.35,94.78,109.03,3.7,18.72,2.06,0.4,25.8,96.09,159.55,60.9
144.49,1.64,118.89,5.98,35.89,1.3,4.28,12.22,30.45,889.09,65.11
17.01,82.41,30.25,5.92,15.96,0.46,3.46,35.81,53.6,2657.51,52.13
44.0,16.91,82.4,5.4,32.05,2.83,7.05,34.88,35.74,2687.78,59.73
1.76,39.22,5.69,4.01,20.22,1.96,3.11,18.26,27.9,2264.11,55.89
143.23,82.25,29.93,8.51,9.77,2.63,4.91,35.52,97.27,262.5,55.36
68.89,20.59,102.45,6.23,59.02,1.73,7.49,18.09,55.1,2765.07,56.06
157.33,86.57,114.72,8.79,30.18,1.98,4.57,33.63,46.42,2667.97,63.49
67.79,49.78,29.25,8.93,26.62,2.52,0.34,15.16,46.24,418.58,67.71
163.87,36.62,151.12,4.89,15.95,0.94,0.9,41.93,36.67,1247.45,59.84
26.14,66.24,74.6,6.24,32.25,2.98,7.74,23.93,97.51,1546.22,76.31
34.67,34.14,184.13,8.19,39.94,1.53,4.46,31.1,59.12,4.52,55.44
68.18,34.73,77.53,6.75,21.76,2.51,1.6,17.23,62.41,877.34,81.22
81.7,73.35,29.96,9.06,31.42,1.21,4.59,39.83,76.85,831.25,55.38
69.74,30.98,151.59,7.22,18.04,2.49,7.66,43.89,52.62,1604.35,69.48
152.73,20.08,113.56,7.59,34.02,0.25,0.45,20.68,42.35,21.16,65.83
19.39,80.76,77.34,8.62,48.3,3.26,4.26,17.15,43.42,1347.98,62.32
70.24,80.54,71.19,4.29,8.31,2.78,1.18,28.79,47.86,990.51,66.09
167.45,49.76,30.15,7.3,33.48,2.36,3.63,43.53,66.13,1671.5,67.85
13.36,52.67,68.17,4.06,26.96,1.2,5.27,36.71,86.46,1120.88,58.1
188.47,69.61,5.87,5.19,9.07,2.96,3.73,44.43,39.42,522.44,55.96
197.26,50.93,100.48,4.88,56.73,2.71,7.71,40.64,66.72,2294.88,55.8
17.71,41.7,179.34,7.19,19.29,1.64,4.72,34.03,80.05,323.91,60.52
58.25,99.49,159.07,8.99,36.05,0.77,7.71,16.46,99.56,1696.55,47.26
74.48,14.76,5.7,4.36,25.49,0.7,2.58,40.82,92.62,478.4,54.72
155.28,59.27,176.25,8.49,19.91,1.76,0.27,31.21,71.78,2401.53,64.04
119.19,88.59,90.46,4.43,33.99,2.76,1.32,25.81,95.75,1416.08,76.71
128.87,68.72,38.18,4.73,42.9,2.53,0.67,27.52,95.17,2083.0,68.75
151.5,88.09,150.48,9.46,48.2,1.78,5.94,43.74,23.57,780.94,49.76
23.6,33.63,64.57,3.56,39.87,0.8,1.6,10.39,72.07,248.61,47.59
166.64,27.2,50.66,4.78,33.95,0.91,6.08,36.26,72.1,1053.76,54.89
141.12,85.13,32.26,4.9,47.75,0.3,4.35,36.67,74.13,1279.91,48.62
115.47,39.41,97.32,5.33,33.46,0.7,1.81,13.34,95.08,2271.26,70.33
177.95,70.97,18.68,5.86,58.58,0.14,4.95,43.82,42.98,812.79,47.36
140.06,14.77,157.12,4.17,33.97,2.39,0.19,27.34,38.91,2748.7,62.47
40.34,75.58,94.13,6.54,22.45,2.1,2.74,35.03,58.37,2764.98,73.27
85.95,54.9,89.4,6.1,29.55,3.46,6.3,24.93,44.3,1018.49,86.49
98.81,26.86,0.37,7.56,31.95,2.69,6.02,21.08,45.56,691.95,67.06
11.04,49.45,163.57,9.14,20.59,0.94,6.35,29.95,39.83,2294.52,50.08
190.93,69.69,98.57,5.44,13.73,2.51,4.74,41.22,73.7,1429.22,66.29
25.72,1.19,87.98,7.05,28.73,0.14,4.63,32.41,78.74,1485.87,56.22
139.49,63.75,152.28,5.91,54.34,3.45,3.32,32.86,27.93,2371.18,70.3
101.25,54.16,12.58,3.76,19.05,2.19,7.59,21.08,83.91,1288.79,61.18
5.13,22.03,73.34,8.84,24.9,0.51,7.6,18.2,41.44,1498.63,37.96
184.95,75.3,115.15,7.62,46.67,1.79,0.17,31.98,30.57,2324.17,62.71
170.37,30.35,92.12,3.51,9.53,3.3,7.7,15.11,56.55,689.62,57.73
104.85,27.69,36.33,5.12,50.38,2.99,6.98,25.63,69.1,2767.51,64.11
45.79,47.12,59.86,5.51,44.62,1.12,4.89,18.74,77.73,1853.04,56.73
24.32,67.61,60.04,8.77,35.24,1.45,2.66,34.7,68.03,1973.36,57.72
72.68,92.88,198.39,8.44,16.52,3.0,3.42,28.73,95.03,2875.82,56.94
51.09,14.14,65.24,6.07,10.1,3.16,6.8,13.51,21.63,209.88,64.7
101.34,39.65,41.04,4.52,17.74,3.21,1.27,29.6,92.92,698.07,77.46
193.28,6.7,164.53,6.01,46.88,3.32,5.0,31.05,78.67,1905.53,53.66
114.99,75.86,84.23,8.77,56.34,1.8,1.92,20.17,94.89,383.2,59.87
177.99,44.77,88.77,6.44,45.58,3.03,3.09,21.58,39.95,1195.86,78.07
130.18,70.69,109.78,4.25,34.02,1.28,0.14,40.62,35.21,1821.54,67.71
95.05,32.22,119.14,3.75,57.29,2.95,7.76,13.91,99.74,447.55,57.41
170.92,84.43,118.11,5.67,50.57,1.28,0.96,43.88,55.65,1106.62,63.74
94.27,53.48,6.9,4.46,41.07,2.17,6.13,17.48,41.84,1605.78,66.4
173.73,94.36,163.77,8.34,7.08,1.69,4.54,18.46,83.38,2230.35,47.49
58.32,7.88,38.97,5.31,20.83,3.14,6.64,23.69,62.95,138.61,63.36
25.76,51.43,58.47,9.2,21.95,0.33,4.17,43.18,69.6,516.53,46.94
171.06,76.65,34.69,7.51,24.1,3.33,7.88,41.36,24.38,1073.28,62.05
117.48,60.02,153.42,6.06,26.42,1.67,4.9,36.13,73.24,188.29,69.25
177.82,2.32,116.73,7.47,56.67,1.74,4.97,37.81,75.33,1527.76,49.86
187.57,97.23,151.06,5.42,45.8,2.91,7.37,28.26,30.99,2508.0,54.65
10.73,29.83,130.68,4.42,43.06,2.37,2.14,41.67,79.57,1750.48,56.47
100.19,24.93,20.83,9.77,28.46,3.34,2.97,14.46,25.58,2779.68,66.56
74.99,48.57,60.3,7.16,23.57,1.96,5.35,28.97,27.49,1611.43,76.95
125.17,54.22,101.45,3.55,11.58,2.0,1.21,38.75,70.14,1608.96,71.66
158.72,76.63,60.99,5.52,29.94,3.4,6.5,29.95,95.6,2465.92,66.96
56.12,39.33,41.46,4.54,16.29,3.25,4.78,38.51,55.36,2881.59,62.79
111.36,44.0,173.96,5.18,26.51,0.81,6.06,15.85,32.91,2686.9,59.85
141.75,53.5,149.56,3.86,13.6,1.14,7.92,11.35,79.64,493.6,50.38
26.89,39.44,69.04,5.09,23.92,2.23,7.82,29.55,67.17,2985.35,65.3
162.81,91.45,153.0,7.94,7.36,3.29,3.64,34.4,97.87,1061.57,62.11
121.22,85.13,125.51,8.83,5.33,2.02,2.32,29.46,31.17,1000.64,61.95
189.91,45.5,0.76,5.76,52.85,2.59,5.11,22.73,81.46,2157.22,53.09
67.91,0.02,76.05,6.9,40.27,0.42,5.72,35.29,40.9,1459.8,54.93
21.63,90.09,58.1,3.77,37.32,1.88,2.43,42.56,92.96,266.0,49.17
101.3,12.43,43.58,4.09,33.26,0.6,2.32,29.95,83.08,2503.44,61.6
17.16,24.45,50.32,7.09,44.97,0.99,1.8,15.96,56.51,2593.56,54.94
193.91,15.24,188.47,8.96,45.49,0.67,7.28,28.25,23.58,2534.62,33.88
7.74,17.98,97.26,4.07,56.44,0.66,0.9,36.27,74.72,1644.42,51.5
150.7,80.29,169.54,6.22,18.44,3.47,2.05,16.92,56.95,885.55,69.66
105.02,57.95,42.84,9.81,48.19,1.11,5.03,25.52,83.84,2564.55,56.54
73.72,95.61,34.88,8.3,59.51,2.02,3.79,33.4,79.25,2693.65,53.16
13.17,23.15,177.76,4.78,6.6,0.17,1.05,12.76,79.86,2755.12,42.18
124.43,48.56,99.14,5.35,25.57,2.84,2.39,17.15,33.72,2027.14,83.12
117.04,97.74,179.03,9.66,28.98,2.41,3.32,35.25,54.91,1606.24,60.08
56.18,82.64,12.61,4.94,50.2,0.88,7.67,20.95,57.6,8.6,47.46
182.04,72.86,183.29,6.37,5.76,0.22,3.23,13.27,82.79,372.71,51.97
60.82,18.9,83.09,5.81,37.92,1.03,1.01,36.08,52.45,1459.41,71.57
89.95,76.94,31.07,6.69,54.09,2.24,7.78,17.3,89.23,2171.89,64.08
108.75,34.76,136.68,5.04,13.12,0.15,3.53,13.59,42.01,149.13,57.33
20.05,53.05,159.38,7.84,11.36,0.36,1.2,31.85,98.89,1619.7,46.5
186.43,60.92,9.47,5.02,59.99,1.49,4.93,41.86,27.07,1371.79,50.41
74.91,60.94,197.44,7.41,50.43,0.7,6.49,26.7,59.76,430.68,62.34
16.16,72.65,139.41,5.83,43.36,2.25,5.71,17.83,67.11,1252.34,58.79
77.46,66.17,64.28,5.13,26.94,0.69,2.56,30.37,55.4,1067.84,74.33
120.04,6.84,30.26,8.02,51.97,3.48,1.99,32.24,63.87,2452.93,68.13
102.73,45.73,78.51,9.77,55.75,1.58,7.07,42.83,82.28,587.87,50.14
138.91,66.4,44.11,9.15,45.28,0.6,1.63,43.89,33.62,2954.27,49.28
11.1,29.6,98.83,4.06,26.9,0.35,6.08,22.0,95.82,2707.31,47.9
56.91,31.31,156.38,6.45,37.09,1.53,0.28,35.76,51.4,2195.22,70.26
163.85,12.46,132.03,8.02,10.42,2.85,3.41,40.14,69.79,2400.31,61.43
15.98,41.86,87.19,7.16,13.69,1.59,7.88,32.31,55.31,290.87,58.92
171.1,98.68,23.79,8.22,48.07,0.58,5.11,39.79,67.95,2307.29,39.58
18.38,28.53,191.43,9.84,6.61,1.76,2.55,28.27,77.99,602.72,52.94
166.89,53.14,54.07,5.72,7.71,1.25,5.63,30.98,60.57,2652.62,59.5
72.16,74.32,55.57,8.51,32.94,1.81,2.89,13.52,28.92,1195.54,63.95
122.44,1.35,129.1,4.11,14.38,1.43,7.52,23.37,46.66,2061.48,58.28
30.58,90.04,154.1,9.15,21.15,2.3,1.96,10.49,84.39,2318.25,53.08
13.23,38.66,196.83,8.56,26.94,2.83,2.63,36.12,65.58,1531.97,63.3
43.19,86.91,193.83,6.89,33.72,3.11,5.54,24.04,80.68,1265.68,72.19
25.57,3.89,182.75,8.84,20.59,2.62,6.38,41.46,91.05,1259.36,50.39
62.48,14.57,87.06,7.83,31.6,1.31,4.65,13.63,55.09,2608.05,66.23
102.88,32.25,33.33,7.09,25.39,1.62,2.39,10.77,48.24,2928.74,73.91
117.75,34.55,116.89,9.65,9.46,2.28,4.63,23.13,28.92,2113.06,62.46
157.97,84.78,3.45,4.35,52.69,0.85,1.83,44.07,41.66,1394.49,52.08
131.25,1.12,39.25,9.95,20.48,2.49,0.55,43.96,53.73,706.25,54.12
121.75,64.11,0.51,4.5,38.52,2.31,7.37,33.79,30.58,1519.71,61.33
82.36,13.13,36.11,6.62,36.34,2.33,3.9,18.87,29.05,401.43,70.14
94.76,82.32,94.95,5.0,15.95,1.23,3.89,26.81,55.62,2657.7,68.63
82.9,77.86,78.66,5.27,6.65,2.15,5.98,44.15,49.79,2499.24,61.6
168.43,49.99,73.86,7.61,52.13,0.77,4.52,37.95,87.72,2330.29,58.35
46.0,21.27,166.19,3.73,32.37,0.74,3.69,33.38,22.25,362.75,50.6
1.14,63.45,135.0,9.61,27.8,2.71,6.38,42.51,81.05,1567.22,58.83
130.26,15.63,187.29,5.32,46.96,1.39,3.85,34.32,36.68,1354.57,59.05
40.49,19.0,89.07,5.27,6.82,1.95,7.31,20.34,90.36,688.42,56.63
178.02,62.67,54.45,9.11,47.09,1.1,2.52,29.7,42.68,1987.25,54.37
171.81,99.12,24.54,8.47,27.49,0.9,0.37,19.36,64.05,2727.82,51.32
15.35,89.11,134.41,7.87,35.34,2.75,1.28,29.84,40.3,1719.55,63.32
21.28,59.31,168.35,4.45,46.38,2.8,6.57,43.66,52.96,2749.88,51.9
99.03,53.85,36.75,8.5,35.07,2.94,7.42,27.71,39.06,2532.69,73.32
121.84,99.84,175.75,5.84,8.4,3.01,0.69,27.72,49.85,1249.17,72.72
54.98,54.74,105.26,9.96,45.07,1.5,7.28,19.91,89.19,153.36,56.08
143.36,42.01,28.82,7.86,48.25,2.85,7.56,17.89,75.57,1362.68,65.84
118.98,90.96,128.57,8.93,30.4,1.28,6.06,13.84,46.78,1372.59,54.92
64.96,23.42,104.01,8.27,29.15,0.28,6.11,33.15,88.36,1133.93,60.62
5.07,9.75,5.64,7.36,18.86,2.44,0.11,29.81,24.11,666.53,58.63
150.03,63.41,79.85,8.16,40.43,0.78,1.86,28.02,76.41,1477.03,65.95
42.95,9.58,156.96,7.38,53.51,1.64,1.8,42.78,70.12,2274.63,57.59
166.89,37.31,111.08,3.83,41.08,0.66,4.69,32.47,49.96,1534.78,52.95
84.06,42.36,56.41,5.75,47.42,1.43,5.29,22.61,53.01,1004.83,71.31
115.42,54.75,185.73,5.56,51.06,3.11,7.22,19.0,50.33,392.95,65.23
174.59,99.17,47.56,8.14,17.44,2.18,3.96,26.68,71.28,2018.37,63.03
172.72,22.1,50.55,7.25,27.12,0.6,4.06,21.31,39.04,2597.76,54.35
74.3,37.58,70.93,7.47,28.98,2.57,0.53,21.86,99.58,1515.58,84.0
41.78,13.22,178.91,9.01,35.74,2.98,7.98,34.18,20.23,396.52,50.77
155.03,60.76,101.53,6.91,7.71,0.67,7.57,20.16,57.27,687.87,61.47
86.62,72.77,136.44,4.92,37.36,2.63,0.67,10.54,38.35,2128.76,75.66
38.41,48.21,195.25,3.58,9.87,1.97,4.51,22.29,48.36,407.69,48.93
180.89,24.58,156.66,4.54,49.36,2.15,2.85,42.62,89.05,1527.68,59.66
39.62,62.09,34.52,3.7,57.97,3.29,3.48,33.04,48.58,91.98,63.21
5.16,53.92,157.67,5.04,20.94,0.22,5.25,28.06,37.12,894.48,59.5
4.06,17.12,149.67,7.63,32.86,2.27,3.42,25.45,49.35,535.24,61.05
124.46,40.57,46.52,4.48,50.28,0.38,4.02,39.62,45.6,1302.7,54.58
132.34,43.52,65.07,4.03,22.31,2.78,2.26,14.33,60.63,1971.98,66.17
62.21,98.26,142.03,9.81,13.68,3.15,0.75,20.8,91.99,1124.39,62.19
64.0,84.93,47.68,9.98,45.65,0.39,6.07,29.86,75.7,2006.19,41.61
67.9,73.44,41.64,7.64,43.41,0.19,3.09,33.3,88.01,1425.84,60.51
136.03,88.88,140.69,4.21,36.35,3.35,7.1,21.16,44.09,2292.79,68.95
11.63,73.55,176.12,8.84,56.94,3.25,7.57,38.19,22.37,409.22,42.29
185.82,90.34,15.0,7.0,57.53,3.24,0.8,21.19,48.95,1920.06,67.68
44.5,5.46,89.18,4.68,52.39,3.29,5.51,11.12,76.56,2623.92,56.71
199.93,45.61,121.44,7.24,21.12,1.8,6.58,27.82,42.07,2716.96,60.68
34.3,74.69,135.26,3.76,17.4,3.42,5.21,44.83,42.12,2707.96,57.91
154.31,58.33,199.24,9.82,50.97,3.13,2.7,21.59,27.44,2745.93,60.06
44.68,17.52,136.54,8.87,40.82,0.43,2.35,21.05,36.65,2659.63,54.81
16.17,34.05,124.03,5.2,26.79,2.86,3.75,27.05,78.64,2330.32,69.88
174.99,31.78,197.95,6.22,27.54,2.52,2.15,16.27,60.62,593.03,68.54
171.75,26.13,12.13,6.07,51.93,0.56,7.18,31.06,25.37,1505.76,51.96
80.71,34.31,14.89,9.1,13.98,2.61,0.49,24.75,99.78,815.93,63.42
140.48,51.49,112.14,5.81,56.92,1.75,0.99,24.1,65.39,1028.44,73.56
111.41,85.49,71.73,3.81,39.83,3.0,4.89,34.57,32.44,2672.74,63.12
170.59,74.2,19.34,4.9,48.52,2.88,5.3,16.51,23.88,2862.32,53.37
63.01,83.52,61.29,4.9,25.4,3.3,5.91,44.95,64.61,326.71,65.38
104.73,88.36,134.87,9.67,37.28,0.36,2.28,29.16,40.23,1439.95,62.23
97.07,41.62,176.12,9.51,46.25,2.51,2.43,16.24,40.07,982.27,66.52
70.78,34.6,18.86,5.45,28.93,1.38,3.37,12.9,59.61,972.52,65.25
178.29,5.76,108.03,3.52,31.84,2.74,1.95,36.38,57.14,1734.56,65.02
33.18,93.05,59.22,6.86,37.01,2.15,3.08,18.07,48.79,1416.41,69.66
29.9,6.58,133.47,8.68,8.49,1.78,5.61,35.9,84.73,2993.1,47.83
115.38,74.11,109.89,5.25,52.48,0.11,4.04,35.21,52.0,2118.1,60.97
131.5,37.81,185.34,6.35,52.67,2.16,7.74,44.89,55.87,2929.43,57.22
38.92,94.88,7.54,4.62,20.48,1.53,4.68,13.12,70.26,341.16,49.4
78.14,41.96,94.01,5.63,53.39,1.23,2.7,29.27,77.19,1718.48,68.85
189.31,81.66,38.55,8.43,45.99,3.46,1.54,34.39,49.73,2918.83,53.26
49.32,28.27,107.36,6.28,31.58,2.48,1.84,16.74,61.65,993.42,77.36
133.67,29.91,170.72,6.41,24.13,1.94,0.23,37.23,60.17,1563.89,80.04
148.03,59.55,182.26,8.63,26.97,3.05,3.59,28.12,90.32,2226.91,68.73
89.63,99.8,79.65,8.46,34.39,0.87,7.68,23.07,53.39,2328.08,57.17
187.51,51.76,162.36,4.72,27.69,2.21,6.24,22.69,56.84,2584.36,61.01
147.33,93.63,56.1,6.2,28.11,3.03,2.48,22.8,66.06,2233.37,71.22
91.58,78.62,1.26,9.02,16.17,0.52,6.41,37.12,73.22,2938.03,49.67
113.87,79.59,171.05,6.47,43.93,0.9,7.46,43.62,20.08,2227.14,59.58
138.52,43.6,23.88,7.8,38.53,0.38,5.41,32.96,72.14,174.96,54.66
118.44,38.65,3.52,5.49,59.55,3.47,4.14,17.69,32.18,2179.73,67.42
175.74,19.19,70.76,3.89,12.77,2.08,1.17,14.24,98.07,1105.79,55.17
71.38,96.39,75.88,4.57,11.26,1.76,0.73,12.93,48.63,1508.93,64.87
59.98,95.94,15.44,6.11,33.38,1.25,1.83,29.76,58.55,1307.38,68.64
42.77,74.71,162.84,5.8,13.36,1.63,5.34,41.08,25.46,1716.92,55.73
7.56,29.63,81.12,9.32,38.58,2.74,1.32,24.38,89.77,2669.95,63.21
8.6,24.52,97.98,7.05,15.79,3.22,4.31,15.27,39.81,529.01,65.95
174.01,98.86,52.93,7.58,31.56,0.46,3.55,25.57,44.52,2362.75,58.42
135.68,6.65,102.3,7.98,38.62,1.12,5.07,37.78,69.66,2878.18,59.84
132.11,84.36,153.35,6.96,30.19,0.74,0.51,37.25,20.61,2042.42,60.88
122.93,35.55,181.24,8.5,22.6,1.58,7.84,23.88,99.26,2217.45,57.39
169.84,41.89,194.11,8.59,48.03,1.9,5.55,26.84,60.59,1152.23,60.12
96.05,83.2,85.34,5.78,52.01,2.55,5.8,32.09,86.76,1528.62,70.39
174.08,9.06,198.01,4.05,20.29,3.08,0.23,27.93,92.57,2210.99,59.48
71.89,35.42,58.99,9.91,49.74,1.94,0.73,18.51,20.03,1611.26,60.83
185.34,95.2,1.4,7.68,26.54,1.76,5.53,37.09,54.26,93.47,46.75
139.73,69.91,153.52,8.11,31.82,2.06,0.97,25.31,91.18,1881.89,73.63
51.44,75.49,35.69,8.42,17.75,3.12,7.17,22.02,75.4,2863.35,59.42
112.82,75.75,10.49,7.48,39.41,2.31,5.01,19.86,79.14,2127.64,67.12
106.61,6.06,184.8,6.56,10.55,2.78,0.66,40.73,64.12,2677.5,71.24
27.58,20.32,158.36,9.9,37.54,2.55,4.95,20.44,98.09,634.29,50.37
118.25,49.13,20.53,8.23,59.43,3.24,6.44,34.56,28.26,1540.58,61.97
62.96,36.82,155.38,9.0,46.44,2.88,6.43,20.53,89.62,1301.3,62.66
10.47,41.09,168.8,6.36,54.23,1.26,3.27,18.66,74.22,1920.46,62.64
189.73,78.14,181.06,9.38,30.53,3.0,3.73,24.63,63.82,431.77,56.71
128.3,1.47,108.74,8.26,12.82,1.69,5.92,42.99,73.52,1314.9,59.47
175.38,66.05,140.68,8.35,20.87,2.98,7.01,39.0,82.73,2085.51,58.44
135.21,0.01,152.45,4.07,7.7,3.18,6.37,19.7,34.82,1580.1,55.27
71.4,6.31,137.73,7.51,32.6,2.43,4.81,22.67,37.65,372.74,67.07
102.54,40.83,129.37,5.68,40.73,2.54,5.83,31.29,39.6,1614.19,77.8
135.15,84.09,109.51,7.85,28.35,0.58,5.25,24.96,47.73,2205.82,63.21
192.05,14.5,95.84,7.19,35.98,1.2,4.66,40.53,65.28,1992.63,55.54
50.73,55.46,199.23,4.22,22.64,2.0,7.37,29.2,92.88,2361.01,54.33
175.0,67.85,67.51,6.94,9.72,0.11,5.22,40.17,40.33,1040.7,50.17
184.82,22.95,17.65,6.43,28.76,2.98,3.12,18.95,64.27,2343.03,74.09
134.08,51.23,153.01,8.55,35.13,1.36,7.8,33.97,98.14,1797.43,55.78
186.25,91.14,42.76,6.77,59.04,2.56,7.6,24.46,74.17,2217.24,54.03
79.58,51.22,106.54,6.63,24.1,2.72,6.27,13.7,54.31,1367.71,78.92
190.6,15.73,19.16,8.18,42.28,1.96,0.36,23.37,25.95,582.32,58.55
140.56,62.78,123.86,7.85,50.24,2.79,5.86,21.9,45.9,2972.42,69.51
8.4,59.22,188.8,9.95,23.45,2.42,0.34,21.26,45.72,2432.08,56.4
181.37,2.7,144.54,5.79,56.15,1.32,0.68,31.96,73.91,2287.32,52.81
96.89,9.06,42.91,7.97,23.64,2.87,2.88,24.21,33.69,2758.34,72.63
92.07,15.68,194.23,4.59,58.34,2.26,2.6,13.93,59.46,2923.54,57.34
113.29,13.63,61.42,8.73,5.12,0.64,4.55,17.37,51.97,1117.36,55.36
29.88,25.95,87.32,8.61,39.88,2.73,2.03,27.77,31.22,260.06,62.2
93.83,45.41,99.62,8.22,48.45,2.4,1.67,28.09,91.08,2091.65,79.72
166.23,37.17,198.14,4.27,20.4,1.07,5.37,11.29,69.7,2589.62,52.34
3.1,89.06,13.78,9.92,11.44,2.96,3.6,16.13,73.88,2074.98,45.65
54.58,61.21,139.35,9.63,6.34,1.37,0.52,33.0,51.62,1666.3,58.33
0.49,87.61,72.39,5.91,9.09,1.98,3.59,22.38,87.02,1637.93,59.94
83.14,52.7,15.67,7.25,34.87,1.27,6.09,21.72,94.1,418.7,67.0
145.66,8.99,187.01,9.28,51.15,2.56,0.63,11.64,21.98,639.27,52.34
159.75,46.33,117.97,6.72,8.47,2.08,7.33,23.57,55.99,504.91,69.13
189.04,82.2,150.7,7.39,11.22,1.7,3.86,12.05,73.71,1223.46,57.9
121.7,19.41,48.08,7.42,5.28,0.17,4.15,19.89,86.95,1586.11,57.02
50.93,9.12,152.31,7.72,20.53,2.16,2.47,13.97,83.04,1504.24,62.19
184.83,32.94,165.7,7.24,55.67,2.22,5.21,39.32,98.44,852.19,60.93
155.06,38.89,86.17,6.14,20.2,0.72,0.27,16.94,80.66,580.21,66.45
114.89,30.63,114.39,7.01,29.24,1.23,5.93,14.42,30.01,1794.99,69.04
139.13,13.52,194.37,9.16,14.84,3.09,0.88,39.72,32.75,983.33,60.38
184.86,25.08,169.35,9.12,11.4,1.97,3.61,31.77,96.17,280.59,46.12
142.48,68.23,88.97,8.52,15.03,1.58,1.26,43.29,21.94,1789.99,64.28
73.67,38.59,132.91,6.19,16.57,3.28,1.44,31.94,50.16,2370.3,82.1
142.61,63.25,156.85,8.61,12.17,2.86,3.77,33.67,54.51,168.93,69.1
8.06,53.63,4.87,6.02,48.54,0.43,0.62,22.65,40.75,1001.28,56.47
77.28,54.91,117.67,7.82,31.25,3.02,1.28,36.1,78.4,581.83,83.03
81.26,24.85,196.91,7.19,34.69,0.61,4.39,30.38,86.63,2086.9,59.88
33.37,52.15,189.44,5.45,25.61,0.69,5.6,15.56,96.51,2645.07,51.45
4.62,2.36,166.49,6.44,16.59,0.36,2.94,15.44,97.37,541.56,53.83
26.68,43.17,21.24,8.9,10.16,1.74,6.94,32.52,51.34,2782.7,46.94
130.92,57.26,198.81,9.43,9.18,2.29,1.37,19.52,95.65,844.76,63.68
160.46,18.2,121.91,4.83,15.18,2.66,4.53,29.04,58.83,574.5,63.3
197.64,25.66,44.58,6.47,51.76,0.19,0.81,16.74,86.66,2925.99,55.96
69.27,21.95,134.85,6.32,16.91,0.7,1.42,24.68,83.02,2333.51,67.05
119.88,7.06,171.3,6.68,24.52,2.21,7.28,40.19,37.96,1067.58,61.26
187.43,34.79,22.47,9.85,36.5,1.89,7.94,34.17,65.66,1714.75,52.65
33.41,97.9,183.29,6.87,33.13,0.27,7.98,27.06,97.7,1635.02,50.22
143.53,35.39,184.04,8.9,41.62,3.28,6.42,27.2,62.13,410.34,66.27
151.0,46.05,2.69,7.82,15.69,2.68,1.68,23.56,61.8,2819.66,64.69
17.8,65.31,180.06,4.2,33.82,1.32,2.36,32.83,70.16,1713.69,55.52
172.25,64.85,189.36,8.02,47.23,1.92,0.8,16.59,94.31,2204.6,56.33
162.62,94.99,7.54,7.71,26.31,1.37,0.53,21.8,51.03,2389.2,58.63
6.68,85.76,58.83,8.43,58.45,1.65,5.89,33.79,23.04,1704.46,43.43
18.22,79.4,74.62,3.98,36.79,2.13,4.37,35.27,34.43,1018.29,57.31
9.83,95.16,69.78,5.07,42.12,1.45,5.32,41.01,96.82,1622.31,47.51
66.95,23.08,151.8,8.5,30.25,2.21,4.68,20.67,40.89,2934.97,66.76
101.86,61.71,71.62,5.91,52.18,1.68,0.19,39.85,79.5,2409.3,67.73
106.47,88.72,191.32,9.42,29.83,2.33,2.63,38.84,50.69,2998.67,61.59
53.53,62.41,199.0,6.86,56.83,0.99,5.56,10.36,23.01,419.26,51.46
182.32,97.74,63.36,3.51,21.91,0.68,6.9,33.54,46.46,297.77,44.47
73.65,10.04,101.76,8.04,52.62,0.15,1.32,36.85,53.03,2120.5,60.02
9.11,43.93,111.54,6.84,40.16,2.15,1.03,10.14,38.53,1992.91,73.55
60.05,97.74,115.88,5.56,48.95,3.43,7.68,27.28,97.55,953.64,66.34
106.22,37.96,74.84,3.63,7.07,1.53,7.74,43.35,99.26,1305.78,60.03
81.64,73.96,33.2,4.79,20.25,0.82,6.03,43.38,42.12,545.9,47.32
54.77,3.04,10.91,4.55,51.59,0.14,0.57,35.92,96.75,1125.93,47.96
26.26,69.48,21.27,7.29,22.51,1.84,5.08,39.11,93.6,2786.32,58.66
163.83,93.46,180.26,8.5,44.2,3.48,1.11,20.76,95.91,1088.66,61.38
199.23,38.27,56.08,5.02,59.57,3.44,6.78,26.14,78.92,620.35,59.45
65.91,2.13,15.36,8.04,14.74,0.44,2.5,44.83,59.1,793.09,42.52
76.32,2.79,124.71,9.35,27.97,2.88,3.85,38.26,52.92,1509.58,61.03
123.61,89.2,15.06,7.54,14.08,0.69,1.58,11.56,22.28,1425.66,54.24
143.69,72.25,14.01,8.54,13.49,2.85,5.83,11.91,37.13,286.62,59.31
78.41,10.67,124.31,4.83,39.82,3.0,4.07,30.29,79.15,328.9,70.14
180.99,5.46,118.28,3.99,15.53,0.13,5.68,23.07,29.07,716.58,42.18
112.0,80.48,8.3,5.88,31.55,0.91,2.63,18.26,21.05,2194.33,62.41
90.08,80.99,92.1,8.11,58.79,0.29,3.08,21.2,83.3,1352.08,63.88
129.33,12.05,87.15,7.96,23.32,1.8,7.18,43.56,51.35,358.83,59.82
190.56,30.15,109.34,9.71,53.05,0.19,2.11,21.25,51.64,2044.22,48.85
158.91,78.0,147.57,7.59,26.8,2.23,7.23,22.66,41.74,38.73,67.01
8.0,52.54,56.56,6.17,19.46,2.0,0.7,25.8,87.2,1786.91,64.65
66.46,95.66,86.56,8.68,23.49,1.39,1.36,15.63,85.38,1038.38,59.4
94.11,48.11,158.55,4.49,12.02,1.67,5.34,23.63,60.45,145.1,64.81
62.9,67.7,184.51,8.78,42.34,3.47,7.95,32.63,67.01,369.37,65.82
140.04,50.98,178.26,5.88,33.0,0.67,7.48,19.07,39.66,2245.28,58.55
165.25,94.3,95.53,4.5,38.76,2.59,4.12,31.8,31.54,739.89,62.91
146.27,39.87,104.17,4.55,21.67,2.29,4.27,18.57,46.58,818.25,69.82
197.87,22.98,105.82,9.89,40.94,2.36,4.63,37.53,82.13,1462.14,55.28
54.51,32.66,173.74,7.55,14.05,1.28,6.36,42.81,91.42,468.33,53.73
175.0,85.28,167.99,4.63,40.89,0.84,4.45,25.55,53.36,2906.64,51.32
153.32,49.79,62.31,5.25,9.46,2.31,1.03,43.72,91.78,1140.38,64.91
72.44,35.43,32.57,5.92,27.02,3.2,6.72,33.25,43.55,1338.01,75.86
146.82,54.43,75.79,3.86,38.54,3.42,7.09,34.91,50.46,218.1,64.15
20.82,13.32,57.68,4.2,52.04,1.74,7.35,27.9,45.44,1672.92,48.82
157.87,0.54,190.16,8.45,49.68,1.55,3.42,17.96,39.33,2393.84,47.45
106.47,28.06,53.18,8.61,33.98,1.29,1.85,42.89,52.09,1264.46,69.72
58.46,60.5,36.24,9.92,53.59,2.85,1.04,43.94,46.99,497.76,55.44
131.16,71.17,179.9,3.94,32.82,0.97,4.24,39.47,37.23,76.28,52.71
128.32,82.66,17.3,9.28,33.44,1.84,2.29,26.22,62.3,1041.85,64.71
41.9,92.67,52.05,5.56,44.63,1.27,3.48,15.99,72.32,2583.29,58.42
6.08,41.21,87.82,5.63,53.28,3.08,0.88,13.14,79.06,302.99,69.2
86.72,74.05,119.02,4.33,38.15,1.06,1.67,27.66,83.27,2868.04,63.06
113.9,7.47,65.53,9.91,56.93,2.43,3.56,20.68,60.61,2621.81,56.55
175.32,5.75,99.25,9.88,17.79,2.1,1.51,39.99,49.09,124.49,50.91
185.64,12.48,39.77,9.12,55.84,1.22,1.88,29.03,41.03,245.85,47.39
105.76,44.86,114.85,4.09,17.19,0.97,0.26,42.22,53.73,1335.27,74.68
150.76,21.13,81.56,8.97,33.95,2.83,0.68,35.39,44.16,240.11,66.07
87.86,28.69,169.85,7.62,48.78,1.84,1.02,25.83,63.93,2860.3,68.08
149.22,64.79,83.15,4.34,49.09,2.18,5.29,36.01,20.97,69.17,55.83
40.96,35.85,88.76,5.2,20.3,3.37,1.28,43.88,57.89,2826.27,72.23
74.21,55.74,118.43,7.98,59.22,1.45,7.06,29.7,79.18,1941.1,56.88
126.85,41.24,24.63,8.72,9.43,2.87,6.3,20.99,42.35,1637.04,65.14
3.63,16.9,31.36,9.01,6.91,2.27,6.56,23.01,89.71,1962.21,48.58
144.49,7.4,158.05,7.03,51.28,2.12,2.88,31.71,34.53,383.02,52.81
167.11,23.62,54.68,6.98,50.05,0.29,0.56,44.01,83.21,2249.77,61.17
79.83,5.77,136.94,7.95,44.2,3.2,0.7,26.52,79.31,785.6,75.17
89.59,61.86,19.49,8.56,51.79,0.88,5.55,34.81,51.55,2331.29,55.82
170.26,79.57,164.37,4.61,12.57,1.71,7.39,16.27,20.14,2479.31,44.28
155.13,33.97,197.65,8.31,10.26,2.66,1.48,31.72,27.67,1304.36,63.66
57.63,38.71,74.74,5.72,58.32,1.88,6.93,35.69,64.07,1367.15,62.35
64.8,81.62,101.11,5.99,39.33,0.11,5.26,24.82,94.27,646.03,63.21
135.78,22.26,88.54,4.01,55.59,3.33,5.45,32.27,55.53,1752.52,62.92
112.64,11.92,178.84,7.32,54.85,0.17,5.61,17.95,80.96,250.5,54.32
32.45,50.11,1.99,4.11,40.92,0.41,0.59,26.08,32.58,875.61,51.91
61.99,64.62,130.69,9.44,39.57,0.86,4.87,38.9,83.95,501.02,56.5
180.0,59.97,130.47,7.54,24.8,2.14,3.92,16.99,41.07,2660.79,65.28
137.63,71.39,76.48,9.94,13.2,3.4,6.71,13.12,29.93,2103.92,57.63
197.19,5.68,43.87,5.1,42.76,3.24,3.48,34.37,57.64,2255.68,58.38
153.4,42.82,47.94,7.92,49.98,2.31,4.13,20.97,60.39,2373.2,62.23
188.39,23.86,160.09,9.77,34.95,2.62,4.69,27.08,67.28,406.67,52.29
43.24,75.91,13.22,5.44,7.8,2.52,4.74,41.21,57.7,2620.06,56.21
154.3,87.27,112.76,4.13,12.97,2.44,3.26,16.06,53.76,1950.93,66.83
4.04,28.13,61.37,7.62,10.61,2.86,1.41,37.06,71.01,597.67,58.62
134.15,9.52,53.05,5.88,41.18,1.26,2.09,27.73,78.08,2805.78,64.22
93.86,25.34,101.15,5.27,36.06,0.85,3.36,11.63,52.78,1314.51,69.33
69.35,10.4,179.57,9.96,30.66,1.28,5.0,16.28,85.85,1077.98,56.64
172.48,32.24,123.62,8.4,34.89,0.27,3.69,27.34,49.16,852.5,53.27
170.85,53.82,157.72,6.66,20.18,3.39,6.35,17.86,91.7,1923.85,69.58
4.46,97.37,120.14,3.83,49.26,2.61,4.64,22.44,35.28,1352.29,54.51
121.9,39.94,139.54,4.75,23.07,0.83,2.81,34.26,66.72,519.21,59.84
73.57,22.0,86.48,5.44,40.44,0.97,4.03,39.66,93.53,2308.97,67.43
83.13,16.68,185.2,6.67,26.5,3.47,2.94,25.43,37.45,474.75,79.92
166.41,17.3,100.39,6.73,8.97,2.71,0.34,27.82,98.84,1177.21,76.43
61.97,19.26,110.35,3.66,19.13,1.55,2.32,30.67,84.52,1700.99,65.04
188.61,76.23,104.99,9.63,58.08,0.8,3.66,15.94,52.4,140.21,41.88
35.93,6.1,63.24,7.03,15.48,0.24,2.12,30.91,59.2,2104.97,59.1
132.54,99.74,46.25,3.63,10.77,2.38,5.78,38.32,27.24,219.83,48.7
134.42,52.27,14.77,8.06,21.01,2.75,6.91,41.33,55.84,97.76,58.19
50.44,54.43,143.63,3.96,53.29,0.47,2.45,16.69,99.22,1310.58,56.89
64.95,35.76,57.86,8.19,21.83,0.11,0.29,39.98,99.45,1406.02,52.94
166.96,69.03,77.84,8.06,27.96,1.32,7.02,40.65,33.15,969.81,58.88
152.36,47.15,183.99,9.9,22.05,2.37,4.66,36.7,21.18,1211.45,57.47
65.82,32.91,113.29,5.72,59.39,3.24,0.15,38.67,31.38,249.02,80.56
106.79,26.51,19.42,4.44,59.99,3.09,4.05,25.53,65.04,1863.99,62.56
12.34,92.57,159.92,4.1,31.55,2.44,0.86,43.99,92.88,2242.1,54.1
41.75,29.1,51.23,3.97,48.17,2.87,5.42,35.12,21.79,630.47,57.07
97.16,43.64,110.54,8.77,17.1,1.31,4.32,19.01,47.54,538.46,69.59
17.19,35.03,102.0,8.17,25.59,0.93,7.31,11.03,99.55,108.1,54.38
168.67,8.62,47.62,9.84,42.36,0.52,3.22,16.14,63.47,1409.81,45.92
143.6,18.59,23.15,5.51,20.75,0.72,7.4,36.1,59.9,2072.93,53.53
188.73,18.95,42.25,8.72,17.36,3.37,6.71,40.17,25.5,2151.76,54.0
138.69,69.36,19.47,4.1,55.72,3.26,6.04,13.06,49.26,98.51,59.04
188.08,40.66,55.13,9.38,18.44,0.26,3.56,32.9,55.98,2906.89,47.04
110.9,78.2,199.46,3.84,8.26,1.7,3.37,22.92,60.15,2952.56,53.87
120.04,70.9,80.42,8.62,46.31,1.37,3.22,30.57,91.81,2480.79,68.93
195.39,19.2,172.78,5.5,18.38,2.32,0.51,39.71,92.58,2062.31,56.57
128.43,56.29,109.84,4.68,29.76,1.22,4.89,24.98,53.74,1103.69,69.68
6.16,74.29,133.32,8.08,11.14,1.05,6.4,16.56,22.09,1171.37,49.48
144.76,63.3,31.27,9.32,8.77,2.85,5.98,13.97,89.41,2722.68,52.68
181.09,60.0,54.96,8.47,30.32,3.32,4.7,44.95,65.43,827.39,73.64
159.12,73.96,102.09,5.54,23.54,0.79,2.92,36.86,33.82,2626.33,57.87
116.77,5.68,176.23,5.8,32.83,0.9,5.59,11.9,69.0,451.4,57.02
134.26,73.14,8.58,4.73,58.12,1.52,4.28,16.01,66.04,976.69,55.27
198.04,27.27,101.38,8.86,27.41,2.5,6.73,33.98,48.69,1269.87,64.83
18.13,57.19,10.2,4.2,38.15,0.67,2.26,24.8,24.82,1857.24,49.19
133.45,24.23,91.36,9.37,10.37,1.69,0.91,31.72,22.02,2232.58,63.81
56.68,83.88,125.77,7.41,53.73,2.96,0.13,29.78,75.23,413.55,75.15
128.02,48.06,148.94,7.33,49.32,0.9,5.97,15.5,27.76,1200.24,63.3
121.52,64.29,27.71,8.95,33.73,0.26,4.83,25.38,93.07,1115.41,55.31
30.69,79.41,33.32,7.84,15.09,3.18,0.57,28.56,31.75,903.97,66.32
41.35,89.53,94.01,5.48,28.43,2.78,6.74,25.34,64.02,1353.67,70.38
124.33,73.21,199.61,5.77,21.36,2.48,3.87,26.83,81.96,2192.17,69.26
25.65,14.88,71.21,4.62,59.7,0.4,3.74,44.63,88.61,1672.94,46.49
53.04,85.45,85.51,6.52,32.0,3.16,5.51,44.48,90.94,1513.75,71.28
167.05,61.86,86.49,4.22,28.22,1.14,5.11,22.34,64.41,1553.52,58.91
65.42,60.94,16.14,7.74,14.3,0.82,1.99,35.53,39.1,2134.87,56.66
97.61,92.13,154.83,4.6,18.15,1.76,5.19,18.18,36.26,1666.14,60.39
188.23,24.88,50.62,9.12,44.14,3.24,6.88,44.7,55.84,2128.32,53.95
45.43,23.96,140.73,8.05,34.42,3.48,3.19,24.48,70.34,1507.95,71.65
77.93,51.32,95.02,9.29,24.69,2.19,2.39,30.43,88.93,2077.02,68.64
121.29,75.09,122.36,4.07,21.34,3.35,0.57,23.34,60.28,2545.29,75.49
151.07,44.72,10.79,8.69,16.04,1.64,4.88,15.48,76.09,236.01,55.77
180.33,63.39,177.99,9.23,6.86,0.2,6.07,15.39,75.2,2257.85,40.0
183.09,45.25,48.77,3.79,58.74,1.04,7.74,42.88,29.46,2442.37,37.69
155.33,61.04,134.02,9.99,46.42,1.13,4.93,29.34,85.21,2242.27,50.75
45.67,82.23,159.6,5.45,56.03,2.76,3.64,44.01,54.41,691.66,56.25
4.96,18.05,108.01,4.88,27.69,0.52,7.49,24.1,24.55,350.87,49.5
76.75,69.54,67.47,6.2,52.82,0.69,1.51,26.59,65.55,2748.77,66.51
28.31,78.74,195.58,3.56,19.09,2.19,5.7,17.64,92.57,1023.6,54.27
142.08,44.71,55.69,9.26,33.04,0.54,2.69,13.67,80.75,548.93,61.07
132.23,32.32,189.73,5.25,16.14,1.78,6.91,37.4,29.61,2028.75,56.93
8.79,1.35,31.24,6.89,47.37,0.22,5.99,23.86,83.98,2604.07,39.97
167.32,79.71,77.84,7.55,32.37,2.37,2.74,37.53,23.64,2956.91,65.15
49.75,32.79,27.7,8.64,34.5,3.19,6.22,25.67,66.01,1628.73,64.8
86.45,35.73,0.45,5.13,52.27,3.07,7.13,42.37,29.2,2637.27,50.89
133.59,33.6,52.05,8.16,45.66,0.35,2.09,40.94,68.18,1451.54,61.36
85.88,49.87,17.44,4.26,58.14,2.11,4.62,38.74,32.23,1623.65,60.98
88.26,70.25,197.27,8.08,27.29,0.45,3.42,37.76,91.5,1701.92,55.51
13.13,77.19,152.33,9.48,30.38,0.28,7.41,33.03,72.17,2622.23,42.69
80.29,39.26,0.74,4.05,38.84,2.18,7.78,40.48,55.16,722.38,56.84
152.97,66.31,44.73,4.26,29.93,2.05,0.92,39.8,92.58,2240.81,61.64
183.04,72.07,134.02,7.12,28.08,0.42,4.44,17.45,33.83,1014.78,60.44
82.7,29.69,79.71,3.8,23.73,1.32,4.29,34.39,90.25,293.37,64.44
84.72,9.66,166.37,4.72,50.75,1.18,6.96,39.21,29.06,2928.76,45.79
140.53,89.47,100.97,4.74,34.34,1.26,6.25,36.09,81.78,2777.1,54.02
188.55,67.71,130.73,6.63,38.41,1.23,2.37,10.6,31.42,1521.45,66.85
53.41,64.81,119.41,5.12,16.22,2.9,4.22,31.61,32.29,461.76,74.7
88.03,5.89,127.63,6.59,18.85,1.3,3.09,19.97,88.93,2591.48,72.46
159.19,81.79,46.02,6.89,23.69,1.22,2.89,37.08,55.82,1206.56,67.16
121.94,56.61,74.66,8.25,30.6,0.2,5.87,35.92,40.37,1538.88,58.73
22.12,84.79,10.13,9.65,7.42,2.79,4.84,13.81,72.69,2968.37,40.53
125.55,97.46,117.53,6.77,53.86,2.34,1.67,21.68,88.93,1397.81,75.64
37.35,95.71,91.85,5.81,54.7,1.26,5.0,41.52,53.25,442.59,55.73
102.04,85.61,152.14,5.18,41.39,1.64,3.76,26.91,42.87,1994.06,68.77
105.82,1.09,41.28,7.63,22.38,2.8,2.79,27.74,42.12,1653.83,68.15
175.24,88.57,87.36,9.63,26.19,1.27,0.63,17.13,74.6,543.41,58.66
92.5,7.51,36.15,8.47,45.37,1.71,7.44,16.22,76.55,564.72,58.31
55.89,85.12,122.8,4.84,20.75,0.17,6.91,12.34,93.07,2760.37,43.43
46.19,28.02,169.61,9.31,38.49,3.22,2.5,12.79,21.69,119.25,62.5
174.85,61.01,153.09,8.28,54.84,1.36,4.5,16.13,30.97,1869.76,49.97
34.2,3.81,188.84,4.33,27.57,1.11,6.93,10.49,67.17,2370.87,42.27
85.17,77.12,194.35,8.13,37.29,2.17,4.2,44.81,43.49,1120.79,63.0
37.43,11.17,154.41,5.38,56.07,1.89,1.22,25.22,56.0,412.84,63.21
154.66,41.07,57.36,6.69,23.73,1.46,3.85,24.29,94.17,2761.65,65.45
94.87,81.74,43.85,5.45,46.78,3.24,2.58,30.53,27.73,782.18,80.25
70.23,69.53,89.51,4.05,46.53,1.33,3.72,39.93,71.86,541.58,62.52
72.22,0.6,198.78,8.5,56.07,3.49,6.8,33.22,84.33,189.52,54.51
170.44,40.3,82.53,8.89,52.22,2.78,3.33,17.49,29.64,2681.44,58.48
110.75,4.19,39.81,5.01,46.19,3.17,6.42,36.07,71.73,1618.26,67.6
143.57,67.35,188.87,5.06,40.01,1.06,1.94,14.9,86.53,1167.97,55.45
179.41,96.89,77.18,6.29,18.27,0.34,4.79,39.98,36.54,2306.72,47.16
180.35,65.53,138.18,8.77,41.89,1.53,3.47,35.65,30.79,1578.48,54.68
65.7,22.44,157.63,4.0,20.2,1.17,7.79,42.79,25.21,914.13,48.09
190.49,35.52,168.63,8.76,29.2,0.31,0.11,40.63,78.31,1164.27,50.95
4.98,97.67,164.26,9.5,44.03,0.34,2.97,24.45,53.12,2277.04,44.23
75.37,22.41,167.25,7.15,42.12,0.69,6.53,41.3,59.95,802.35,53.7
179.16,56.15,133.53,3.89,27.07,1.38,3.19,38.34,27.91,1610.67,62.37
54.93,40.05,80.77,5.25,15.05,3.28,1.82,25.65,29.27,2597.12,76.75
54.62,76.83,133.46,4.22,31.63,2.34,6.84,34.32,73.92,2632.08,59.59
60.52,86.74,167.35,5.19,19.85,1.45,4.77,15.83,52.99,2681.5,56.4
122.46,34.08,70.13,8.78,19.05,2.82,4.5,28.7,87.23,2290.76,65.13
87.67,66.04,59.3,3.86,22.97,2.03,3.27,11.88,82.97,1531.8,70.7
145.35,54.9,68.74,5.34,43.84,1.52,1.35,24.38,82.85,1498.46,64.59
178.98,27.84,110.26,6.86,32.35,0.59,4.65,31.98,88.85,2873.28,58.55
134.84,27.19,10.49,9.18,25.52,3.25,4.09,31.96,87.79,2309.99,62.21
40.89,53.86,155.79,5.12,54.53,2.22,3.28,22.96,63.44,637.4,66.49
186.54,15.4,27.77,8.56,43.87,1.59,0.71,13.09,42.99,987.82,55.29
52.9,81.08,26.57,7.29,32.21,1.59,5.24,32.43,65.03,991.54,58.44
29.98,6.9,39.53,7.9,28.17,2.7,5.09,12.97,38.93,2322.82,57.53
17.99,9.46,115.39,9.1,50.04,0.71,4.52,18.2,35.35,1398.65,45.39
112.68,34.22,57.11,3.67,14.51,1.52,1.14,38.11,60.49,2188.36,66.4
22.75,11.81,73.62,6.94,41.53,0.31,2.49,25.28,69.83,131.88,57.6
27.76,47.57,186.33,8.36,6.16,0.37,3.81,44.99,56.08,1999.67,46.4
60.01,39.97,169.44,9.25,5.38,1.89,5.9,36.96,84.51,945.0,55.18
56.33,72.18,170.44,4.36,56.25,1.39,1.86,24.18,66.73,656.33,52.63
120.85,95.3,115.53,5.72,33.27,2.55,6.43,13.84,98.23,1991.74,61.13
163.35,75.36,173.29,4.01,22.33,3.45,2.62,25.02,33.6,309.9,64.11
152.27,17.94,155.71,8.93,48.71,3.02,5.36,14.78,44.98,1992.53,58.78
52.5,93.55,190.65,9.07,59.17,1.6,7.5,34.15,25.65,2981.66,38.88
49.06,39.21,12.87,6.64,6.89,1.38,5.74,13.68,59.94,2751.94,53.24
193.16,47.42,5.75,3.64,7.09,2.09,0.65,43.02,24.0,2294.28,49.65
1.65,42.16,35.01,4.16,52.01,0.41,3.07,23.64,72.09,1017.19,47.37
175.94,28.05,185.82,7.56,35.62,3.46,4.67,11.14,39.97,902.72,63.15
39.95,89.5,121.11,9.89,53.55,3.44,5.42,39.0,80.42,2904.87,55.03
189.46,33.22,85.22,8.95,43.21,3.24,2.82,22.3,23.18,296.96,66.42
68.46,57.86,102.54,8.69,30.88,2.35,3.49,33.45,46.94,633.12,76.51
88.07,24.0,165.92,6.22,13.87,1.81,3.07,40.22,94.48,2484.4,62.01
141.42,79.74,185.82,9.9,26.44,2.5,5.61,12.06,25.51,1489.77,58.8
117.53,77.42,145.94,8.86,48.29,1.17,7.32,10.55,90.03,2706.17,48.3
63.59,29.63,151.97,5.68,17.87,3.0,6.25,14.96,46.45,1113.56,71.78
110.77,68.16,64.08,8.37,44.18,0.56,2.18,18.24,23.04,917.16,67.38
146.14,70.39,93.41,6.31,18.6,2.83,4.37,28.34,92.03,1778.25,72.9
8.47,56.25,177.04,7.79,30.49,3.05,3.88,43.63,54.32,2058.46,61.36
2.24,60.06,157.19,9.81,9.7,0.68,0.22,29.08,54.76,2003.86,52.49
91.61,57.45,136.85,5.1,30.02,1.73,7.51,40.08,75.11,763.44,69.24
26.37,8.19,13.05,8.67,38.7,3.13,3.78,16.99,57.48,2537.05,58.12
132.87,67.03,7.9,7.34,35.98,3.36,7.55,41.26,82.15,1376.65,66.48
42.81,46.98,26.08,9.67,27.36,2.86,5.35,35.01,65.4,246.93,58.62
86.57,43.85,116.28,4.37,25.33,3.3,5.69,43.25,45.44,1654.75,69.81
39.53,86.0,107.28,8.18,20.15,3.29,3.47,40.57,71.11,857.81,70.55
109.7,2.32,188.54,3.74,47.19,3.43,6.88,39.76,27.0,1769.81,51.56
23.21,25.13,138.95,5.1,48.05,1.51,1.56,12.56,59.37,556.48,60.86
4.62,12.14,58.79,5.59,31.57,1.08,7.68,33.59,47.26,2477.25,50.37
10.23,3.53,32.3,6.31,26.04,2.25,4.97,20.76,52.19,518.09,60.57
190.85,27.57,169.91,9.77,40.06,0.74,2.73,19.04,73.95,1261.24,47.69
28.46,98.85,91.92,3.94,35.68,1.99,5.94,25.86,32.96,105.62,52.48
141.7,27.02,130.69,4.6,41.7,2.07,5.99,40.35,22.75,1944.46,60.02
13.59,66.37,113.03,4.82,21.83,2.84,6.22,13.14,90.01,279.39,60.79
21.63,11.83,21.49,6.26,48.36,1.33,2.42,42.35,88.19,2169.6,52.72
101.78,60.18,11.41,3.89,22.42,2.15,0.3,40.03,93.52,2011.16,62.85
92.97,98.45,75.4,9.78,28.03,3.17,7.12,19.8,76.75,1254.72,64.63
190.32,29.18,72.31,7.14,12.28,1.53,6.4,21.88,90.72,1466.27,58.51
188.97,84.81,134.76,8.79,52.05,2.04,3.27,11.78,45.85,2510.83,51.22
155.92,99.76,126.44,8.52,40.44,2.78,1.41,35.54,31.99,768.21,64.28
120.42,58.86,193.79,7.8,17.94,0.95,3.8,16.01,75.59,1912.29,60.52
90.99,30.94,171.62,9.38,51.84,0.45,2.52,20.34,48.2,1720.83,53.91
71.24,67.35,99.32,9.37,43.76,2.42,1.63,23.93,41.85,2175.02,68.94
189.42,84.48,100.01,4.33,29.32,1.36,3.94,24.23,67.38,1211.42,62.51
120.58,17.14,134.83,9.36,59.44,1.4,6.65,38.05,31.59,2643.93,49.88
115.81,45.25,22.82,6.91,23.55,3.26,4.7,27.32,67.42,707.92,85.89
46.38,31.92,199.98,5.24,10.48,1.49,3.95,11.95,89.89,2413.48,55.46
9.34,28.34,103.76,7.46,45.34,3.34,7.95,31.02,75.07,1807.45,67.44
189.04,86.08,181.98,5.33,46.64,0.46,6.11,20.74,60.82,2398.25,48.63
62.75,42.17,193.47,6.61,8.24,1.27,1.14,21.9,58.93,2889.86,66.79
88.52,33.91,116.33,8.81,50.07,2.46,3.39,17.23,45.47,9.12,68.8
22.93,60.35,20.67,3.71,47.68,0.53,3.77,13.91,80.74,85.42,43.02
167.38,21.94,114.67,4.69,56.13,1.42,4.92,18.97,94.8,1.75,51.72
5.53,22.99,119.53,9.72,11.52,3.0,5.49,40.69,57.95,937.74,54.12
166.8,52.03,157.84,6.39,38.04,2.69,2.67,40.51,90.66,1181.32,72.07
28.06,40.93,9.65,5.47,17.07,1.06,3.0,43.08,21.79,1121.53,52.36
177.31,29.5,93.26,9.5,26.97,1.31,0.92,11.2,35.18,147.15,57.27
145.95,5.4,184.55,9.42,19.58,1.82,0.81,41.52,24.16,2708.13,49.02
32.93,52.08,198.26,3.79,29.71,2.59,6.09,22.65,62.79,386.21,56.99
113.16,81.66,38.28,5.86,11.21,0.62,7.42,32.7,46.39,1618.79,60.95
62.53,85.14,174.12,9.43,21.69,1.89,1.65,31.69,87.39,2715.44,53.1
35.65,23.54,29.25,4.67,8.9,0.35,7.39,16.01,74.57,1619.23,45.24
171.84,59.96,168.23,7.26,32.05,1.45,2.82,16.02,69.53,1107.78,66.97
80.7,85.59,55.46,5.59,21.32,0.75,7.06,17.47,30.03,2113.7,53.77
79.71,40.87,191.93,8.29,37.47,1.15,0.31,19.41,42.24,2987.38,63.99
33.98,93.21,139.1,4.53,30.1,1.23,0.82,22.93,78.04,1805.06,62.67
76.61,90.3,79.82,7.37,18.41,2.72,3.53,25.93,36.15,1935.56,72.59
174.32,20.81,56.19,3.5,10.66,1.0,6.8,22.57,75.95,542.06,45.07
72.63,25.9,47.05,5.14,46.43,2.36,3.65,30.63,92.05,790.23,64.78
190.32,18.04,136.16,4.55,39.82,1.91,6.73,15.5,89.59,2383.39,57.97
189.26,19.61,179.16,4.86,6.81,2.83,2.79,42.63,22.43,2250.28,51.38
28.98,90.79,150.99,9.09,59.42,1.19,1.15,39.3,90.47,715.32,47.95
35.46,93.11,166.96,9.45,40.34,3.48,7.41,11.81,43.31,1517.79,51.79
172.53,5.19,156.28,8.41,16.39,1.11,0.7,26.16,54.81,2635.37,51.42
78.55,59.36,195.83,7.34,51.23,2.07,5.69,38.51,62.45,535.52,62.1
0.87,56.42,151.56,5.0,53.52,2.25,7.08,22.34,52.84,2174.93,52.72
54.77,39.05,42.05,5.29,36.55,1.93,1.05,24.82,70.31,1042.85,75.84
119.53,63.17,158.32,5.51,53.71,3.02,4.2,44.85,86.79,197.7,65.18
159.85,94.74,64.41,8.55,6.6,0.48,0.52,36.44,75.68,841.35,51.83
26.68,17.03,199.16,5.14,56.98,2.13,3.73,19.69,39.11,1258.48,48.18
22.11,12.04,75.33,9.83,8.15,1.82,6.32,29.78,93.51,2234.17,46.53
184.42,3.34,58.56,8.68,40.33,1.52,2.5,38.09,75.56,381.99,54.11
150.23,36.38,47.84,10.0,24.02,1.28,1.94,19.81,30.92,2572.72,54.85
117.96,33.76,131.7,6.48,7.16,0.62,2.09,12.66,78.39,968.35,70.31
153.84,43.08,21.84,7.33,56.11,2.31,6.35,21.54,22.73,451.57,61.71
85.77,50.33,190.71,5.32,12.44,0.5,7.79,40.89,69.98,1111.91,57.7
151.69,75.78,58.86,7.42,51.96,2.92,1.9,26.38,93.97,2783.13,67.29
74.36,39.21,59.08,9.83,23.17,1.62,0.64,30.9,65.99,1691.19,64.63
48.82,33.06,9.21,3.7,45.76,2.16,1.09,11.45,44.55,1050.45,53.66
145.8,82.69,49.2,5.38,18.98,0.36,5.06,18.38,99.06,1289.18,53.72
83.93,84.98,83.8,5.33,37.09,0.42,5.44,37.47,84.68,2214.01,59.01
196.28,23.28,73.92,9.89,48.98,0.9,3.65,34.9,39.83,131.25,41.59
69.9,31.47,54.6,4.36,36.14,2.75,0.73,13.88,25.78,2853.07,66.9
184.35,82.51,8.15,8.78,21.86,1.75,7.43,38.72,97.29,2498.65,41.95
186.59,7.94,60.12,5.28,17.84,1.16,7.45,28.61,22.82,2660.31,46.27
48.37,32.58,155.67,9.09,14.61,2.99,3.21,18.75,74.12,2001.63,64.94
159.64,44.84,87.76,6.67,51.13,0.75,6.59,15.44,98.65,1772.35,62.51
86.61,18.71,58.16,5.07,38.6,0.98,7.2,16.0,39.58,1028.26,61.58
183.5,17.99,60.96,8.11,32.98,2.74,4.11,24.63,94.08,902.11,64.61
90.02,42.49,110.89,8.97,18.73,0.19,4.85,40.66,53.69,266.82,54.46
148.86,75.45,60.46,6.56,28.86,0.85,5.89,22.87,38.85,101.31,61.2
93.39,84.02,126.16,8.14,39.1,1.87,7.14,32.79,26.56,162.51,65.03
45.56,97.92,197.89,4.68,8.95,3.21,0.8,15.0,68.09,537.24,60.55
39.87,7.4,8.24,9.59,24.84,1.0,0.52,12.24,75.64,485.87,46.41
85.09,21.67,33.75,4.13,18.17,0.82,5.43,24.39,71.64,2355.99,51.63
151.1,75.66,35.82,4.94,40.56,3.41,0.48,15.76,68.41,315.41,64.15
121.01,54.06,89.41,5.37,38.34,1.88,0.93,16.81,69.69,2297.42,75.68
137.73,32.77,8.28,4.49,21.47,0.31,3.44,19.44,61.04,1320.16,59.99
56.47,20.56,95.5,6.14,7.29,1.04,1.54,12.15,37.12,2879.49,64.99
96.29,28.05,185.78,6.48,15.05,1.91,7.2,38.03,68.45,1812.57,65.9
8.88,42.93,2.31,6.87,13.8,0.34,2.72,28.97,91.01,1673.87,57.95
163.51,17.72,72.99,3.77,36.26,2.45,4.66,24.25,21.36,1928.59,62.15
197.98,96.42,152.18,4.92,14.31,1.88,0.18,21.6,98.59,1481.44,52.87
81.38,10.76,30.9,8.75,31.53,2.51,4.16,10.03,97.82,1712.76,66.22
2.19,98.56,15.51,8.77,38.8,1.26,6.5,40.43,41.33,2118.24,38.34
33.96,84.19,126.16,5.65,53.38,1.53,7.75,36.67,53.93,2531.2,49.14
130.51,42.32,1.99,6.5,18.48,3.26,5.46,35.59,65.21,2765.72,69.59
122.42,73.98,160.35,4.69,15.23,0.82,1.7,16.11,87.65,2064.79,59.25
157.57,67.15,13.37,8.84,14.53,0.23,2.97,11.83,24.88,2752.63,44.6
50.78,21.33,104.87,9.72,24.82,3.44,1.34,12.26,38.14,1632.36,69.22
152.73,33.91,148.03,5.39,40.7,0.13,2.77,28.77,72.81,708.05,60.06
137.6,51.31,48.4,8.58,41.95,3.12,4.53,32.26,24.93,1016.19,68.15
64.56,63.78,20.71,5.79,16.6,2.91,3.95,44.94,91.41,2590.16,64.2
109.1,54.29,35.12,3.52,12.22,1.76,7.0,28.28,90.91,1931.2,59.51
29.45,47.3,170.94,7.4,29.68,2.5,1.71,21.63,27.89,836.15,71.8
90.51,44.32,141.16,6.17,12.77,0.46,3.53,33.79,53.24,1732.26,68.93
176.24,49.83,39.62,8.43,49.71,2.7,5.09,32.54,60.82,1992.04,54.72
84.24,43.44,143.22,8.37,9.61,2.76,7.85,10.8,71.91,2994.96,59.8
167.91,54.13,141.72,9.65,46.37,0.27,1.79,14.33,63.37,1519.8,57.47
118.05,88.8,199.55,6.35,7.35,1.79,6.68,34.23,20.11,2704.01,55.48
38.38,63.28,78.31,6.64,49.38,3.32,4.98,12.88,30.35,1019.19,65.73
116.22,72.26,172.97,6.1,39.49,3.33,1.16,38.22,86.6,1914.96,76.29
101.2,59.75,89.29,5.43,22.73,3.45,6.29,41.77,83.06,2376.77,76.37
79.73,64.3,179.55,7.65,27.3,2.33,1.48,17.0,21.37,2793.34,71.92
23.93,57.83,18.32,8.88,42.05,0.58,5.63,27.69,21.19,1446.96,52.58
83.34,2.69,35.06,4.53,15.21,1.5,2.0,21.01,88.09,2565.27,63.01
14.55,99.96,169.99,9.88,53.97,2.57,3.8,28.23,48.9,1572.67,48.8
19.75,3.36,163.86,7.94,31.56,1.07,6.29,31.56,52.54,1944.6,50.36
83.18,39.51,61.09,8.57,46.81,2.85,5.11,10.41,95.54,724.96,66.32
61.08,10.51,119.36,9.99,32.87,3.03,5.95,41.34,91.76,2472.63,56.89
185.11,9.69,76.54,6.78,29.88,2.7,6.45,22.92,51.25,2905.05,60.24
75.14,79.35,2.06,3.96,30.83,1.26,0.37,16.71,83.89,2334.48,56.74
151.57,42.59,5.22,8.64,24.97,2.62,3.9,11.12,56.28,809.42,63.0
106.05,80.11,10.85,9.16,45.3,0.35,7.89,44.74,54.38,220.35,44.34
140.82,27.28,118.81,4.56,51.54,1.24,6.38,36.58,21.55,175.76,53.98
52.02,25.65,55.85,3.66,51.99,2.7,2.99,25.96,83.48,2145.49,59.99
188.38,25.12,28.79,4.38,11.66,2.8,2.35,40.31,84.62,2362.04,51.24
106.02,61.61,188.23,5.61,46.88,1.18,5.67,25.96,81.15,1996.88,59.91
166.26,81.5,24.26,9.51,16.0,3.37,1.18,34.08,97.2,2005.1,60.31
73.01,45.23,134.8,3.52,5.67,1.03,7.07,43.5,23.83,2756.92,46.06
20.04,37.92,178.83,8.72,20.15,2.34,0.75,34.72,97.35,1335.03,62.26
134.74,97.36,32.77,9.06,21.11,3.09,4.52,18.4,88.68,1481.77,57.66
1.55,11.68,42.95,8.77,49.54,1.97,6.79,42.67,29.41,734.34,46.96
95.06,48.66,114.76,4.03,45.83,1.5,5.79,10.78,23.37,2999.52,61.76
38.56,40.85,101.69,7.91,9.66,0.82,3.94,42.22,21.65,2832.9,51.18
125.48,9.81,104.21,9.7,22.93,0.77,1.91,43.67,29.34,704.16,52.04
195.88,26.82,110.94,4.28,18.82,0.64,4.84,13.21,85.56,683.2,49.07
92.88,2.84,189.98,3.71,37.75,1.61,7.73,11.96,49.63,2318.62,43.82
163.5,87.7,10.77,9.18,34.78,1.96,0.85,39.35,69.72,557.05,61.42
101.56,60.78,152.09,7.69,42.34,2.95,0.35,10.88,51.5,605.53,76.0
99.17,81.5,46.5,7.7,55.09,0.84,3.41,38.16,65.74,2565.5,60.38
186.08,52.16,74.74,9.77,28.16,2.67,4.77,22.35,42.25,1782.32,64.5
177.99,59.95,17.86,8.5,41.08,2.46,2.93,10.77,91.87,839.68,64.94
157.16,70.09,89.13,6.08,55.51,2.26,5.77,32.5,69.48,1205.61,64.52
59.25,90.8,160.84,6.33,34.79,1.25,4.23,19.78,57.23,514.83,66.82
109.0,9.18,19.75,4.44,21.96,1.18,2.84,15.29,42.17,1779.23,55.54
44.78,33.09,55.12,5.48,27.16,2.68,6.37,29.13,43.73,467.61,67.49
88.78,70.9,74.61,6.4,46.5,1.03,0.89,10.99,75.68,957.69,65.55
96.84,95.84,20.78,5.2,44.6,1.22,0.42,23.77,52.8,2907.02,62.79
166.33,98.08,152.46,9.45,46.16,3.38,0.55,31.6,65.18,1704.19,58.42
179.21,63.81,157.39,3.58,45.88,3.49,6.53,35.4,99.0,1042.31,47.68
82.92,19.36,167.18,7.32,55.63,0.11,6.41,28.09,45.28,2776.52,48.27
3.54,11.92,116.78,8.52,47.02,2.43,6.66,12.16,52.76,1109.71,53.19
172.35,94.6,101.45,8.26,52.05,1.92,2.34,36.72,45.73,2175.41,56.93
34.86,43.39,52.51,7.68,36.55,1.66,3.98,23.57,27.19,987.21,65.54
124.38,19.48,131.03,6.17,40.43,1.04,2.63,16.33,95.22,909.16,66.79
4.99,93.39,88.91,9.47,58.22,1.82,4.74,19.27,80.02,1420.26,52.1
79.9,10.45,194.16,5.64,52.87,1.65,6.78,33.36,69.07,1670.84,51.92
197.19,72.96,193.64,8.38,47.75,1.46,0.26,16.92,21.92,1288.98,53.26
20.14,62.53,181.04,9.52,42.7,2.99,4.6,13.08,86.66,2497.46,51.86
84.74,8.77,72.02,4.33,24.72,1.02,1.69,31.74,25.75,2076.92,59.01
61.43,33.87,73.59,9.66,35.15,2.13,6.97,32.61,30.3,2886.4,55.7
181.02,14.99,170.53,8.54,8.03,3.04,7.66,25.58,26.98,1149.05,56.38
173.87,60.45,145.83,7.51,27.89,3.43,6.64,27.68,31.71,1623.84,71.48
47.54,47.71,140.87,5.93,11.15,2.15,0.37,39.11,71.01,2600.62,72.02
16.24,0.43,55.92,9.38,45.08,1.87,2.49,21.85,26.5,822.4,50.37
125.43,97.57,166.67,3.79,54.08,2.96,1.92,40.23,70.79,2246.77,56.58
67.27,34.96,115.88,6.31,14.57,0.74,6.63,40.57,82.13,1773.28,58.48
134.42,25.82,89.37,8.42,18.51,2.24,0.24,27.92,56.66,1775.47,76.77
6.42,22.24,173.08,8.77,52.13,0.32,7.39,10.58,71.08,786.74,35.93
26.68,15.88,78.84,4.81,37.22,2.34,4.74,42.28,48.31,809.83,60.03
137.27,99.91,130.79,3.81,37.36,2.81,5.98,14.9,79.79,2794.68,54.59
42.47,29.51,93.18,8.72,35.96,0.31,3.7,28.45,98.95,122.08,61.87
171.52,40.55,118.55,6.24,17.0,2.98,5.69,33.53,47.22,1634.3,74.94
11.72,87.14,8.11,4.43,18.38,0.52,2.74,13.33,68.74,2071.13,44.75
43.1,64.19,92.22,4.06,57.23,0.7,5.32,36.26,97.73,543.65,49.27
199.71,36.87,111.3,7.66,44.79,2.94,3.5,31.46,22.55,1598.29,66.09
86.62,89.83,98.54,7.29,9.97,0.52,7.46,33.55,42.36,2710.16,58.28
140.59,74.97,169.48,9.05,17.26,2.39,7.45,15.38,32.85,2430.95,51.92
36.53,22.79,62.22,3.71,39.49,1.1,4.61,19.52,68.68,2642.72,54.27
121.97,64.37,176.82,9.14,20.59,0.94,6.21,20.59,34.19,1248.44,53.6
145.22,92.24,80.69,9.27,18.85,2.31,5.96,15.26,45.1,1850.4,59.4
62.9,49.65,138.91,6.4,16.13,0.46,5.68,29.81,54.69,557.16,65.7
165.78,73.36,17.34,4.0,15.21,2.05,7.8,12.68,24.31,2592.76,40.11
120.68,97.11,40.03,9.65,38.73,3.24,7.03,18.98,43.74,455.59,64.82
77.82,69.04,152.23,3.97,54.82,2.99,5.99,36.64,38.06,362.14,57.45
111.53,10.24,2.47,7.34,24.86,2.99,0.72,18.3,54.38,2444.47,72.82
115.35,24.46,193.71,6.71,11.68,1.13,2.9,16.81,99.84,1073.88,61.89
33.11,59.51,38.13,8.93,11.84,2.48,2.81,14.95,99.83,2209.87,52.86
80.55,27.56,180.26,6.77,56.35,2.75,4.15,31.6,34.66,2920.25,63.79
68.69,95.75,103.19,6.55,34.08,3.16,6.87,25.89,77.29,1025.69,73.88
80.18,40.54,112.92,9.22,30.65,1.0,5.41,17.7,91.33,2839.71,63.59
152.22,45.72,16.83,9.77,53.99,2.69,6.2,17.14,61.62,782.97,50.55
96.51,70.16,73.04,7.07,32.89,0.89,0.43,44.61,79.19,2322.74,71.11
188.06,52.42,31.24,6.46,31.43,0.19,0.52,12.34,53.18,1666.05,64.38
58.74,38.21,105.19,8.9,55.97,1.74,7.44,36.03,67.92,2322.05,51.43
83.14,7.66,110.15,8.9,31.1,2.7,1.76,42.03,56.91,722.19,71.14
157.39,59.64,141.93,5.58,26.5,0.83,6.38,25.59,44.18,2348.1,57.16
109.2,86.76,175.66,7.25,36.99,0.27,4.43,26.86,31.76,2166.81,56.28
109.41,68.58,93.64,4.5,58.75,1.37,2.86,39.86,43.33,313.42,59.04
10.67,38.15,46.67,7.63,58.01,0.79,6.13,10.51,90.47,1865.47,49.32
79.72,12.77,66.71,8.92,47.66,1.4,7.72,16.64,92.12,1155.1,55.86
54.15,81.63,169.42,4.72,32.46,3.23,2.14,34.98,88.9,2620.49,60.99
199.87,94.17,29.17,5.6,53.48,2.63,2.88,28.0,43.37,1001.75,57.4
61.67,38.83,125.45,6.42,28.07,1.37,2.42,43.85,91.5,2132.24,71.11
176.9,72.86,2.62,8.99,40.21,1.21,5.19,17.4,32.77,1780.72,48.62
135.25,41.08,49.13,8.25,14.87,3.23,5.82,41.03,88.65,1854.6,68.62
68.18,50.23,118.28,5.56,41.37,3.12,3.88,45.0,41.98,413.16,79.05
108.71,83.65,91.28,5.08,20.19,2.15,1.8,10.04,72.27,715.38,72.78
168.11,8.34,98.71,8.02,47.45,1.32,2.64,20.1,80.16,1940.01,66.41
176.67,53.03,132.11,6.62,27.77,2.79,6.0,44.34,26.19,106.15,64.34
32.08,21.46,46.92,7.36,26.91,2.36,7.08,41.45,43.13,2693.11,57.57
67.91,33.98,56.16,7.72,46.06,2.02,4.11,13.38,70.27,2156.8,65.43
67.04,64.44,136.89,7.13,28.39,2.61,2.06,19.0,68.04,227.92,74.14
8.41,2.72,107.66,7.48,44.27,0.56,5.36,31.96,90.95,1754.57,50.85
119.65,59.38,2.92,9.27,52.03,3.26,5.15,18.67,71.94,2985.73,55.2
170.96,28.34,134.07,9.14,12.53,3.41,7.28,23.71,36.34,263.68,63.05
76.31,66.95,124.02,4.47,31.35,1.31,2.35,18.88,82.55,69.41,61.06
148.01,14.16,15.72,7.31,56.97,3.32,6.56,20.46,96.66,1076.78,55.71
125.54,73.58,149.5,6.36,49.67,2.81,5.4,21.94,72.05,1415.25,72.72
75.13,64.56,104.42,5.36,58.55,3.3,6.74,28.38,57.27,1673.91,67.88
28.21,97.12,40.95,7.6,52.32,3.22,0.91,37.29,84.7,1361.73,57.15
141.86,91.12,111.87,6.82,22.06,0.78,6.64,29.27,56.53,1943.58,62.48
170.91,28.33,119.09,8.54,14.85,0.98,3.87,18.61,32.11,2330.12,49.25
137.17,2.73,184.02,4.11,16.58,0.99,6.22,32.95,26.54,181.47,44.02
3.58,65.54,148.43,5.47,16.93,0.42,2.02,39.13,51.79,1260.87,53.1
43.25,60.29,60.38,3.67,9.17,1.45,2.85,32.72,76.83,439.56,59.25
13.9,2.74,23.63,8.35,54.87,1.33,3.38,38.0,75.62,1955.01,44.28
114.08,12.27,170.64,9.43,32.64,1.27,4.45,25.72,62.54,2015.88,58.54
151.3,58.47,169.21,7.32,10.57,1.29,4.13,42.35,55.01,2445.02,55.67
22.12,91.18,35.06,7.51,46.95,0.31,1.97,31.49,72.91,2558.38,49.82
167.67,90.65,12.43,3.8,22.91,0.73,7.24,34.9,96.8,2989.26,37.17
111.1,15.15,142.37,6.77,8.91,1.11,7.56,13.88,43.12,204.44,53.99
137.99,38.46,144.52,6.92,15.44,3.12,1.97,32.02,64.86,2557.73,72.01
194.28,4.32,35.43,3.75,41.17,3.25,3.19,11.01,87.6,2797.12,46.98
16.74,46.93,133.64,8.59,48.67,1.07,6.46,15.73,40.77,2819.03,46.42
180.24,75.31,55.78,5.31,18.95,2.46,6.28,34.45,40.74,109.28,56.33
25.22,79.0,52.12,8.2,36.74,2.99,7.79,33.66,90.57,1977.7,55.84
78.59,49.9,64.9,6.12,5.05,1.82,7.58,27.37,96.94,2583.47,64.52
170.29,9.59,104.08,9.97,20.31,2.67,7.01,33.02,74.78,563.78,53.04
181.25,38.14,160.89,4.88,14.99,3.42,4.73,38.69,71.56,1728.62,63.05
101.27,93.21,99.73,3.88,9.21,0.65,2.77,39.19,62.12,1384.9,57.24
118.82,22.96,59.61,9.87,31.61,0.34,4.23,41.13,82.5,550.28,50.45
141.63,31.98,176.79,5.08,39.71,2.28,6.19,41.15,97.24,1174.52,61.12
166.55,74.68,11.02,7.63,7.55,1.83,0.92,29.78,50.66,905.09,64.45
24.3,73.36,159.42,5.93,12.58,1.11,5.65,22.35,43.37,2549.05,53.61
162.01,91.22,156.88,7.66,56.28,3.22,7.18,10.01,97.87,2199.81,50.87
96.26,38.81,50.71,7.37,17.27,2.98,1.76,42.59,60.5,19.83,81.11
90.12,51.46,39.66,8.1,46.8,1.0,6.51,16.91,33.93,1670.89,59.02
84.78,46.74,174.94,3.62,46.13,2.73,7.14,39.15,90.49,95.58,58.22
101.84,92.78,111.77,8.94,22.69,2.92,0.63,18.78,28.37,2767.06,73.23
189.01,76.93,9.2,6.61,16.23,1.21,7.67,21.26,61.45,115.16,49.52
109.64,83.14,178.17,6.87,18.42,0.44,4.07,17.23,80.7,551.01,54.47
190.64,13.31,69.8,6.17,36.12,2.99,3.72,37.15,90.34,607.91,65.45
36.06,79.18,68.43,9.93,25.96,0.43,4.86,25.24,26.57,2409.3,46.95
144.83,43.3,128.66,8.71,32.26,1.73,1.79,43.67,74.26,1403.88,64.79
162.45,2.33,132.26,5.52,49.64,0.76,5.34,38.34,84.63,501.77,47.35
135.83,6.01,70.66,8.59,32.63,3.25,6.49,29.83,69.89,414.82,65.14
121.38,67.79,28.66,6.34,59.74,0.46,2.65,37.41,40.48,1128.47,56.91
112.96,37.2,110.45,9.16,41.62,0.5,2.12,39.48,74.45,1703.61,61.94
172.19,86.81,125.04,3.7,16.4,2.49,7.33,42.1,92.45,2386.53,49.36
164.33,73.43,172.04,5.81,32.47,0.8,3.79,12.8,94.32,2325.73,55.87
24.46,2.17,96.89,6.29,49.74,0.55,5.07,38.04,76.94,119.17,45.77
169.72,68.69,129.14,8.34,17.01,0.67,6.86,16.44,38.16,1946.76,47.15
82.81,19.24,10.88,4.68,45.12,2.13,5.76,42.07,37.66,48.34,54.59
50.74,42.26,178.9,5.36,6.84,0.86,2.64,16.58,49.13,1710.57,59.98
173.95,62.47,65.44,8.21,56.84,1.38,0.26,16.02,35.14,528.15,57.99
86.4,87.27,126.44,4.0,41.48,2.99,3.8,27.29,38.82,2582.38,71.13
161.67,45.61,183.21,4.81,13.94,0.7,2.06,40.0,37.72,1150.59,56.82
52.68,80.85,162.11,8.4,53.09,2.91,3.41,13.07,28.08,2523.68,58.32
0.79,78.3,127.54,9.19,9.5,2.74,3.72,12.1,62.32,2744.5,52.71
99.09,41.45,140.72,8.24,27.33,2.93,6.94,36.77,42.23,1199.9,74.21
20.05,50.1,184.18,6.93,45.53,1.28,6.16,39.39,99.56,1781.53,53.61
150.88,70.05,162.42,4.14,56.56,1.71,1.65,25.99,53.55,2795.04,56.77
55.22,3.11,121.97,8.88,24.18,2.5,2.6,32.66,70.87,736.42,69.56
88.73,89.08,131.74,4.31,50.68,0.23,4.71,14.53,95.99,267.14,51.74
17.41,76.98,29.45,6.0,15.82,2.36,4.57,30.88,83.63,1553.22,57.48
57.33,24.94,94.03,3.83,6.93,0.51,4.41,10.38,85.08,1652.99,49.99
156.3,98.12,60.2,8.11,6.58,1.08,7.62,20.57,94.97,1300.2,44.59
30.32,17.94,86.39,6.77,41.2,2.85,5.57,10.75,87.74,2906.95,61.64
129.43,91.41,132.45,9.4,13.48,2.26,0.87,19.5,91.42,1264.9,58.73
183.49,32.45,29.83,4.4,7.77,2.21,7.53,10.8,92.95,1671.42,54.88
135.97,76.31,3.48,8.82,58.72,0.87,3.76,42.92,59.51,176.85,44.31
162.2,45.64,79.38,6.82,18.31,2.37,4.69,40.91,32.81,131.41,69.29
21.79,73.65,64.44,5.88,30.44,0.55,6.57,17.2,86.52,1747.33,55.41
50.15,15.58,84.09,7.68,38.72,3.38,1.78,42.1,87.37,2751.18,69.19
178.91,26.95,186.24,8.64,12.95,0.96,4.14,41.36,66.47,2467.33,45.42
143.02,9.99,141.42,6.36,24.64,2.91,6.89,17.65,82.38,1691.69,73.23
127.91,86.51,65.49,5.01,40.62,3.23,5.92,33.55,93.07,1504.43,67.4
132.75,29.63,35.86,9.45,40.19,0.68,2.87,16.55,62.64,2293.65,51.83
82.84,69.45,123.7,5.53,51.31,0.13,4.75,33.86,62.29,5.94,56.2
8.91,82.02,131.52,9.99,29.06,3.07,0.16,12.23,92.41,1194.21,58.66
156.89,90.14,96.72,8.49,53.94,2.7,0.47,40.08,63.54,292.6,62.18
135.74,10.63,42.55,7.97,42.52,0.62,1.0,38.88,85.48,1461.97,66.39
94.56,89.3,5.71,3.58,35.92,2.92,5.59,16.02,86.47,2322.42,60.51
179.95,19.73,53.13,6.42,11.44,2.86,5.0,25.4,45.51,1444.08,66.59
67.23,73.69,91.43,6.77,36.61,1.67,7.34,18.9,99.8,903.9,72.24
58.86,72.88,157.59,5.95,37.71,3.32,5.7,14.31,87.18,1398.39,69.79
174.56,0.85,170.75,4.47,46.73,2.08,3.42,10.47,78.71,1058.22,55.19
159.4,22.06,82.59,5.89,44.55,1.61,6.95,20.59,50.89,491.07,62.85
103.0,49.19,159.22,3.99,34.15,0.15,0.44,42.85,33.33,2265.4,64.54
26.15,42.0,198.67,5.39,37.61,3.34,0.18,41.09,47.27,598.69,70.88
43.01,91.86,143.32,4.04,47.48,0.54,2.08,25.2,27.16,2494.21,46.59
131.25,35.97,145.72,8.39,24.33,1.11,1.11,20.1,89.3,1937.44,66.42
77.01,93.7,181.91,7.86,12.42,2.58,2.23,20.77,81.2,2445.07,65.13
167.29,45.94,67.63,9.61,53.09,0.12,2.51,34.72,39.2,412.75,51.17
189.99,96.44,2.24,5.97,58.08,1.94,3.7,19.31,36.23,1167.39,51.06
161.13,73.74,197.4,8.61,28.61,0.64,4.92,38.91,39.97,389.23,48.82
75.51,82.93,98.09,7.32,59.47,0.18,2.88,22.56,53.39,1.32,62.99
157.74,10.49,157.14,7.7,22.75,2.28,7.74,12.36,59.1,2268.12,58.52
70.29,58.61,162.5,7.06,8.66,2.15,4.38,14.26,26.64,2933.39,64.53
33.42,14.27,79.5,8.56,36.49,2.6,7.02,36.98,26.11,1928.17,56.65
6.68,29.76,108.25,3.77,52.75,2.2,6.44,36.98,47.93,327.12,49.22
77.14,62.36,107.98,4.02,38.96,1.6,0.48,23.9,70.45,2745.83,70.61
180.71,72.62,44.04,4.12,5.52,1.73,3.82,44.84,74.68,1968.07,46.7
47.8,3.92,23.53,5.38,5.65,0.85,6.47,17.68,74.28,2565.56,42.0
41.3,53.09,108.71,7.34,44.84,0.38,7.26,16.87,61.74,2001.84,62.43
193.96,56.53,24.03,7.7,51.49,3.03,5.1,28.45,96.59,1478.51,57.76
5.0,7.88,69.22,8.13,18.92,2.45,7.46,29.44,80.56,227.34,56.22
157.16,50.07,37.22,5.32,30.86,0.52,5.34,24.68,58.96,237.54,59.72
64.27,71.38,141.38,7.73,57.86,1.0,1.75,30.17,57.26,2920.51,60.44
7.5,5.32,174.4,4.26,30.33,3.03,4.51,41.27,63.21,335.86,49.46
183.56,76.03,115.58,3.56,12.47,3.36,6.07,26.28,47.35,2150.0,60.39
27.93,57.64,82.03,8.02,55.14,2.79,5.36,44.87,91.9,789.39,60.53
110.36,83.32,199.33,8.15,32.23,2.04,0.76,43.19,61.43,2912.93,65.32
54.81,21.81,4.24,7.54,23.94,3.06,1.97,34.7,71.71,1523.91,66.74
13.04,83.33,60.87,5.18,10.36,2.23,5.53,34.66,37.43,918.34,62.64
9.98,9.46,55.73,9.53,30.2,2.48,4.27,35.39,41.34,929.89,48.99
23.11,40.38,71.24,9.19,47.33,2.91,0.34,40.15,94.51,1304.5,64.53
14.27,19.95,46.12,6.85,44.45,1.3,5.93,39.05,24.25,43.92,48.77
152.11,87.6,52.85,9.93,32.31,2.77,0.73,35.18,47.28,1049.51,66.82
97.11,70.49,51.54,5.44,44.57,0.8,1.56,38.56,59.66,562.07,64.63
68.58,2.54,101.15,6.69,24.29,0.76,7.25,25.05,46.69,2954.11,60.33
83.67,0.95,78.21,9.53,45.44,2.86,2.59,27.42,49.4,980.72,66.36
185.79,29.12,127.86,6.5,9.72,2.02,0.37,41.32,99.86,513.17,64.17
182.15,14.33,102.88,6.56,15.96,1.51,0.24,13.21,66.53,2923.0,63.47
143.14,63.03,36.68,4.02,53.27,1.88,7.49,37.16,61.5,319.72,55.42
176.94,66.38,162.01,4.87,21.15,3.42,3.04,33.5,53.84,2094.39,63.25
63.93,94.2,94.44,4.53,16.33,3.14,5.01,15.2,82.17,306.54,67.85
76.22,95.2,30.65,7.17,9.9,1.83,3.37,24.6,77.81,33.14,60.06
122.74,65.89,33.38,5.57,26.61,1.96,1.79,35.49,71.54,2329.82,65.27
124.73,0.57,159.39,4.0,8.68,2.19,7.03,35.35,33.98,128.8,51.26
96.34,35.9,140.6,6.81,32.33,2.79,7.6,34.19,29.5,1255.41,74.09
80.13,51.31,101.31,7.85,55.56,3.07,7.9,15.46,59.3,2172.74,66.88
197.24,49.92,61.22,8.29,48.29,0.6,0.43,37.21,83.94,2046.01,56.92
164.22,60.33,92.1,8.94,7.24,2.24,0.5,14.62,25.59,78.76,57.21
87.0,96.06,127.3,6.63,21.49,0.87,6.88,44.33,91.81,83.8,55.85
145.46,88.52,175.86,6.04,15.32,2.21,1.49,15.43,87.98,1088.66,68.19
53.91,10.89,111.17,7.95,8.68,0.68,4.54,30.76,36.48,2622.78,49.89
20.03,26.6,55.35,3.59,10.98,2.85,4.68,37.14,52.93,2704.02,48.66
70.49,83.31,8.55,7.62,54.95,2.35,5.33,10.26,24.94,1463.48,56.59
80.59,82.43,35.09,6.14,22.05,3.04,0.4,35.2,23.69,490.86,74.22
3.31,27.54,130.04,6.44,26.57,3.31,2.54,17.84,53.31,2227.0,74.12
162.96,73.06,32.09,5.43,31.71,3.28,4.16,16.33,46.15,973.61,68.9
71.84,67.2,96.31,4.33,45.97,0.59,1.48,12.6,84.47,2926.69,55.46
116.08,47.35,139.79,6.11,48.91,1.38,7.56,16.69,41.81,2338.5,65.95
14.79,20.15,61.64,5.5,58.01,1.74,6.65,31.35,82.49,291.07,53.71
35.0,88.86,133.82,9.74,16.59,2.78,1.2,44.97,44.42,2363.96,53.3
177.94,67.79,116.21,9.63,21.56,0.15,5.4,29.87,64.24,2528.39,52.58
121.74,16.9,87.79,7.69,22.21,3.25,3.34,31.17,88.34,1179.31,82.08
190.06,70.48,179.45,9.37,29.49,1.48,2.56,23.63,33.1,383.78,60.92
199.75,74.14,138.41,8.38,49.41,2.25,2.4,11.31,47.95,1571.95,55.86
74.37,88.69,72.12,5.75,18.17,3.43,5.34,35.61,78.0,2267.02,70.0
59.76,22.28,160.85,7.43,48.06,3.1,7.24,12.74,36.77,2992.75,58.31
171.67,98.88,147.62,4.93,16.22,1.33,6.71,35.17,25.58,2718.6,46.82
199.72,15.34,158.34,7.97,44.06,1.75,2.86,39.2,98.32,2749.9,45.36
125.93,60.07,128.19,3.79,48.95,2.72,5.69,17.83,47.7,2244.16,62.72
159.03,65.72,75.87,8.9,51.96,2.63,4.27,37.15,90.29,2329.89,60.59
156.35,41.9,69.72,7.29,33.07,2.5,3.58,41.92,37.65,1087.89,69.53
71.07,47.5,130.83,3.88,23.08,0.14,2.44,29.51,62.4,382.87,60.72
114.85,89.09,26.18,9.17,47.48,0.78,0.74,24.96,89.44,2994.98,54.98
166.61,64.53,163.98,9.21,22.65,0.85,1.62,29.3,24.96,73.18,53.06
137.62,49.7,74.07,9.04,13.14,0.95,4.57,38.19,80.31,1568.75,56.25
4.23,12.83,126.07,8.53,50.91,0.43,5.86,31.58,30.61,1972.44,44.58
67.34,0.73,99.81,7.91,27.62,2.84,0.39,29.75,38.25,1509.26,76.82
28.9,12.5,103.87,6.08,36.4,1.26,3.1,24.19,48.42,1526.04,68.22
46.59,95.62,147.6,4.39,55.51,2.74,1.41,10.9,43.66,1424.06,57.14
181.1,76.41,125.33,5.38,12.47,3.27,4.86,15.15,49.88,1762.12,63.3
7.38,96.71,50.06,5.76,35.65,1.16,6.93,27.93,75.62,1397.48,55.59
43.96,3.57,14.85,5.83,35.73,1.64,7.44,32.6,39.5,1705.14,58.99
61.91,68.02,168.05,7.18,52.4,0.4,7.09,16.27,69.05,233.52,50.76
123.38,4.43,176.98,4.85,23.77,1.1,6.99,33.77,67.6,1179.44,57.51
106.82,78.21,32.9,4.73,27.07,1.96,4.85,28.32,39.39,2856.73,65.7
43.65,38.1,61.9,8.16,33.56,0.71,2.02,33.46,26.38,1625.96,64.24
32.85,9.58,56.47,3.55,14.2,1.93,6.0,28.45,40.07,2896.02,47.29
47.36,56.8,187.49,4.47,30.89,1.16,5.82,24.98,71.99,1063.34,62.88
100.51,28.01,40.96,6.33,28.98,3.47,1.42,21.0,40.36,202.45,86.29
54.24,65.96,33.31,4.47,15.86,1.38,1.64,15.81,37.03,57.68,57.04
189.52,65.82,36.37,9.74,50.82,0.23,0.96,13.02,94.95,2710.67,39.3
92.77,70.5,145.97,7.86,28.71,1.71,4.04,39.98,96.69,877.49,75.23
11.76,99.25,177.6,6.31,21.83,1.24,2.64,29.02,51.96,785.48,60.37
145.85,38.67,78.67,4.23,12.17,1.36,7.21,44.57,82.18,2697.84,51.38
65.77,46.53,27.22,6.0,9.94,1.36,0.39,39.54,25.74,497.33,65.04
130.7,80.46,117.14,7.73,57.81,3.1,2.66,14.09,92.37,1313.19,68.57
55.92,57.84,41.99,9.8,59.73,1.79,7.02,40.49,47.67,2848.12,45.72
114.15,3.73,12.83,6.57,54.39,0.96,7.99,37.17,81.28,1907.32,48.77
154.43,84.31,177.25,8.0,30.22,2.79,5.81,44.57,72.46,2889.99,52.66
185.6,5.15,174.17,4.77,49.44,1.61,7.22,41.1,52.24,724.61,45.61
52.23,17.08,195.18,7.55,50.89,0.59,0.23,22.51,26.13,855.22,61.02
66.97,10.21,94.8,5.05,21.49,3.49,6.2,32.47,69.24,2028.58,74.85
92.85,7.79,58.8,4.79,37.23,0.19,3.75,32.31,25.76,2979.54,56.29
185.43,2.57,153.96,6.81,57.63,2.51,5.55,42.94,96.75,2035.16,49.9
180.28,5.5,36.1,4.88,20.4,2.98,3.5,16.06,54.31,2170.72,63.58
17.98,44.24,48.66,8.19,41.46,1.3,4.6,25.44,43.28,545.85,63.32
26.39,25.29,51.14,9.59,41.44,0.63,2.15,30.34,36.66,2452.1,49.38
99.1,12.65,190.32,6.06,29.9,1.58,4.64,10.21,25.95,2152.87,67.59
21.32,65.87,145.96,5.6,31.97,1.74,2.4,15.12,76.65,1399.19,60.65
69.12,22.61,26.74,4.64,30.1,3.5,2.31,32.66,99.25,1708.44,72.23
29.68,1.89,18.57,6.04,33.66,0.17,2.68,26.53,56.73,1870.85,56.65
127.21,41.84,168.56,7.14,13.18,2.33,1.69,19.05,76.37,242.81,70.44
189.9,31.04,160.45,5.92,48.71,2.84,1.86,16.63,58.76,2906.46,62.77
199.35,31.86,134.2,7.55,41.36,2.2,7.46,36.44,52.37,1831.98,60.04
75.05,44.53,39.22,7.81,58.56,2.24,3.69,27.4,49.01,1671.84,68.62
119.8,66.89,96.06,4.14,18.51,3.08,4.95,20.1,91.6,1622.88,73.7
171.25,61.65,120.55,8.04,13.03,2.02,4.62,21.97,80.83,2936.41,63.49
23.49,93.73,186.43,9.35,23.84,3.1,2.2,36.69,88.7,2727.55,54.49
137.91,51.77,33.88,3.67,33.04,0.81,0.1,23.11,27.72,745.03,64.68
81.77,47.26,103.09,7.08,16.28,1.85,0.92,23.75,48.97,104.22,81.67
41.23,21.34,31.55,7.43,30.33,0.21,6.66,28.06,36.69,2291.91,48.44
80.55,75.54,88.77,8.11,40.34,2.83,0.96,12.1,33.7,678.84,77.71
15.19,14.08,40.03,6.01,8.09,2.74,1.73,35.22,90.54,427.58,62.61
139.08,49.11,167.24,8.82,46.69,1.93,7.31,13.15,91.13,2997.49,54.59
50.55,42.13,50.95,7.01,56.68,1.45,6.48,41.02,65.75,1208.85,59.66
62.28,65.83,83.42,6.16,19.75,1.36,0.52,28.96,40.75,2229.07,74.4
24.22,91.76,81.56,8.18,47.69,0.78,5.18,42.95,97.99,954.69,50.63
172.93,94.66,173.26,9.53,27.99,1.55,4.17,24.09,28.79,76.13,44.14
98.69,16.78,151.56,8.78,41.54,1.13,2.98,44.42,82.14,689.01,51.29
114.43,26.18,11.52,9.55,45.87,2.06,4.03,31.34,46.31,220.24,60.03
113.89,81.16,13.42,5.23,21.22,2.77,1.29,14.32,52.22,371.58,70.31
82.1,51.83,110.24,4.27,48.31,2.46,7.64,29.7,84.06,2392.51,59.15
38.51,45.3,85.54,6.97,10.78,1.85,1.45,11.83,22.9,2778.68,64.49
149.03,71.06,55.12,3.79,59.27,3.33,1.57,25.4,57.49,2890.96,64.71
25.41,60.19,158.52,7.88,23.54,0.77,3.01,33.56,52.8,1195.03,60.23
20.77,97.07,25.73,5.06,17.31,2.28,1.78,14.72,40.99,854.39,57.49
142.03,58.4,194.81,6.45,12.63,0.4,2.57,15.75,97.07,2383.39,59.13
41.77,46.6,4.82,7.76,49.67,2.39,0.41,36.68,59.79,1402.1,64.73
61.35,54.28,23.65,6.64,37.22,2.57,4.95,19.53,54.77,2465.38,67.91
95.05,80.85,62.26,5.03,57.34,2.76,2.0,39.9,75.15,2531.35,68.94
89.87,61.27,101.83,9.22,40.62,2.36,7.77,31.5,79.48,2887.76,67.49
141.72,64.7,43.23,8.47,23.73,0.52,1.0,29.14,41.0,1008.79,63.02
124.69,97.14,147.24,7.41,51.0,0.25,0.71,23.82,44.25,831.04,53.77
128.88,61.84,71.51,8.04,20.47,2.53,1.48,43.56,23.04,1626.69,70.39
142.81,38.03,7.71,6.2,21.0,2.81,4.39,31.86,99.35,1459.36,66.48
58.52,69.13,175.54,5.94,6.56,0.21,6.01,12.74,20.02,2850.64,46.08
64.47,65.95,188.77,4.54,18.86,0.61,4.52,24.29,58.39,992.64,57.25
87.6,1.38,123.71,8.72,19.38,2.79,6.9,14.3,55.59,2177.11,66.86
61.49,46.73,161.31,5.98,21.36,3.39,4.79,35.71,84.37,1079.2,77.75
196.99,74.29,24.22,8.0,25.27,1.87,1.19,18.75,25.55,47.0,50.04
162.81,49.9,53.76,5.45,36.72,0.62,1.57,10.57,44.92,214.39,57.97
32.93,77.96,65.05,8.67,16.9,1.19,2.93,44.8,77.78,439.46,55.79
1.12,45.09,192.15,4.18,40.02,2.76,7.37,26.52,98.35,1222.38,52.51
8.56,98.33,102.44,7.56,12.33,1.95,3.73,11.22,99.69,2055.32,55.62
48.81,29.29,1.48,8.75,56.2,0.3,7.01,25.92,34.4,1127.78,41.97
22.86,9.21,76.04,7.79,6.44,1.15,0.69,19.56,25.73,2438.77,57.43
106.67,43.0,1.55,8.02,54.95,2.66,5.53,35.42,59.36,2824.02,63.04
171.6,54.17,47.56,6.92,35.1,1.21,3.79,10.27,22.84,2779.16,62.29
147.35,34.91,90.94,7.13,44.05,1.57,1.47,14.79,57.57,76.2,64.71
43.12,24.23,64.68,3.93,21.41,3.18,0.74,22.39,95.58,55.38,68.95
79.86,67.21,6.55,5.13,14.56,3.45,2.59,23.89,87.37,2286.49,66.61
101.58,37.71,23.27,8.19,57.1,2.67,6.58,27.07,23.67,1874.72,66.03
162.04,63.14,110.18,9.65,29.26,0.92,5.16,22.36,21.77,921.61,63.38
167.82,77.91,139.12,7.02,31.43,0.93,3.75,23.95,53.54,2744.52,57.55
181.94,76.1,80.91,8.22,59.21,1.13,6.78,26.97,28.86,143.27,49.71
101.85,37.53,146.3,7.94,23.48,0.65,1.53,42.63,49.61,764.56,62.96
138.85,56.79,32.67,10.0,10.51,0.71,2.3,28.44,75.86,801.44,51.75
22.36,44.97,24.41,8.67,37.28,0.97,4.48,25.06,46.86,312.2,53.58
113.06,87.08,167.89,7.58,35.51,2.34,4.76,11.67,49.2,1691.2,68.5
49.74,87.88,67.84,4.25,47.52,2.18,2.64,15.24,26.37,461.7,61.21
86.34,34.37,86.45,5.86,57.53,1.26,4.08,36.5,92.32,1981.19,67.59
126.81,9.17,189.52,5.13,21.92,0.77,1.05,43.55,86.1,2051.62,52.46
51.4,16.76,84.82,9.05,44.7,2.22,0.19,23.42,50.14,1942.88,68.45
10.44,36.7,0.7,6.4,28.9,0.54,7.25,43.67,64.57,2234.0,47.51
2.05,56.42,187.59,6.98,48.11,0.6,3.59,21.49,59.45,2983.43,51.64
4.43,65.68,2.82,9.77,14.04,1.4,1.93,43.32,37.27,2418.84,39.77
1.67,33.14,132.46,8.94,32.55,2.03,2.71,31.33,38.44,1378.08,62.53
22.07,66.75,64.58,8.63,9.25,2.58,4.19,11.01,59.95,871.38,57.25
47.9,93.77,94.08,4.42,35.86,2.44,7.58,12.74,53.88,654.94,59.41
44.24,65.2,109.46,3.65,14.29,1.39,5.8,44.29,52.47,2527.79,52.98
197.36,15.86,81.69,4.32,57.8,2.33,7.59,20.68,86.99,2350.28,42.24
61.2,57.97,154.87,8.31,35.49,0.82,0.99,10.49,21.88,334.31,64.02
25.48,54.19,186.14,6.17,34.12,1.78,1.51,12.74,96.89,2829.73,68.59
109.11,87.07,17.28,4.26,58.48,2.19,2.97,28.54,83.33,1592.16,55.66
171.59,35.03,160.05,8.3,32.41,2.63,2.03,18.0,91.59,352.95,59.9
135.61,42.29,25.73,4.76,42.22,0.37,7.66,36.39,71.83,2899.6,49.85
59.22,59.87,16.06,7.33,7.57,0.44,1.45,40.95,42.72,1251.46,60.21
112.32,52.44,191.17,8.32,43.96,0.35,1.44,22.69,61.72,1424.62,59.94
142.97,71.9,97.86,7.45,10.74,1.96,3.95,34.35,55.69,2075.02,65.67
145.62,4.04,30.52,9.96,47.91,2.04,5.61,35.37,34.17,1035.61,48.21
133.31,56.35,113.99,6.32,53.23,0.14,3.1,26.57,98.25,124.5,63.24
174.16,12.17,52.65,5.53,22.35,2.33,0.45,19.09,44.17,1996.74,69.17
174.02,31.52,92.86,4.81,53.3,2.7,6.15,36.52,23.34,1076.64,61.33
115.79,66.16,124.93,6.77,31.55,0.5,7.57,11.78,59.08,1893.54,62.64
85.97,15.74,173.85,9.04,36.44,1.25,6.5,12.89,28.59,2303.8,53.81
128.31,30.88,0.62,9.65,27.6,2.99,6.74,14.1,86.21,98.4,56.24
163.64,70.3,42.83,9.82,31.21,2.44,6.8,21.13,22.64,1940.36,51.67
1.13,65.08,19.25,6.95,54.95,1.14,6.1,20.44,24.09,2482.24,46.28
198.4,9.1,19.42,7.43,57.1,2.62,6.46,21.12,83.22,37.77,50.9
36.58,57.73,189.16,7.28,29.52,3.12,0.71,13.41,30.16,968.2,69.86
94.05,14.73,187.22,6.53,33.29,1.15,0.53,24.73,65.07,2069.41,69.62
174.41,25.23,149.86,4.49,11.39,2.43,0.69,26.92,69.98,2524.49,66.99
45.01,45.92,128.61,3.93,22.91,0.42,4.77,40.87,99.61,2084.4,48.74
95.36,10.93,169.59,6.34,33.23,0.3,2.01,42.52,40.35,2488.61,65.6
26.52,99.36,11.68,4.71,16.14,2.09,0.32,21.65,43.67,2552.49,51.1
79.02,16.54,23.9,9.26,36.71,1.77,0.7,43.65,25.27,2378.77,57.65
35.43,78.13,63.42,8.45,42.69,2.85,0.64,26.64,24.03,958.44,71.47
72.73,82.98,166.5,7.52,40.75,2.75,5.06,39.42,52.75,723.48,62.67
74.69,99.45,94.45,3.81,29.34,1.07,1.23,10.22,72.7,1440.78,59.68
198.63,42.87,100.71,7.54,47.31,1.84,6.78,12.89,72.97,1720.92,62.28
198.96,87.41,45.85,7.54,22.57,2.67,7.94,24.86,82.14,90.46,61.64
22.96,95.75,129.68,6.35,30.81,1.02,3.59,23.84,63.18,2723.18,63.97
145.19,17.29,177.57,7.78,19.86,1.33,4.35,26.19,83.47,1117.96,59.66
10.35,47.94,65.9,9.08,38.2,0.3,2.15,19.26,34.43,484.87,53.53
6.04,6.0,123.84,8.43,29.24,0.54,5.28,30.14,70.73,628.79,47.21
21.07,62.07,66.39,6.58,16.94,2.17,7.33,35.87,82.26,929.82,57.64
193.1,58.14,158.54,5.2,21.95,1.79,1.53,14.72,65.68,1082.18,66.27
188.17,20.41,94.99,6.61,20.37,0.67,7.63,29.14,77.9,2741.05,49.2
38.79,79.79,67.89,9.65,55.1,0.12,1.85,18.28,31.33,1062.86,45.57
32.33,3.73,84.01,8.83,33.71,0.67,2.2,41.03,55.44,699.8,53.52
48.11,80.62,18.25,3.68,40.9,2.65,7.3,41.8,88.11,1160.61,49.01
103.11,2.66,173.22,8.59,56.41,0.42,4.79,34.9,45.43,533.55,50.49
113.94,65.68,191.61,4.61,15.02,1.47,0.35,15.84,91.92,1457.43,64.1
44.32,7.88,95.48,7.21,56.53,0.91,6.44,43.32,99.04,2786.94,46.45
151.32,25.12,44.27,8.74,34.68,1.97,5.17,35.88,31.15,2243.87,58.33
61.91,72.19,132.93,7.15,52.09,1.84,5.97,13.59,31.81,2668.43,60.41
184.43,28.04,90.48,6.13,14.24,3.44,1.38,30.33,49.99,2933.96,75.06
131.34,51.12,50.46,5.59,20.01,2.73,7.0,31.64,65.04,1150.97,71.71
87.27,91.52,7.69,5.48,15.68,3.29,6.28,30.72,81.03,543.1,67.89
157.98,4.96,177.94,8.94,40.94,2.07,7.66,28.73,25.39,1957.77,49.26
163.58,81.11,159.35,8.86,12.74,2.61,3.33,12.44,82.53,2007.62,58.13
58.1,6.53,165.8,8.85,48.59,3.14,4.2,16.87,33.08,1934.65,61.19
67.94,12.68,87.97,5.34,18.77,0.24,5.64,42.63,26.8,2302.34,54.85
187.19,11.93,150.65,8.69,19.05,3.21,0.92,37.0,68.22,606.55,62.19
32.95,99.41,116.25,3.74,20.46,0.82,1.76,29.81,26.17,39.2,51.89
8.43,18.02,74.96,4.84,46.05,2.5,2.38,30.47,25.85,1501.72,64.04
90.81,89.68,168.55,6.84,55.83,2.73,7.57,20.46,69.41,441.27,61.37
160.24,99.09,199.75,6.14,54.91,0.47,0.11,21.31,75.9,84.27,52.89
154.33,38.38,179.86,4.23,10.57,3.34,7.95,14.54,93.54,1378.01,51.15
183.91,63.1,155.24,3.77,19.43,3.25,3.23,42.5,96.6,2037.19,57.21
106.64,77.91,149.5,7.47,41.97,2.33,5.22,32.96,58.16,1613.48,63.39
20.01,39.26,130.05,5.54,39.02,0.63,3.34,19.41,71.51,94.84,57.28
117.74,16.18,170.72,3.6,24.25,2.02,6.29,34.95,82.25,582.77,50.67
155.68,43.38,98.62,6.3,52.46,1.27,7.61,39.84,93.85,1288.41,64.65
18.67,77.19,36.35,5.49,12.18,3.26,3.64,34.53,21.77,2448.95,58.48
34.53,78.08,153.61,7.25,40.15,1.48,1.52,19.76,37.45,886.85,61.65
2.46,23.05,183.9,9.54,20.02,2.46,1.85,17.63,61.95,2566.31,52.77
118.73,17.5,68.27,5.5,33.99,2.27,2.2,13.75,38.53,2510.77,68.55
177.35,92.06,156.6,9.98,26.31,1.02,1.85,24.07,61.35,1874.61,47.44
134.13,4.4,54.74,4.06,58.89,1.92,0.2,42.4,74.33,2536.76,53.09
196.41,73.47,188.52,4.07,31.77,1.49,6.91,16.98,81.57,1967.65,41.88
12.61,4.64,136.69,8.13,58.69,1.37,5.48,26.82,86.87,567.31,53.3
180.6,83.79,113.86,8.37,19.03,3.04,4.17,10.35,99.56,35.01,59.51
162.81,90.54,155.97,6.25,47.24,0.58,1.26,39.54,90.37,1788.51,57.77
62.85,29.74,162.65,5.36,44.44,1.5,0.42,31.75,47.79,616.5,70.76
194.71,7.39,178.47,8.66,51.62,0.12,3.14,21.22,43.24,1831.08,44.69
57.59,48.07,180.22,9.72,43.15,0.99,0.14,14.48,44.16,653.44,59.29
177.86,29.85,10.54,9.93,42.53,2.21,0.55,32.06,27.37,382.12,51.92
176.15,41.71,24.58,7.62,41.34,0.4,0.68,28.78,73.04,1262.9,61.38
151.53,66.5,165.21,8.31,59.18,1.02,6.54,44.43,20.85,2246.75,44.16
112.69,20.98,189.21,8.84,17.55,3.09,5.84,26.43,43.4,707.34,64.7
24.0,35.7,61.53,8.69,6.66,2.45,2.55,15.54,81.37,2516.26,59.16
106.39,78.26,1.72,9.96,42.29,0.34,2.5,39.66,57.53,2677.88,47.7
71.36,64.38,64.54,8.77,14.48,3.47,2.82,41.31,53.03,768.11,69.0
158.44,32.63,76.57,7.81,42.37,3.31,4.57,13.6,82.89,777.97,77.59
151.63,66.43,152.21,5.95,22.58,0.58,6.9,38.94,52.19,1069.85,54.3
182.12,76.53,9.52,7.39,7.38,3.23,3.87,19.15,57.89,2135.84,61.9
2.97,59.25,42.53,9.22,47.34,1.97,1.27,28.84,59.48,368.46,59.03
161.82,23.95,178.79,5.49,7.84,3.26,1.35,30.76,60.49,2383.11,70.41
187.69,0.02,30.96,3.7,17.33,3.39,0.55,41.33,28.12,1550.21,54.86
157.86,80.28,151.85,5.63,23.5,2.46,5.95,15.52,62.25,1794.23,66.45
26.04,82.26,72.26,9.74,12.3,1.09,3.25,10.69,50.96,2442.66,45.31
16.26,69.76,132.53,8.66,55.25,3.24,7.35,30.89,91.97,302.04,58.13
4.17,7.66,14.77,4.72,39.2,2.05,2.55,32.04,21.0,2597.82,50.85
125.75,58.52,57.31,3.58,53.15,1.26,6.41,43.79,61.31,2829.18,52.05
125.93,82.1,84.96,7.85,42.51,1.66,4.01,13.5,97.96,2057.61,64.08
197.38,38.97,171.44,7.26,59.56,1.48,6.8,24.27,21.22,2306.26,48.09
79.61,19.8,112.7,4.04,33.88,3.28,4.53,34.89,75.27,384.7,66.77
66.38,58.76,9.05,9.78,7.96,2.89,1.62,29.46,22.39,1552.83,57.93
124.88,82.63,160.37,7.52,13.85,0.21,6.43,43.39,89.0,746.3,48.29
165.12,4.89,10.9,7.73,37.36,0.13,0.14,13.1,35.71,2380.3,49.35
187.35,59.7,186.87,9.05,24.13,0.34,4.08,15.12,86.01,2381.06,46.59
160.62,64.32,42.34,5.69,11.21,2.18,1.65,31.5,93.33,1142.13,67.3
85.33,60.24,97.59,7.13,18.1,2.87,2.77,32.01,30.89,2139.03,81.79
126.98,65.0,14.46,7.25,31.1,1.85,3.33,26.29,27.86,1562.27,74.74
171.26,63.14,112.34,9.79,33.5,1.92,4.52,35.91,86.93,1538.62,56.73
98.12,13.04,99.45,4.35,56.4,0.92,2.9,21.71,34.01,2003.42,65.23
43.34,23.49,82.05,8.43,9.99,1.66,5.19,19.59,24.27,1758.07,48.54
33.94,61.9,7.11,7.24,24.68,0.97,1.58,16.57,37.66,499.29,62.01
0.03,1.77,175.79,8.99,32.83,1.03,6.34,31.23,36.42,1867.0,43.41
143.65,63.47,160.53,8.91,11.23,1.43,4.85,38.15,73.97,1287.61,57.15
22.22,66.54,126.61,3.58,42.83,0.26,2.88,11.05,57.76,1351.61,54.21
48.77,23.92,114.45,5.17,33.33,3.35,4.3,15.62,81.25,2394.1,73.72
59.58,59.81,138.99,4.68,30.27,3.21,3.29,39.84,38.87,2254.88,74.14
112.08,53.41,28.8,6.5,41.08,2.81,7.01,10.77,59.27,2155.35,66.45
79.59,26.07,186.53,9.38,20.83,2.03,4.42,11.55,28.44,2510.57,52.25
134.93,46.3,56.93,3.53,23.66,2.86,6.33,28.03,57.77,596.52,66.14
11.13,90.96,131.3,6.67,13.95,3.41,6.38,22.84,59.95,1498.21,69.31
24.79,42.66,121.35,9.25,33.8,1.06,5.9,36.94,92.92,2881.53,53.11
99.84,62.98,127.32,9.52,25.48,1.34,6.03,32.83,95.9,302.9,58.2
67.39,3.54,175.79,7.77,19.32,2.58,1.87,16.56,90.02,2810.92,63.32
59.16,7.78,59.18,8.89,11.86,2.29,6.98,21.83,93.79,434.03,51.18
13.41,8.13,149.79,5.61,6.28,2.9,5.69,13.04,23.72,122.88,55.33
179.14,77.82,119.68,5.36,15.63,1.28,0.53,13.3,86.14,579.92,63.74
138.36,35.03,15.21,3.82,18.61,1.16,5.22,44.35,25.33,1352.98,53.79
24.32,22.76,82.83,6.77,31.7,2.09,3.91,11.36,65.75,813.22,65.32
13.01,74.73,167.59,6.46,18.25,0.6,1.22,16.36,26.82,1358.08,56.63
194.97,17.0,63.07,5.92,49.97,0.23,3.84,23.9,83.28,1414.69,44.7
136.23,24.65,96.45,4.24,31.08,0.93,7.39,30.7,20.18,2976.93,57.42
83.49,43.09,97.73,5.0,39.31,0.64,7.02,43.36,50.71,1658.93,66.02
140.35,33.14,123.6,4.82,16.44,0.12,0.78,23.61,62.36,2307.07,59.43
151.27,58.54,176.8,9.64,27.89,2.75,3.58,16.48,41.67,280.01,59.2
155.99,33.78,34.71,9.78,38.15,1.95,4.13,27.13,60.42,1807.27,61.08
95.58,39.3,100.92,3.52,22.11,2.37,5.56,37.0,90.1,831.13,67.11
85.98,86.29,84.85,4.61,23.49,0.65,6.16,19.08,68.8,790.58,64.05
2.21,88.45,59.18,9.28,49.41,0.97,6.65,15.92,64.25,2984.86,38.27
185.31,82.77,183.92,3.75,51.04,0.3,4.81,35.04,98.47,940.2,39.35
120.66,86.48,1.63,9.63,34.31,3.49,7.07,28.22,51.2,2614.35,56.0
40.63,56.97,24.42,5.97,54.3,0.45,4.5,33.93,90.56,1382.98,54.92
183.92,64.62,146.67,7.0,45.52,0.41,0.28,22.78,71.74,1143.62,55.44
182.99,55.72,52.69,8.46,8.04,2.19,3.72,38.48,82.01,422.87,62.0
197.84,78.56,144.64,5.09,35.77,1.23,1.37,24.87,44.96,1988.97,61.32
174.81,55.1,166.45,4.15,43.38,3.12,4.64,33.0,68.85,1603.32,61.88
199.56,11.11,50.92,8.76,34.75,2.93,5.48,23.4,87.88,1857.81,55.15
48.94,80.96,38.39,9.9,50.76,3.05,5.48,29.9,70.05,2500.41,48.91
168.45,76.06,29.06,7.78,21.55,2.6,3.97,29.79,74.08,2386.61,58.97
164.61,82.03,40.02,8.86,8.6,0.55,5.76,37.92,60.88,303.01,44.58
46.19,19.04,53.44,9.62,39.85,0.32,1.0,13.44,30.17,142.46,48.9
19.69,27.16,173.75,4.99,45.19,0.32,7.59,17.91,79.95,1576.52,47.21
195.88,29.58,154.0,5.78,47.09,2.83,6.76,20.24,75.59,374.11,56.34
59.2,50.81,0.37,4.92,5.61,2.33,6.85,27.75,59.68,2919.62,61.26
174.18,13.39,174.82,3.9,42.04,3.44,0.36,41.79,52.25,1997.36,57.7
0.83,38.54,15.76,8.26,6.14,2.29,1.91,37.97,73.35,2627.49,49.35
4.2,18.22,131.05,4.45,47.61,0.95,0.88,39.32,76.01,81.45,48.47
93.17,26.48,30.29,4.1,43.67,0.4,6.94,22.05,50.62,1374.32,59.01
47.74,70.64,12.46,5.82,36.21,1.34,6.02,21.71,44.54,1382.29,63.54
137.97,85.48,151.95,3.89,32.85,0.78,0.86,34.39,97.59,730.56,54.17
113.11,2.29,93.44,4.67,44.33,2.24,3.28,40.05,98.08,256.52,60.71
15.5,56.59,119.81,3.95,8.15,0.43,4.14,43.55,49.93,835.75,41.04
32.53,3.61,85.07,9.2,50.77,2.73,5.75,22.7,96.86,2046.36,55.33
77.61,8.52,13.43,8.57,16.07,2.47,2.42,31.99,66.77,102.98,60.5
37.12,70.51,147.92,9.09,31.28,2.6,2.39,34.55,21.13,1497.0,61.59
158.44,73.56,164.07,9.14,31.77,3.38,4.3,41.6,28.87,1329.35,66.83
83.21,81.4,8.28,9.64,47.74,2.31,4.25,35.79,37.62,790.01,61.92
18.69,47.42,75.14,4.71,15.61,2.78,0.99,24.88,85.11,892.37,72.73
96.87,85.98,111.46,9.35,21.49,0.39,5.73,36.89,78.67,652.89,55.83
18.17,16.68,121.04,6.91,41.47,3.31,1.51,25.72,86.07,1943.54,74.23
25.79,24.97,115.63,4.58,27.7,0.84,6.81,44.68,61.61,1413.04,53.38
47.92,13.45,138.59,7.76,21.44,1.78,6.21,22.78,64.94,2326.26,55.8
171.91,79.75,193.36,5.63,39.18,3.35,7.85,12.57,23.63,2112.99,54.65
184.92,22.87,78.12,3.8,9.76,0.71,1.45,34.86,37.1,1656.66,50.17
165.25,15.55,111.32,4.01,48.44,0.22,7.56,20.45,56.84,2911.56,46.19
66.82,62.31,139.82,6.25,33.86,1.11,5.89,34.71,83.91,1176.58,67.09
54.49,7.71,118.48,8.87,16.33,0.63,7.06,12.66,71.66,2626.39,51.17
109.83,4.49,77.35,5.52,27.47,2.37,0.37,44.55,69.7,1430.76,78.34
144.37,10.67,124.82,8.48,12.21,1.05,2.64,37.86,91.48,666.6,54.93
198.67,0.02,130.02,3.86,38.91,0.31,0.33,34.09,68.14,1912.32,47.04
26.31,69.7,116.99,6.06,41.81,3.14,1.54,32.49,41.92,1483.21,76.71
9.86,56.22,41.02,4.33,27.29,0.27,7.09,14.92,58.97,1017.94,51.12
138.87,20.99,101.2,9.11,23.68,1.02,3.35,15.06,77.16,2543.49,58.47
166.45,23.3,176.87,9.79,51.74,0.92,5.4,12.7,86.52,200.17,40.22
169.27,81.1,173.72,5.62,36.68,0.18,3.92,36.73,62.48,969.06,56.54
135.69,50.18,150.16,9.93,41.69,0.66,3.84,34.98,84.8,2192.38,52.73
190.8,69.85,139.44,8.39,12.01,2.87,5.23,40.29,99.17,540.07,58.02
102.2,45.28,30.66,3.51,44.23,0.23,3.53,32.76,24.96,1488.07,54.76
182.76,23.77,91.89,6.65,29.45,0.18,0.26,23.85,78.45,1087.14,66.25
193.56,97.04,22.19,8.92,25.17,2.26,6.42,41.52,94.17,986.69,44.39
169.43,56.56,163.46,6.97,56.12,0.4,2.26,31.58,60.02,1244.77,58.69
61.95,13.1,58.21,7.07,7.97,1.36,5.4,11.65,50.47,1619.55,55.14
39.24,40.61,153.37,6.41,15.76,0.11,5.3,41.44,64.13,919.99,58.8
109.62,32.93,162.92,6.07,25.63,1.33,1.24,40.56,92.62,1209.45,70.43
90.6,21.41,178.5,3.68,22.82,1.18,1.4,36.52,88.16,1868.66,55.53
175.55,93.34,150.77,7.54,33.09,2.18,3.64,42.48,68.01,993.96,61.72
20.01,88.09,112.95,8.48,27.05,1.8,2.8,23.96,94.54,2607.86,54.62
51.55,19.91,119.64,8.64,48.36,2.41,2.26,39.55,77.96,2408.9,60.77
150.36,35.21,64.12,7.56,47.24,3.28,2.54,42.67,50.09,426.27,69.42
19.0,76.23,35.4,5.72,47.48,2.8,2.11,37.68,39.04,2544.89,57.98
64.15,20.85,26.13,3.65,25.31,3.27,0.97,35.59,70.48,541.72,68.81
77.43,59.16,36.4,9.32,27.41,0.28,0.79,22.47,80.95,347.73,59.21
124.52,69.98,186.79,6.29,44.63,3.47,7.05,21.85,73.24,2930.96,70.52
31.63,65.4,32.89,7.41,11.83,1.2,6.54,41.44,69.16,1650.2,53.86
172.12,70.64,144.75,4.76,51.86,1.04,4.0,16.29,27.21,2606.12,48.48
89.51,70.67,36.93,4.42,34.77,1.47,2.63,11.49,67.82,740.01,70.37
183.4,96.48,195.06,4.06,51.67,2.76,5.52,32.42,20.84,2834.08,43.92
93.57,34.65,73.32,8.69,48.65,3.34,0.96,21.81,23.22,2700.28,73.04
55.01,87.86,82.43,7.7,25.59,1.98,0.9,35.54,40.1,1613.42,75.31
28.37,2.18,80.9,7.54,10.59,0.62,1.21,44.91,29.88,2526.93,49.17
0.75,28.82,163.29,9.48,55.65,0.83,5.57,17.59,38.27,1152.19,48.76
106.43,4.87,43.66,4.53,23.95,1.48,6.59,21.19,97.6,1806.08,59.91
21.43,65.12,166.2,4.61,25.56,1.34,4.34,30.87,94.72,1995.96,60.5
78.35,10.08,131.41,4.73,55.0,0.91,1.43,33.27,25.75,2539.99,59.38
117.85,84.57,44.06,6.25,55.45,2.99,2.76,44.76,26.74,1955.4,65.48
55.14,64.66,13.08,9.18,19.46,1.05,6.6,27.35,66.53,2936.11,50.88
35.04,2.88,155.0,9.23,9.89,2.12,4.15,17.67,95.62,36.65,52.79
154.94,71.48,43.79,7.34,5.06,1.73,3.66,40.9,80.94,2504.11,62.82
189.36,86.2,177.81,7.78,29.11,3.24,5.31,34.85,75.08,896.21,62.41
20.09,66.11,25.96,9.34,36.27,2.24,2.9,31.7,52.26,336.5,53.33
31.12,3.05,123.27,7.56,19.87,1.23,0.13,40.27,76.38,644.97,61.98
192.0,85.79,138.43,4.99,19.29,2.27,7.53,12.67,68.22,2388.83,50.33
7.56,73.25,131.54,8.08,24.62,1.18,5.71,25.92,83.32,1198.07,55.4
195.53,37.85,63.21,8.5,19.47,0.41,7.67,41.12,93.56,1990.58,46.09
0.93,32.86,175.1,7.63,52.21,1.75,6.82,12.9,79.08,1974.11,47.22
174.73,47.98,153.96,5.28,40.36,3.02,3.05,30.07,39.04,1041.94,72.24
61.47,86.71,102.04,6.1,50.59,3.19,3.09,20.87,58.26,1593.42,74.37
187.72,25.21,120.66,6.56,52.33,1.95,1.24,29.81,77.79,1522.62,66.65
63.39,10.1,113.27,4.44,28.93,2.48,6.48,13.36,85.32,1301.52,61.68
130.86,86.46,189.34,6.44,31.27,2.18,5.0,28.94,37.72,741.91,73.12
16.01,2.63,179.28,4.55,58.78,2.86,2.12,27.92,64.72,1383.25,53.6
48.47,91.1,47.1,6.75,49.93,0.45,7.68,12.27,95.15,223.18,48.45
154.74,30.57,52.55,3.83,48.88,1.46,6.17,18.19,73.71,2130.62,53.77
105.74,50.82,196.29,9.67,37.1,0.96,7.07,14.7,63.28,1477.27,54.49
185.59,13.23,47.31,5.1,30.36,0.12,1.47,26.64,75.9,2394.58,56.46
85.75,90.23,190.7,6.54,54.2,2.92,4.78,19.92,64.97,659.52,69.63
173.96,74.98,129.95,3.71,49.25,0.56,7.93,28.14,43.24,1199.78,50.49
89.79,92.42,10.02,4.75,33.42,1.2,2.86,29.73,52.57,2756.53,61.54
195.85,68.32,67.15,8.01,19.88,3.05,3.29,10.27,86.53,1571.49,66.84
191.97,18.47,95.23,4.23,13.1,2.55,4.34,40.44,67.08,2738.26,56.19
65.83,30.83,166.62,7.58,35.4,2.03,0.45,15.16,54.18,1192.32,66.88
177.18,48.68,65.72,3.51,21.28,1.15,1.88,39.48,29.03,2786.69,49.77
169.52,60.73,62.12,6.52,19.53,1.85,2.65,29.03,29.2,1479.99,73.08
42.14,92.65,184.05,8.19,10.82,0.29,0.17,18.0,32.1,588.48,45.04
124.86,38.4,15.81,9.52,6.9,2.57,2.59,37.32,94.09,1530.0,60.13
14.54,70.31,110.3,6.7,48.08,0.91,4.41,32.59,96.58,2003.58,60.75
167.34,96.1,100.85,8.96,10.94,1.73,0.25,32.87,78.67,2112.71,60.71
34.91,15.24,11.47,8.72,53.87,0.42,4.3,20.88,23.83,1543.25,40.42
14.16,86.27,17.55,5.42,16.76,2.52,6.42,24.1,68.19,1513.36,59.05
80.04,42.07,76.39,9.19,46.78,3.15,1.25,28.76,69.94,709.71,76.64
115.38,73.24,26.83,7.66,50.26,1.65,7.7,22.96,98.77,231.11,58.27
170.98,29.35,95.61,4.18,48.59,0.38,3.38,22.73,39.15,171.93,53.38
194.85,33.4,121.78,9.6,53.01,3.31,3.56,39.54,77.85,1146.48,56.96
87.9,2.71,138.28,4.65,23.68,1.62,4.17,43.71,99.49,837.33,54.23
12.09,97.14,109.29,6.56,59.22,0.37,3.21,26.83,95.13,2685.36,55.89
149.82,81.35,75.93,6.53,20.38,0.74,5.25,40.26,48.36,117.31,61.87
113.03,9.39,25.95,7.56,56.39,0.51,1.51,37.99,31.31,2458.02,54.59
89.58,99.95,49.5,7.82,29.06,0.77,7.37,27.07,26.13,1533.57,59.8
61.85,60.5,83.88,5.01,8.13,0.63,6.96,33.17,24.79,2381.66,58.03
100.48,85.37,184.82,5.79,48.17,3.24,5.19,12.29,27.05,456.24,63.27
67.74,6.67,40.52,4.44,48.31,0.81,6.34,32.5,98.36,2699.56,41.78
151.4,38.95,82.67,4.32,15.85,1.6,5.7,18.53,98.95,1048.32,54.4
108.78,66.97,146.46,8.86,50.29,2.58,3.85,42.82,29.25,2933.61,58.91
175.37,10.64,141.04,8.38,13.67,2.4,1.33,33.37,26.55,2294.88,58.4
108.71,48.89,193.12,6.38,13.33,3.35,2.66,31.72,73.17,2543.77,77.65
47.65,44.27,38.18,4.12,49.49,3.38,7.09,41.69,85.51,101.44,52.25
170.22,21.6,3.3,6.42,20.96,2.04,5.36,36.14,80.66,24.58,54.39
111.44,30.03,64.46,5.41,9.23,2.66,6.94,24.65,20.74,561.29,73.56
41.37,96.71,29.94,8.56,57.6,1.41,7.04,37.57,54.78,2100.22,42.16
124.7,28.86,109.69,4.13,35.64,1.56,4.27,42.58,77.6,1832.15,61.66
71.54,21.34,179.76,6.43,29.64,0.45,3.55,43.03,85.03,2378.22,62.19
168.88,53.62,137.65,7.34,32.73,2.39,3.49,18.74,75.54,2398.44,73.76
90.66,67.1,27.16,9.91,41.87,1.02,3.61,29.21,46.38,2478.55,55.83
145.29,72.51,23.22,4.08,52.39,0.37,7.57,37.82,41.67,2982.77,40.36
19.11,75.42,182.29,4.24,41.99,0.43,1.29,44.3,86.32,1932.21,41.98
79.2,3.68,97.52,9.92,45.67,2.56,1.3,13.11,63.47,1516.63,65.78
196.65,39.38,184.73,6.14,14.91,0.88,3.16,36.99,40.34,1130.61,57.6
161.69,77.4,147.24,8.33,26.13,2.72,6.43,25.8,89.38,2900.45,63.08
31.99,90.49,198.67,8.59,37.16,3.18,6.83,39.49,85.34,1950.89,50.68
55.55,60.22,174.25,5.54,39.07,1.26,6.62,36.29,59.48,2128.77,62.0
65.96,5.23,82.84,4.89,19.89,2.8,4.7,25.78,84.83,2199.37,69.93
130.07,39.66,151.65,5.29,58.62,1.56,6.88,42.43,28.28,849.24,54.35
151.4,7.42,94.25,8.47,11.5,2.73,1.62,22.86,92.6,2164.75,67.95
149.91,74.85,46.61,8.96,11.18,1.14,4.83,23.82,98.23,691.94,50.07
101.97,6.35,48.21,8.05,17.6,3.27,2.7,36.48,20.87,1564.54,66.16
162.16,18.57,79.46,6.37,46.47,3.46,2.26,19.26,89.34,408.95,72.29
87.42,41.7,22.29,5.21,7.01,1.41,0.89,37.1,80.16,1581.56,66.18
24.78,46.26,35.55,6.26,59.33,0.78,2.98,37.94,88.41,2690.99,51.91
112.89,40.65,100.12,9.44,59.33,2.43,0.38,35.33,43.75,1110.39,65.7
190.46,46.34,190.78,9.11,13.78,2.08,2.88,23.14,96.4,1343.77,56.72
158.6,71.32,115.54,5.6,27.07,3.47,3.85,26.44,86.63,1847.82,75.8
115.74,36.93,81.7,5.63,16.22,2.86,2.93,29.41,52.97,2997.16,73.11
129.36,54.78,48.54,8.57,27.44,2.94,6.19,14.49,83.08,2767.08,65.52
186.11,30.34,39.18,6.27,34.31,2.57,2.32,22.95,54.08,1229.87,70.79
85.67,35.36,131.68,7.22,50.25,1.29,0.69,15.72,46.38,2950.19,68.3
66.28,61.38,169.67,6.25,6.97,3.28,1.67,19.68,31.68,2238.81,73.43
195.45,49.05,79.77,5.08,59.28,1.68,6.58,41.53,94.21,319.34,51.8
172.69,72.3,110.13,4.73,56.73,1.46,5.12,11.97,38.52,2953.87,49.57
64.61,56.05,141.35,4.41,36.37,0.76,4.66,29.39,60.89,2107.12,55.41
92.76,80.36,11.66,3.57,31.45,1.13,4.35,25.23,62.28,1920.2,56.49
83.02,44.34,70.18,5.32,35.29,0.11,6.02,33.42,22.71,2900.95,56.01
29.82,49.1,145.95,4.61,6.01,2.34,1.65,43.69,83.73,1525.96,61.94
191.56,67.0,136.92,5.18,45.57,2.16,1.76,26.04,75.48,565.27,64.51
80.86,22.12,10.67,3.99,32.3,1.47,1.13,27.69,43.17,852.31,67.15
175.07,38.59,47.56,5.72,20.73,3.39,2.78,14.19,94.63,1749.06,69.99
37.87,62.48,135.99,6.88,30.38,2.46,2.26,41.9,99.32,670.99,68.58
109.57,2.89,54.28,9.64,21.09,0.93,7.33,23.6,73.91,834.55,52.91
4.79,43.7,162.88,5.76,43.5,1.39,0.2,11.48,79.89,2752.74,60.85
152.84,59.88,5.9,3.7,38.79,1.85,3.85,28.55,24.76,1220.1,56.81
116.18,96.74,38.07,5.86,26.35,1.95,5.87,39.57,54.83,2367.19,64.94
125.12,87.7,56.26,8.81,22.28,1.04,7.26,30.68,21.97,1372.32,52.9
10.34,28.07,185.06,5.71,53.29,0.95,7.73,30.95,77.53,1832.65,46.19
42.21,50.72,159.26,5.4,42.52,1.12,0.65,10.75,86.47,2921.85,60.82
14.87,5.64,176.83,9.47,44.37,3.38,1.64,43.97,29.52,49.9,48.28
57.78,24.08,88.1,5.43,39.02,1.32,7.99,24.2,27.5,215.03,59.17
125.49,77.49,164.51,9.81,9.14,1.37,2.58,14.97,85.87,830.31,53.57
113.24,12.33,170.7,8.91,8.26,2.55,0.54,14.91,60.57,1514.71,66.1
122.43,25.77,79.99,7.95,28.6,0.65,7.48,33.39,87.71,2887.89,62.1
109.85,94.4,198.89,7.39,56.18,2.29,3.29,25.1,51.66,1138.64,63.08
54.61,82.39,170.25,4.96,33.86,2.36,2.4,11.88,33.96,1271.81,67.69
48.9,78.18,194.82,8.25,53.17,0.32,1.29,13.02,49.67,1951.44,50.81
27.41,86.46,173.3,5.76,10.31,0.75,3.46,24.92,42.34,2944.74,53.48
169.81,74.96,155.24,6.66,44.83,1.69,3.01,37.85,60.73,797.2,61.97
123.3,12.06,188.77,4.18,18.49,2.94,7.4,14.99,91.26,1892.61,54.98
37.3,51.66,83.96,5.43,33.85,2.59,1.77,13.99,48.6,2317.82,72.49
35.44,44.42,156.67,6.94,21.11,3.07,0.78,26.52,78.82,604.78,77.16
174.61,31.12,42.58,6.54,44.18,2.99,2.28,28.36,71.12,619.7,74.32
148.55,83.4,146.56,5.73,27.05,1.84,4.41,27.97,37.82,1836.26,66.31
131.88,46.41,157.07,6.57,30.42,2.22,2.69,27.61,45.38,2335.72,80.7
81.37,6.03,143.3,8.34,18.49,3.23,2.57,41.14,36.52,1104.84,66.35
52.4,27.5,169.96,6.49,20.48,2.62,3.24,23.73,80.66,2568.53,64.94
195.89,22.86,82.67,6.79,14.87,1.32,6.99,11.17,30.26,1347.2,54.91
159.45,88.75,108.95,8.06,35.46,1.29,5.34,10.35,66.28,1446.7,58.39
60.36,64.74,2.13,8.97,12.97,1.35,4.26,24.12,33.7,1058.37,56.23
169.51,56.04,29.21,6.92,19.75,1.78,3.28,41.27,35.79,692.07,64.19
151.79,50.66,128.84,9.66,34.18,1.33,0.66,34.91,20.41,735.18,58.32
59.42,65.01,112.46,5.8,20.12,0.74,7.09,29.96,55.26,2107.29,56.99
85.31,75.49,39.47,5.14,37.37,2.12,1.11,34.56,84.75,1269.11,78.87
37.19,55.44,48.69,8.01,5.78,3.06,1.57,15.86,27.05,839.98,71.77
22.21,93.83,68.82,4.64,58.53,1.77,3.66,20.47,87.7,1521.3,55.85
144.55,97.68,143.28,9.35,45.15,0.85,1.21,37.68,87.48,101.55,53.0
53.5,99.53,121.94,6.01,32.71,2.86,5.16,10.38,38.57,1536.03,69.6
164.01,66.94,13.91,8.04,55.65,2.67,4.01,20.66,89.86,1784.47,60.32
199.12,93.26,151.99,7.21,52.84,2.48,4.03,43.29,86.12,2814.49,47.45
15.32,40.45,52.53,3.85,25.16,2.39,7.74,31.38,72.35,2069.24,55.85
94.61,85.96,134.35,8.11,11.39,2.76,5.42,35.6,86.5,1369.31,67.87
160.41,90.92,24.67,8.64,18.87,2.92,5.88,23.85,25.89,1663.16,61.87
157.79,90.41,199.58,9.89,16.48,3.15,4.91,13.62,45.53,2945.15,41.49
152.0,83.08,16.07,6.2,46.25,2.17,2.15,33.88,43.09,470.18,70.14
69.8,40.66,148.35,6.77,35.15,1.44,0.6,24.85,82.53,1983.46,78.51
90.77,15.89,108.27,9.19,51.76,0.41,4.53,15.03,80.14,2202.83,54.03
118.99,33.4,17.19,5.25,31.93,2.56,3.63,41.38,91.28,1173.89,69.69
194.79,76.73,5.36,4.73,47.34,0.58,1.07,18.81,43.08,806.71,48.05
65.51,23.29,72.53,4.36,22.79,3.05,6.89,22.2,57.91,890.81,64.66
184.63,47.83,160.44,9.86,38.12,1.48,4.02,17.32,21.5,1108.93,51.8
53.87,56.54,8.23,5.26,40.17,3.08,3.69,23.72,99.21,666.86,70.52
197.81,60.39,140.88,8.42,46.76,1.86,3.4,31.39,52.88,1169.75,58.7
134.05,93.57,131.08,6.42,48.97,1.64,5.93,17.25,64.63,2274.59,63.48
92.7,66.15,53.11,5.06,20.21,1.34,0.51,22.56,62.6,1791.53,73.99
122.68,78.63,15.5,9.44,26.18,0.31,1.8,10.47,51.14,2245.56,47.96
54.51,58.19,183.06,6.51,16.39,0.14,7.23,15.58,38.64,2855.12,49.62
54.83,83.36,60.07,7.18,46.13,1.83,0.42,41.74,79.69,739.34,66.51
22.71,26.37,22.28,4.95,19.89,3.16,4.92,32.24,50.09,993.76,57.92
22.81,20.99,136.3,5.61,26.51,2.09,2.01,27.64,73.8,962.2,73.01
69.53,92.63,43.34,8.36,49.17,3.03,4.37,28.02,78.43,2025.96,65.51
152.57,69.35,95.13,5.73,23.69,3.5,4.3,32.47,78.08,1221.33,76.54
121.59,67.15,10.08,6.79,21.03,0.71,5.28,17.37,26.52,840.65,59.56
20.52,46.73,198.6,4.24,40.81,2.34,1.46,11.19,97.97,1890.63,56.45
170.45,37.67,89.52,9.03,58.65,1.52,5.16,24.36,80.77,2728.49,52.39
120.27,55.57,199.82,8.29,8.44,0.81,6.27,41.82,67.78,913.77,50.12
192.17,12.06,77.13,8.44,50.91,0.92,1.49,27.87,43.07,2118.64,53.61
134.04,45.47,69.57,4.66,11.69,0.93,6.34,40.9,32.12,1239.13,58.54
35.03,45.54,182.91,6.72,23.97,2.58,1.06,14.41,83.54,2669.04,69.87
94.76,53.83,65.89,3.68,27.92,1.31,2.18,19.57,51.55,1734.88,72.89
129.7,63.47,86.4,5.55,44.53,0.97,2.96,32.41,92.94,1182.16,72.89
5.65,95.73,15.62,5.76,55.96,3.11,2.56,10.82,95.24,2394.45,48.94
2.98,65.22,191.09,9.44,10.61,0.22,5.9,15.26,24.46,1555.39,39.56
25.88,88.37,17.03,9.95,45.96,2.6,2.22,13.86,66.43,2008.97,47.57
50.33,55.63,154.24,7.52,22.73,3.37,6.03,28.1,50.7,2093.53,68.65
85.91,62.69,107.72,6.86,54.61,2.23,0.55,40.85,52.67,2806.48,71.27
97.49,6.98,12.28,6.36,20.3,1.96,2.62,10.11,69.3,205.92,68.44
27.61,13.33,0.34,3.62,43.16,0.31,7.31,11.96,82.19,1412.94,32.86
134.68,57.97,187.11,8.7,14.06,1.81,3.15,33.23,63.97,1698.3,59.8
119.23,39.57,148.43,7.87,57.69,1.33,3.82,22.9,80.54,2740.35,61.45
58.89,79.88,137.29,7.72,5.24,2.75,6.05,41.27,97.22,323.35,54.45
2.73,54.32,87.71,8.76,17.81,2.86,0.53,28.83,52.88,711.74,68.35
15.53,88.23,47.72,9.53,42.18,0.67,5.63,12.09,55.56,2808.05,37.82
78.34,97.23,135.97,6.03,51.94,1.88,0.61,10.24,73.87,1446.26,66.7
30.79,14.76,121.66,6.27,59.65,3.02,4.47,25.37,23.16,1985.55,68.1
75.36,39.48,145.27,9.84,14.53,2.22,4.93,23.9,29.39,1662.88,62.55
125.64,66.5,73.16,7.82,21.89,1.74,1.24,26.85,32.04,2698.4,71.39
109.45,30.55,197.38,9.03,54.05,3.15,6.82,25.04,66.25,273.67,60.17
46.24,26.7,13.4,4.94,6.79,3.39,4.59,31.07,63.53,154.1,56.26
68.76,81.37,15.94,5.56,45.33,0.9,1.32,41.53,44.47,1374.25,56.28
122.81,98.04,183.38,6.05,28.27,0.72,6.9,36.46,65.99,2698.41,55.97
172.17,77.38,129.54,5.56,42.88,3.04,6.62,28.52,97.14,1803.8,64.92
150.64,52.37,65.27,9.25,33.87,0.93,5.4,28.46,88.96,2101.39,57.49
110.68,44.25,152.39,6.82,39.49,2.98,3.3,44.4,48.76,2666.63,75.47
72.46,53.96,90.55,9.7,41.67,1.12,4.0,42.96,96.1,436.09,57.51
73.01,46.28,4.22,5.59,39.72,0.17,5.66,15.5,48.39,1874.9,52.78
175.88,50.29,130.22,3.74,41.55,1.53,2.47,32.27,65.88,539.71,58.88
7.85,20.35,48.62,4.4,36.26,0.24,4.8,20.91,74.89,2358.48,47.74
197.6,90.37,23.07,4.91,44.26,0.81,5.01,16.98,68.72,2302.77,46.63
132.88,75.45,45.05,7.66,47.68,1.73,1.85,42.98,87.61,237.35,61.57
136.23,68.1,95.23,4.68,48.34,0.23,1.12,13.01,65.22,2831.22,58.84
7.6,94.99,9.97,5.98,51.94,0.21,1.4,10.96,49.97,1188.67,53.26
121.11,28.44,176.63,8.67,22.4,0.63,0.27,26.47,63.64,361.9,58.77
96.96,8.12,111.98,4.31,46.02,1.67,6.03,28.76,94.77,711.31,58.18
21.16,82.61,58.6,4.02,57.07,3.41,6.49,13.75,76.82,2718.12,57.02
55.58,99.84,137.4,7.01,25.21,0.42,6.42,43.15,42.42,1467.04,52.1
178.06,57.84,160.85,8.04,47.77,2.21,7.45,13.23,21.58,2025.15,50.14
110.0,5.88,122.78,9.42,21.03,1.79,0.77,35.26,68.35,1350.69,63.38
82.68,78.05,40.5,7.8,14.66,0.3,7.45,22.77,31.79,298.49,59.14
14.54,7.37,22.06,9.65,29.55,0.22,4.06,19.2,60.29,1948.57,43.04
142.82,54.0,171.98,5.09,49.36,0.85,3.21,17.39,39.66,2996.27,56.04
140.57,27.75,46.94,5.72,21.89,2.43,1.22,16.16,91.8,1552.72,70.35
122.81,91.5,4.02,8.96,21.22,3.37,3.92,28.48,30.39,664.51,63.29
102.05,45.13,128.58,8.77,20.27,1.99,5.49,11.57,98.74,819.37,68.59
86.76,89.85,30.58,7.82,17.0,0.26,0.8,36.97,28.85,741.23,63.29
118.65,29.91,198.19,6.79,38.61,0.98,7.82,18.17,68.42,2833.53,53.43
46.68,38.74,173.95,3.62,18.38,3.3,7.34,25.2,61.54,2857.25,63.83
188.25,94.71,121.69,5.32,56.42,0.14,7.11,12.81,78.02,856.95,44.51
117.76,20.13,166.77,4.53,24.03,2.15,3.34,26.44,37.99,20.97,65.34
62.24,57.85,94.11,3.83,34.83,0.71,6.86,31.93,54.28,949.01,57.9
89.94,38.85,157.7,8.54,27.5,0.33,1.09,11.73,20.36,1704.93,60.49
161.14,77.42,129.31,4.35,57.95,0.97,7.29,40.39,73.63,2456.72,42.47
32.32,12.93,5.73,5.82,28.32,3.29,6.85,20.45,45.56,1253.31,67.31
58.57,43.72,189.75,9.85,36.0,2.69,4.74,21.91,96.68,1451.92,61.3
135.9,69.89,172.18,6.16,46.99,0.68,5.33,15.81,56.71,379.69,62.08
63.1,40.7,190.68,4.42,14.42,0.32,2.87,40.93,75.49,1718.31,51.31
158.5,5.85,146.27,7.98,6.8,1.78,7.6,22.1,33.95,1845.43,50.65
26.09,70.51,82.41,8.76,30.02,0.28,0.63,20.42,84.49,414.51,55.85
152.54,50.32,41.4,5.31,35.29,1.47,7.14,35.19,21.2,951.42,62.96
13.67,1.13,36.0,8.76,20.79,2.82,2.17,21.04,24.3,855.14,56.14
2.52,61.27,28.98,5.26,30.44,1.8,6.46,26.15,82.17,2652.09,51.8
179.64,91.99,44.12,8.01,38.83,3.15,0.49,44.99,52.36,1716.3,61.32
116.27,11.1,110.13,4.31,58.53,2.79,2.03,27.16,24.3,2122.98,62.75
70.37,59.07,136.75,6.28,38.1,1.99,1.66,26.21,51.34,1233.63,82.48
46.52,72.87,62.81,6.88,29.69,2.79,7.83,37.94,32.87,1174.95,68.2
123.38,7.08,109.75,8.21,6.24,0.42,1.76,11.49,57.42,935.29,58.51
101.8,2.26,68.25,7.73,22.08,0.78,3.03,23.14,99.16,749.95,67.56
198.32,46.42,139.3,9.05,24.72,2.48,2.45,34.52,21.0,2892.27,54.71
196.64,79.12,197.7,4.7,31.23,0.12,7.89,41.94,82.31,1304.26,42.99
127.0,16.07,137.8,7.8,48.02,0.12,4.97,32.71,49.39,1030.61,52.0
88.57,83.66,11.81,4.33,47.67,1.39,2.94,28.55,82.75,1077.4,51.16
98.23,65.66,95.45,6.61,51.49,3.05,7.27,26.14,55.71,1088.88,84.61
136.5,33.22,154.08,6.91,20.95,3.43,5.69,26.76,80.08,534.58,67.93
20.31,51.58,108.45,3.68,24.06,2.31,5.66,26.5,63.99,613.1,69.68
65.67,96.56,190.21,3.96,13.26,3.33,3.94,42.87,79.6,1997.48,56.18
15.05,21.64,10.95,8.96,52.16,2.98,4.03,38.35,61.05,42.82,53.8
14.67,49.95,58.23,5.36,40.87,0.79,5.87,21.35,73.65,2191.25,52.35
39.17,62.45,44.14,5.75,9.27,1.47,0.18,12.12,56.79,517.63,64.85
97.05,13.8,153.52,7.66,21.7,2.22,3.55,33.94,38.84,2361.81,69.34
156.95,4.35,104.76,4.93,13.4,0.61,7.85,35.51,80.58,1030.32,53.25
97.1,1.35,27.67,4.75,58.31,1.16,5.26,37.02,59.91,408.32,53.28
67.1,32.47,57.12,6.24,22.85,2.67,3.09,18.15,51.32,2282.14,75.18
16.47,7.39,104.53,3.88,32.31,1.27,1.44,32.28,99.3,1370.43,56.74
110.06,80.38,199.23,9.46,22.48,3.25,2.93,32.37,24.27,523.93,63.16
54.25,99.73,72.86,9.61,31.09,1.48,3.89,13.88,78.02,1829.94,54.16
122.99,6.13,31.37,6.41,59.92,0.85,5.08,37.08,53.14,1810.49,53.3
195.44,43.27,99.41,4.86,20.81,0.81,7.87,30.72,46.63,1876.04,56.39
22.26,2.57,62.04,6.56,20.54,2.44,4.02,27.42,91.62,833.43,63.0
42.43,13.4,113.19,4.15,25.43,1.35,2.97,11.39,82.07,10.81,57.65
94.62,32.29,93.34,6.09,14.31,0.91,2.1,26.04,21.64,2261.91,71.28
193.72,39.37,137.9,3.98,45.64,2.46,6.15,39.77,78.87,40.74,44.6
154.36,93.98,182.86,8.09,25.86,1.53,3.76,23.02,20.66,918.22,60.96
179.65,39.58,40.1,5.29,36.95,2.98,5.83,44.29,23.79,938.67,57.05
66.74,49.63,164.24,6.88,41.37,1.97,2.34,37.54,40.37,694.56,72.59
198.41,24.56,189.85,3.59,6.95,3.41,3.03,38.83,98.46,1098.14,54.19
20.57,0.01,74.72,6.91,40.42,1.37,7.65,30.58,51.3,2302.03,53.47
10.59,89.93,22.73,3.52,34.3,1.06,1.94,19.83,65.54,2326.17,56.89
171.12,8.17,164.38,9.51,9.56,2.29,2.62,24.09,82.5,381.08,51.61
185.45,96.42,140.22,6.76,11.85,2.51,4.12,31.63,40.95,2403.98,56.84
18.12,13.08,42.54,4.15,29.24,0.16,4.25,40.98,95.11,381.19,48.88
22.69,60.49,89.04,5.72,24.05,2.38,0.63,35.43,56.92,2390.72,70.46
6.63,99.94,115.6,3.8,29.06,0.72,7.77,22.61,90.2,967.42,46.94
20.9,13.85,33.97,6.95,39.95,3.36,2.49,19.02,56.2,177.01,71.07
41.88,42.39,142.98,4.3,13.49,2.06,0.52,32.18,92.57,2816.89,61.49
194.02,78.04,137.98,6.58,41.43,0.53,2.11,12.83,88.84,2021.76,56.93
133.57,3.22,177.43,5.49,50.0,0.28,3.26,23.11,47.5,1318.87,54.25
155.71,68.98,113.45,8.45,5.16,3.09,1.93,18.77,26.99,387.45,75.95
155.23,8.04,114.86,6.63,25.27,2.99,1.32,40.46,25.05,171.3,77.58
107.01,23.65,123.88,9.01,20.13,1.58,4.11,32.97,57.38,2192.5,66.69
159.5,16.01,54.76,9.62,28.76,0.4,6.39,14.23,23.26,2823.95,43.69
119.16,90.73,151.72,9.8,38.84,1.43,5.67,27.89,69.75,2652.25,50.71
62.91,18.05,132.5,5.19,15.32,2.69,3.46,37.62,84.65,1453.28,63.72
112.22,4.04,167.83,8.49,12.38,2.35,1.08,13.84,89.36,888.63,64.53
106.7,58.76,153.72,6.35,45.09,3.04,7.64,30.02,95.64,427.27,75.42
164.69,34.62,127.71,6.27,42.72,2.65,2.76,36.53,26.72,971.85,65.05
196.35,40.57,32.18,9.14,30.35,1.22,0.91,17.31,90.1,2439.64,50.79
82.21,11.91,183.83,4.45,32.57,1.26,2.76,42.5,28.03,2172.2,56.27
152.68,74.82,73.44,6.61,19.84,2.3,5.61,29.33,99.24,2815.27,64.33
19.95,60.16,192.86,7.35,23.1,1.15,2.08,32.12,28.71,574.82,60.08
155.37,36.42,80.37,3.93,22.6,3.05,1.55,22.36,99.65,496.82,69.39
74.28,17.16,29.19,9.12,44.95,1.21,2.18,37.09,52.9,1770.65,57.25
7.88,59.35,176.97,5.54,35.56,1.76,4.46,30.95,79.2,2098.78,63.75
72.65,77.86,159.01,7.77,45.12,0.25,7.01,42.12,34.03,1066.31,47.0
122.13,31.24,157.26,9.53,37.49,0.5,1.14,26.97,26.6,1883.69,58.81
23.85,2.59,17.88,8.18,35.01,0.55,1.24,31.25,73.79,2304.8,57.07
184.81,21.43,175.86,9.26,22.63,1.27,3.48,30.13,64.25,2139.48,48.72
15.53,68.24,119.28,3.95,26.75,0.5,1.09,30.23,92.64,636.27,54.17
186.0,98.91,94.07,6.7,53.81,1.65,7.84,35.0,74.46,1740.94,56.07
141.43,1.34,182.63,7.17,36.68,1.02,7.04,13.67,70.94,1644.28,53.33
65.94,30.62,133.21,7.98,33.85,1.03,0.61,31.12,72.21,1824.39,72.33
78.15,6.2,26.61,4.26,7.92,1.61,7.26,24.64,52.07,1339.27,51.95
148.16,31.63,103.91,7.77,41.9,3.0,2.35,25.77,77.74,1719.17,78.37
120.29,40.59,127.32,4.45,42.73,2.69,2.65,25.19,91.54,1213.53,73.8
134.33,92.09,179.71,3.94,42.99,3.1,2.77,13.88,75.33,2544.01,59.37
77.83,8.06,55.98,6.55,10.02,3.47,0.65,10.51,29.04,775.83,74.68
97.56,77.71,158.85,7.4,21.53,0.14,6.25,13.74,56.17,282.11,62.06
197.97,39.55,159.96,9.73,25.42,2.45,1.54,25.24,52.3,571.06,61.05
42.78,81.13,25.61,8.04,50.46,0.51,1.74,23.22,58.76,2069.59,50.13
83.57,51.34,3.45,7.34,58.94,3.29,6.17,14.96,43.32,913.26,64.64
58.36,3.93,116.28,4.89,27.81,0.87,0.58,35.33,64.66,778.38,65.43
153.02,94.62,157.9,4.49,35.49,1.29,2.75,35.01,84.35,797.79,53.33
152.8,8.27,110.89,7.45,5.4,3.43,4.53,41.9,46.83,209.33,65.2
58.49,59.77,162.67,4.95,5.48,3.05,1.01,39.69,93.66,2856.48,61.32
16.28,87.77,124.46,8.09,9.1,0.26,3.46,38.98,42.09,1035.17,47.4
2.29,7.98,130.66,4.24,44.57,0.26,2.89,38.07,60.11,1933.7,42.32
85.49,55.39,5.63,5.71,14.8,2.88,2.64,40.86,72.38,2180.96,70.62
82.07,82.43,17.72,8.53,46.68,0.34,2.24,28.0,85.56,1129.65,52.64
197.68,98.63,145.01,8.9,28.75,3.0,2.78,12.74,73.41,2622.35,55.23
93.96,72.43,152.57,5.74,51.75,3.24,3.2,29.83,90.5,2139.94,75.22
51.28,27.83,108.44,4.84,52.87,0.18,1.11,39.63,86.49,178.8,53.58
178.25,69.96,118.03,9.73,53.39,0.85,1.74,13.32,36.31,2460.78,48.38
98.21,70.58,122.87,8.45,34.89,0.18,7.29,38.71,49.66,660.54,54.14
119.84,70.0,21.0,8.75,48.37,0.35,7.56,14.81,22.33,1190.08,45.06
19.13,85.43,133.58,4.95,41.41,1.92,7.94,10.91,42.99,2970.19,46.96
76.58,8.74,95.69,6.26,15.27,2.58,3.88,34.58,21.2,780.71,69.66
188.84,10.84,120.5,3.94,25.98,1.73,1.17,32.58,74.94,2797.34,56.65
117.9,64.06,112.63,4.21,57.93,1.41,5.5,40.73,76.8,2330.19,60.44
68.9,95.39,152.6,4.94,47.49,0.8,7.5,33.2,82.59,2174.7,47.84
125.13,46.58,63.71,5.47,19.46,0.9,0.34,19.22,31.38,2973.02,72.95
182.08,96.06,74.71,9.98,20.45,2.08,0.27,42.25,45.96,2687.75,54.14
54.8,93.81,78.32,6.24,18.98,3.01,4.94,41.6,70.27,2552.03,65.36
101.02,90.29,152.49,8.04,23.08,1.48,0.41,42.99,88.26,160.88,64.17
191.74,90.99,86.22,9.38,56.06,3.29,3.19,35.85,87.93,1138.34,61.75
34.48,89.83,35.41,5.1,28.84,0.28,3.08,40.44,52.28,1008.9,54.68
143.93,81.99,196.61,4.44,25.03,2.92,0.88,18.44,46.44,205.85,62.95
122.9,69.5,98.68,5.08,18.16,1.25,5.99,30.49,57.13,347.3,68.33
135.94,2.44,21.85,9.24,54.08,3.05,0.96,19.37,32.77,2054.08,58.16
70.24,13.23,134.05,7.83,57.66,3.23,2.26,21.46,38.43,2427.22,68.5
62.78,13.42,147.83,6.43,22.79,2.48,5.85,38.96,21.45,1849.66,69.97
136.84,2.35,100.04,8.83,38.92,1.31,4.98,34.87,79.81,2341.69,56.93
43.11,11.67,129.29,5.04,57.71,1.65,3.83,42.42,99.6,1808.0,52.62
83.93,91.97,34.53,5.05,32.47,1.98,0.49,37.38,26.2,2142.99,65.9
37.63,66.38,73.58,7.19,30.78,1.67,6.13,20.17,32.03,2171.52,66.69
1.66,31.21,32.37,8.64,34.02,2.79,6.62,40.88,36.34,2430.79,48.36
194.01,79.34,77.45,5.19,6.82,2.72,0.91,12.67,63.57,935.54,61.26
86.34,48.84,112.56,4.87,21.51,0.14,7.89,12.86,51.0,2370.5,61.89
193.87,14.21,88.51,6.58,43.44,0.62,2.84,19.56,26.32,1501.01,67.45
28.06,88.45,118.64,4.37,58.17,1.34,3.45,38.18,20.39,2885.54,47.4
117.47,33.87,100.35,8.36,36.28,2.39,3.37,42.46,47.05,493.77,76.12
40.19,69.89,63.56,7.25,15.48,0.88,5.1,32.6,55.34,2960.84,54.95
158.01,29.06,28.68,6.83,28.47,1.2,4.63,42.49,75.17,274.67,61.02
156.74,50.01,50.53,9.17,31.95,1.67,4.53,31.01,98.36,1794.57,52.86
22.52,81.63,40.14,8.26,13.37,2.1,6.27,42.63,53.08,2046.99,50.13
182.41,15.68,141.48,4.47,23.11,3.17,7.43,24.85,61.65,2700.74,61.41
38.93,97.73,163.99,6.23,29.48,2.84,6.59,44.03,78.63,2279.48,58.48
122.6,7.02,144.08,5.59,19.4,1.32,5.8,17.37,53.39,286.61,59.81
197.13,53.4,128.75,8.71,24.46,2.71,0.5,18.12,67.79,1850.86,71.83
176.48,91.6,61.57,8.17,20.19,2.93,2.06,18.56,49.46,2104.42,60.95
191.31,94.57,142.2,6.57,38.71,1.88,0.93,15.88,99.23,610.23,64.43
68.52,23.21,121.02,8.85,36.82,1.11,6.85,27.77,37.79,1972.69,51.8
21.12,14.4,9.38,6.17,35.34,3.31,5.25,29.0,79.9,274.22,67.96
37.67,72.44,181.52,8.72,10.32,3.37,0.37,37.25,27.28,424.02,61.2
100.1,4.2,15.99,3.71,15.1,0.86,5.81,20.68,41.7,1085.52,51.81
158.65,48.52,100.54,4.38,11.1,2.77,2.76,41.89,75.9,588.07,69.07
30.03,79.64,102.61,8.41,8.48,0.24,4.39,39.16,44.53,10.42,40.53
131.95,56.03,167.4,4.24,18.58,0.11,4.68,36.24,44.57,1863.28,49.03
64.72,18.8,182.61,7.94,15.7,1.3,1.38,44.35,36.51,1388.44,58.0
68.24,48.7,187.94,8.2,44.87,1.67,3.25,10.92,26.76,669.13,57.63
132.38,92.13,113.93,7.8,43.27,1.96,3.47,44.59,48.4,636.68,59.02
93.4,61.72,135.81,8.82,16.07,1.39,4.96,18.2,27.62,1779.29,64.81
162.41,72.15,17.7,6.83,14.11,0.54,7.13,11.46,98.86,322.71,45.91
31.18,33.63,97.58,9.33,12.97,1.27,4.96,25.7,44.15,745.18,56.52
157.99,18.85,179.57,7.2,22.6,2.89,5.5,34.02,62.44,123.13,61.86
12.85,25.56,91.14,6.8,21.18,1.24,5.35,20.33,41.86,2298.4,59.72
38.81,53.32,13.92,6.81,6.57,2.11,0.77,25.67,38.4,2928.65,66.98
131.23,28.02,40.13,9.43,36.23,2.41,2.47,18.29,77.48,797.45,61.94
170.99,54.2,85.9,5.08,54.39,2.59,3.27,10.04,48.97,1393.57,67.07
50.54,70.78,47.51,8.02,34.64,1.76,3.61,41.29,33.23,1311.46,59.98
65.44,73.44,78.46,5.08,8.51,0.53,6.75,22.68,36.04,1625.0,56.35
107.42,16.47,66.59,4.1,37.98,3.16,4.25,15.13,90.18,1125.32,69.71
42.31,75.04,63.79,9.7,31.67,0.99,6.54,23.48,65.22,396.71,48.16
162.23,67.27,18.23,4.34,54.88,1.25,7.26,10.49,72.88,744.77,45.51
154.73,1.2,176.54,7.96,24.98,2.73,5.6,12.81,26.98,2390.86,54.64
29.06,5.89,138.54,6.26,46.36,2.7,0.99,29.51,66.27,1794.08,70.81
92.77,64.62,124.68,8.94,7.11,3.15,1.69,17.89,34.9,206.82,68.07
154.97,38.37,121.29,8.53,44.68,0.21,6.64,32.93,29.72,649.15,53.78
67.47,14.61,79.3,4.43,7.28,3.07,4.55,25.83,58.82,1200.31,67.05
126.62,4.44,164.66,6.54,23.96,2.79,4.18,12.5,67.61,1938.46,72.12
10.04,15.94,186.01,3.68,57.14,1.89,7.75,28.53,49.02,2354.97,45.15
121.74,95.75,1.12,6.29,43.68,0.64,3.01,32.17,75.16,1752.39,53.56
30.53,72.76,15.84,8.05,55.88,1.95,0.42,29.52,86.22,2698.18,52.8
166.12,52.77,135.0,5.01,32.27,0.76,2.12,18.93,69.39,2415.05,61.16
71.09,94.15,47.21,8.77,38.34,3.38,2.35,10.98,82.63,1429.44,67.18
56.31,61.91,182.34,3.85,33.48,2.51,4.15,24.66,87.87,2187.22,63.17
168.18,72.56,133.48,3.72,31.34,2.13,0.16,33.08,99.19,484.98,61.21
10.03,28.27,73.66,3.68,36.8,2.87,7.91,12.45,66.59,1043.51,58.81
79.32,58.9,83.06,5.32,7.14,1.91,0.59,42.1,28.91,64.01,71.16
74.0,14.35,138.18,6.54,15.21,0.3,1.93,21.98,53.05,2225.98,68.43
56.96,40.45,28.19,4.2,16.8,0.98,5.41,22.11,79.61,2794.19,55.19
182.35,3.32,176.68,9.98,26.06,3.44,7.82,21.66,89.7,1132.89,54.52
150.19,21.66,0.95,10.0,28.9,2.99,4.14,41.49,36.78,926.48,53.78
12.78,7.49,195.79,6.88,45.68,3.25,2.8,43.08,68.19,795.76,58.31
142.94,38.78,33.53,7.19,14.1,0.43,1.38,41.18,78.41,0.05,55.22
105.46,84.3,148.42,9.52,36.34,0.94,7.24,37.6,99.05,921.44,53.24
180.17,37.79,7.98,8.5,19.98,0.32,0.5,19.11,50.61,50.13,52.74
62.59,83.16,86.29,4.59,33.36,2.9,0.65,35.92,23.49,1683.33,74.87
114.83,65.65,126.06,8.65,39.46,0.69,0.6,20.21,96.9,2053.29,64.12
100.15,50.95,14.05,5.0,37.03,1.49,3.78,23.18,23.69,1074.82,73.95
97.91,23.69,88.66,6.3,16.85,1.02,7.46,15.03,38.91,1208.62,68.49
91.22,92.22,60.63,6.96,44.02,3.26,4.49,28.46,64.13,951.04,75.58
41.13,5.42,99.65,8.16,40.96,2.17,2.9,38.23,27.03,799.4,62.29
151.14,68.89,100.92,4.48,56.26,2.82,1.98,33.74,95.44,971.84,72.05
90.27,62.12,157.05,4.0,39.88,2.15,4.16,23.25,65.6,1685.89,68.18
191.7,44.1,24.7,9.13,44.62,2.18,3.59,33.44,48.93,1684.83,55.36
52.16,24.03,16.54,8.87,49.61,1.4,0.84,32.18,48.69,2207.17,56.27
136.55,43.07,80.38,6.9,10.83,0.91,0.15,28.92,20.93,400.41,71.93
188.14,87.28,177.5,7.81,43.3,1.28,4.8,19.38,84.82,2876.57,48.16
132.69,83.68,171.05,8.18,22.52,1.1,6.88,11.01,52.7,1569.07,55.83
174.25,94.14,112.0,6.6,50.27,2.45,4.91,11.33,20.79,2539.87,60.54
165.5,30.78,177.75,5.17,31.41,1.54,2.68,43.31,83.86,184.92,58.83
72.02,38.71,161.07,6.63,36.93,1.97,1.31,40.37,93.27,1083.06,79.28
120.02,1.87,55.59,9.68,19.32,2.72,5.94,18.3,71.39,2185.63,55.3
31.25,94.29,34.02,8.95,40.78,1.01,5.65,16.8,98.55,291.31,45.35
107.11,32.94,60.23,6.53,6.96,1.54,6.79,20.61,62.86,504.16,67.57
46.08,40.42,45.42,4.97,46.17,1.87,7.86,30.03,26.76,1724.39,54.67
148.75,90.78,124.54,9.28,13.98,0.28,0.99,10.6,97.34,1465.83,49.47
105.61,52.66,116.98,7.65,17.52,0.62,2.19,41.23,43.8,1188.69,67.19
82.25,56.62,119.69,6.13,5.05,0.32,2.82,37.11,77.24,494.96,65.25
53.76,17.62,37.86,4.23,22.22,2.66,4.35,28.49,60.22,34.47,62.59
199.74,49.87,158.37,8.39,26.35,1.12,0.52,40.3,34.07,18.0,57.4
14.34,91.82,86.73,5.56,17.87,1.54,2.28,29.2,51.18,1829.8,61.35
8.71,55.87,94.49,7.44,17.66,2.39,6.37,13.1,52.28,1286.54,65.62
43.45,25.51,199.39,7.2,54.11,3.39,0.48,29.53,80.4,2348.25,64.8
194.21,3.12,56.45,8.05,22.95,2.86,6.56,26.82,42.32,1018.75,57.22
195.85,33.63,78.83,6.99,44.73,0.3,1.56,34.3,99.41,0.18,52.71
130.99,57.26,135.29,7.6,18.06,1.14,2.51,22.11,86.1,1524.89,65.76
176.02,4.26,176.08,4.03,49.5,0.27,5.77,22.61,69.67,1346.5,35.75
42.79,60.98,25.36,7.82,42.28,0.31,6.14,42.97,61.76,586.76,53.66
194.41,52.34,147.01,4.76,46.59,0.53,1.77,42.17,79.4,2984.89,53.07
28.56,78.34,183.66,6.05,29.17,1.19,3.3,41.52,96.28,340.78,51.35
20.23,2.89,84.58,6.83,53.38,0.89,2.01,24.52,99.82,1156.1,59.75
22.44,78.08,57.35,7.96,25.57,1.3,4.16,36.23,89.46,1586.33,53.4
114.63,52.09,135.55,8.33,38.05,2.89,5.25,42.89,22.47,1027.95,69.23
156.19,37.05,49.21,8.08,40.2,2.81,2.23,43.84,97.28,1085.74,65.95
73.33,96.54,76.86,4.12,57.37,1.29,3.75,18.49,78.65,2698.58,50.36
195.58,16.01,179.38,6.01,12.4,2.34,4.33,17.51,69.06,1224.54,61.59
86.88,54.13,118.07,5.32,12.46,1.37,3.41,27.43,34.25,1373.4,79.87
30.09,32.1,19.0,6.09,30.41,1.41,4.16,40.44,30.08,1492.73,56.84
93.19,52.75,65.94,7.7,55.48,2.4,1.24,28.49,56.65,1799.72,79.46
135.81,55.23,125.45,4.75,6.19,1.41,0.42,37.72,77.71,1127.22,68.35
166.45,8.94,96.3,6.76,20.2,1.97,0.6,26.61,79.7,2793.31,69.58
91.75,66.11,132.07,9.25,20.6,0.49,7.79,36.29,63.87,239.49,51.32
118.72,63.45,152.29,8.25,21.77,1.93,0.68,19.31,84.46,723.26,65.82
53.47,76.95,96.12,8.21,6.36,2.62,3.15,38.85,66.28,2880.84,64.05
129.18,9.07,197.39,9.02,50.41,3.12,6.35,37.9,54.45,722.4,55.12
197.19,29.73,182.93,6.1,5.49,0.6,6.82,17.87,49.29,2570.77,44.98
9.81,65.01,11.98,8.44,31.27,1.5,2.22,40.54,43.11,2107.71,56.4
177.31,13.67,53.29,3.88,8.1,1.75,5.16,14.13,85.69,2455.41,47.01
112.46,67.76,60.11,3.87,48.93,3.18,5.82,36.9,37.52,2008.58,63.96
50.42,5.9,36.86,5.66,46.06,0.98,7.34,39.75,91.96,1249.73,52.26
190.98,33.49,62.4,4.78,44.68,0.66,7.12,39.01,44.66,2936.2,44.43
96.67,84.67,84.96,6.87,45.49,0.58,3.54,18.55,54.12,21.95,66.61
66.34,77.43,10.31,4.69,56.71,0.63,4.38,12.84,31.9,1647.92,51.88
36.3,64.48,25.46,9.84,27.92,3.06,6.43,11.02,28.93,1017.36,56.6
48.89,87.05,19.25,9.03,52.39,2.21,4.83,10.84,31.25,1716.23,44.62
166.57,70.93,9.26,9.89,15.13,1.53,2.91,27.88,78.53,2809.34,50.47
122.88,51.94,96.3,8.75,29.82,3.05,7.61,17.01,74.98,2896.67,73.3
182.65,97.97,66.76,9.68,5.49,1.11,7.98,40.49,76.17,947.38,36.8
46.39,69.49,187.09,5.89,20.63,3.25,7.47,15.74,87.99,2812.86,65.3
24.23,60.14,20.55,6.74,30.2,2.68,2.83,33.48,36.33,2960.54,66.28
1.22,40.89,185.21,5.06,55.01,0.17,2.01,42.13,40.69,1438.39,45.62
101.57,90.24,17.31,7.63,22.43,1.67,4.0,43.77,96.92,396.95,63.72
199.66,29.57,123.84,8.62,41.98,2.96,6.3,40.06,28.53,2914.23,52.01
138.99,0.92,49.55,6.74,50.87,1.45,2.23,17.15,42.36,2690.26,58.67
61.68,19.67,165.36,5.43,22.96,3.46,3.31,28.53,96.94,1973.36,71.13
175.37,10.95,12.29,6.8,14.31,2.98,1.3,16.46,63.79,83.6,67.28
156.34,31.9,190.5,3.91,37.52,2.66,5.64,30.93,94.23,1072.17,54.46
3.08,82.59,9.45,8.19,20.64,0.56,5.93,18.37,84.48,462.74,46.34
163.37,65.15,48.22,6.44,40.88,0.47,4.02,21.55,95.97,568.92,63.91
60.11,16.9,92.84,9.34,12.41,2.28,5.93,29.33,79.1,2060.07,62.48
29.93,78.88,151.21,9.5,13.34,2.35,5.19,14.28,40.94,1173.27,48.06
45.27,50.42,190.22,4.32,42.18,0.6,7.44,22.4,80.75,1016.94,54.8
93.72,51.27,85.61,9.97,58.55,3.0,4.73,21.9,51.34,1400.62,69.17
84.97,36.21,151.46,9.8,18.58,3.07,2.92,30.49,32.8,479.57,66.45
57.78,86.46,145.43,7.58,44.27,1.52,5.86,30.03,39.8,1315.46,59.27
34.44,31.83,114.23,8.87,34.26,2.17,0.55,23.65,43.44,2808.24,66.28
152.45,9.41,138.18,3.62,51.41,1.84,3.86,40.29,28.23,2387.65,49.99
198.02,30.27,7.61,9.81,26.39,0.22,7.73,32.5,52.19,125.16,36.69
155.56,71.54,88.32,6.47,58.44,0.41,5.67,38.16,95.39,1293.03,56.6
59.19,65.76,157.17,9.41,9.53,2.75,7.99,29.98,35.57,2577.15,46.69
48.96,18.8,94.84,6.0,59.16,1.76,3.2,23.34,98.24,753.7,63.08
43.53,11.18,174.7,8.62,51.54,2.18,3.2,23.3,58.91,2517.06,55.85
27.34,66.09,166.73,6.22,52.66,2.18,0.57,17.25,80.67,1772.72,59.21
110.27,67.64,172.69,5.86,51.33,1.39,2.95,39.17,28.96,27.5,64.23
121.08,36.61,26.0,9.65,52.4,0.2,1.22,39.5,88.97,2650.17,46.54
141.1,84.28,48.83,8.04,49.83,2.78,3.22,13.82,66.24,2690.49,60.47
136.04,97.82,5.92,8.96,54.47,1.69,0.11,39.1,30.38,2476.53,49.56
58.47,20.56,196.56,7.03,30.34,0.57,3.56,38.73,59.9,1581.57,56.18
66.06,57.71,47.23,9.47,56.66,0.17,7.52,31.09,74.32,2185.97,40.99
136.3,0.53,73.42,8.31,26.17,0.16,6.12,36.12,53.01,388.18,53.69
69.89,71.31,54.99,3.97,45.07,0.21,2.01,42.24,45.97,2582.18,53.25
42.52,41.43,7.96,8.48,44.07,0.63,2.23,27.0,44.27,2846.72,51.43
74.87,19.33,52.25,3.62,50.15,0.89,2.54,37.19,62.74,985.81,57.38
54.42,75.22,19.64,8.89,45.61,0.94,0.83,43.56,55.13,783.94,56.69
17.66,81.06,78.86,5.66,6.95,2.25,7.94,23.36,79.31,740.21,51.75
166.03,11.12,193.36,7.39,45.65,0.92,5.38,25.64,95.9,1013.86,53.84
170.62,4.1,139.65,8.37,6.28,2.39,5.93,32.91,34.38,235.18,51.11
43.95,33.41,141.38,7.64,34.33,2.9,5.59,27.45,60.7,2375.09,72.97
12.95,62.6,90.64,7.87,51.14,1.41,3.77,19.12,59.18,967.42,64.22
147.77,79.34,162.26,9.3,50.63,2.54,6.55,31.31,52.05,240.91,53.58
42.31,54.61,181.66,5.93,51.27,0.45,1.98,36.6,79.79,2966.85,55.76
78.69,58.07,192.31,7.06,38.13,1.21,3.17,10.2,56.58,643.41,67.9
12.83,79.99,19.8,4.64,15.11,2.42,2.67,17.02,27.52,2455.41,57.31
45.25,52.88,175.93,6.54,32.94,3.27,7.63,44.79,60.17,1477.48,72.12
158.58,61.12,45.02,4.48,33.39,2.19,0.41,40.07,80.35,1127.74,66.36
160.88,51.62,79.45,7.62,22.86,1.34,0.7,44.84,96.69,2003.19,64.48
41.42,88.05,69.1,5.61,28.33,1.17,7.65,32.39,29.12,2585.35,53.5
67.18,23.55,135.03,9.08,52.97,1.43,5.53,27.71,70.72,168.28,54.66
26.85,26.4,119.58,5.73,33.49,2.32,5.12,11.12,48.26,133.37,73.28
14.83,12.8,21.82,5.36,43.76,1.21,6.57,22.06,38.2,2954.84,47.72
198.43,81.95,156.56,6.69,32.27,1.7,7.34,24.5,67.84,802.56,66.7
131.12,41.18,87.93,4.64,38.96,2.68,7.18,14.63,51.56,164.14,71.08
108.42,34.79,0.44,4.82,10.09,0.91,7.13,23.82,25.81,985.78,53.93
153.1,98.13,82.9,8.59,56.23,2.54,6.73,17.89,91.66,542.95,54.47
168.02,92.68,103.27,6.73,28.98,2.69,1.05,25.48,54.64,1355.79,79.14
161.34,97.2,13.77,4.84,46.16,3.04,5.12,30.71,97.1,2644.55,53.75
3.31,14.23,30.23,3.7,41.69,0.18,3.98,33.33,37.81,2687.28,39.11
37.36,89.13,198.71,6.53,48.96,0.49,6.27,28.91,24.46,935.46,60.61
130.98,32.87,174.24,8.33,6.92,3.35,7.65,11.27,22.39,1427.57,62.28
75.15,1.27,26.67,5.78,56.44,0.53,2.98,42.11,69.24,1622.78,51.63
196.5,39.13,116.06,5.11,50.64,1.76,6.06,38.91,86.99,756.76,53.87
133.08,50.92,75.85,6.08,50.86,0.67,1.78,31.09,71.18,502.99,69.08
191.31,10.82,108.75,9.73,30.69,2.86,3.43,39.88,85.9,1425.36,57.68
40.29,53.77,94.11,6.25,48.8,0.43,5.81,40.43,61.41,1215.83,60.87
172.79,81.95,9.63,5.19,36.64,0.39,0.79,17.97,29.08,2696.07,54.33
64.27,37.77,63.08,7.2,32.69,1.82,6.91,19.32,84.44,2540.34,64.98
197.91,35.26,25.1,8.77,48.17,0.91,7.34,12.47,49.05,1991.34,35.88
31.54,33.88,97.79,3.65,39.53,2.35,6.99,29.35,75.42,851.41,58.54
103.27,92.31,181.46,7.13,9.24,2.43,0.11,35.07,29.13,1115.92,72.93
158.57,4.88,199.11,8.94,22.3,2.09,6.45,13.9,42.54,532.32,47.37
86.53,44.51,188.85,4.9,39.22,2.94,7.19,26.43,53.16,810.05,71.68
93.62,26.46,197.14,9.49,54.71,2.47,7.87,38.52,97.46,2951.29,42.92
197.27,89.38,3.05,7.26,56.32,0.74,0.36,33.26,71.01,1653.02,44.5
85.06,9.61,145.89,6.86,51.14,0.37,4.55,29.71,75.46,2453.31,55.34
120.81,41.14,54.59,9.76,18.99,2.64,7.07,28.49,82.21,822.58,63.84
10.91,40.68,173.12,4.34,31.04,2.62,5.88,22.96,59.43,1232.77,60.99
168.44,88.84,162.75,8.31,28.84,2.99,6.85,25.28,32.43,1794.38,59.79
129.63,21.55,84.73,8.82,29.13,0.79,5.62,20.19,44.54,151.22,58.55
80.8,64.49,94.65,6.68,7.74,0.86,0.29,33.59,39.74,2696.15,66.97
3.23,13.44,53.02,3.54,14.55,2.06,7.04,32.53,91.74,2538.84,47.0
118.33,95.4,57.76,6.91,13.43,0.63,4.98,17.06,78.27,2943.39,61.47
2.53,59.3,196.23,4.5,38.95,1.11,2.05,19.38,64.21,1157.17,57.56
0.24,62.63,177.77,7.16,27.65,2.86,5.47,44.52,39.49,369.08,63.8
123.22,43.38,38.37,8.3,22.84,1.24,4.16,13.66,32.47,2040.57,62.4
37.8,34.23,55.1,6.95,29.41,0.14,5.77,34.27,67.3,394.51,59.17
38.38,21.27,21.73,7.6,22.83,2.31,3.84,28.07,30.3,929.89,65.07
130.65,60.4,197.77,4.18,46.66,0.71,0.91,12.74,56.22,645.89,56.77
10.74,95.46,181.44,4.13,14.19,0.77,7.31,12.08,66.51,1909.29,39.92
62.68,35.98,110.42,9.03,8.09,0.16,5.49,38.06,48.48,1941.61,48.49
29.89,88.32,138.58,3.82,40.79,2.07,5.74,31.61,94.16,994.74,55.87
116.04,14.88,149.59,5.35,17.68,2.01,6.16,11.56,27.34,2230.38,65.2
132.35,93.61,40.76,9.6,40.38,0.43,4.15,20.08,53.78,2347.53,47.29
144.23,35.05,186.93,6.48,8.22,0.27,5.74,19.06,91.75,2061.0,51.0
51.05,37.97,105.35,7.88,18.59,1.77,1.77,29.64,34.14,173.78,73.04
17.85,46.28,18.49,4.94,13.46,2.76,3.8,18.45,70.25,438.11,63.37
15.74,71.82,79.42,5.26,20.99,3.34,5.56,37.81,66.5,1137.41,68.62
85.23,71.97,120.33,6.81,23.09,0.36,6.46,18.33,92.36,1308.52,64.05
189.17,47.96,70.56,7.65,32.24,2.51,7.75,25.78,90.81,982.69,67.55
43.55,52.32,139.84,9.74,33.61,0.75,6.9,24.77,93.17,1667.21,53.76
51.35,3.0,176.41,7.23,39.66,0.22,0.43,12.5,66.46,904.34,57.72
20.18,30.43,154.38,4.12,23.24,1.24,1.5,23.64,34.3,1252.97,60.73
121.11,34.6,128.53,5.88,34.26,2.05,5.47,24.28,30.94,60.15,71.19
135.97,55.87,102.43,5.09,59.46,2.14,0.75,15.1,81.63,1063.37,69.51
128.59,55.83,50.89,5.15,16.59,0.27,7.96,40.98,53.54,2082.16,49.83
172.23,70.99,90.99,6.79,13.4,3.25,3.82,23.07,39.83,1508.93,73.46
97.29,71.7,58.59,5.56,51.34,0.29,5.52,39.69,73.44,2168.54,56.2
26.89,23.52,186.8,5.38,27.57,0.84,0.48,30.38,81.99,1827.88,61.64
57.88,77.02,181.46,9.79,51.58,1.57,3.5,10.34,92.73,2944.32,47.21
132.49,1.96,31.17,7.3,28.36,3.32,1.99,33.89,23.49,809.19,63.94
122.62,71.62,164.52,5.2,6.19,3.47,0.93,24.15,28.52,319.67,72.67
106.2,10.21,140.58,5.29,25.62,0.1,5.41,35.62,74.37,402.47,59.1
136.59,72.96,195.04,8.77,38.56,0.86,7.82,34.13,31.9,805.53,47.78
127.48,52.71,92.66,9.26,29.62,1.8,2.51,35.86,30.24,1725.82,69.48
176.26,43.73,144.43,7.91,30.26,2.46,7.44,34.21,34.75,2320.15,61.99
117.2,69.07,103.58,6.3,59.91,2.33,0.12,10.72,43.93,113.72,73.93
155.72,3.64,13.88,8.47,34.93,0.96,5.34,43.78,90.87,2896.86,43.64
49.74,22.35,9.35,9.59,43.33,0.77,4.29,26.22,84.22,1059.96,44.35
135.64,61.64,24.42,4.58,44.65,0.15,3.02,41.19,46.78,2472.07,48.84
180.44,84.72,59.24,9.1,5.01,2.97,3.4,15.77,70.06,2013.1,54.49
77.15,38.11,51.82,9.02,35.39,1.39,4.85,22.5,75.08,1775.45,61.72
155.82,25.88,145.67,5.88,57.97,3.04,4.51,44.09,98.96,258.22,58.07
144.96,51.87,143.18,5.4,46.3,1.2,4.11,40.63,26.49,2685.9,60.35
11.91,62.23,194.28,7.17,23.72,2.67,7.87,37.91,48.76,1132.75,57.09
116.3,42.01,62.08,5.27,25.05,0.34,6.17,20.16,95.68,2676.7,65.11
26.04,87.67,187.69,4.44,21.7,2.86,1.51,34.68,62.57,572.55,58.52
193.46,52.34,122.57,9.7,39.66,3.13,7.35,18.44,82.67,2901.11,54.32
162.28,3.58,99.06,6.69,10.35,1.0,3.99,33.5,38.42,1867.27,56.8
21.94,22.31,133.57,6.57,20.95,0.58,0.21,43.85,42.82,2509.33,56.49
24.35,45.06,140.55,4.32,32.4,0.77,6.31,22.25,91.56,1508.68,56.88
118.89,69.77,34.39,6.78,34.44,3.05,2.89,27.09,73.84,1790.0,76.8
68.98,21.98,150.34,8.33,38.41,1.07,7.99,23.99,86.81,958.21,57.18
6.98,97.63,145.03,5.11,48.85,0.89,4.4,13.49,37.13,2226.77,47.53
108.33,31.86,199.51,5.9,13.98,3.43,2.24,43.29,39.3,2708.6,66.61
77.57,53.25,182.39,4.66,17.38,2.38,6.04,23.54,43.42,2151.04,60.13
20.22,1.9,136.93,5.81,52.98,2.93,2.3,43.62,86.02,1412.02,64.88
160.38,88.49,142.47,9.1,50.71,2.64,0.3,35.21,37.39,2506.48,53.86
183.02,78.88,189.2,5.04,50.19,1.37,0.86,17.74,73.61,1497.59,56.23
151.32,19.55,193.44,3.69,16.47,3.03,5.29,31.26,45.92,1318.35,53.52
164.48,93.32,165.39,6.99,8.2,2.1,1.79,13.18,68.84,1994.07,60.99
43.3,31.58,153.48,7.27,33.79,2.34,1.98,16.85,54.27,689.27,73.8
52.71,69.22,22.27,5.64,52.85,1.21,1.28,13.72,40.7,1426.73,58.97
41.71,81.9,166.06,7.67,18.06,3.44,2.13,12.27,73.01,121.51,61.97
153.01,74.09,50.64,3.75,54.73,3.01,6.1,31.65,75.53,2953.39,51.5
189.58,91.76,112.76,5.71,12.78,0.6,4.16,19.43,80.56,2884.44,48.57
143.37,86.43,81.07,4.44,21.4,0.79,1.81,36.5,85.79,2957.32,53.42
176.29,99.46,69.12,4.99,21.41,2.65,2.06,21.75,41.56,2635.85,52.51
127.74,18.26,62.05,5.99,13.31,0.19,3.09,40.47,51.05,2703.24,52.81
77.53,30.48,171.09,6.71,53.0,1.24,7.97,25.46,72.15,256.84,57.74
85.15,63.62,153.83,4.11,27.69,1.91,1.47,22.3,74.09,637.78,70.88
15.06,73.3,104.69,4.16,15.49,0.8,6.44,11.42,99.37,2002.76,44.2
6.29,53.46,132.9,7.88,13.1,3.07,6.94,35.56,36.6,607.38,62.28
139.1,7.39,196.91,6.13,28.15,3.12,7.65,44.17,66.42,147.8,59.32
87.69,84.16,79.51,4.65,5.95,3.35,4.88,19.12,29.43,1225.09,71.1
110.44,96.09,110.22,5.03,11.66,0.6,0.89,32.91,30.04,2785.01,63.25
111.53,40.55,106.7,8.18,5.2,0.37,0.28,33.61,54.31,2987.43,64.39
55.48,22.48,187.19,3.84,6.34,1.99,3.6,25.42,64.58,1464.31,58.13
95.18,1.93,70.31,6.81,59.86,2.79,2.87,22.01,36.59,1831.14,69.41
94.15,23.73,197.25,5.84,29.69,1.09,6.91,11.83,24.45,1040.23,63.21
77.69,69.99,60.94,8.77,45.09,0.92,4.82,43.23,47.28,846.05,52.39
164.14,91.16,21.78,8.64,45.54,1.86,6.76,27.85,37.54,2788.3,46.65
90.23,9.35,38.27,7.98,53.42,1.74,4.61,20.71,27.1,2158.07,59.49
120.73,55.33,85.24,6.0,10.71,1.73,1.9,40.85,86.02,664.07,71.88
179.1,69.55,129.95,7.6,33.91,1.48,1.68,14.83,66.79,742.82,66.14
173.25,27.64,103.37,7.66,22.69,2.57,3.22,34.51,77.79,2156.33,65.23
178.08,56.99,75.26,5.66,35.17,2.19,0.33,14.1,80.93,1193.77,75.89
54.0,71.52,112.41,9.22,23.27,1.76,4.03,35.55,32.04,1484.64,58.12
7.0,83.77,167.76,9.9,15.1,2.55,2.25,31.09,41.54,2428.38,46.54
52.21,45.25,167.79,5.54,42.01,0.99,0.46,29.96,24.44,2063.47,67.76
55.74,74.79,145.25,8.71,7.11,3.13,3.85,29.7,91.09,2838.04,64.47
181.87,30.18,190.49,6.76,54.25,1.41,5.16,25.31,83.25,2489.54,54.24
129.85,21.3,118.04,6.51,13.04,1.21,0.9,41.35,42.13,794.93,68.75
16.34,18.73,1.53,6.01,38.83,1.94,4.91,11.29,44.82,1659.78,52.4
27.08,35.89,58.19,5.4,46.48,1.02,7.55,40.7,66.81,793.85,49.48
31.14,3.59,65.64,9.48,9.01,1.01,3.07,24.89,67.72,938.97,49.03
126.08,28.3,109.47,8.32,54.68,0.36,7.86,21.51,89.64,2234.77,50.54
147.08,65.22,180.98,6.36,24.59,2.32,6.28,30.86,22.37,1154.88,60.89
171.93,64.79,167.62,8.39,59.82,3.2,0.18,17.58,93.91,1437.37,65.08
188.13,7.36,46.43,8.17,8.78,2.43,7.57,25.59,89.49,2012.39,44.78
40.34,28.74,103.88,5.24,44.42,2.03,4.13,31.95,60.57,1240.63,64.1
61.95,56.96,131.83,4.64,13.84,2.52,4.84,23.08,29.25,1304.37,67.13
48.06,31.86,197.5,8.94,27.15,3.39,4.91,21.13,69.64,1040.04,66.29
71.75,41.8,6.26,8.77,29.38,1.24,3.19,30.64,69.63,1361.58,63.89
182.93,71.28,92.78,9.98,27.34,1.56,3.61,31.89,27.14,2366.07,53.53
115.02,0.93,197.62,3.63,23.57,1.07,4.2,20.95,94.6,1783.89,47.6
147.64,27.64,195.44,7.01,47.2,0.16,7.73,32.7,70.21,200.59,48.3
98.02,14.24,66.15,8.06,50.09,1.28,1.83,39.52,63.4,302.59,67.08
5.77,12.76,0.0,7.29,23.46,0.34,7.33,13.96,66.26,39.32,42.26
12.84,95.9,117.35,8.12,31.55,3.02,7.81,42.86,62.28,609.01,59.89
107.58,37.66,173.39,4.39,28.2,2.53,3.46,12.36,27.34,670.23,62.44
143.76,52.71,64.86,3.51,37.64,1.13,2.05,28.35,81.39,215.87,61.8
43.07,73.38,186.85,4.1,13.26,1.22,3.75,41.6,20.36,2069.21,49.33
144.38,4.74,66.54,5.97,49.31,2.04,0.9,18.95,85.95,2098.48,67.61
162.13,24.1,122.04,5.64,48.84,2.81,6.59,34.38,31.59,1586.77,65.02
82.38,83.21,144.41,9.18,37.47,2.54,2.59,11.47,44.71,1936.67,62.19
149.28,86.2,69.08,4.04,46.04,0.2,2.5,26.82,49.43,2673.99,51.65
80.81,37.3,70.44,6.38,59.37,2.77,5.42,31.91,55.18,699.14,76.42
135.67,37.49,94.0,9.73,55.74,3.1,4.53,28.88,57.37,1359.74,66.33
152.8,75.69,167.04,6.77,38.63,0.41,4.73,16.22,70.75,1229.99,64.75
198.39,29.51,20.17,4.36,33.13,2.72,3.93,10.75,56.28,2466.88,52.09
69.08,11.71,126.3,5.39,34.4,0.96,3.66,25.69,80.29,921.97,67.0
82.21,25.75,135.47,7.57,30.66,0.69,2.59,16.32,29.0,1122.23,67.27
33.12,38.73,111.57,3.58,31.41,1.95,2.33,22.79,45.04,575.37,61.26
40.81,5.22,187.17,9.79,45.26,1.98,7.95,39.42,39.7,94.82,40.35
138.68,47.87,120.4,7.19,59.57,1.7,3.28,29.21,45.03,2673.38,66.15
183.41,74.0,126.92,8.08,7.49,3.17,4.11,12.86,36.02,2420.21,56.07
78.92,51.37,119.95,6.74,17.66,0.92,3.24,35.11,89.66,2393.18,64.76
35.97,7.19,144.4,9.73,16.56,2.15,5.84,25.75,59.31,786.22,53.86
57.02,44.01,27.08,7.33,50.81,1.49,1.47,11.42,69.88,407.24,63.81
91.01,70.89,178.86,7.8,28.08,3.07,0.51,35.26,80.28,1802.03,77.24
58.13,5.81,8.5,9.1,33.88,0.55,7.79,41.0,44.44,1418.08,46.05
46.72,5.98,128.15,9.1,30.8,0.38,4.33,36.13,89.87,735.55,51.17
147.2,37.06,123.1,3.68,51.95,3.48,4.45,44.23,55.95,2327.94,59.14
1.57,19.5,41.62,5.34,32.48,2.06,3.79,15.51,71.06,441.21,66.48
107.85,93.48,8.14,5.1,41.73,3.2,0.49,29.76,22.13,2466.71,74.66
158.75,58.13,27.77,3.54,6.07,1.49,5.45,13.23,53.77,2812.77,46.09
53.25,28.73,54.33,9.2,40.88,2.15,4.57,44.15,43.48,2228.04,56.03
120.66,70.48,176.42,5.56,18.25,2.46,1.23,17.53,22.81,2016.96,63.79
133.78,37.49,171.15,5.76,52.68,3.45,4.24,42.97,48.07,1052.5,71.36
131.0,13.21,12.77,4.15,46.34,0.48,1.95,26.03,87.07,506.93,51.16
89.17,23.72,57.85,9.93,11.01,0.52,5.16,37.77,91.4,664.4,49.58
69.32,64.27,177.86,8.87,10.69,1.88,5.38,43.41,65.61,1046.53,51.82
167.18,5.19,47.33,7.22,21.11,0.29,2.44,18.15,98.66,1370.89,56.69
151.69,27.27,199.19,8.52,11.92,2.57,0.84,38.55,93.88,2726.71,50.99
64.25,20.83,51.37,8.55,45.72,3.47,6.4,41.13,73.58,1300.82,54.87
20.6,20.11,147.82,7.77,59.27,2.86,5.13,29.31,36.07,2727.54,60.16
14.36,68.28,83.41,4.63,41.04,1.0,4.87,33.6,29.68,723.98,48.03
18.86,82.58,27.25,8.18,18.7,2.82,4.82,25.52,72.81,2440.47,53.1
116.57,71.59,51.03,7.2,36.03,2.23,5.78,24.89,52.58,1910.96,69.36
10.33,64.57,135.02,8.21,49.31,0.51,1.9,15.58,23.91,590.62,51.17
67.39,91.65,67.41,7.03,57.92,2.02,3.31,34.11,92.14,381.38,55.07
150.64,5.84,120.83,9.72,5.28,3.15,1.85,15.84,24.09,11.68,52.19
58.87,16.75,41.11,7.58,33.8,1.09,0.66,16.37,83.31,1017.31,61.38
152.66,41.44,89.72,7.23,29.93,2.34,7.26,27.6,63.47,749.18,72.25
149.09,37.25,102.45,8.98,27.8,0.24,0.47,26.04,54.03,2835.14,68.2
49.17,41.81,82.56,5.97,32.71,2.94,0.46,32.73,74.33,2230.48,82.48
145.76,20.65,39.58,5.55,27.19,0.8,2.64,28.28,58.69,256.37,63.11
149.56,14.95,92.31,6.77,23.92,2.17,2.62,21.03,67.32,2164.77,70.72
79.49,50.92,138.58,7.3,11.31,1.88,0.41,12.03,66.35,789.16,74.03
42.08,92.81,192.98,4.93,32.49,1.96,6.16,30.61,68.1,2384.98,53.38
104.25,39.2,157.9,7.93,50.16,0.96,1.03,27.11,99.3,1366.73,68.59
184.28,4.34,32.29,8.72,10.76,2.0,0.8,12.83,43.45,650.96,52.69
127.92,70.62,54.54,7.25,45.62,2.15,0.79,34.47,44.6,2519.41,69.52
34.58,29.11,15.76,6.9,19.73,1.55,5.19,18.92,48.97,2881.75,59.08
136.55,24.51,27.13,5.42,25.97,2.25,1.44,11.2,92.19,1466.5,68.42
85.44,32.43,50.14,9.41,59.34,0.75,4.67,10.39,64.28,1228.29,47.05
118.31,72.38,39.91,8.4,42.14,1.84,1.69,28.89,94.25,1945.51,61.98
146.81,81.88,42.73,6.62,44.55,2.54,6.71,42.49,80.6,731.95,59.83
102.99,58.81,46.15,7.78,38.13,1.35,1.58,39.67,40.1,2809.45,70.78
162.8,32.25,60.14,5.69,22.73,1.5,3.5,13.56,65.66,1926.08,66.91
144.43,31.05,25.12,3.89,42.13,0.66,4.46,21.14,26.46,2209.68,49.66
123.01,12.43,55.57,4.83,30.15,2.2,7.05,20.96,64.7,2358.79,64.24
30.16,93.33,137.68,4.02,50.76,0.52,1.8,39.84,35.27,2400.94,43.54
167.19,63.81,47.28,6.8,36.41,1.8,5.0,38.01,52.9,2241.53,64.19
187.18,2.7,34.37,7.54,47.42,0.82,0.35,43.8,66.11,846.99,53.1
27.39,66.24,13.54,5.97,51.67,0.76,6.22,28.22,35.39,1986.02,52.11
97.65,44.72,99.99,6.95,50.16,0.43,4.26,10.49,80.19,1823.93,65.42
51.78,97.26,168.4,4.06,27.12,1.32,7.57,41.58,58.34,2751.76,44.54
150.9,81.91,11.8,8.5,25.28,3.05,6.23,11.25,89.89,2232.77,57.35
144.33,17.13,108.47,3.71,52.8,2.16,3.27,39.11,44.8,1678.33,55.56
28.18,72.01,130.12,7.62,12.87,2.75,3.38,28.16,81.28,2768.35,65.3
175.41,48.56,118.49,6.32,20.37,0.49,0.15,43.8,21.94,2586.36,64.54
36.19,18.7,175.52,4.69,11.66,1.17,6.72,18.49,64.2,880.22,49.67
159.45,69.87,173.28,6.9,7.32,1.42,6.46,27.94,87.69,2772.81,57.33
91.4,54.74,11.46,8.58,38.87,3.02,4.59,10.47,86.48,1392.35,69.67
65.65,3.04,72.19,6.19,54.54,2.36,3.07,31.03,65.27,824.37,70.44
31.65,64.66,134.17,5.89,12.12,1.77,6.46,12.36,69.68,507.83,57.51
33.52,63.5,190.49,4.43,48.76,1.12,4.92,12.29,81.33,2054.02,51.57
132.38,14.41,160.94,7.36,25.86,2.68,1.6,35.5,63.41,1932.62,73.83
110.09,34.9,35.32,8.88,39.0,3.12,2.01,16.48,84.12,1796.01,71.2
24.42,58.59,55.84,7.15,47.01,1.93,4.88,44.22,68.14,2476.46,60.04
22.54,13.88,152.72,4.57,44.05,0.25,5.46,23.87,32.09,2947.6,43.61
14.46,85.27,94.29,7.8,12.52,1.02,0.99,26.92,81.36,396.85,62.0
148.75,2.75,109.46,3.7,11.35,2.64,6.73,21.01,48.64,2479.71,54.62
142.38,10.28,121.8,8.95,55.83,1.42,4.08,19.75,90.73,2157.5,51.4
11.69,11.61,20.66,9.49,9.37,2.23,1.68,40.6,50.81,1383.99,47.68
112.05,52.81,171.19,7.38,17.01,1.88,4.57,41.26,39.45,1037.0,70.37
16.94,62.01,172.63,9.23,29.11,3.19,7.02,17.3,44.24,1869.81,59.5
180.75,40.37,93.65,4.05,50.16,1.14,0.54,11.38,34.59,2168.59,62.75
181.42,28.87,125.37,4.98,38.14,1.62,1.85,19.71,55.88,1488.53,64.9
139.65,80.93,131.98,5.56,36.42,0.32,4.55,38.87,79.85,761.64,53.46
185.24,6.83,37.94,8.53,43.06,2.84,0.11,27.43,72.81,2161.32,62.8
162.29,28.03,22.52,6.65,49.12,1.21,1.52,37.61,89.72,384.26,59.75
165.71,3.91,4.13,5.76,17.79,2.55,1.97,39.16,21.64,580.23,58.91
113.94,1.39,182.58,4.53,6.04,0.11,7.08,38.68,80.79,1798.6,41.3
61.21,35.34,69.14,8.77,12.0,3.05,4.24,30.39,68.68,1353.35,68.92
43.56,19.48,17.17,3.63,14.08,3.4,5.09,15.97,97.18,1824.31,56.93
65.44,26.84,93.16,5.69,7.2,1.7,0.12,32.11,86.49,2425.97,70.8
125.7,82.09,15.13,5.08,46.11,1.74,3.16,20.62,42.45,2385.39,57.67
34.53,16.3,17.05,4.34,53.67,2.2,3.63,36.75,89.13,1745.5,50.18
51.73,78.02,97.78,4.62,44.09,3.42,6.73,17.16,90.03,2594.77,68.29
93.61,67.51,101.77,6.71,15.37,2.0,1.64,32.62,85.97,981.46,83.63
46.61,32.64,116.03,6.27,38.35,0.35,0.62,13.0,62.05,1577.2,69.23
117.73,54.66,131.26,6.87,33.63,2.02,6.62,38.07,87.95,1935.56,71.74
184.64,44.44,133.65,8.23,50.1,1.52,1.78,21.02,45.22,1335.09,54.77
149.62,12.84,86.6,9.3,56.83,2.69,5.56,44.04,47.9,2759.43,51.03
133.29,90.72,128.71,4.27,45.86,1.13,0.82,26.1,71.85,2945.71,57.2
116.54,56.96,60.95,4.04,33.19,3.24,5.41,19.0,22.18,16.41,66.56
97.59,88.02,88.26,5.58,33.11,2.82,3.44,14.4,72.09,2437.91,71.69
37.31,82.38,78.67,7.05,49.43,1.21,7.43,44.54,45.64,2991.38,51.94
178.94,7.98,65.82,4.15,11.74,1.3,1.68,23.99,91.67,2601.55,46.77
49.71,20.73,47.71,8.15,13.43,1.86,0.63,33.35,53.05,2653.52,59.76
18.26,14.53,15.69,7.11,23.89,0.44,4.31,21.24,79.89,2631.95,50.94
150.0,83.08,101.18,8.36,46.09,2.45,7.35,17.91,41.81,239.39,65.88
35.12,86.24,107.46,5.83,8.63,2.17,1.71,30.0,46.34,514.04,67.12
74.38,52.8,67.23,6.11,23.94,1.18,6.7,23.85,34.84,1028.6,68.86
5.66,10.42,195.17,8.75,22.52,2.27,2.78,26.84,39.29,627.11,57.42
27.41,13.56,111.39,5.24,31.72,0.43,0.88,34.69,28.64,1608.85,61.58
34.64,81.35,177.8,5.98,30.5,3.34,4.76,19.89,69.36,783.24,70.52
10.88,92.92,114.02,3.59,44.29,0.33,4.22,15.4,87.22,486.16,41.33
131.33,19.95,37.98,7.11,39.41,1.22,6.72,28.81,42.71,563.79,64.24
167.4,1.11,194.92,9.03,54.65,3.4,0.91,14.06,44.16,2230.43,58.61
74.66,33.1,177.07,3.68,14.94,1.45,5.2,33.66,92.72,544.88,58.18
174.92,3.05,94.25,7.49,28.76,3.11,5.0,30.69,27.27,1493.46,65.3
42.67,82.8,48.61,9.0,27.01,0.61,7.96,18.2,27.33,2684.28,45.39
65.08,49.15,44.53,6.71,11.19,0.33,2.69,19.43,81.65,1626.03,64.64
30.15,64.19,161.2,5.53,14.07,0.47,0.45,16.52,40.06,588.04,55.54
124.11,41.15,13.82,9.98,23.51,3.4,3.35,41.21,62.49,1274.53,61.15
83.97,34.55,127.61,3.92,45.41,0.4,3.77,21.14,56.63,2107.23,56.46
122.66,22.22,128.03,4.87,13.26,2.32,3.01,41.87,64.41,1574.77,70.97
152.33,77.05,36.49,9.25,19.59,1.6,5.08,10.79,26.83,2299.09,55.14
109.14,69.55,140.98,5.43,42.2,3.03,2.2,23.74,50.37,287.14,75.92
125.53,36.07,141.08,8.83,37.82,1.1,1.55,41.67,71.22,1019.47,53.81
187.05,32.11,70.01,5.67,10.74,0.2,3.68,35.08,37.91,476.9,53.52
59.81,0.12,96.68,8.78,56.9,2.65,5.84,12.12,32.02,2810.8,59.1
71.83,6.36,166.55,7.96,13.14,2.1,7.14,27.32,55.12,659.77,59.37
143.54,62.33,104.63,6.55,8.38,1.58,5.34,14.46,95.49,2395.23,61.4
122.26,51.46,123.63,6.9,21.73,1.2,3.08,14.96,95.88,574.86,71.1
35.71,43.48,82.55,4.65,6.46,3.16,6.0,25.53,88.0,2694.22,58.18
75.23,82.75,29.92,4.25,6.69,0.51,1.59,40.64,40.61,274.68,53.51
93.57,50.39,199.61,8.16,36.83,0.58,6.04,22.75,75.5,896.25,62.54
83.88,38.45,106.31,9.02,54.11,0.15,3.9,33.96,96.96,395.28,54.88
35.65,16.13,67.29,8.19,27.14,0.35,2.24,17.95,74.36,972.95,59.57
184.89,82.07,142.76,9.43,21.62,3.01,5.57,24.11,68.9,1562.25,54.5
152.46,57.62,124.16,9.29,55.3,2.8,3.39,14.04,29.38,2911.4,57.24
96.27,9.25,46.58,8.56,8.38,0.45,5.0,14.71,79.86,951.79,56.21
136.01,64.89,175.39,9.34,31.03,2.75,5.34,32.87,81.41,751.08,59.07
179.46,42.51,14.18,4.59,18.89,2.28,3.21,10.41,33.7,1924.85,60.0
27.23,81.14,121.14,8.25,25.99,1.42,7.89,34.98,51.88,980.05,54.88
50.07,91.89,95.58,8.4,27.59,0.39,3.71,40.25,65.43,957.58,52.97
108.54,60.05,63.64,4.5,34.98,2.15,7.87,18.89,39.82,2880.78,65.09
159.8,73.16,165.28,9.41,29.93,2.95,1.96,40.59,98.63,651.33,66.04
7.25,5.66,131.26,3.56,59.34,1.53,1.42,35.63,33.33,371.46,43.68
196.8,56.03,151.9,6.32,6.4,1.54,5.08,38.83,97.2,2717.59,55.62
90.98,75.53,82.93,3.64,46.67,2.91,4.42,37.54,33.22,1900.8,67.13
71.85,49.68,188.48,6.9,7.8,0.82,4.37,10.05,59.6,1931.97,59.7
58.54,59.36,68.94,6.18,28.71,0.69,7.96,33.75,98.97,2093.36,64.2
34.87,89.89,106.21,7.55,16.1,2.46,0.11,25.73,35.61,1213.98,74.35
158.31,19.81,186.73,8.48,56.99,2.33,3.68,44.6,79.01,1561.48,46.92
191.08,9.82,16.64,8.5,44.74,3.2,2.52,30.31,60.83,2282.09,53.9
82.73,69.06,21.76,8.19,30.46,1.24,3.48,31.13,53.76,1671.53,65.13
190.48,82.28,198.84,4.16,57.37,0.79,7.51,44.99,53.33,1776.87,36.61
164.76,85.05,194.28,6.21,44.67,1.56,6.49,19.38,64.6,2844.34,52.33
96.21,64.16,154.34,8.8,57.36,1.4,1.69,36.98,81.35,1225.39,68.56
134.81,83.32,96.84,7.75,43.75,3.29,5.66,11.94,46.08,924.82,73.52
87.0,70.07,101.21,7.93,9.27,3.22,4.68,27.21,99.66,319.5,71.99
111.74,8.74,51.44,4.98,38.9,1.56,3.32,32.04,92.55,287.63,57.43
11.61,76.2,86.55,5.61,58.92,1.5,2.8,17.24,59.33,1319.48,59.72
139.25,17.94,86.27,9.71,16.78,1.61,4.83,26.61,62.78,938.46,59.93
10.56,23.66,7.22,9.01,48.6,2.59,3.81,25.98,77.93,1556.22,54.71
163.42,39.47,90.63,4.57,15.15,1.97,4.44,19.85,43.57,167.51,64.16
164.99,31.46,95.96,7.04,29.87,1.08,6.21,31.29,59.91,2046.51,63.87
47.42,32.17,133.16,6.69,9.66,2.71,7.74,33.7,47.51,12.29,68.08
64.73,16.93,103.29,6.38,23.73,3.17,3.35,13.07,54.01,32.97,74.53
96.26,29.39,172.34,6.56,47.69,2.54,3.47,15.42,84.16,298.32,75.8
119.33,1.97,73.51,7.68,7.49,0.76,6.74,43.5,60.54,77.18,48.31
57.47,47.29,81.94,9.79,22.61,2.79,1.13,11.38,86.78,868.34,69.63
118.5,76.86,114.3,9.19,39.64,3.46,6.43,13.8,35.41,2570.75,66.73
59.56,86.22,40.54,9.19,57.17,2.43,3.19,38.44,73.08,450.69,55.58
11.1,82.04,78.7,8.07,18.49,0.93,3.38,38.31,88.95,2482.81,48.1
0.51,41.65,137.23,3.61,14.52,0.12,2.44,43.4,34.94,1664.95,41.53
20.23,73.04,82.36,6.36,16.2,1.41,1.07,40.31,58.37,391.27,61.33
158.45,28.79,181.32,6.82,18.02,1.7,5.99,17.58,92.44,2691.58,53.14
192.29,5.56,123.06,8.98,40.11,3.19,7.2,33.82,96.13,1547.46,49.84
85.39,67.6,30.75,9.5,59.93,2.21,4.07,16.93,81.16,1708.62,60.7
102.54,64.88,97.49,6.44,33.8,1.06,1.62,38.85,72.66,1636.01,84.03
29.37,80.16,152.96,5.45,19.93,2.45,2.55,28.28,33.89,2553.53,64.91
110.21,61.61,128.67,5.69,46.08,0.41,0.77,26.23,98.1,2415.47,69.73
28.93,15.69,177.05,7.26,13.7,0.83,6.66,27.53,21.26,313.01,50.93
122.24,85.32,150.0,5.29,6.65,2.63,4.21,10.85,63.18,1862.72,63.38
186.65,62.73,12.32,9.42,38.29,1.11,7.83,35.07,34.92,2912.66,38.23
39.14,80.76,22.5,6.22,16.57,0.21,6.2,15.85,95.67,2022.7,48.95
152.91,77.41,129.95,9.94,26.96,1.79,5.84,14.8,72.9,2574.11,47.59
4.7,29.79,47.68,4.21,17.71,2.34,3.56,20.54,90.26,640.28,56.79
75.1,7.46,117.57,4.72,55.49,2.78,2.86,27.14,54.63,2010.81,73.41
22.15,17.65,158.44,6.83,23.59,1.14,2.28,27.82,79.04,2020.51,61.3
70.5,9.29,115.39,9.14,29.7,1.54,7.91,33.0,76.35,277.65,55.08
34.71,24.34,83.1,5.8,17.92,1.99,1.92,12.3,88.95,1153.18,69.72
74.66,45.95,129.25,8.94,9.67,0.35,1.26,21.85,23.5,1190.05,60.12
83.5,90.68,28.72,6.27,33.19,0.77,3.82,18.56,63.01,2243.07,60.66
60.12,87.2,144.64,9.04,52.78,1.36,4.19,24.1,80.36,1676.94,51.69
131.32,71.86,139.41,5.3,24.34,1.01,1.5,27.82,98.68,505.1,71.14
183.77,2.41,102.88,6.57,47.95,1.68,2.86,39.73,76.56,1028.36,60.45
80.12,34.14,55.76,5.31,6.79,2.31,2.41,40.11,67.83,115.17,62.88
38.47,68.23,159.51,4.9,17.95,1.93,5.96,28.72,61.18,1027.32,63.29
54.14,12.9,102.11,6.24,12.23,2.73,3.96,37.51,45.38,98.7,70.0
170.8,80.11,11.84,5.68,27.16,2.23,6.24,24.13,30.88,2953.58,55.22
114.33,91.46,183.72,8.62,54.19,1.09,0.83,44.58,93.8,2389.98,51.96
91.0,35.41,153.54,8.36,25.54,0.51,2.6,14.42,34.78,2875.75,62.3
29.93,70.58,116.96,5.83,38.18,2.27,2.46,15.01,77.49,1341.56,67.44
89.95,14.82,87.37,9.95,54.4,0.82,3.72,20.26,83.14,1095.23,57.8
55.7,69.08,191.98,9.83,24.79,1.18,3.28,13.65,88.68,2937.45,47.23
188.63,2.15,155.0,9.47,25.12,2.8,2.16,10.19,45.54,2570.15,47.5
176.81,15.08,107.0,7.31,9.84,0.85,6.56,21.44,90.86,2083.07,48.11
16.78,70.99,130.63,6.18,24.2,1.93,7.26,11.62,60.52,1084.88,61.01
103.33,71.19,56.15,5.53,46.04,0.42,6.22,30.38,34.11,729.39,61.43
45.01,64.12,39.14,3.6,51.45,1.52,5.63,39.24,28.24,1476.99,51.31
82.16,47.74,54.66,7.61,44.75,3.43,4.75,16.38,27.36,704.23,74.24
175.37,67.49,58.63,7.1,5.38,3.34,2.75,31.03,72.1,530.73,64.32
105.5,77.38,147.95,7.59,11.43,3.32,7.36,18.46,77.81,960.46,74.14
66.84,96.65,28.01,7.24,45.2,2.12,5.22,28.54,56.82,336.87,65.45
41.58,88.86,155.52,4.4,56.83,1.1,7.13,28.71,34.34,1493.63,47.01
160.06,79.45,104.68,8.02,43.24,1.31,3.68,11.8,95.92,2417.63,55.55
124.9,69.48,76.91,5.84,17.44,0.8,3.36,42.55,53.34,2843.44,61.19
93.61,57.42,60.08,6.86,10.92,0.43,0.71,16.22,26.15,1259.96,64.87
43.5,12.06,102.64,5.88,53.24,0.67,2.77,30.16,39.4,2886.54,55.89
66.85,16.56,63.5,3.64,10.45,1.69,3.15,26.03,68.28,2123.18,54.14
191.97,82.03,85.89,9.2,13.31,0.19,4.0,38.15,58.01,176.12,44.59
104.02,80.33,147.8,4.47,37.82,3.29,3.85,23.19,60.3,1261.55,74.02
80.14,61.45,125.2,7.28,15.45,2.01,7.35,35.54,41.79,2879.51,69.68
104.28,43.88,149.6,9.24,17.52,0.69,4.11,37.1,20.14,739.49,61.94
155.8,2.6,142.59,4.94,12.82,1.52,6.78,15.78,31.31,267.79,46.79
68.02,32.72,163.01,6.18,56.94,1.38,1.11,33.55,95.13,867.17,63.56
35.74,42.06,40.34,5.96,11.87,2.94,4.62,25.29,67.05,1810.01,71.31
116.99,48.58,199.02,4.08,56.22,0.51,4.35,43.42,33.2,2470.19,47.91
133.04,92.93,95.15,6.25,22.94,1.56,1.33,44.58,34.98,1460.14,72.23
142.54,10.87,143.65,6.62,50.19,2.52,2.04,34.52,93.31,1882.78,67.65
176.4,51.89,135.55,3.67,57.25,1.37,4.05,29.73,37.19,2667.67,44.03
74.23,36.79,113.23,6.67,33.56,1.32,4.22,21.11,26.9,1875.28,72.37
15.07,99.01,199.16,4.11,47.36,1.26,7.21,19.19,95.22,1592.98,37.6
191.67,86.19,43.46,9.3,19.63,2.69,1.4,26.77,39.47,174.76,57.63
87.0,43.88,84.35,7.73,26.06,0.51,2.51,28.74,89.58,2002.34,72.95
124.65,99.97,25.55,3.87,35.41,3.01,2.0,29.09,82.49,1638.98,68.02
133.26,51.41,36.37,8.88,51.78,0.34,6.28,38.3,46.35,2491.08,49.48
109.3,16.71,142.59,5.85,39.14,1.18,1.81,39.51,98.17,1576.38,66.4
41.05,55.59,0.97,4.97,6.22,1.42,7.2,22.38,94.75,847.38,52.13
151.03,22.62,177.96,5.15,21.76,1.44,7.45,27.9,44.43,533.38,53.58
160.75,63.63,126.64,7.39,52.57,0.74,0.98,36.51,37.79,2060.71,63.83
110.6,93.74,88.18,4.03,18.21,2.15,1.81,40.51,24.09,1356.38,63.91
97.71,78.62,66.27,3.88,25.24,1.64,3.14,15.25,93.64,1966.34,63.86
22.79,27.32,25.25,7.58,26.43,2.03,6.95,36.14,90.51,2486.74,48.71
16.79,29.69,184.31,9.88,13.49,2.19,1.06,42.17,74.75,970.22,50.61
67.91,6.93,142.46,6.64,24.24,0.75,2.82,18.78,93.25,1887.51,67.26
62.17,28.59,67.28,6.19,49.96,3.23,5.64,27.11,43.07,2788.96,70.55
190.73,9.26,14.19,9.66,51.7,2.92,5.81,10.1,28.41,632.89,41.61
156.72,49.94,65.14,5.07,36.95,2.92,2.92,38.78,82.45,2572.28,74.28
131.98,70.83,36.93,5.06,42.33,1.91,7.71,39.49,98.13,545.04,53.22
103.53,75.12,157.25,9.38,34.4,2.89,2.88,41.98,40.35,1081.29,65.5
33.47,5.95,143.92,7.71,7.43,2.23,4.95,35.56,37.73,1287.63,52.23
195.69,34.0,99.63,3.85,43.32,1.63,4.96,21.86,95.17,1804.65,58.7
75.01,28.82,177.17,7.88,59.81,2.66,6.42,16.33,77.57,529.58,53.88
21.39,10.43,36.14,8.83,17.53,2.14,2.92,21.83,42.63,1465.44,55.85
98.76,36.25,90.39,5.28,59.02,0.11,3.34,17.96,64.86,2828.52,59.18
174.8,29.93,142.12,5.99,59.88,3.49,3.4,13.79,58.21,1013.42,67.9
177.46,63.45,13.56,4.78,12.78,1.56,0.56,26.31,78.72,665.54,63.21
2.19,88.33,74.54,7.62,55.94,2.04,5.89,17.15,53.93,141.29,50.77
177.26,45.48,114.33,7.82,42.15,1.48,6.17,12.28,52.52,2117.87,58.17
54.3,74.67,73.36,3.95,30.65,0.44,6.58,29.47,88.07,1510.77,50.38
7.79,14.6,96.04,7.91,23.96,2.94,5.74,29.93,76.57,1584.81,66.09
169.56,89.5,121.62,7.78,39.64,2.42,4.78,27.78,77.55,2929.17,60.75
172.77,15.26,73.68,3.73,51.35,2.92,4.56,16.15,41.75,740.51,56.62
119.25,19.21,21.2,7.11,6.88,1.75,5.19,24.63,56.45,2513.48,65.57
114.89,10.65,27.89,7.49,34.45,2.79,0.16,34.6,67.56,519.31,75.32
162.62,30.97,105.4,6.3,40.76,2.81,3.64,35.21,40.74,1371.63,70.73
157.26,55.24,34.95,9.36,6.41,1.24,0.41,31.05,99.44,1963.26,52.62
178.02,98.8,177.97,5.63,53.9,0.11,3.96,39.15,55.88,2550.36,48.73
110.55,79.34,166.84,3.94,57.35,3.02,1.28,31.6,49.53,2169.25,67.62
193.53,38.04,69.81,7.87,38.69,0.73,0.17,12.07,88.11,1876.96,56.91
199.23,57.58,166.2,7.43,11.44,3.05,5.87,36.95,39.81,52.17,55.02
23.31,62.33,106.64,9.93,56.28,2.2,5.67,23.49,84.19,1679.55,49.05
169.91,82.27,31.81,5.0,49.28,2.26,3.15,17.73,95.43,1104.97,60.08
99.96,73.65,122.84,6.07,6.57,0.94,0.62,11.22,77.63,2903.05,66.08
77.51,56.93,135.89,6.5,36.85,1.47,7.8,21.34,59.82,979.83,70.69
122.61,66.92,16.78,9.1,11.3,1.16,1.29,31.4,29.92,310.5,57.24
11.19,74.59,62.89,6.19,12.76,0.75,3.96,39.86,76.05,434.0,56.57
101.29,13.31,1.08,8.52,15.59,2.56,2.25,20.95,86.79,2072.16,61.27
174.18,20.05,63.29,4.52,26.79,0.43,1.15,27.76,53.18,1237.24,69.38
42.69,68.86,67.09,6.16,53.2,1.84,4.15,15.49,81.23,1189.54,61.67
85.28,85.04,126.04,4.51,6.71,1.92,1.65,25.77,63.21,1139.54,69.87
187.9,40.93,39.81,9.67,42.91,3.35,2.95,19.94,82.09,2878.6,56.77
85.71,97.99,6.02,4.66,58.05,3.06,4.89,15.11,41.46,433.13,57.1
71.67,21.61,63.13,6.22,40.27,1.77,3.16,27.15,20.43,2529.96,73.76
88.11,41.67,165.12,4.03,49.86,2.97,4.2,43.29,99.69,2566.53,64.02
103.89,37.85,79.83,9.49,54.6,2.79,1.93,31.38,33.41,1976.07,63.56
126.4,93.03,83.02,7.55,44.31,0.19,5.6,35.13,90.31,792.94,54.97
160.14,28.54,93.81,9.76,41.29,3.24,5.11,17.72,27.1,1862.36,58.97
90.42,47.08,150.36,3.77,5.99,2.44,5.57,24.98,72.19,207.85,62.11
163.5,18.72,96.0,4.64,33.54,2.38,2.78,40.57,24.49,2798.62,57.62
106.74,52.13,18.26,5.97,30.81,2.53,7.53,25.08,73.65,2002.43,70.26
67.7,85.74,41.28,7.54,33.75,0.86,5.03,20.79,28.5,429.26,60.58
131.59,30.4,37.58,5.64,28.79,0.2,1.11,15.54,68.37,2337.55,65.41
143.54,81.08,101.57,8.13,54.86,0.89,7.8,30.37,48.93,938.68,53.76
111.61,91.13,5.99,4.57,53.9,2.8,4.59,12.48,62.03,120.63,56.55
11.32,7.3,56.72,7.4,11.91,2.13,5.62,16.57,24.0,694.17,55.34
33.98,75.64,121.44,6.09,34.31,1.33,3.04,17.08,48.27,1949.4,64.09
57.06,25.53,70.93,6.8,57.78,0.92,3.59,11.33,82.42,1955.37,51.75
56.53,17.53,141.54,7.2,37.93,2.82,5.89,13.28,82.03,2865.37,67.71
134.68,60.11,78.24,3.89,49.09,1.66,6.94,24.84,72.88,1130.29,63.58
3.67,70.56,195.85,9.51,25.53,2.18,7.69,10.27,96.02,2341.66,42.39
151.14,39.48,193.07,8.61,25.75,0.14,7.92,26.2,73.04,1450.31,52.65
53.07,3.92,159.97,6.38,22.91,1.56,4.8,43.92,47.62,2242.87,60.52
62.0,90.87,190.88,7.06,6.2,0.15,0.79,25.93,74.0,1507.17,58.14
105.58,73.07,40.96,3.71,55.87,2.78,4.67,38.38,48.49,1403.35,65.0
43.19,27.17,150.18,6.74,24.23,0.95,1.71,10.1,68.37,1151.19,62.38
176.89,49.69,64.33,6.27,25.19,0.67,5.22,36.02,73.54,105.9,58.05
17.07,2.78,145.06,5.93,46.78,3.25,2.75,26.09,56.44,2531.02,67.78
88.88,33.93,74.78,8.8,33.98,0.16,4.22,20.24,98.68,1894.05,60.63
169.88,52.25,57.88,4.68,24.91,0.77,5.32,10.13,27.9,1440.78,56.92
123.17,51.72,191.76,4.65,53.6,0.92,7.28,30.55,60.55,1645.73,55.79
58.47,20.82,41.98,6.89,50.4,2.9,6.36,37.17,91.67,593.37,68.82
84.15,77.67,151.71,7.97,58.72,2.51,0.27,15.95,55.17,2855.32,64.24
141.34,29.89,134.93,3.65,40.26,3.39,1.31,37.54,69.04,807.91,72.99
194.65,58.04,60.7,7.05,42.96,2.46,6.96,40.46,52.84,2.01,56.68
178.63,27.15,91.67,5.44,22.85,0.9,5.97,36.4,96.53,1793.81,53.86
68.49,42.52,28.59,8.42,10.48,0.67,1.27,38.36,98.13,2469.25,50.82
199.64,20.75,184.24,6.55,10.83,2.67,4.75,33.29,35.04,1890.18,60.55
0.7,63.3,193.62,8.92,40.53,3.16,4.74,37.67,94.69,845.24,51.25
5.53,42.56,146.49,6.08,11.23,3.2,6.22,40.34,61.07,1250.37,63.6
164.77,1.61,169.88,8.88,54.86,2.72,6.53,28.41,65.92,2121.43,58.38
39.89,2.82,16.52,8.16,43.71,2.8,5.42,39.11,95.49,2049.64,47.34
12.15,47.11,76.79,8.88,17.44,2.35,5.73,37.65,78.92,1375.2,59.03
47.43,18.32,66.16,8.78,20.36,2.6,5.37,16.81,70.39,16.04,61.27
85.22,58.5,112.99,6.66,44.05,0.49,1.29,20.05,90.26,1677.61,73.59
146.11,40.82,36.67,5.89,50.33,1.22,5.51,40.7,72.65,1318.75,65.26
124.87,65.44,112.68,8.47,51.17,1.66,3.82,23.87,26.1,938.99,65.01
47.52,95.24,130.87,5.85,38.06,2.36,7.82,44.9,75.68,2156.16,60.02
100.65,52.87,26.47,4.08,13.54,1.52,5.7,33.1,95.4,1193.2,57.9
185.24,78.74,26.34,9.08,50.01,1.37,3.06,11.63,62.58,1639.9,51.08
163.0,75.3,7.08,6.08,48.54,2.02,7.29,23.54,63.1,524.55,56.36
64.64,92.18,152.18,4.36,50.94,1.44,1.92,37.71,42.23,421.64,57.73
196.45,21.4,66.2,7.7,13.67,0.35,3.79,22.92,65.0,1406.6,54.39
141.72,82.73,45.08,9.28,42.64,3.4,0.6,23.17,95.02,437.67,69.12
12.49,90.55,155.62,9.1,57.81,3.25,5.07,22.05,42.66,2773.94,47.75
7.03,39.28,28.65,7.1,19.08,0.23,4.51,21.53,97.45,1597.33,49.8
33.68,31.38,85.44,4.07,44.42,1.9,4.09,16.79,76.71,1656.54,57.66
145.57,95.2,148.96,8.03,19.24,2.52,1.73,16.63,37.49,2080.77,65.37
36.75,62.76,114.77,7.46,21.89,2.17,4.01,37.79,76.36,1532.61,66.6
102.3,38.07,110.8,4.87,31.69,1.3,3.73,31.54,53.88,1893.49,73.93
18.65,79.18,31.49,9.35,54.22,2.83,0.27,19.57,66.93,746.92,59.86
184.18,30.45,36.19,4.06,7.13,2.19,1.38,37.39,88.89,658.12,48.18
68.79,17.64,116.51,5.92,59.43,0.91,7.22,30.85,37.21,194.2,54.85
181.63,54.4,4.71,4.11,47.46,2.18,6.33,26.69,55.84,1367.98,52.87
188.98,56.62,173.82,9.43,24.79,1.03,1.05,31.64,55.06,1295.36,58.84
1.23,82.57,70.09,3.73,24.48,2.13,7.78,20.64,75.18,2711.7,54.46
92.83,45.7,83.32,6.27,31.56,2.7,3.78,35.94,25.46,402.89,80.53
4.93,81.46,51.69,9.1,53.15,1.13,6.03,18.27,34.93,1865.23,47.36
181.74,31.13,175.33,5.13,5.99,1.06,4.38,29.49,55.24,741.29,53.41
103.68,57.54,128.5,4.18,35.15,2.57,6.14,39.54,63.57,2416.86,66.95
14.99,20.85,89.98,4.33,8.08,1.83,5.33,28.3,23.47,460.41,53.07
22.06,38.54,117.06,6.13,11.36,0.57,0.61,27.76,55.47,220.5,64.73
76.7,85.75,76.07,6.29,42.99,1.96,7.32,32.68,69.66,1047.11,70.79
188.05,21.6,93.12,8.17,17.89,2.35,6.17,20.99,30.86,2361.89,52.14
138.58,81.02,71.53,5.05,7.29,1.77,1.85,44.62,55.34,616.73,62.07
173.52,28.29,82.13,8.06,14.03,2.22,1.89,34.55,79.15,856.3,69.13
73.29,3.45,63.0,9.99,16.48,1.34,5.52,21.75,27.17,1945.5,52.23
8.64,10.99,15.53,9.12,47.34,3.08,5.64,32.2,69.6,1061.99,51.74
194.86,74.59,7.47,7.63,39.37,0.92,0.79,40.73,50.66,1931.95,53.85
3.43,26.21,34.82,9.61,45.43,1.06,7.25,39.49,56.06,2193.8,37.86
189.53,65.41,50.33,9.94,25.34,2.73,6.0,43.07,48.83,730.15,52.8
73.74,69.92,178.09,7.21,11.22,0.3,7.87,15.39,26.73,1340.46,54.15
2.02,34.51,122.25,5.28,49.29,3.46,3.52,21.14,67.86,775.83,67.23
137.83,47.49,191.66,9.45,12.72,2.24,0.78,43.07,54.0,2173.56,55.12
196.11,40.38,67.93,8.99,26.05,2.85,7.25,32.8,87.21,1529.77,54.16
193.13,94.73,80.35,4.05,19.43,2.09,6.52,42.08,78.59,210.48,48.97
32.19,31.99,143.95,9.59,21.31,2.77,0.1,18.92,66.38,2248.52,65.08
36.25,18.33,115.58,5.88,38.1,1.58,4.29,35.97,38.95,2369.92,64.54
113.11,36.56,105.58,5.59,14.04,2.06,0.16,28.03,58.83,844.4,78.64
127.46,66.95,115.11,5.73,29.52,2.35,2.88,32.78,82.22,1881.74,73.77
147.88,69.74,116.83,5.58,40.13,3.17,6.97,29.82,29.4,2843.82,70.13
36.21,92.41,153.15,6.85,52.79,0.22,5.42,35.59,29.49,1044.86,50.23
191.8,88.18,133.62,7.27,25.42,0.47,6.82,17.19,37.53,2609.07,47.43
127.75,28.83,191.46,6.27,22.53,2.45,4.5,44.15,90.91,2875.31,62.82
169.41,45.52,189.59,6.18,25.23,1.27,6.22,27.86,60.71,1466.36,60.94
108.01,74.73,84.38,8.29,32.54,2.4,3.94,38.7,98.08,710.29,73.32
82.86,91.65,7.14,3.52,22.22,0.87,4.07,10.71,90.86,459.88,48.52
195.44,33.72,2.21,9.65,18.77,2.24,4.82,15.3,38.45,1504.78,48.82
116.42,44.44,24.64,8.14,25.64,1.73,1.21,21.66,98.87,2703.98,70.42
173.37,89.95,14.98,8.1,47.78,0.52,5.18,34.83,59.22,1967.83,42.88
190.66,35.85,74.67,6.24,18.9,3.26,6.86,20.81,89.63,2314.59,71.86
135.07,48.05,10.57,9.78,51.45,2.79,1.36,37.18,58.06,1325.77,59.37
109.79,90.45,124.98,3.5,20.68,2.76,3.08,14.6,95.69,948.96,64.84
0.7,80.22,38.03,4.0,38.17,2.47,7.37,25.54,79.49,2926.22,53.54
8.0,24.34,102.79,8.73,58.4,0.17,2.56,21.17,62.22,625.17,49.63
40.17,32.48,20.62,8.3,57.35,1.82,7.01,13.44,75.99,2806.88,46.33
37.2,35.3,165.55,5.26,28.9,2.65,5.17,35.39,38.14,2658.37,63.25
50.95,91.27,155.99,7.37,8.71,0.84,6.76,40.73,88.39,357.14,51.26
60.99,99.89,77.3,6.96,54.64,2.19,1.23,40.62,41.85,877.23,63.83
72.01,77.4,182.12,6.93,11.98,3.26,6.32,19.31,67.49,2510.05,65.54
84.11,48.43,37.14,7.37,55.8,2.66,0.33,43.85,99.3,920.32,74.07
19.77,1.02,162.79,9.96,45.29,1.96,3.22,38.02,24.24,1672.6,43.66
8.47,69.75,109.17,9.92,56.38,1.15,2.31,18.37,33.82,1705.6,45.64
134.79,38.94,65.92,9.88,41.6,2.26,5.17,40.69,74.95,2182.98,57.44
107.47,63.3,16.87,7.07,59.73,2.53,6.14,16.69,70.95,2828.72,60.31
88.83,60.67,34.26,5.57,30.69,2.27,2.83,15.19,77.94,53.07,73.8
126.89,48.08,172.57,7.14,23.13,2.67,6.71,40.8,21.56,2799.67,64.18
165.54,94.44,121.38,7.55,26.63,1.05,4.46,42.36,74.6,2499.8,54.55
85.54,2.31,47.42,5.52,24.27,1.83,6.05,25.84,95.3,357.53,61.48
128.22,71.21,99.17,7.61,27.04,1.97,5.83,32.86,52.08,2030.2,73.2
190.71,40.98,21.57,7.54,53.69,0.41,1.19,21.21,59.21,2016.11,54.85
167.92,71.38,19.77,9.37,37.56,0.7,5.88,36.78,76.04,833.28,45.46
85.2,67.52,181.55,5.04,44.91,1.14,6.63,39.3,90.44,2315.68,52.02
128.94,1.02,91.57,8.03,20.83,0.26,0.38,17.03,80.28,2616.47,58.15
35.41,28.53,72.31,6.43,59.44,0.89,1.38,34.26,96.95,742.64,59.77
112.1,18.91,189.81,4.34,20.44,1.88,4.21,41.04,79.14,2493.32,55.3
196.27,16.7,79.8,5.56,13.75,1.94,0.56,36.87,42.93,2280.61,62.63
103.66,72.85,67.25,3.87,47.8,0.95,2.99,37.76,91.65,230.55,54.86
185.53,23.96,54.6,5.58,51.15,3.32,6.73,18.06,60.65,2055.42,60.96
81.47,47.47,113.01,3.95,26.66,1.69,0.9,38.91,93.47,477.09,69.84
199.77,24.7,111.68,9.52,34.76,2.27,1.21,27.78,25.26,601.61,62.82
115.84,58.02,3.24,4.16,27.78,0.2,1.04,10.42,71.78,339.99,61.0
8.45,72.06,130.81,8.81,21.17,1.46,4.4,33.37,21.08,2184.77,53.15
117.35,33.11,157.66,9.39,49.74,1.94,2.5,37.16,31.98,2815.77,60.16
54.91,60.3,123.19,6.54,46.64,1.16,6.55,37.36,44.24,868.56,66.13
6.5,82.49,173.98,3.85,31.69,0.68,4.7,42.65,79.15,1514.67,43.91
164.17,9.42,55.28,7.37,30.06,0.78,5.39,13.01,53.55,1488.45,62.13
55.15,71.07,38.4,5.03,14.91,1.69,2.53,16.57,55.45,21.07,59.87
159.31,32.31,139.46,4.65,40.05,0.34,3.99,42.42,43.63,932.11,55.06
57.64,12.26,37.71,7.18,55.8,0.9,3.03,36.27,87.47,649.39,53.08
38.87,54.57,18.22,5.82,44.54,2.55,4.03,24.6,97.08,21.18,62.68
194.79,22.63,19.32,8.25,32.84,0.83,5.54,14.84,98.66,412.62,49.53
72.33,82.14,153.68,7.34,7.13,0.5,3.66,39.3,61.75,1688.75,56.72
120.28,4.29,5.75,8.89,56.17,0.38,0.63,20.88,23.53,2081.86,52.76
122.0,9.87,57.89,3.88,21.94,3.46,3.03,39.19,27.85,2996.49,66.07
112.09,52.1,25.84,5.03,21.5,0.4,7.12,29.5,89.8,2122.57,58.28
182.94,58.89,150.98,7.19,30.83,1.57,6.6,28.79,67.75,270.88,62.62
134.89,72.99,100.7,9.22,28.6,1.84,6.68,31.09,34.45,1331.24,70.92
80.75,25.93,41.1,8.79,57.93,3.38,1.53,24.69,62.95,1995.9,69.9
172.48,84.18,150.08,7.92,14.08,3.13,0.73,13.85,69.23,1482.47,60.85
36.21,95.31,150.07,7.23,42.9,0.91,6.52,30.5,88.58,937.01,56.92
108.85,49.9,104.6,7.6,10.87,0.39,5.36,24.76,72.82,165.14,69.23
190.11,76.05,55.17,4.89,20.23,1.59,4.12,26.07,58.7,1215.84,61.56
125.08,52.48,117.26,7.37,44.72,0.44,5.53,31.01,68.24,1017.87,66.14
163.39,6.95,186.71,6.71,49.22,3.06,7.45,14.97,30.71,2580.05,55.53
130.71,32.61,10.33,6.0,30.79,2.49,1.12,18.38,39.55,513.87,75.57
167.87,8.75,53.39,9.27,48.41,3.31,1.44,20.06,62.35,2898.91,59.62
188.9,98.89,56.99,8.89,56.43,2.04,4.76,23.2,37.11,2508.66,49.56
54.58,22.9,126.36,4.0,56.47,1.34,5.68,13.41,98.83,776.72,54.39
33.93,63.59,130.23,9.91,23.84,1.8,5.18,15.47,63.9,104.36,52.07
96.8,28.43,41.26,4.99,22.17,0.65,2.11,18.93,31.45,1407.98,66.91
140.37,65.32,43.22,4.9,44.95,1.67,5.02,34.32,93.82,1938.22,54.91
45.44,21.04,185.64,9.63,40.98,3.5,4.53,33.47,76.76,918.43,62.69
0.82,78.53,151.26,6.39,26.57,2.45,0.29,10.32,23.11,40.33,64.02
68.59,11.08,186.85,8.73,17.58,0.31,5.02,12.47,49.07,2862.98,44.64
193.77,89.52,165.93,5.37,39.01,2.57,3.66,27.47,54.07,1021.0,65.07
138.99,84.04,80.42,9.18,28.66,0.44,6.84,24.88,62.35,2796.73,50.55
80.27,67.88,24.38,8.91,12.27,1.43,5.28,20.3,45.28,963.36,58.41
38.52,6.74,125.91,6.88,40.16,2.77,4.42,27.52,77.74,1919.91,65.32
71.22,20.86,70.4,8.08,43.37,0.54,7.17,17.0,63.69,1768.67,55.93
33.97,85.94,85.08,9.77,25.03,1.1,5.34,14.73,23.77,2438.05,48.55
21.26,12.2,85.18,6.44,50.76,0.76,2.08,12.44,26.3,2730.57,48.82
181.35,15.59,187.3,6.71,9.05,3.06,3.79,12.51,46.32,1381.7,64.01
199.53,54.4,13.77,8.2,32.28,0.6,5.41,16.92,72.1,1276.84,48.52
32.82,27.42,38.62,6.01,57.6,1.92,6.58,37.69,71.86,2407.24,52.68
10.9,22.21,121.59,9.75,15.48,1.04,2.34,38.09,34.94,400.97,46.91
65.95,57.58,176.75,3.76,14.48,1.82,5.84,41.94,91.42,779.48,49.63
92.33,37.26,183.59,6.12,25.83,0.67,5.49,33.14,61.13,356.38,66.29
40.96,14.06,111.74,8.14,19.74,2.68,1.26,23.16,66.44,899.31,71.96
60.28,53.49,6.91,6.29,17.18,2.29,1.31,14.5,83.15,1630.84,67.92
40.17,38.7,72.58,5.19,57.24,0.25,4.06,17.67,29.2,2063.5,56.97
154.85,73.45,183.77,6.19,23.97,3.32,3.35,25.39,61.92,820.84,83.24
142.52,10.28,99.99,9.23,8.29,3.14,1.16,18.72,75.63,2101.66,65.04
126.99,62.06,145.32,7.06,54.49,1.11,0.79,21.03,36.35,1250.62,67.52
77.44,43.65,53.84,5.68,29.65,1.09,7.19,43.04,33.86,2232.49,59.96
181.81,40.61,5.0,7.86,45.48,1.8,1.61,23.51,94.9,1610.28,59.43
193.91,23.23,115.67,7.48,25.2,2.21,3.0,15.36,82.36,2603.13,64.25
34.73,3.04,167.0,7.14,56.43,1.09,3.78,22.11,22.13,2545.72,47.18
44.6,84.77,198.05,6.04,20.83,2.8,0.76,11.34,52.21,1278.56,71.08
105.13,32.64,169.33,3.97,41.45,0.37,1.19,31.58,34.69,2419.21,57.66
18.25,68.11,110.8,7.53,50.34,1.45,4.25,35.22,45.32,1733.66,60.21
87.29,94.76,121.75,6.23,18.09,1.99,5.63,24.12,42.97,722.09,70.49
116.36,56.5,164.83,6.29,49.08,2.82,6.77,29.29,99.95,349.44,65.67
104.41,39.71,3.96,5.02,48.58,3.06,6.91,40.59,98.04,141.83,63.16
66.18,26.83,190.33,5.12,58.03,0.93,4.41,17.2,27.14,745.75,54.99
108.49,93.4,106.24,8.62,55.75,0.92,2.37,15.76,39.26,249.09,62.47
191.76,68.21,190.41,6.62,26.37,1.35,4.68,19.05,82.38,564.9,58.68
41.2,66.53,152.9,4.21,37.48,1.55,5.02,17.68,70.65,1265.65,53.34
130.97,42.62,30.46,3.8,55.89,2.98,2.37,40.64,26.27,473.92,60.9
8.68,84.5,33.05,4.96,5.24,0.13,5.37,11.6,23.99,2187.42,37.16
13.28,71.37,70.73,6.67,39.5,2.43,1.48,12.95,33.18,40.26,69.77
110.37,28.32,52.8,7.51,16.84,0.85,2.44,42.92,54.65,2779.8,57.74
20.99,59.96,87.86,4.43,45.63,3.1,7.45,23.73,89.21,1154.64,62.13
4.47,43.02,120.78,6.32,48.81,1.18,4.13,27.34,49.78,319.87,59.68
34.3,0.66,87.32,3.97,44.21,1.93,1.29,30.3,42.72,26.62,56.42
112.97,80.76,11.28,3.75,59.78,1.22,5.38,37.38,43.97,2753.91,44.49
140.67,12.28,195.13,9.11,31.36,1.55,1.91,34.92,70.24,1378.6,55.4
40.5,51.0,85.02,7.78,35.87,1.88,0.38,23.04,49.55,2613.22,76.58
133.65,33.62,170.22,8.58,27.49,2.64,6.99,38.06,56.48,1630.73,68.02
36.5,34.21,14.79,4.68,58.57,0.51,3.53,36.13,52.63,356.22,39.88
122.69,47.74,162.01,5.59,55.75,1.3,6.24,40.76,50.75,1954.7,59.68
82.39,99.7,34.68,6.38,59.27,2.27,6.85,18.82,33.15,2209.96,65.45
130.76,40.84,135.88,7.78,59.17,2.1,4.63,13.32,94.04,1577.23,63.41
199.01,18.23,132.36,6.98,54.25,2.75,0.87,13.7,30.86,839.65,60.98
187.56,61.36,181.96,7.08,56.2,3.12,2.63,29.07,67.31,2502.85,61.74
0.86,23.63,64.14,4.52,11.59,0.42,2.1,19.17,24.76,284.64,51.41
177.09,10.55,21.79,6.59,14.54,2.53,4.87,11.57,34.5,1609.38,57.4
13.3,5.02,172.91,8.85,53.69,1.07,3.35,39.29,46.19,2506.55,43.32
190.61,2.29,66.32,6.81,44.97,1.74,3.36,40.19,35.72,1192.45,57.32
56.37,43.12,46.51,4.8,53.12,2.23,5.27,22.84,50.7,1199.54,63.28
76.41,42.67,97.24,6.19,47.35,0.61,0.35,14.6,75.49,864.86,76.85
18.33,18.55,29.23,8.41,12.68,1.28,1.15,18.7,71.81,1089.48,62.24
22.45,78.4,59.39,4.38,55.41,3.42,7.12,33.72,63.96,1019.83,58.82
145.35,12.93,77.06,7.27,47.42,0.56,6.71,34.07,44.27,1090.81,58.41
188.87,91.53,55.45,9.77,36.39,0.38,7.53,34.56,87.61,230.44,41.44
122.15,58.76,90.05,5.97,34.28,2.95,1.76,39.93,88.7,958.73,81.19
143.17,2.76,76.93,3.78,36.56,1.56,2.79,40.94,37.58,2827.01,53.44
152.39,96.3,154.92,7.62,26.47,2.39,0.98,44.63,97.45,1137.42,60.86
52.56,30.79,183.68,3.81,49.18,1.14,5.16,22.36,33.13,2802.0,49.33
9.05,45.0,20.18,4.75,55.0,0.77,6.27,41.94,40.69,109.19,39.02
0.37,28.43,164.66,3.81,18.91,0.82,4.98,32.47,78.19,1906.75,47.95
70.13,72.84,186.35,4.61,7.09,0.77,4.81,14.28,77.82,1180.15,50.21
48.29,48.57,137.32,9.06,16.16,0.94,6.44,30.76,38.89,1038.92,56.91
12.46,13.24,199.28,8.28,46.65,0.85,0.8,23.27,61.51,1717.98,50.65
35.91,10.42,67.01,5.72,52.76,2.87,5.96,12.58,22.15,337.69,63.15
24.9,72.54,166.06,9.33,24.17,1.91,7.15,18.65,66.01,2190.29,56.59
182.98,23.71,134.74,7.82,13.38,1.11,5.2,34.95,93.98,2469.5,52.04
28.05,13.78,64.69,6.41,52.22,1.27,5.5,22.18,34.13,116.46,55.03
107.53,49.94,140.94,3.94,16.81,3.36,5.18,32.59,21.16,463.83,74.11
118.62,80.28,101.92,8.25,18.3,0.73,6.61,41.81,82.43,349.34,60.12
108.7,27.88,37.79,5.94,10.09,3.11,3.23,30.66,95.53,2817.2,66.62
19.81,27.64,34.78,5.47,55.07,2.61,6.88,43.36,42.06,2074.35,53.88
63.76,83.39,142.68,5.37,22.97,2.19,2.23,22.02,91.06,861.37,71.74
10.25,14.78,142.39,3.55,14.45,2.22,1.01,40.67,56.44,291.86,51.89
79.13,61.67,106.15,8.33,57.45,1.54,0.59,43.72,83.32,2000.99,63.9
37.72,95.5,100.28,4.44,23.45,1.59,0.88,28.13,44.13,265.53,60.05
112.33,84.13,36.01,6.88,46.11,2.81,3.7,22.73,94.34,2765.39,70.91
138.56,6.18,85.86,3.6,17.67,2.86,4.8,22.28,25.77,794.76,59.4
106.42,31.99,174.28,7.58,44.98,2.04,5.12,24.85,90.24,798.16,70.1
86.85,14.24,170.95,5.9,17.77,2.71,4.56,33.13,46.81,1377.57,71.43
77.47,94.92,132.18,7.6,40.08,2.85,1.73,25.35,20.35,2832.63,66.47
168.34,98.59,199.47,4.08,29.25,1.23,6.94,36.7,43.79,1169.95,43.88
43.87,23.5,178.64,5.23,48.93,2.22,1.77,34.16,84.9,1032.77,66.41
146.84,66.97,29.05,4.22,45.16,1.58,6.62,21.38,27.67,1753.83,50.82
151.5,84.16,79.83,7.7,56.45,0.43,5.74,38.2,73.13,2931.55,45.43
83.84,23.37,26.39,4.21,25.71,2.3,2.91,36.53,88.33,733.73,64.55
59.46,18.77,93.22,7.51,46.49,2.1,3.43,31.63,44.72,2603.35,68.97
94.11,1.12,155.28,4.38,58.29,0.45,6.53,16.54,55.07,1487.41,48.07
18.64,41.2,31.16,9.63,23.5,0.34,7.88,27.72,20.98,2363.91,36.89
9.19,89.94,176.08,6.21,20.95,0.95,2.02,25.85,37.38,1105.45,62.14
22.32,90.3,113.81,4.32,47.3,2.93,5.54,10.7,35.86,1351.95,64.54
37.43,12.77,149.79,3.77,29.5,0.32,0.69,44.7,86.9,1166.98,50.65
100.84,20.44,9.03,5.64,26.93,1.67,0.74,34.79,91.37,1538.61,73.01
169.83,40.8,18.77,9.29,35.01,0.71,3.66,22.95,63.06,482.01,50.85
47.13,78.06,124.17,4.43,56.45,0.96,0.25,30.2,66.57,2484.11,61.02
187.03,61.19,167.64,8.64,9.61,2.72,7.29,41.17,25.34,1168.24,55.52
190.98,51.38,174.77,6.21,30.61,2.99,3.15,11.33,64.42,990.89,74.47
191.78,59.19,137.67,8.72,11.06,2.07,3.11,19.06,40.51,2514.93,58.81
167.51,9.62,40.19,9.18,53.6,3.04,2.67,43.18,50.55,648.08,57.45
72.77,47.77,39.0,9.99,12.52,3.01,2.46,10.55,57.48,2182.41,63.69
14.54,99.21,176.27,3.94,9.93,0.85,0.84,30.34,66.71,1021.53,41.02
113.76,8.84,22.65,8.68,58.01,2.29,4.9,28.78,61.09,1713.9,57.72
111.74,51.92,137.21,3.95,35.98,2.75,2.1,44.3,29.92,1549.86,69.66
170.0,29.56,106.7,5.55,50.42,2.01,2.84,25.05,59.06,1739.38,67.41
199.2,53.99,84.28,7.7,30.86,2.84,2.76,44.15,42.18,1748.82,69.94
101.63,57.38,88.07,6.41,28.96,2.24,2.78,10.41,90.03,2063.66,82.28
69.04,57.75,189.04,7.17,55.14,1.07,7.05,21.88,32.95,1403.55,53.53
37.18,85.22,172.29,9.78,59.44,2.43,3.82,19.42,72.27,1476.0,52.34
0.96,38.97,173.0,8.82,39.02,2.1,4.13,15.12,84.15,2275.59,52.53
101.82,51.64,81.32,5.86,55.5,2.22,6.29,44.85,26.53,627.05,71.15
111.1,1.09,21.4,7.4,52.45,0.42,2.53,44.03,64.54,2336.71,53.0
164.99,78.96,199.57,3.82,34.92,0.53,6.11,15.04,38.89,25.26,43.1
100.92,25.95,29.07,6.44,56.76,2.87,1.53,28.31,34.8,1731.66,74.93
183.29,81.66,103.12,7.45,16.55,1.57,5.7,13.34,39.07,1306.83,61.1
125.62,26.56,52.92,8.15,53.67,0.83,1.24,14.33,46.9,1897.81,61.72
168.07,1.08,102.15,9.36,22.01,0.42,5.54,34.82,87.0,1466.6,47.85
29.66,15.48,60.99,5.34,6.68,0.99,3.8,40.35,44.86,2369.57,51.55
171.07,98.57,179.38,9.36,48.29,1.1,0.62,31.17,98.91,593.98,47.63
135.03,31.98,193.67,7.8,56.15,3.44,4.85,13.94,20.69,810.53,62.44
34.05,10.88,82.01,4.0,16.92,2.94,5.56,38.9,85.74,1733.61,54.69
37.95,11.88,14.04,5.97,34.37,0.37,1.7,40.21,32.18,707.52,51.61
185.3,31.03,132.67,6.6,46.21,2.64,7.49,29.6,81.65,2834.69,59.68
6.44,3.76,75.33,5.79,23.24,2.02,1.9,24.59,70.68,2580.04,67.73
92.51,51.15,197.19,4.25,13.08,0.88,2.56,24.27,67.35,2280.76,64.56
62.7,21.37,17.87,7.09,26.57,2.64,5.91,33.13,36.88,2256.1,68.04
133.02,51.93,23.83,4.36,30.11,0.2,1.68,42.03,76.47,1939.69,53.14
167.93,14.08,139.88,9.45,45.82,2.59,7.38,41.77,59.76,2203.75,51.11
72.08,42.99,151.73,9.12,15.93,3.14,5.16,37.48,93.79,100.75,65.81
85.38,59.79,94.22,6.59,49.83,3.1,6.02,22.39,37.28,1742.34,80.41
196.38,6.2,55.45,3.94,32.62,2.73,1.04,24.1,89.29,787.39,62.5
156.78,39.87,61.96,7.09,54.71,3.28,6.59,35.45,79.42,292.94,67.72
179.44,30.25,67.59,7.35,36.12,2.5,4.59,34.24,27.58,2915.45,63.72
87.75,24.04,45.06,9.27,29.58,2.43,6.18,42.14,62.47,2837.7,60.27
46.82,60.45,170.13,3.94,20.77,0.19,0.67,37.73,75.85,2717.88,48.97
82.37,58.85,13.02,8.0,10.84,0.69,4.91,44.25,26.46,1940.97,52.25
143.22,63.07,81.46,7.16,25.44,2.76,5.55,17.75,49.34,7.99,67.24
21.89,15.89,149.52,4.64,27.75,3.49,4.01,42.29,80.71,892.41,61.71
54.09,28.57,0.77,4.29,36.26,2.55,6.7,44.09,55.37,53.32,56.35
9.33,20.97,175.61,8.01,52.29,2.07,7.52,41.68,36.8,989.7,43.36
86.47,54.05,141.26,5.71,30.51,0.72,1.86,14.94,32.47,890.05,69.96
165.49,46.11,14.67,10.0,22.29,3.32,0.58,42.95,86.23,1716.23,57.65
4.93,33.03,179.0,9.31,53.03,2.31,6.21,36.52,25.35,427.33,51.1
135.06,78.6,97.46,7.18,45.37,1.76,3.9,22.66,29.72,970.62,73.74
186.5,9.4,130.45,7.67,21.89,3.03,0.56,25.94,86.93,2694.81,65.72
47.39,97.49,176.41,4.53,14.18,3.34,0.8,12.27,73.71,693.59,70.29
138.73,11.65,176.23,9.31,21.01,1.36,1.9,24.43,38.84,1480.16,61.17
195.02,77.31,81.75,6.48,11.8,1.85,0.14,18.66,33.29,356.1,69.42
192.46,36.82,47.54,6.89,54.69,0.49,3.81,35.18,28.97,2257.76,50.48
46.99,86.53,51.48,9.18,38.64,3.36,3.03,29.77,23.87,241.63,64.9
20.07,7.42,153.19,3.54,52.49,0.51,0.46,42.69,36.89,504.05,44.67
29.66,37.47,185.89,6.71,50.12,3.26,2.0,31.66,81.41,2958.32,62.88
140.41,33.54,14.45,7.57,13.43,0.75,5.95,37.23,69.18,890.12,55.48
145.15,99.32,3.0,4.54,29.37,3.19,6.48,38.44,77.51,31.53,55.9
134.85,98.55,164.59,3.94,58.46,1.64,0.13,12.36,97.9,713.38,52.3
67.22,18.98,77.32,6.98,17.86,2.11,0.94,38.73,54.12,1292.13,76.76
33.96,62.99,55.29,7.06,7.76,0.22,7.99,15.73,94.04,1411.75,54.43
116.15,53.55,37.67,5.65,24.03,1.44,5.23,17.71,26.16,1221.57,65.53
96.74,15.44,69.3,9.23,33.1,1.78,5.51,27.56,83.06,406.6,60.81
145.77,16.78,194.29,5.46,8.07,0.13,3.1,26.31,69.74,560.56,51.41
88.27,98.93,195.42,6.86,28.47,2.35,4.08,43.38,71.13,2001.14,68.27
67.73,45.27,66.3,4.71,18.94,2.95,4.11,25.62,20.15,2919.04,68.3
58.7,12.58,192.74,3.57,16.67,0.18,2.85,24.72,36.27,2247.6,43.22
42.29,21.48,59.97,6.27,19.51,1.77,5.55,38.72,96.3,2311.36,61.02
53.15,26.83,170.9,6.93,10.8,0.21,4.62,20.28,72.09,1311.79,50.71
18.97,51.09,42.4,8.47,9.22,3.07,7.56,37.97,93.2,1075.25,57.37
69.37,33.55,165.3,6.42,37.77,0.65,0.15,18.59,31.34,2403.31,74.68
7.31,45.5,70.75,5.31,57.13,0.3,7.09,24.18,63.49,2080.66,51.21
37.28,16.65,39.14,7.43,49.26,3.02,7.6,41.96,40.31,1344.96,55.61
149.35,32.67,186.96,5.98,50.86,1.61,1.26,26.55,97.47,2273.66,63.06
65.09,7.03,42.84,5.02,45.43,0.42,1.85,42.58,81.3,214.77,49.7
133.65,88.97,198.37,9.42,57.58,2.3,0.5,23.23,97.27,196.44,50.15
143.38,19.88,21.71,6.99,57.28,2.5,1.96,13.06,22.63,2128.13,60.58
116.24,75.69,2.0,4.8,47.81,2.03,5.15,36.7,38.01,2941.67,52.5
191.74,34.96,174.16,7.86,44.38,1.23,1.81,18.69,93.23,478.87,59.23
4.29,47.44,117.32,8.72,21.79,1.54,6.83,36.2,32.71,2848.41,57.28
147.73,29.13,84.33,8.43,10.01,3.35,7.33,30.17,73.81,2912.12,62.11
191.76,69.64,16.39,7.4,10.11,1.92,0.32,44.11,93.97,290.82,54.1
172.45,84.45,114.98,6.88,45.49,1.45,4.1,24.91,20.96,1364.24,64.53
33.58,28.63,78.75,8.55,6.56,2.51,0.22,41.32,62.81,1305.43,62.89
65.36,24.22,96.72,8.1,49.9,0.36,4.99,35.33,68.62,643.5,56.31
34.49,68.14,126.08,7.21,25.16,1.09,2.84,15.08,81.98,1322.38,66.0
120.26,19.52,127.99,7.78,15.56,0.87,6.78,34.93,82.02,2509.5,53.85
142.44,63.98,192.12,4.6,27.42,2.41,7.35,32.31,64.01,2748.89,55.29
63.41,9.44,131.01,3.63,43.68,2.15,4.04,44.23,90.87,996.24,56.5
107.9,62.01,67.88,9.55,20.13,2.68,7.63,26.0,41.11,664.32,67.24
138.18,51.34,65.93,9.58,14.55,1.55,6.95,29.44,53.02,1566.21,55.46
84.27,11.39,95.43,8.62,45.58,0.69,0.86,34.83,73.08,885.37,64.54
170.8,64.91,51.87,5.92,53.44,0.72,2.91,31.28,84.44,1607.62,57.35
154.31,44.66,75.29,4.48,37.2,3.13,2.79,31.54,46.96,1873.1,71.6
12.93,21.71,168.42,5.82,33.81,0.35,2.5,25.81,47.63,2386.87,50.69
124.23,35.34,171.95,8.22,46.52,2.12,6.4,36.99,57.21,1958.13,62.43
47.07,49.21,125.56,5.68,45.3,0.89,2.48,10.33,43.04,1601.6,64.1
111.5,9.16,116.57,8.67,5.35,0.83,3.1,15.51,46.91,2021.99,56.0
191.38,95.76,85.42,7.87,20.5,0.43,0.78,39.82,70.31,672.39,55.62
175.81,66.56,127.18,7.59,56.26,3.43,4.21,42.58,37.56,2801.12,64.88
80.9,10.25,161.21,9.55,57.81,0.31,1.03,35.85,61.2,1945.69,47.48
58.3,82.29,147.57,9.31,33.07,0.6,6.97,15.5,97.12,2538.17,47.01
46.88,32.26,7.09,8.13,35.8,1.34,6.41,30.29,93.18,651.63,59.68
106.5,59.68,146.23,4.8,5.04,1.65,2.49,19.79,51.05,2045.8,67.85
22.85,27.71,143.99,9.6,41.98,3.33,0.14,29.66,41.03,72.08,63.15
109.86,73.34,19.8,4.98,16.68,0.92,0.66,17.17,99.29,440.69,67.46
0.27,72.3,30.05,5.92,12.04,2.55,1.82,14.8,37.37,406.97,56.94
64.77,55.2,157.58,8.87,21.76,2.33,4.04,16.74,85.53,2657.94,63.72
43.99,24.09,111.8,4.86,41.57,1.86,5.88,41.25,96.45,1392.17,57.57
194.24,25.37,164.33,7.65,29.0,1.0,0.88,12.03,99.91,2038.65,57.84
145.45,38.29,36.95,6.48,24.2,0.63,5.7,11.22,54.68,2924.29,60.62
69.93,14.5,6.12,7.56,44.97,0.7,4.42,16.67,53.91,2624.11,42.08
18.57,33.77,32.39,9.73,49.75,1.28,5.0,29.85,73.74,1830.74,49.58
103.36,68.44,90.51,8.75,52.81,0.57,7.43,13.12,51.78,771.55,57.02
42.69,83.08,104.66,5.42,29.46,3.5,7.63,28.18,38.83,470.66,75.08
107.29,33.26,171.54,3.87,44.48,1.62,5.93,35.2,44.35,2046.07,54.0
167.07,23.36,143.24,9.79,53.69,1.93,5.57,28.9,26.78,1019.43,49.1
123.16,83.26,198.08,7.3,54.99,2.2,6.13,36.84,38.66,1274.61,60.64
126.76,89.07,15.74,4.63,32.07,0.77,5.42,28.19,34.8,2027.66,53.86
108.21,41.0,26.04,7.58,24.54,1.74,0.18,13.18,56.98,2410.15,72.64
185.45,2.69,16.87,3.77,54.51,0.31,7.97,33.43,98.3,1671.85,23.07
186.38,69.5,107.69,4.72,19.38,3.4,5.13,21.46,74.29,2572.24,64.79
102.54,78.4,53.37,7.61,48.83,1.71,3.96,28.2,35.17,2526.66,69.26
61.15,1.8,136.73,6.12,54.98,0.2,3.68,44.82,92.65,1658.68,53.2
91.92,59.5,26.54,5.61,45.68,2.14,1.95,19.61,32.57,249.0,71.51
37.31,58.84,20.64,7.76,42.39,0.44,3.87,38.74,62.07,2062.01,50.61
127.27,37.87,92.03,9.13,7.79,2.79,5.89,29.75,71.1,1131.94,66.69
100.02,74.98,75.18,7.91,16.19,3.34,2.11,42.05,48.95,2339.05,70.07
20.66,42.82,165.83,6.51,41.66,3.22,6.78,41.87,83.78,221.46,67.22
39.53,67.68,167.51,7.78,48.19,1.55,1.76,35.0,30.76,1366.87,62.53
95.93,51.71,23.49,8.02,8.49,2.52,6.88,20.66,62.11,1250.66,68.04
177.52,24.85,162.46,8.54,6.05,0.63,4.71,43.29,47.06,563.1,47.2
113.28,60.65,112.83,5.5,22.13,0.36,6.72,39.24,20.86,1656.55,64.4
136.31,73.69,100.71,4.24,40.47,2.89,3.39,43.83,57.56,1588.1,71.62
67.81,97.39,18.95,7.93,33.16,2.46,2.64,43.95,51.99,1434.86,67.82
114.28,38.01,147.93,4.29,5.46,3.18,5.61,25.41,34.4,991.4,74.58
89.48,6.45,11.93,6.5,13.34,3.21,2.97,13.42,50.4,2753.17,68.21
131.83,98.8,55.54,5.0,46.37,1.28,7.63,27.7,33.43,2359.79,50.72
10.12,62.38,19.09,5.66,21.37,1.18,5.95,14.25,55.28,2534.62,50.62
98.66,94.65,106.15,6.56,11.45,1.6,3.49,27.17,53.84,847.18,71.16
59.2,10.38,129.05,9.33,7.8,2.36,1.47,29.21,69.11,2877.76,54.32
65.24,34.2,178.17,7.92,51.77,0.12,4.5,30.19,42.08,978.06,52.28
192.18,13.39,146.77,4.62,30.94,1.92,4.81,10.32,35.86,309.68,52.44
36.54,83.55,192.22,9.22,32.7,0.17,7.75,39.97,77.16,2459.19,34.2
62.25,88.03,152.19,6.75,8.37,1.63,5.98,26.04,82.87,112.49,58.66
101.98,50.13,59.61,4.83,31.87,0.38,2.1,34.77,24.11,2914.87,64.39
172.61,18.66,109.52,6.93,40.52,2.01,2.17,13.85,61.8,344.1,66.84
83.33,12.71,91.59,4.74,11.75,1.17,4.68,36.08,58.4,418.04,58.82
148.77,58.82,113.19,5.89,54.64,1.73,1.04,25.45,55.04,76.51,70.45
171.27,50.64,114.42,8.74,48.08,3.36,5.59,35.93,21.82,332.5,64.59
62.0,69.48,140.42,7.78,49.1,1.26,0.73,42.4,63.41,696.75,61.67
78.55,30.52,16.61,6.61,34.51,2.55,4.63,35.58,71.08,2383.57,67.17
71.31,40.24,149.35,4.97,23.37,2.42,7.86,31.52,85.67,33.71,64.19
166.57,2.14,28.75,5.33,40.22,3.05,7.0,34.73,82.12,2563.14,53.05
8.87,61.01,5.24,9.86,17.4,1.24,6.77,35.91,37.26,908.22,42.73
61.68,42.31,103.78,5.73,12.53,0.29,6.02,27.57,94.59,2668.54,55.02
135.88,91.98,116.3,7.5,34.61,3.4,7.44,39.25,26.45,1251.66,69.73
113.09,64.18,6.97,6.75,31.32,1.33,7.45,29.41,64.05,2117.32,66.02
87.26,39.87,103.07,3.65,13.27,0.76,1.38,32.14,37.81,438.67,65.39
107.99,26.36,106.91,9.64,34.17,3.21,1.91,24.82,74.56,1629.7,71.88
39.52,90.53,10.5,4.07,35.06,0.75,7.4,43.35,85.07,985.88,36.45
86.14,1.63,142.32,7.78,52.93,1.9,2.27,28.03,85.09,784.39,64.46
100.34,32.69,42.06,8.77,46.76,2.67,3.1,17.46,41.37,2033.62,64.81
180.24,94.35,158.89,8.37,16.97,2.59,0.43,21.15,52.68,2713.85,58.05
52.17,65.4,62.16,8.76,49.99,0.2,7.2,15.17,48.93,1903.13,52.17
173.57,53.27,95.58,8.31,58.3,0.79,0.67,14.38,27.29,2651.94,56.55
128.85,20.35,178.37,6.4,44.41,3.12,4.28,42.59,83.95,1126.7,66.79
4.07,83.34,161.24,9.33,48.29,1.98,1.83,33.28,47.73,1994.26,50.98
144.93,20.42,156.37,9.43,19.65,2.44,0.32,10.02,53.58,296.91,60.95
7.11,24.83,32.09,6.34,59.55,1.47,2.39,38.44,74.38,2852.44,52.18
199.48,19.19,9.63,6.65,14.7,2.63,5.35,28.58,70.17,2131.07,65.97
174.53,15.81,121.15,6.66,46.3,1.08,0.8,13.83,86.93,1593.4,65.4
59.47,95.33,82.14,5.31,26.74,0.89,6.83,25.87,55.24,2600.93,53.2
51.48,60.2,181.82,4.25,24.63,3.49,5.57,22.8,91.11,2138.02,72.73
76.29,63.78,69.92,5.2,20.68,0.64,0.56,21.21,99.07,1336.51,67.31
71.23,95.43,82.11,8.99,29.26,3.44,3.29,26.21,48.21,1707.31,72.78
74.47,23.06,105.2,7.03,48.5,3.25,6.49,32.42,33.1,1678.66,68.58
63.66,0.59,159.28,9.03,56.75,2.53,7.46,28.79,33.42,1985.31,49.85
124.23,59.89,53.66,8.34,27.89,2.08,5.07,19.87,50.95,2288.39,65.67
32.85,50.78,188.36,5.77,40.84,0.12,5.48,35.32,53.07,1153.97,53.8
169.2,47.77,107.98,4.7,48.35,2.26,7.03,44.61,96.98,2298.75,54.72
162.48,6.19,168.2,7.19,10.49,2.73,3.69,43.81,88.51,841.07,62.06
95.3,45.44,105.12,9.58,57.83,2.59,5.69,44.88,97.96,1138.65,62.68
170.55,28.76,154.4,8.96,16.64,0.69,4.66,27.05,66.1,1118.8,58.31
49.43,27.46,10.28,8.46,55.33,1.95,5.59,11.52,22.94,243.94,48.11
3.51,22.24,159.84,8.47,59.26,1.97,7.07,35.5,46.97,580.39,45.57
123.84,33.25,104.79,6.93,10.52,2.32,6.34,33.23,88.84,2945.88,67.72
91.58,35.31,89.88,4.6,54.1,2.93,1.11,43.85,62.99,1514.69,77.36
113.43,30.88,22.32,5.36,40.25,2.47,7.46,22.98,69.62,662.53,70.76
179.87,97.88,148.31,7.26,49.99,0.58,0.49,44.79,69.35,1150.84,51.09
193.99,93.27,26.23,5.56,11.0,0.16,6.08,12.3,97.9,1338.46,38.45
126.89,57.45,38.46,8.58,50.88,0.56,2.35,22.56,62.75,1413.61,60.22
152.81,98.11,25.28,5.93,39.43,0.24,6.26,35.91,76.01,1314.43,48.93
16.76,99.12,1.32,4.24,33.08,1.59,0.22,31.53,27.78,2365.71,46.0
32.14,35.59,132.38,8.59,35.8,1.06,1.84,17.2,55.72,1076.31,63.13
146.64,44.52,54.17,8.04,45.95,0.12,0.73,22.5,91.27,1777.68,62.43
86.27,95.91,29.89,5.15,21.37,0.37,6.04,15.68,77.63,1360.81,55.02
89.19,60.86,63.99,9.88,56.89,1.45,1.63,44.81,57.75,1390.82,58.31
61.72,21.29,99.82,6.12,21.92,3.3,7.43,28.0,78.8,2825.72,73.94
121.47,68.94,100.68,7.92,53.24,3.48,3.35,40.35,30.0,977.76,78.41
37.03,20.57,73.44,9.42,5.67,0.27,5.78,23.79,84.39,393.88,45.4
125.38,33.94,98.99,4.51,55.41,2.92,6.62,18.54,84.43,1141.1,66.28
34.76,22.76,85.47,9.21,51.84,1.73,7.63,27.08,82.42,394.41,52.71
12.77,24.5,164.53,8.08,11.83,2.21,3.75,36.93,63.85,2460.62,57.84
66.07,0.47,5.92,4.59,45.53,1.82,5.4,41.85,22.93,702.62,50.83
46.23,88.07,173.61,7.82,25.58,3.24,2.98,16.75,84.83,1687.62,70.23
177.8,29.6,48.78,9.18,31.39,1.73,2.34,14.48,24.08,587.1,55.4
10.99,8.64,144.36,8.69,8.77,0.67,5.53,15.64,97.14,167.42,41.0
35.32,8.7,81.01,8.44,16.69,2.75,3.29,20.62,71.44,966.48,71.6
109.74,55.6,58.87,4.55,57.45,1.85,4.62,30.96,21.29,2976.71,61.42
96.21,99.29,123.07,4.74,27.99,0.5,1.67,35.82,28.52,2924.16,56.97
9.17,14.5,153.78,7.06,6.43,1.67,5.75,22.76,70.57,1419.46,53.83
1.45,9.96,89.99,7.27,33.33,2.44,7.76,42.16,99.82,1143.74,62.93
197.61,43.83,93.31,9.63,59.71,1.11,4.35,26.12,27.17,2926.0,45.78
131.77,56.33,11.77,6.55,23.31,3.2,4.21,27.09,25.42,1299.15,80.06
73.08,29.44,184.8,5.47,12.77,2.99,6.85,41.02,74.13,50.23,59.71
94.09,30.25,169.38,4.74,40.4,2.03,1.3,12.19,69.69,2869.09,63.46
53.31,42.45,79.6,3.85,55.59,0.28,3.21,31.3,89.48,2531.71,47.83
68.97,31.41,152.99,3.95,52.25,2.08,1.47,29.61,89.0,2064.81,62.84
129.81,91.53,62.66,7.23,41.13,1.51,4.42,24.03,70.54,2597.48,70.09
176.56,4.2,146.08,4.65,15.13,2.56,4.97,25.12,43.99,439.4,58.25
36.83,23.46,103.34,9.04,48.14,1.01,7.32,34.12,75.28,687.02,52.02
168.07,80.86,92.15,7.38,50.28,2.16,6.66,29.92,34.74,245.8,59.24
24.31,83.4,11.3,9.12,51.73,1.99,5.21,32.94,28.19,2774.2,41.07
43.0,11.16,193.08,6.28,27.22,1.89,6.22,25.41,75.54,991.15,60.89
7.44,97.38,167.48,7.37,27.49,0.49,5.07,24.09,53.94,2787.44,45.89
28.16,69.34,158.68,6.92,13.53,1.77,4.61,28.17,80.22,1446.78,61.93
183.46,27.26,60.98,9.91,47.5,1.97,0.48,24.91,26.26,2168.72,53.13
91.89,45.6,57.92,8.68,45.55,3.25,0.29,39.58,99.34,2257.57,73.96
15.53,29.71,114.64,7.37,10.49,1.67,6.83,40.53,61.15,913.06,62.38
191.95,15.0,169.24,7.44,6.11,2.28,2.33,12.59,91.39,1365.57,59.75
175.8,29.12,186.93,5.12,57.34,2.04,2.87,12.07,58.48,2702.91,51.94
150.94,58.01,53.79,8.28,5.95,0.76,3.65,20.11,39.67,2353.15,52.83
186.69,82.6,121.48,9.89,39.57,0.73,0.44,13.01,45.74,1698.9,52.07
44.03,36.35,144.78,4.34,29.95,2.61,7.7,28.89,91.83,1228.91,57.85
167.27,34.79,45.28,7.64,47.76,1.88,0.91,10.74,76.05,2930.76,61.0
138.0,46.8,81.49,6.87,9.83,3.15,7.75,37.47,35.32,123.5,64.95
173.95,64.46,37.49,9.03,42.53,3.19,5.69,32.72,48.08,2303.31,59.01
159.38,75.16,139.78,3.5,38.82,1.11,7.55,17.41,22.63,1755.46,50.99
69.3,32.68,172.76,4.39,51.95,0.45,0.51,21.53,71.33,2774.3,57.76
154.88,58.64,175.51,3.74,33.52,1.27,3.63,20.7,49.81,2229.28,60.8
52.49,38.94,134.02,4.56,45.06,0.33,7.63,42.29,24.38,435.86,47.15
65.72,71.64,69.43,8.1,29.07,2.76,5.21,41.05,85.97,2363.93,67.25
21.58,16.47,132.21,4.41,59.12,0.6,4.42,29.75,54.58,977.67,48.26
187.02,25.69,172.85,7.55,35.77,3.05,5.41,22.74,79.79,1023.12,66.25
58.2,42.61,125.17,9.14,46.44,1.51,1.57,26.16,68.05,1464.99,62.35
104.12,88.94,82.58,3.73,10.11,1.05,5.99,29.88,57.62,1904.25,56.04
78.27,57.33,183.96,3.67,30.45,1.81,2.28,27.24,28.36,36.26,64.24
191.99,96.54,167.04,9.93,8.54,2.16,2.33,12.19,70.36,2868.01,43.21
67.01,10.33,176.49,7.88,11.69,2.49,4.82,26.2,64.53,1897.64,59.86
155.71,46.02,180.64,4.41,32.84,1.25,0.27,42.2,99.06,1235.87,64.88
171.08,41.91,78.76,5.49,24.38,3.44,0.53,24.3,66.62,1967.27,80.22
87.12,60.02,171.93,9.9,30.29,1.54,0.23,34.54,63.39,2043.49,66.52
75.63,81.2,114.07,4.98,32.29,2.94,6.16,44.9,95.27,58.74,62.39
149.55,84.14,7.63,8.39,13.79,0.22,0.31,29.34,58.36,310.62,50.41
182.58,67.02,127.17,5.07,25.12,2.75,0.86,26.92,35.86,1676.83,71.21
150.99,64.15,94.12,6.09,52.33,1.97,4.89,19.44,51.44,1221.32,75.15
45.43,94.9,55.03,9.22,52.11,2.27,3.85,18.02,43.27,1413.4,56.81
177.66,38.37,194.08,3.68,31.98,1.37,2.99,29.45,60.59,635.43,60.11
77.52,83.28,11.01,5.5,46.2,1.95,2.91,33.67,90.63,2810.7,56.81
115.25,92.15,189.18,6.67,46.45,3.27,6.89,24.97,20.65,1050.78,74.65
166.29,49.15,31.85,7.57,7.43,1.41,0.72,10.06,62.3,176.9,62.94
37.68,72.91,75.4,3.68,38.6,0.46,7.42,29.61,65.6,1917.54,52.38
156.9,37.7,83.45,6.17,49.25,2.55,1.96,30.01,42.53,1745.14,70.02
119.23,15.89,146.2,5.74,37.67,1.82,3.95,12.56,63.14,1745.66,63.68
178.67,58.65,43.12,3.67,34.79,1.54,7.66,13.56,91.57,218.05,46.56
34.39,19.65,197.22,5.81,34.22,2.74,5.15,20.66,89.11,2312.21,63.08
84.14,45.76,149.8,9.56,32.94,2.01,2.09,30.93,35.89,1001.52,71.74
166.57,87.29,157.99,5.29,47.81,2.25,7.86,16.18,61.77,2858.54,52.31
3.85,8.6,21.29,7.31,40.33,3.25,6.53,22.05,78.52,1866.29,55.77
22.44,3.04,95.26,5.44,16.85,0.3,2.58,15.15,96.14,2024.77,56.11
198.11,60.65,189.12,4.19,28.83,0.99,4.83,21.75,80.06,1751.69,52.24
56.08,33.11,54.01,5.38,34.07,3.15,4.49,35.49,72.89,1356.4,69.87
195.11,41.79,29.08,6.56,28.04,2.8,4.97,23.07,39.55,1017.7,65.31
36.51,40.57,97.08,5.43,18.07,0.74,1.07,38.61,60.56,476.59,63.98
72.22,8.66,186.08,7.56,11.86,0.68,5.2,42.46,51.77,1853.54,47.76
150.57,0.36,97.36,9.67,11.45,2.91,1.79,20.75,52.3,2987.67,59.88
131.56,89.84,80.97,3.95,21.3,1.98,2.62,31.76,40.17,1232.36,65.73
116.22,21.78,130.05,8.16,27.15,3.03,4.41,19.19,46.72,737.67,73.21
105.98,42.61,187.38,3.51,42.56,3.22,1.78,29.91,79.53,2393.74,70.26
168.69,97.19,9.81,3.51,59.17,0.34,7.15,14.17,51.86,2805.21,29.67
46.99,82.68,30.68,4.36,54.35,3.4,3.4,31.08,25.05,2957.19,53.35
88.49,10.79,26.55,6.62,49.75,2.54,1.41,16.04,23.97,2564.49,67.17
31.09,50.85,17.07,3.81,49.76,2.94,0.58,23.78,36.2,1527.4,65.18
119.19,73.01,60.42,8.19,37.78,2.24,6.27,18.29,37.94,2559.32,60.91
50.11,69.84,45.86,3.69,18.9,1.14,6.64,37.84,95.32,221.02,48.63
66.77,76.08,109.74,6.72,30.96,2.14,0.73,16.36,66.4,2425.59,85.77
94.25,45.75,65.46,7.89,12.84,1.85,4.39,43.72,83.96,284.36,70.58
5.35,17.59,81.04,5.04,36.15,3.27,5.26,14.17,27.75,1825.31,64.56
18.39,46.49,188.37,7.27,6.27,1.99,7.28,24.48,29.76,1004.83,61.0
137.19,64.79,31.13,5.2,15.42,0.19,0.48,36.89,25.87,1681.63,59.93
85.79,60.86,77.69,4.89,44.18,2.43,2.85,14.1,70.62,916.42,74.87
172.96,7.05,51.42,8.82,20.23,0.27,1.04,21.0,66.31,171.23,51.0
138.93,6.5,109.83,5.66,28.1,3.31,3.49,25.85,50.78,2379.76,79.78
1.62,96.53,147.27,8.79,50.76,1.75,3.04,36.68,26.18,364.53,48.04
123.34,15.18,163.4,4.91,7.45,3.39,4.8,37.56,54.76,1850.54,60.85
18.74,29.45,103.06,5.81,6.25,0.19,5.43,39.94,51.19,906.65,50.75
156.19,76.76,170.98,4.17,17.59,1.91,7.72,20.73,27.95,1891.29,57.01
198.3,40.97,157.02,6.73,42.64,0.87,1.39,10.54,48.17,1279.49,60.72
106.24,18.15,31.4,5.98,17.99,2.28,6.41,35.18,86.99,2626.38,64.71
136.56,46.72,49.09,3.54,52.5,1.79,6.78,16.06,91.66,2181.43,50.79
47.46,56.89,134.34,6.52,24.35,2.02,4.56,23.65,39.97,744.31,78.01
87.52,45.28,194.96,3.98,20.59,1.32,6.32,38.17,42.78,2893.31,54.71
171.22,91.89,75.23,8.94,17.81,0.28,2.86,31.37,42.83,764.35,49.99
33.48,28.47,45.96,6.71,36.57,0.46,0.37,40.57,70.11,472.3,63.98
53.11,66.13,173.83,7.99,52.1,3.02,1.29,32.85,49.94,2925.7,64.42
89.09,11.23,39.92,8.84,27.33,2.49,1.42,23.39,73.59,247.98,68.33
142.45,39.23,139.48,3.83,18.89,2.72,7.02,11.16,20.56,1073.66,56.39
75.18,74.1,6.85,5.69,28.15,0.52,7.67,10.52,69.33,1897.87,56.27
185.55,22.48,3.8,3.66,54.76,0.27,3.28,18.81,50.8,2860.85,40.74
18.89,58.98,90.31,3.82,23.4,0.16,5.28,32.63,70.19,869.33,53.72
74.16,15.34,131.31,3.75,41.07,1.87,2.5,34.99,93.27,1970.7,58.28
141.79,10.27,28.49,6.61,23.14,1.8,3.62,22.05,96.99,72.8,64.34
45.2,52.32,152.78,6.43,42.11,0.48,5.0,39.6,64.07,2144.58,65.77
131.28,67.5,25.75,3.9,53.46,1.28,6.86,43.02,34.14,2747.95,46.58
32.84,11.34,106.74,5.21,37.92,1.9,3.47,20.44,94.11,486.29,57.68
11.2,91.78,61.66,5.09,57.11,2.4,5.62,22.32,58.43,2336.21,52.02
24.2,22.58,150.45,5.43,38.08,2.85,2.07,24.19,48.89,1501.32,65.11
186.0,12.0,160.82,7.66,58.62,2.28,2.7,19.73,31.42,1797.05,59.39
110.35,20.27,13.22,8.03,44.81,0.2,1.83,32.63,93.1,2116.92,55.43
159.27,16.96,38.52,5.7,40.9,2.09,6.93,41.81,97.25,2114.5,56.76
66.53,9.07,178.53,8.62,50.64,0.4,1.04,24.96,97.08,1427.3,54.01
118.53,79.78,83.12,6.22,5.61,2.02,6.18,16.3,57.1,1377.36,66.8
98.99,49.55,95.35,6.9,19.15,1.38,5.09,16.83,88.16,874.18,80.18
189.15,38.85,33.6,4.45,16.88,1.07,5.24,35.26,76.21,488.9,46.28
149.51,95.06,198.98,5.01,11.1,1.74,7.03,35.7,57.46,2556.8,42.32
146.11,37.1,184.61,8.23,56.58,1.4,4.29,26.66,86.37,2479.1,56.2
9.27,16.7,0.4,9.85,12.21,2.92,0.7,36.62,57.59,2574.86,52.81
109.93,27.4,110.15,8.08,19.46,0.87,7.46,27.88,82.95,2926.0,60.33
93.4,23.9,174.45,3.85,23.43,0.56,2.77,20.67,96.3,1073.99,61.23
185.57,49.87,86.11,4.43,39.35,2.95,0.34,14.88,73.01,1334.33,69.89
51.47,29.15,87.36,6.4,47.21,0.93,4.31,28.07,94.8,2756.1,60.43
53.97,51.61,75.87,8.26,38.26,0.21,2.93,39.26,62.73,572.76,59.72
82.27,66.93,5.77,4.58,46.19,1.42,7.3,42.4,38.23,1805.22,47.66
48.67,77.73,158.06,8.38,27.12,2.88,4.13,12.12,65.16,2061.58,68.87
25.84,71.02,91.36,7.11,59.77,1.57,0.52,42.14,63.72,2250.15,61.78
171.48,20.56,106.21,8.53,14.36,1.7,1.98,16.23,41.01,2520.86,55.48
111.66,11.59,51.14,7.12,26.99,0.26,1.86,31.16,74.88,788.89,61.59
172.27,54.25,156.82,7.42,50.77,2.52,6.14,25.29,32.42,1797.52,61.46
166.23,19.89,158.75,5.12,18.57,1.27,0.62,34.53,58.91,2809.65,59.1
56.41,8.49,110.58,8.18,46.3,2.58,2.67,28.54,39.73,2700.28,62.03
109.55,52.71,180.93,8.99,25.04,1.5,5.4,23.64,98.4,1776.21,63.28
16.64,32.68,23.18,9.16,14.77,1.89,4.95,12.49,36.09,815.68,48.67
183.05,75.61,157.33,3.69,27.18,2.1,5.22,10.93,95.92,1585.42,53.86
80.85,31.42,111.72,7.56,48.16,0.77,4.52,18.31,94.35,1065.87,60.21
78.74,97.87,46.2,9.93,11.16,1.1,1.49,36.1,48.49,2046.48,46.11
60.55,75.85,26.46,7.31,33.39,2.09,5.43,31.63,21.51,1743.35,66.97
92.13,5.77,60.2,4.61,45.77,2.9,7.61,24.63,78.42,454.55,61.95
50.35,50.89,171.26,9.2,46.34,3.37,0.42,28.74,32.59,1200.32,78.06
74.97,56.26,157.52,5.22,26.43,1.88,2.96,30.68,71.06,2853.47,65.98
159.99,69.53,129.03,3.79,30.65,0.35,2.4,12.47,35.93,2372.21,57.07
166.85,49.78,18.07,6.3,52.12,3.35,1.27,21.3,21.74,1249.03,78.67
60.84,48.34,190.97,4.15,16.46,1.53,2.19,40.78,22.82,2592.7,53.42
93.8,36.79,61.09,4.25,59.59,0.45,0.3,35.67,71.23,1443.09,62.85
174.76,27.15,121.4,6.51,28.06,3.41,5.18,13.02,86.3,1468.85,73.36
10.53,94.62,160.62,7.48,20.15,1.05,4.94,19.66,89.57,2450.29,52.17
177.83,31.76,26.57,9.39,5.14,2.33,4.08,17.08,69.54,2196.12,48.73
43.84,6.34,130.44,8.08,11.88,0.59,2.58,23.36,47.06,36.33,55.54
135.71,16.73,6.46,8.98,46.61,2.55,7.81,44.38,65.77,1175.57,49.84
116.51,85.73,20.36,6.18,40.71,3.42,4.99,30.2,73.59,20.08,77.8
110.59,58.66,144.63,5.57,18.56,3.45,7.11,15.53,69.54,1649.67,77.78
171.87,77.88,31.02,7.35,55.99,0.53,2.52,37.49,38.95,1330.26,51.18
20.31,80.88,88.7,8.02,50.96,2.71,6.07,30.51,68.89,751.21,64.63
69.41,82.32,49.67,7.19,19.81,2.36,0.15,40.16,53.14,2960.4,67.55
107.65,55.06,84.25,5.22,23.15,2.83,5.45,27.02,56.2,388.87,79.78
162.26,17.71,15.44,5.9,15.16,1.23,6.01,41.16,75.57,2664.03,49.71
43.29,14.82,150.98,6.41,40.34,1.47,2.23,39.95,72.53,2813.82,62.78
160.59,57.4,15.81,3.59,43.56,1.26,7.99,12.22,36.0,2654.77,44.59
79.93,36.65,167.58,9.22,26.77,2.71,4.04,38.85,20.1,1356.61,62.51
37.78,55.8,132.52,6.82,45.54,2.85,3.02,14.13,88.39,2917.35,72.69
151.8,49.85,83.32,8.38,59.54,0.95,1.56,13.83,75.95,36.37,56.4
18.18,60.22,173.3,4.62,38.66,2.05,1.33,15.61,91.38,897.79,63.2
102.95,3.21,37.23,7.12,40.71,0.53,1.73,42.21,41.55,423.97,63.66
12.78,3.28,52.91,9.52,25.56,0.14,4.34,27.33,98.94,464.0,46.84
71.28,72.16,27.42,4.89,5.58,2.17,4.34,21.24,54.63,2230.14,65.28
120.22,19.31,76.31,5.75,57.47,2.96,4.29,11.93,93.31,809.94,64.57
111.22,65.22,197.35,6.02,47.48,3.18,6.89,14.09,71.39,1181.67,74.43
80.93,54.66,32.21,5.99,43.26,2.21,0.11,16.62,42.08,1809.42,77.82
85.81,98.18,166.2,7.4,6.64,2.85,2.21,16.5,46.76,2353.19,62.91
45.35,83.54,130.38,6.06,46.75,1.47,7.1,12.82,70.7,864.53,55.05
91.18,41.31,3.16,7.88,41.85,3.08,0.89,12.82,74.37,2489.68,66.23
190.65,61.64,188.98,6.65,36.29,2.73,1.64,20.43,64.05,1607.21,64.61
170.09,11.73,194.22,4.52,39.3,1.15,2.68,29.16,95.84,2123.16,46.65
29.05,38.64,184.98,9.67,55.51,2.13,6.52,30.1,72.32,2080.35,41.08
5.96,73.39,100.35,5.06,5.37,0.27,4.71,20.09,33.21,2682.79,47.5
186.7,62.27,44.08,7.16,13.63,0.6,4.49,12.81,24.28,2463.93,48.52
105.35,48.45,78.25,3.89,54.21,3.32,7.41,31.3,86.19,2623.65,68.12
107.57,17.65,122.84,9.47,5.45,0.13,3.95,32.97,43.36,2020.57,55.4
156.14,80.31,75.77,9.53,54.7,0.79,7.58,34.44,98.14,364.53,41.15
62.94,27.32,141.63,5.87,6.63,0.57,1.16,42.47,78.65,467.43,54.45
96.38,82.05,159.12,4.29,47.86,2.48,3.26,11.27,43.56,2468.55,59.5
193.73,61.16,41.88,8.5,54.0,0.46,6.6,17.36,96.13,1881.09,41.42
134.43,37.27,80.99,5.2,38.69,0.17,1.29,30.02,24.84,93.01,69.16
30.75,4.06,191.55,8.05,40.28,3.26,1.49,10.35,60.01,478.93,55.96
26.65,23.24,49.96,9.45,7.78,3.07,3.12,11.77,33.05,2632.24,55.77
40.85,88.91,69.29,7.34,16.6,1.32,7.44,23.79,93.92,1691.59,60.88
153.34,81.8,7.13,9.1,54.47,0.44,1.54,30.12,22.61,340.71,48.5
59.08,57.49,66.47,4.96,50.3,2.41,7.65,33.9,78.7,166.58,57.3
4.28,46.63,74.19,9.42,8.28,3.1,5.41,18.7,88.99,2998.3,53.52
188.83,64.71,19.97,4.97,49.71,3.41,3.82,31.72,42.21,886.44,59.17
33.94,46.62,0.29,4.97,28.29,0.54,0.24,22.92,78.33,1980.26,57.31
1.91,64.43,115.08,9.22,35.84,2.14,4.25,29.46,26.99,986.13,61.39
47.43,30.74,60.31,7.11,10.96,1.56,3.38,33.43,32.76,2286.37,61.99
47.01,83.85,3.56,8.7,26.93,0.63,6.35,18.79,96.73,2726.68,43.84
84.4,70.19,171.99,8.72,28.92,2.85,4.52,22.54,38.07,1423.09,66.52
184.08,33.0,116.88,7.71,41.82,2.76,7.79,29.36,43.32,2719.38,57.43
175.84,83.07,34.23,4.73,41.16,3.38,0.98,18.1,91.47,887.24,62.98
91.38,48.73,173.05,8.0,35.19,0.39,7.33,42.9,43.41,2038.86,55.39
82.18,17.46,50.72,3.91,6.73,0.91,3.1,35.33,61.29,485.56,60.79
111.0,7.77,45.49,4.8,13.88,2.91,4.11,31.99,43.77,761.54,62.4
48.69,69.96,178.93,7.68,13.81,1.44,6.84,35.52,77.12,2457.6,57.27
10.44,86.51,35.89,9.4,53.83,1.72,5.51,18.19,97.73,2809.27,41.54
187.84,80.74,175.8,8.52,54.59,2.18,7.57,10.23,29.29,2165.28,40.34
37.34,65.57,160.59,5.66,49.36,1.49,7.88,32.66,84.09,468.86,57.23
39.68,14.14,61.96,8.85,14.62,0.22,5.17,43.76,65.65,73.41,37.2
94.49,9.4,6.88,9.78,51.21,2.15,4.52,33.05,63.35,249.67,47.69
98.32,34.5,16.51,5.66,15.32,0.88,2.1,16.09,69.6,982.89,63.42
3.69,85.49,21.91,4.71,35.5,3.39,2.28,40.05,85.74,997.95,60.38
29.59,96.17,178.16,4.78,45.36,2.45,2.1,30.26,76.64,128.82,57.56
75.63,24.14,80.81,6.1,7.84,2.96,6.3,31.61,60.3,2959.38,68.73
136.75,76.21,6.51,3.84,37.89,3.34,4.96,27.97,22.32,1653.44,62.87
45.68,57.39,111.31,6.67,18.81,0.32,5.91,35.69,52.14,152.6,58.61
84.6,3.18,41.6,8.26,32.38,0.61,6.55,43.57,91.88,2027.11,59.35
111.47,54.29,47.03,6.95,26.11,2.85,7.16,23.12,66.19,2599.56,75.37
177.72,80.59,32.17,9.81,42.76,3.11,1.26,30.33,50.61,771.33,52.22
65.21,27.61,152.4,6.5,31.91,0.12,7.01,39.9,25.32,2399.31,58.34
26.71,89.74,0.12,3.59,21.59,3.31,5.2,40.76,97.46,2658.53,46.09
97.85,23.63,87.8,6.56,55.07,1.64,7.35,38.81,38.49,411.52,62.41
149.34,7.65,17.37,9.54,57.75,1.67,7.44,29.63,73.24,1241.57,45.1
21.97,15.99,110.47,4.12,49.1,3.09,3.47,42.77,67.45,276.94,60.62
84.94,83.7,69.2,4.95,36.94,1.08,5.74,15.95,33.31,64.31,59.33
3.56,41.73,5.67,8.15,53.64,2.08,6.62,17.11,36.77,2292.8,49.81
6.71,79.69,92.19,5.41,38.09,1.24,2.13,17.6,95.22,245.51,57.49
96.59,53.12,114.12,8.47,13.19,0.49,3.94,24.08,99.72,1649.58,69.35
59.64,48.06,49.53,6.23,5.96,1.32,2.15,33.36,49.35,1463.04,70.21
169.02,80.69,153.1,8.67,44.93,0.69,0.8,24.73,60.03,1456.35,53.69
120.43,42.35,74.21,7.08,46.39,1.87,5.61,43.24,61.57,2679.35,68.49
90.79,80.2,149.87,4.04,55.92,1.9,4.62,18.42,30.1,1755.22,57.76
81.59,10.07,115.8,6.01,50.33,1.59,3.26,38.5,97.9,2871.65,59.3
99.45,63.63,173.85,5.67,40.18,0.69,1.78,37.37,44.46,2211.87,61.64
8.09,70.26,109.38,8.77,15.47,0.5,1.6,21.58,55.12,1434.66,51.34
178.56,89.91,37.13,7.56,37.67,0.46,2.31,26.47,90.51,379.08,58.06
199.66,22.43,164.52,8.55,28.91,0.48,7.86,36.66,76.21,1762.57,44.51
36.3,60.42,156.61,5.92,17.77,1.1,7.7,39.9,43.67,2075.59,54.31
24.08,43.33,194.47,8.0,48.95,0.11,6.77,33.89,25.08,2855.58,46.17
28.72,38.28,18.72,3.92,13.23,0.31,0.64,42.28,30.83,902.53,55.53
132.21,10.67,118.25,3.74,39.67,1.7,6.67,31.7,51.25,2994.16,56.79
132.29,13.42,98.33,5.37,38.59,0.72,6.07,24.21,55.5,185.88,63.51
169.58,83.7,134.17,8.53,21.7,1.0,7.52,31.81,58.42,643.14,52.42
150.37,74.98,196.04,6.97,28.61,1.3,3.79,31.42,25.27,2921.31,62.1
89.94,38.23,106.45,6.16,11.41,0.23,4.17,29.33,23.17,1240.05,68.49
122.57,82.85,137.15,9.33,6.4,0.85,4.58,20.72,69.87,2959.94,44.09
137.66,8.08,69.44,6.73,5.72,2.74,4.41,33.35,32.96,2966.69,62.5
102.55,62.48,59.79,7.49,14.59,1.26,2.58,38.03,72.47,894.24,68.57
95.13,86.82,67.06,9.91,52.68,0.73,1.38,43.56,32.02,1421.29,50.63
129.02,83.89,7.72,6.9,33.74,0.77,5.72,27.41,63.92,624.52,62.69
111.49,37.28,56.95,8.59,11.44,3.45,7.31,36.33,41.93,2473.14,57.26
128.79,74.52,34.59,6.19,54.8,0.6,5.36,38.07,36.12,417.0,48.71
122.57,42.75,91.49,3.74,36.29,3.18,6.65,33.59,37.67,494.69,70.15
143.84,84.01,92.16,8.92,6.53,0.37,4.22,23.26,54.22,2416.89,52.23
128.56,53.08,153.05,9.64,46.95,3.07,4.09,35.06,63.23,2338.8,64.46
103.95,76.49,100.46,6.32,31.04,1.82,7.89,44.21,85.99,2375.03,67.68
136.36,7.86,92.62,6.77,34.31,2.17,7.96,31.23,78.17,623.59,68.74
89.9,59.0,46.33,6.26,38.73,0.94,4.91,35.83,36.95,2144.99,65.72
48.33,55.03,170.5,9.98,10.19,3.16,3.03,18.29,54.78,1191.89,65.17
0.28,61.0,18.2,9.37,57.13,2.1,3.04,32.92,22.54,1961.89,38.04
111.99,69.56,196.46,3.77,19.05,2.4,5.41,11.2,65.61,608.09,58.91
118.13,91.81,95.21,8.56,39.2,1.99,1.87,39.07,76.31,2754.72,64.92
194.41,78.57,37.2,7.41,52.06,0.53,7.84,17.73,79.4,1779.52,39.01
72.3,21.96,70.87,3.66,23.26,2.94,5.73,12.29,29.94,2275.45,54.89
78.83,82.59,3.07,6.39,39.52,0.72,1.37,16.22,60.0,1312.7,65.94
40.36,12.21,33.3,4.47,59.39,1.09,2.98,26.45,90.62,2555.06,43.93
14.11,62.22,67.07,9.17,51.85,2.38,1.87,11.48,34.83,1156.14,55.55
154.56,88.28,110.88,3.58,47.86,0.42,0.78,11.22,25.79,877.48,52.82
49.94,10.11,25.9,9.18,29.16,3.27,5.19,27.86,40.77,2947.13,60.15
121.78,84.97,135.19,9.62,29.82,0.52,0.92,29.89,28.33,1466.75,62.74
137.55,79.86,168.86,3.97,31.7,2.37,3.23,21.15,24.71,1052.92,70.93
94.25,50.38,114.47,8.18,42.97,2.26,5.39,10.59,37.97,1682.19,72.6
175.27,30.89,59.38,7.07,12.94,2.47,1.37,26.09,49.42,2471.85,73.52
88.76,40.54,24.28,9.7,52.36,1.57,7.08,42.15,79.49,1549.42,48.97
56.98,96.87,3.11,8.69,5.99,1.4,1.56,26.95,25.92,1565.93,46.42
179.2,20.17,146.36,8.01,14.35,3.42,4.92,25.87,97.95,1574.63,58.65
172.31,57.96,125.7,9.52,31.5,2.88,7.4,29.55,20.95,1466.98,56.05
32.81,8.32,95.26,4.54,18.87,1.75,0.85,15.76,84.53,2093.76,63.22
5.19,21.79,20.4,5.94,25.11,0.72,0.93,38.11,20.41,2502.08,60.02
18.0,76.33,41.41,8.98,23.29,3.13,1.09,11.16,40.14,1865.15,59.97
57.31,30.26,163.03,4.16,19.79,2.31,2.92,11.97,94.63,962.1,54.44
194.45,98.58,95.97,9.58,25.92,0.56,5.41,11.97,54.72,2416.68,42.74
111.7,50.08,192.57,8.34,32.79,0.72,4.36,37.74,47.3,309.09,59.55
74.65,51.65,199.99,6.36,31.2,1.94,2.46,22.89,72.55,1142.88,73.76
177.74,3.63,160.14,5.7,49.66,1.81,4.98,32.51,81.38,2475.16,54.32
90.63,95.65,51.64,4.46,21.95,1.49,3.63,12.78,93.47,2150.43,56.45
63.05,17.42,46.22,4.11,20.51,1.55,2.89,36.69,92.95,2904.55,55.06
188.24,53.83,50.73,6.25,32.74,0.69,3.12,21.72,75.88,1143.25,67.04
169.9,39.57,197.36,8.98,7.64,0.97,2.94,17.54,23.62,1912.31,47.47
168.73,41.56,67.07,6.96,11.15,1.78,4.14,35.02,44.78,2380.03,61.95
102.46,64.33,141.29,6.43,49.17,0.32,3.1,12.26,44.15,1526.28,66.89
157.89,66.21,191.8,5.57,32.15,1.3,2.62,27.02,45.71,887.43,62.26
35.87,15.43,163.92,4.52,8.66,0.82,2.64,23.41,28.51,351.88,50.84
114.64,49.96,119.52,9.94,29.22,0.69,1.83,35.94,23.28,666.21,64.61
196.77,79.05,33.79,3.67,26.9,0.6,1.76,32.36,38.56,165.54,43.23
58.19,44.33,34.99,5.53,18.54,0.58,2.36,41.21,66.69,800.45,58.92
158.87,16.58,98.48,8.5,25.47,0.65,7.78,35.44,20.24,356.79,49.81
98.1,31.32,190.39,6.88,15.36,1.37,1.71,24.55,91.01,100.3,67.11
7.96,21.24,180.9,5.54,29.7,0.44,3.61,16.48,93.7,1119.3,49.69
152.6,12.58,33.24,9.95,27.47,3.15,7.28,25.75,69.11,1440.4,58.33
33.71,37.76,57.54,7.52,38.41,1.79,0.19,15.84,24.11,1762.32,69.44
126.29,54.09,117.76,5.42,56.82,1.82,4.88,13.97,98.37,2461.1,55.77
17.13,7.28,95.49,9.01,15.2,0.82,6.97,11.71,69.52,172.41,44.73
189.37,60.38,23.87,4.48,27.96,3.05,1.42,28.98,62.45,322.14,70.26
58.34,99.3,73.86,6.51,35.92,2.92,6.52,29.82,58.16,1207.42,69.04
45.29,96.41,190.94,8.96,35.08,0.22,5.2,32.94,30.5,1815.07,46.9
25.83,82.92,190.29,9.89,41.37,2.59,6.59,41.04,83.81,636.91,47.07
189.2,26.63,111.89,5.99,19.74,0.73,0.66,41.95,59.65,630.79,58.9
142.38,2.24,127.05,4.4,39.9,1.99,0.66,21.93,21.59,96.62,59.02
148.33,83.35,44.38,7.19,16.06,3.06,1.23,32.27,32.21,1741.46,71.21
99.88,5.57,148.39,9.64,11.9,3.28,7.83,26.17,42.9,1688.5,59.43
94.95,20.56,10.5,7.83,50.74,0.73,7.05,36.34,93.16,1532.73,49.64
22.0,54.45,44.14,7.41,31.06,3.29,4.62,35.08,56.77,2810.16,75.56
111.97,17.84,1.18,5.51,26.85,0.34,4.27,16.84,95.25,1443.04,61.0
49.38,83.38,77.14,7.44,56.07,3.19,2.12,16.09,41.99,2412.04,65.62
195.43,77.72,170.05,9.25,44.04,2.73,1.77,14.0,98.73,1121.71,55.78
159.32,75.58,196.5,5.94,42.24,3.21,1.95,14.3,96.41,2294.37,65.95
82.6,81.61,133.55,5.07,15.68,1.34,5.87,18.61,76.94,2467.39,61.95
30.27,21.97,148.97,6.63,16.51,3.3,5.11,22.24,80.54,124.57,68.2
157.07,72.89,52.55,5.95,31.57,2.88,4.06,31.73,21.94,360.51,74.83
24.41,35.53,104.07,6.55,40.88,1.22,6.69,36.11,38.4,2653.34,65.18
37.87,66.68,147.32,4.12,26.74,1.25,0.57,14.87,35.59,1443.21,61.7
42.3,12.2,99.46,5.69,8.53,1.31,0.39,18.84,96.75,2243.18,64.48
111.38,70.56,17.71,8.87,42.57,2.1,6.58,30.71,52.7,1842.85,62.33
157.41,97.21,148.17,6.1,47.56,0.72,3.39,36.54,68.13,1759.9,55.58
62.86,4.36,43.91,9.79,56.94,1.57,5.36,38.72,41.58,353.79,43.37
16.93,9.38,19.54,8.11,27.48,0.33,3.29,23.42,40.37,71.14,50.58
92.91,12.36,95.61,5.88,19.19,1.32,3.56,25.61,53.52,1806.4,73.32
149.62,43.06,14.92,5.14,55.92,2.37,0.28,33.73,45.42,2948.37,67.09
44.33,29.08,125.89,7.95,44.33,2.1,4.29,19.73,80.12,1890.58,65.22
43.98,80.69,128.09,5.47,8.52,1.18,0.38,12.89,69.78,2208.92,66.38
189.45,47.38,51.34,9.52,36.9,0.97,2.88,25.51,75.5,172.87,50.68
190.83,48.45,192.91,4.26,6.57,1.21,1.18,44.5,63.19,2716.21,45.93
198.09,71.7,164.89,3.69,17.46,0.34,1.82,23.07,92.23,1930.65,44.45
161.53,36.2,21.92,4.94,8.9,0.98,7.27,20.44,25.16,2187.15,47.39
37.64,35.32,149.7,7.44,16.27,2.51,7.76,38.79,79.98,2609.31,57.14
42.4,75.69,70.61,8.93,31.95,0.71,0.36,42.13,39.2,1992.4,52.47
68.05,78.0,150.06,4.61,21.44,0.57,7.32,37.33,69.85,396.59,55.5
63.63,1.44,160.16,7.3,9.84,2.98,6.82,28.33,94.06,1707.66,61.52
191.31,14.38,30.28,4.44,31.51,0.9,4.18,41.09,44.86,529.55,46.89
157.81,21.31,132.37,7.16,43.97,0.95,3.92,30.65,97.12,2441.7,57.78
144.8,35.16,172.55,3.62,7.92,1.67,3.16,20.33,34.1,1095.6,55.99
37.19,29.14,64.67,7.13,53.53,1.7,5.26,42.79,96.42,309.09,54.64
181.91,66.85,16.07,6.89,40.92,0.73,1.54,32.99,23.32,1409.71,53.67
165.57,82.81,5.45,3.78,33.57,1.99,0.69,14.68,46.28,1466.08,58.65
32.73,19.21,22.0,7.98,26.8,2.47,7.84,21.75,75.88,2827.59,55.93
174.23,56.3,0.84,7.22,26.63,1.75,6.59,33.09,87.55,264.19,58.41
54.45,36.78,65.39,7.55,23.46,3.14,3.1,39.31,33.37,737.58,70.2
16.17,50.58,59.87,6.94,11.37,3.47,0.62,44.61,94.74,2451.64,70.49
131.36,62.08,22.07,8.19,9.36,1.9,7.66,17.09,32.53,793.04,47.94
130.76,89.36,130.22,6.91,21.99,3.41,0.51,38.19,89.47,2778.37,81.37
18.99,19.23,198.38,9.49,41.69,2.3,0.12,14.14,90.78,1042.71,56.36
63.77,8.7,180.19,9.63,20.86,1.9,2.38,33.85,79.02,2495.75,50.94
198.56,62.72,50.57,8.22,49.67,3.06,5.99,13.75,91.27,1970.68,62.9
135.69,39.41,154.0,9.43,25.92,3.39,6.78,29.61,26.65,803.15,64.79
146.02,16.29,187.37,9.5,39.72,3.5,4.72,28.29,94.04,1533.55,54.43
42.58,11.71,181.27,5.2,28.76,2.68,3.74,41.3,57.1,1140.32,58.71
15.76,55.89,176.91,9.96,32.38,1.75,0.22,28.79,43.64,2734.83,52.52
55.38,30.05,157.29,5.24,18.76,1.11,2.85,35.07,20.49,2833.61,59.66
49.78,99.74,58.6,3.62,33.26,2.0,0.76,40.23,65.63,2991.65,56.78
46.91,40.59,16.71,9.75,11.09,2.74,1.83,14.93,24.99,2632.12,59.87
38.55,21.23,97.56,4.95,26.27,0.19,0.64,14.13,20.98,2771.02,61.49
114.95,62.88,10.96,7.3,29.66,1.01,7.18,14.22,53.4,1911.92,66.87
65.62,24.43,199.69,9.81,43.72,1.31,5.69,21.36,24.86,1447.11,46.74
164.07,49.41,71.66,3.82,27.01,2.75,3.69,23.64,87.72,1835.08,68.08
36.79,48.26,191.67,5.25,41.6,2.19,7.46,11.35,23.67,2533.8,51.17
92.93,45.36,154.62,7.46,14.6,1.55,1.75,18.72,64.98,2254.08,74.17
2.73,79.61,82.26,8.46,6.39,3.23,7.63,10.24,62.26,245.22,49.28
96.34,21.66,23.66,8.75,32.83,1.93,0.69,16.69,64.93,1641.41,71.08
11.17,90.43,47.44,9.24,31.06,2.56,6.42,23.75,30.57,1200.24,52.29
195.54,79.13,134.61,4.59,41.84,2.33,2.7,36.41,90.57,830.8,59.11
158.12,33.31,165.99,5.91,22.24,3.02,1.14,44.91,72.19,1079.14,66.6
98.02,18.06,195.89,8.14,6.64,2.86,5.33,16.98,82.6,1040.04,61.92
17.32,27.95,26.43,8.15,44.8,3.46,5.12,34.54,87.81,524.11,55.48
118.49,33.26,31.19,5.5,56.82,1.39,7.48,22.33,91.57,1540.82,55.24
151.75,55.69,8.49,5.48,26.68,0.66,2.28,39.74,77.81,2938.3,56.95
38.14,4.64,52.07,5.58,38.61,2.68,6.15,21.67,78.11,840.61,57.85
113.64,91.44,164.21,9.3,34.96,3.07,7.38,20.83,31.94,624.94,57.31
162.84,9.87,39.65,9.41,36.13,0.28,3.7,28.73,33.55,1975.9,44.26
153.65,27.93,109.57,3.6,52.71,1.23,3.39,44.92,80.28,739.15,54.13
160.6,10.93,89.28,5.61,45.5,2.84,3.01,22.35,37.59,2153.75,66.58
175.86,25.67,65.17,6.05,47.34,2.42,7.87,17.09,64.23,1863.96,60.2
187.54,83.77,123.67,9.89,9.95,2.67,4.91,34.35,41.72,2767.31,46.04
81.1,61.52,100.47,9.64,13.07,1.95,7.39,41.28,40.43,721.8,56.35
113.75,22.73,66.95,7.58,41.48,1.4,3.65,39.05,56.07,2572.08,66.13
158.13,87.18,137.77,3.8,34.73,2.86,7.07,40.8,33.22,2135.78,56.87
139.43,80.07,55.99,4.74,47.59,1.99,3.75,11.18,87.68,1322.44,62.33
199.1,75.36,128.64,6.32,10.12,1.85,1.35,12.81,31.84,881.14,68.67
2.74,84.76,191.45,9.73,36.16,2.6,4.83,37.73,82.28,723.32,49.7
71.03,61.96,145.79,4.12,31.73,0.75,6.97,24.44,57.52,1324.49,63.03
56.21,50.14,83.68,8.64,52.01,2.09,0.37,25.8,36.53,1027.9,68.52
52.46,37.39,149.51,4.74,15.29,1.14,2.34,23.91,47.4,1825.35,61.73
44.51,22.38,161.85,6.8,24.18,0.17,7.58,15.9,54.12,1210.97,56.96
141.82,55.74,65.17,8.49,13.28,2.65,2.23,42.87,42.29,688.71,69.41
16.95,88.95,141.03,8.0,29.85,1.71,3.25,35.59,84.78,2395.12,60.57
148.32,59.4,86.88,8.54,53.48,3.17,2.69,21.3,48.26,1326.64,70.82
138.69,91.96,163.7,8.79,41.87,1.8,2.16,30.72,59.25,1549.85,63.69
50.16,35.69,59.08,5.49,45.94,0.13,3.2,28.47,22.3,2033.89,56.67
50.57,69.51,187.55,5.87,10.13,1.49,6.83,26.68,38.02,690.75,59.4
125.77,64.87,114.96,8.8,29.86,0.68,2.71,43.69,26.53,1027.97,56.95
152.43,67.04,70.66,3.75,51.13,3.23,5.66,25.77,92.69,658.17,67.39
175.3,64.5,83.87,6.84,51.06,1.62,2.04,31.47,88.9,1941.49,68.12
170.43,22.17,69.56,9.48,59.34,1.84,1.53,19.11,42.46,2570.23,50.49
192.98,14.36,29.25,9.25,33.93,1.34,6.48,22.82,59.03,1219.09,51.07
116.28,97.86,13.7,8.73,5.11,1.88,1.11,30.07,45.98,550.22,60.05
181.73,4.53,64.36,3.64,54.45,0.38,6.21,42.42,82.14,2269.09,39.44
161.7,46.77,91.74,9.27,57.59,1.66,5.13,44.04,38.57,2992.85,48.99
178.93,42.51,72.36,9.43,56.03,2.36,4.34,38.32,84.97,603.74,51.06
2.33,36.0,2.78,7.81,47.46,1.37,3.74,38.74,34.39,692.0,51.13
193.18,78.2,115.8,5.44,16.66,1.44,4.33,14.24,43.33,2347.03,54.65
94.71,74.54,28.96,6.68,12.65,2.95,1.09,41.67,91.09,1087.74,80.47
159.64,90.52,42.2,8.46,43.55,1.92,2.05,43.21,42.87,2246.9,53.53
25.44,39.55,24.15,8.78,12.72,2.1,0.25,18.1,92.87,993.94,61.33
79.19,56.42,104.09,5.73,57.43,1.11,5.62,27.77,30.83,2235.99,63.01
54.29,89.23,19.03,5.62,29.52,1.74,6.4,23.84,70.54,2159.01,61.19
58.33,99.38,51.27,8.29,6.69,0.28,5.55,36.11,42.29,2427.01,44.07
24.65,96.93,90.34,7.96,13.28,1.56,5.7,15.31,45.66,2417.35,48.73
161.15,71.78,33.54,6.84,20.98,2.83,6.92,35.67,86.69,215.32,63.79
1.85,14.32,89.25,6.23,43.71,0.65,5.65,39.68,65.82,2020.96,48.25
62.5,2.32,68.55,7.77,45.55,2.7,2.87,14.19,37.49,1306.02,69.41
34.88,82.52,172.12,3.71,16.72,1.37,1.99,18.07,95.64,2244.98,54.08
117.81,84.09,158.98,3.99,40.67,0.19,3.34,14.33,52.39,2820.59,48.58
50.85,74.64,198.57,7.23,6.75,3.34,3.76,38.28,90.35,1288.93,66.71
51.8,27.99,105.78,4.87,10.66,0.72,2.25,10.77,92.95,612.29,57.69
97.67,63.98,115.08,8.54,34.43,1.24,2.42,41.3,53.47,1824.3,71.1
130.54,31.62,189.33,8.52,43.71,1.73,5.71,28.81,53.09,402.3,58.81
24.26,45.06,79.92,8.11,55.29,3.33,1.74,17.55,64.22,516.07,68.88
35.1,38.24,111.14,9.37,29.08,2.08,6.16,15.28,70.95,2857.33,54.54
49.43,91.36,75.82,4.42,11.6,3.18,2.13,15.39,24.36,421.87,67.85
194.75,23.42,109.17,5.19,56.09,2.02,3.31,19.36,25.41,1815.95,61.72
79.43,57.76,16.15,5.14,29.06,0.8,2.28,12.82,40.04,2370.54,62.9
119.8,36.1,156.76,8.59,32.36,2.02,6.59,37.93,54.55,1466.12,62.92
48.31,66.31,197.06,6.89,51.99,0.44,3.21,19.57,72.39,2186.41,56.2
98.09,56.46,13.15,5.14,37.22,0.5,7.83,10.53,35.7,1722.06,55.58
14.82,92.4,160.21,4.39,21.58,0.49,4.85,37.9,44.42,2994.79,37.59
6.95,10.16,48.35,9.3,34.74,0.14,0.23,30.51,52.61,238.5,50.18
93.75,22.06,39.51,8.0,39.37,0.61,6.54,11.11,42.36,695.01,56.44
79.73,76.63,138.67,6.94,53.94,1.3,5.55,17.89,50.82,1714.26,62.51
27.38,36.88,8.83,9.78,17.92,0.35,2.12,21.29,30.21,1535.49,45.33
137.52,16.58,92.65,9.02,35.77,0.12,2.22,42.84,21.22,280.58,53.07
198.58,50.33,0.29,4.66,55.63,0.48,3.99,24.92,35.77,1644.23,46.6
79.13,65.21,110.88,6.8,7.5,3.28,5.36,34.18,41.8,327.45,76.94
124.91,4.48,92.42,6.66,15.7,1.89,7.21,37.19,83.19,2073.17,64.7
192.6,29.16,183.1,8.99,24.05,1.58,1.41,28.32,80.13,1956.65,57.07
166.31,80.94,144.05,4.47,42.32,1.76,1.42,13.53,78.1,199.5,51.94
92.71,52.02,25.2,6.44,51.3,1.99,5.61,42.7,96.83,1399.76,67.86
147.5,3.54,70.91,7.64,15.95,0.47,2.61,25.75,52.75,2133.46,60.76
25.63,28.2,186.32,9.64,18.57,2.09,1.89,15.96,28.35,2402.06,52.74
102.42,63.91,145.07,9.35,50.28,2.94,5.53,36.89,85.48,109.27,66.55
55.81,19.94,118.86,6.97,13.16,2.01,0.58,40.87,66.66,1402.09,68.97
32.23,82.74,111.81,7.44,19.36,3.1,4.3,35.64,99.98,2962.86,65.39
85.26,67.66,79.62,9.04,45.3,0.57,5.16,25.62,47.16,1151.27,58.17
26.2,47.14,117.04,8.34,14.14,2.91,3.14,44.42,89.93,1602.37,71.18
139.8,91.56,154.33,9.22,50.54,2.35,1.09,13.5,88.81,897.63,56.85
91.25,39.18,25.51,9.32,31.98,2.15,2.81,15.14,98.67,165.2,63.33
106.23,23.51,193.97,8.91,29.62,2.1,3.51,19.63,98.73,2710.78,63.39
29.28,66.14,47.87,3.56,12.44,0.5,1.37,14.63,99.35,1894.27,46.18
27.95,57.33,89.55,5.52,42.38,2.28,3.96,25.67,93.12,1569.39,66.14
116.68,33.52,4.54,6.12,53.62,1.46,2.78,30.85,40.87,2432.95,67.89
197.0,34.37,110.07,7.91,43.07,0.32,7.21,20.61,55.31,441.2,54.8
19.25,39.82,76.37,5.49,22.43,0.8,0.61,11.06,97.64,2606.99,61.27
57.15,29.11,49.95,5.6,43.43,1.6,5.39,29.62,51.9,1828.42,62.39
173.89,71.02,197.1,6.1,33.05,3.48,5.8,29.62,93.46,2125.33,68.13
14.45,65.14,85.63,9.71,51.96,1.56,4.91,40.48,80.52,1862.02,43.56
175.18,44.08,82.86,6.34,30.28,0.61,4.22,13.61,89.29,2469.12,58.42
104.86,39.79,92.62,4.41,18.05,3.17,1.01,23.01,80.59,2378.16,76.28
81.65,36.51,23.23,3.54,10.57,0.22,4.9,18.11,50.54,1715.58,49.14
61.94,28.35,78.62,5.04,20.46,0.53,4.58,13.6,41.82,2520.09,58.47
59.42,8.57,67.28,9.6,35.99,1.71,7.31,20.55,76.26,2356.29,50.31
61.16,26.82,93.02,9.71,14.35,0.42,6.99,38.17,27.0,1510.27,46.52
176.96,32.12,171.32,6.94,7.19,2.04,0.26,18.22,34.77,282.8,62.1
144.76,54.77,38.56,7.7,29.69,0.64,7.88,41.97,22.39,2601.62,54.74
133.94,77.38,121.55,8.67,24.11,2.31,4.57,34.23,42.69,1126.14,66.44
159.75,39.57,7.53,3.86,28.12,0.5,7.34,13.35,44.99,2457.94,43.88
51.42,94.48,63.36,5.93,29.98,2.85,1.28,17.76,91.47,2316.92,67.77
123.61,82.73,94.53,7.67,47.13,2.6,5.6,11.2,80.92,255.09,64.54
92.01,98.48,14.86,9.34,57.85,3.25,3.72,14.05,74.88,816.87,56.87
156.49,87.62,108.79,8.22,19.43,0.33,1.16,35.24,83.76,2482.6,50.17
61.85,61.67,62.07,5.78,56.83,1.99,0.28,15.4,71.04,1747.63,69.43
128.64,59.85,198.56,9.41,17.56,2.51,1.81,20.24,40.97,967.92,63.86
176.44,12.95,126.19,7.82,46.52,3.17,0.23,33.95,96.58,474.92,64.28
80.43,72.24,48.84,8.9,42.47,1.74,4.82,32.36,30.88,1298.94,61.8
13.32,60.02,20.53,6.01,7.87,3.33,2.51,41.39,28.55,1884.33,67.06
103.21,50.69,8.14,3.51,44.87,0.52,7.63,21.69,39.13,1057.21,59.45
69.19,69.33,18.15,4.58,54.56,1.57,5.1,22.84,88.51,1804.03,55.02
134.45,44.4,136.01,9.53,56.16,0.96,6.13,13.34,55.44,2437.71,47.63
190.21,52.39,171.0,3.72,42.69,0.63,3.53,19.92,51.7,812.06,47.8
97.12,39.84,31.35,7.37,48.26,1.08,2.21,39.6,42.68,268.69,66.29
93.24,71.74,80.43,6.16,8.93,2.36,6.16,14.85,96.78,539.17,64.07
130.92,87.66,70.85,6.29,13.87,1.74,3.79,22.99,81.7,711.78,72.75
20.7,84.08,128.9,6.11,19.44,0.72,8.0,39.51,33.24,388.67,47.46
50.7,78.6,36.54,3.94,34.22,0.21,4.78,17.71,47.87,1218.01,54.13
183.8,1.38,190.66,4.3,26.24,3.24,6.78,15.5,48.85,979.76,49.97
133.99,91.19,145.71,3.91,41.14,1.17,2.37,10.24,37.93,1151.05,59.06
2.69,27.49,191.01,3.85,29.51,0.53,3.47,42.13,30.22,1080.5,45.87
40.93,88.8,55.47,4.06,47.63,0.6,2.0,40.45,87.04,746.33,48.32
136.57,19.7,117.54,8.03,44.25,0.96,6.23,16.6,61.64,1922.15,58.36
152.88,43.96,146.45,4.24,46.1,0.88,6.08,37.56,48.41,725.63,52.39
167.97,74.94,142.19,5.2,50.59,1.05,4.78,44.06,24.87,2793.85,48.77
58.44,64.03,4.27,7.77,50.88,0.87,5.88,20.68,40.19,956.05,49.01
186.21,41.59,199.66,4.23,47.88,1.56,2.95,33.39,77.98,2859.59,49.51
110.59,67.86,185.61,9.42,8.63,2.7,7.04,17.19,91.57,569.75,56.71
139.31,54.89,23.95,6.6,39.28,0.19,7.39,30.55,91.34,258.42,53.75
119.35,27.57,108.71,9.76,6.09,0.75,5.35,21.46,45.02,922.92,54.5
24.55,64.63,62.91,4.75,45.91,2.52,3.05,31.56,76.69,966.67,67.54
192.62,20.42,175.78,3.7,8.36,0.61,6.75,33.38,31.78,2425.56,33.61
24.58,69.4,139.5,7.34,59.08,2.62,7.85,35.13,42.75,2319.25,58.15
50.98,0.31,44.7,5.64,38.77,1.85,4.67,41.61,61.28,557.0,59.39
162.73,54.88,6.77,7.22,15.01,3.1,5.31,13.84,82.06,2767.9,63.73
123.72,40.11,58.35,6.58,30.76,0.13,6.82,19.64,92.85,1062.5,63.28
167.63,30.31,7.63,6.47,50.47,2.77,5.41,15.95,95.38,2961.83,62.34
103.15,51.57,28.26,9.03,14.9,2.05,1.65,25.27,33.0,2895.66,66.02
75.4,64.53,127.23,4.75,34.52,1.69,3.44,25.1,55.35,818.74,70.83
184.37,96.53,149.02,6.75,5.2,0.6,4.94,21.72,74.06,1353.2,54.1
7.25,83.31,93.6,6.2,48.36,0.9,3.76,44.57,80.21,2534.71,53.02
171.23,71.71,120.06,7.88,15.7,2.77,5.47,36.63,60.38,905.7,64.55
46.16,47.9,31.18,3.83,26.29,0.61,2.32,13.21,24.56,1347.11,59.56
169.75,39.21,63.36,6.94,34.16,1.89,1.35,24.08,84.11,577.85,73.59
27.84,3.25,142.58,6.61,12.97,0.81,0.32,40.13,88.95,1491.17,59.69
116.04,35.91,72.98,9.83,55.97,1.76,0.41,15.83,91.28,820.85,61.95
177.62,84.84,69.76,8.41,30.78,0.97,2.92,26.25,90.04,341.41,54.71
94.71,38.4,38.8,4.51,17.75,1.29,0.27,37.06,80.31,2073.96,65.74
149.31,46.16,118.96,6.81,45.43,2.83,2.25,13.01,53.25,1072.97,75.0
160.93,27.18,161.91,8.59,54.18,0.23,4.16,38.61,34.38,1595.39,48.54
147.3,27.41,93.89,6.91,55.2,3.24,5.98,13.87,30.53,1662.22,66.97
185.07,6.19,23.11,5.82,28.71,1.19,4.75,26.22,76.68,1771.72,59.91
89.37,61.38,167.67,5.95,24.77,2.13,4.32,43.49,82.28,2311.83,68.37
34.63,44.81,14.28,5.89,56.11,0.85,2.01,27.82,72.17,2152.98,57.02
9.56,60.6,94.35,3.63,7.91,1.32,0.22,41.53,65.82,2278.08,57.29
49.29,54.69,52.22,8.25,46.28,1.66,1.13,42.14,67.17,2435.98,67.41
28.64,79.88,187.26,7.47,14.76,2.44,7.86,25.02,25.24,1185.4,58.14
111.59,75.1,147.51,5.25,30.6,3.07,7.43,42.7,42.59,2380.93,69.24
36.99,77.15,113.28,7.6,57.45,3.04,2.56,13.14,33.63,1076.52,68.06
7.79,49.92,133.55,5.51,36.96,1.25,2.64,22.13,56.36,1248.45,66.03
7.2,35.39,106.55,5.08,33.79,0.4,7.14,40.96,26.2,2707.05,50.14
166.31,93.34,29.52,8.32,8.4,3.25,0.72,28.6,46.46,2026.16,61.49
118.29,5.43,141.82,8.76,20.25,0.2,1.45,35.06,90.05,748.84,56.81
71.62,15.26,98.53,7.57,5.17,3.1,1.03,11.49,27.85,1996.72,67.14
178.85,41.96,126.86,8.6,53.13,0.19,6.98,33.28,65.23,460.4,50.23
14.04,61.4,9.04,5.88,40.47,3.42,0.15,39.75,40.97,781.56,67.75
196.06,0.82,28.41,3.97,11.49,0.14,0.21,33.79,49.67,168.57,38.27
123.26,71.93,117.87,7.43,24.99,0.16,6.53,43.36,43.97,2041.47,59.02
36.69,55.87,91.89,5.16,49.63,1.83,5.13,34.3,24.98,2844.43,59.77
135.81,48.47,45.37,8.55,12.72,2.37,4.55,21.06,25.53,2799.63,61.06
152.68,42.35,48.15,5.83,17.66,1.3,7.39,18.9,57.58,2423.79,58.3
85.87,51.95,126.33,7.86,34.78,2.16,3.92,32.03,87.75,480.59,71.54
172.33,16.18,11.79,7.09,12.97,2.98,3.79,13.36,94.59,2532.04,60.05
30.15,10.87,86.85,8.81,26.05,2.8,3.42,23.47,38.11,8.71,64.3
55.77,28.96,104.62,8.91,59.02,3.11,5.25,25.23,91.8,2749.07,64.22
18.7,70.95,61.63,3.94,34.91,0.64,2.65,31.06,23.84,2111.92,53.57
42.18,58.83,164.11,5.42,43.58,0.86,5.38,18.15,87.2,525.07,56.9
47.75,48.01,11.35,9.16,41.48,2.1,5.66,42.47,63.98,1692.66,53.36
183.53,57.15,173.16,6.13,16.64,2.56,1.77,42.97,26.9,1880.9,69.38
15.62,55.93,144.65,6.85,51.54,0.47,4.8,30.91,26.16,804.43,53.31
85.48,30.7,89.25,4.69,11.71,0.7,5.84,33.52,31.38,2553.48,57.97
106.48,9.75,184.89,7.09,55.69,3.24,7.69,20.75,23.85,1538.29,67.97
179.74,89.68,140.45,5.22,16.88,0.19,7.52,18.98,76.54,1693.25,49.11
199.54,59.99,186.21,8.89,57.51,1.47,1.72,19.44,69.32,2658.34,49.38
150.68,69.77,94.52,4.8,48.89,0.82,4.66,24.22,87.1,1963.98,56.51
194.16,46.4,90.59,5.84,14.4,2.73,3.81,42.52,58.88,1769.96,73.38
157.42,75.65,106.15,4.12,13.82,3.04,2.86,20.8,66.66,377.83,66.75
192.64,58.45,13.09,7.32,9.65,0.94,2.8,20.09,31.5,1625.01,50.82
141.45,5.38,181.7,9.62,18.6,2.11,7.77,21.41,61.68,2741.79,48.75
15.95,89.01,133.54,4.63,41.25,2.97,0.39,18.21,45.21,1819.56,65.0
80.38,30.55,123.52,3.63,33.62,2.13,6.84,35.48,56.11,853.88,62.22
129.32,13.79,185.29,6.25,38.73,2.14,3.68,24.12,86.94,2486.64,62.57
70.14,8.8,198.73,8.36,6.71,1.5,4.58,26.38,73.74,1303.02,58.24
54.68,72.04,32.68,9.84,9.4,2.32,5.94,35.03,24.87,237.5,52.74
115.48,70.4,149.8,3.83,43.06,3.37,3.71,32.76,96.71,1449.64,63.76
186.7,70.02,115.99,8.61,51.63,1.12,7.9,24.16,40.6,2284.57,51.38
7.0,91.58,92.2,5.9,24.77,0.78,6.95,10.81,56.74,2755.55,50.92
153.85,34.89,195.52,4.5,14.16,3.36,1.79,41.24,57.56,1993.56,60.18
144.55,56.11,170.05,4.75,21.96,0.3,5.4,14.0,71.86,2516.14,51.78
192.79,61.95,139.35,9.51,27.66,2.96,3.86,39.49,87.58,2249.15,59.68
186.14,97.95,76.54,8.76,39.66,3.19,2.95,36.21,42.59,546.52,56.11
152.45,31.23,133.21,5.53,27.52,0.85,2.88,39.2,43.59,2952.51,59.72
104.08,95.63,106.34,9.61,54.34,1.55,1.39,41.29,37.81,169.34,52.09
40.85,14.87,49.87,4.18,27.07,0.52,3.72,11.62,80.79,821.82,51.15
109.05,76.4,90.08,5.6,14.98,1.35,4.81,25.32,70.9,2290.22,67.69
153.07,63.29,42.44,7.74,18.66,1.65,6.41,12.02,36.78,402.0,60.74
179.13,81.69,100.08,10.0,30.58,1.83,2.38,21.1,55.75,1703.97,61.47
157.94,2.87,144.05,6.53,48.04,0.52,6.21,14.93,52.48,1892.02,51.49
39.05,7.81,7.33,8.77,52.82,1.47,4.47,30.25,62.99,2062.43,45.8
119.94,6.97,153.08,9.45,15.19,2.23,2.14,31.56,85.69,481.95,64.52
66.43,59.3,4.0,3.56,5.19,1.8,6.32,29.9,91.4,622.35,50.8
1.84,60.29,103.46,5.38,52.82,2.96,4.86,17.82,37.39,371.87,61.82
40.04,90.61,114.7,4.15,17.55,3.33,7.64,18.58,68.24,513.77,60.43
22.64,46.76,152.25,8.54,50.19,2.88,2.38,20.78,84.2,2499.08,67.02
168.54,6.8,152.21,7.19,35.29,0.26,7.79,15.45,30.98,341.18,48.94
51.7,20.95,83.49,4.12,27.23,0.83,4.49,25.14,47.31,1204.32,64.7
56.94,0.81,13.27,6.23,13.07,0.4,3.69,34.66,32.9,46.28,48.17
191.99,77.67,138.7,6.84,41.96,1.58,7.01,38.13,50.15,2290.69,55.05
75.82,81.56,102.2,8.04,50.0,2.56,1.35,10.81,23.34,2871.58,64.71
1.92,99.79,66.61,8.57,30.36,0.21,3.75,11.59,59.52,898.02,51.95
56.77,41.22,46.97,4.07,29.55,1.01,1.09,31.84,99.72,914.73,66.5
23.86,1.93,23.95,6.67,46.54,0.42,4.94,26.02,90.0,1721.82,52.78
20.56,23.47,59.03,4.55,32.51,1.49,0.44,22.04,60.7,393.37,63.16
15.5,58.78,91.7,8.4,48.21,3.25,7.84,37.3,66.96,1806.06,66.0
118.65,96.19,95.52,7.77,7.98,1.5,0.16,27.19,81.45,1650.81,67.95
37.87,10.36,116.55,8.2,52.17,2.26,7.46,30.59,38.56,1197.68,59.69
72.25,12.16,72.49,3.99,19.41,1.42,5.19,21.77,63.97,2102.54,63.92
172.4,70.18,183.98,6.82,14.31,2.59,6.6,20.4,58.66,1630.82,65.93
84.87,66.72,99.17,8.96,6.78,2.63,2.93,43.21,50.76,2531.91,66.49
183.14,25.05,84.75,8.14,50.87,0.57,2.03,34.46,56.46,2181.02,49.3
99.59,81.31,9.63,9.1,8.31,2.32,1.47,21.56,81.56,1741.11,66.58
79.77,12.88,119.8,4.84,57.49,1.41,4.3,44.96,50.43,951.81,52.97
150.08,92.57,120.57,5.36,36.07,3.02,2.21,11.89,93.54,86.24,66.49
14.64,20.1,116.66,6.37,43.43,0.64,7.05,25.04,91.84,1113.98,57.9
17.9,8.14,177.52,6.9,44.89,3.15,0.34,44.34,97.9,2319.09,61.07
130.39,33.95,152.58,5.14,21.1,1.84,0.77,41.49,25.15,2673.96,68.26
97.39,18.78,173.48,5.98,49.36,0.97,1.8,25.88,68.57,2552.99,60.13
158.08,52.69,11.88,7.97,57.04,1.24,0.75,34.99,36.52,1108.53,58.7
183.25,68.68,63.63,7.69,25.34,0.12,6.64,22.96,26.41,89.64,49.88
77.67,49.09,63.74,4.22,50.94,3.33,0.13,26.78,61.11,2812.46,74.97
119.28,66.06,131.41,9.91,47.46,0.86,5.25,32.6,94.66,2050.96,60.94
100.14,36.49,89.72,7.16,37.43,3.19,3.7,23.09,43.57,1438.69,85.51
196.32,2.79,155.49,6.64,25.22,3.0,6.2,37.12,51.87,2335.26,58.39
166.22,97.41,76.89,9.79,27.84,1.29,3.34,22.18,74.61,268.31,58.99
182.35,81.94,44.32,4.41,21.92,0.82,5.2,17.19,90.01,260.95,44.34
50.87,7.34,58.19,7.03,28.44,1.55,5.15,18.89,28.17,2121.57,65.48
154.51,44.92,36.49,8.73,59.43,3.27,2.97,41.63,67.51,202.91,62.0
53.09,63.5,39.58,6.09,24.99,3.01,1.0,36.4,39.12,147.32,77.7
41.75,19.06,43.37,8.29,41.6,1.76,3.52,41.46,82.15,2160.84,53.41
188.85,57.8,3.22,9.34,22.58,1.95,7.01,42.56,41.23,2224.26,45.34
3.86,53.36,143.22,5.2,30.67,1.49,6.39,10.42,78.2,1238.37,60.59
193.08,20.83,79.92,5.07,9.61,3.31,3.03,16.74,77.13,1174.83,66.42
29.85,14.12,4.53,5.84,46.98,3.46,6.95,23.71,98.07,1326.07,61.19
163.89,75.9,74.0,6.22,41.36,1.08,3.57,17.31,59.55,1107.01,71.41
55.18,32.26,181.07,4.22,24.11,3.33,1.65,11.91,32.77,1338.46,60.3
70.14,24.4,102.25,5.0,33.87,3.33,6.93,42.49,83.45,556.65,70.83
43.35,73.79,197.35,9.18,52.97,1.71,4.0,41.11,79.78,1751.97,52.62
117.1,73.61,107.99,7.18,7.44,1.51,3.53,16.66,88.07,1551.14,69.88
69.62,27.64,192.56,5.24,56.16,3.06,1.96,27.19,64.69,1996.5,65.31
131.48,87.26,40.36,9.63,30.89,3.31,6.14,44.22,72.72,547.71,60.29
3.13,68.83,57.99,8.53,52.28,1.47,4.45,30.67,97.07,266.65,55.69
12.87,34.58,139.99,5.86,52.38,1.77,1.74,28.93,21.29,2418.21,56.22
19.93,42.75,197.36,8.48,8.23,1.24,2.15,24.86,73.43,2712.31,50.15
83.8,72.67,165.06,7.37,47.99,0.81,3.12,14.44,56.83,516.21,62.44
162.96,21.16,110.74,7.94,45.31,3.49,4.32,14.0,52.89,1248.09,73.04
177.64,46.88,17.03,5.59,7.38,0.74,6.46,40.64,43.9,2175.6,49.08
48.96,65.36,72.88,4.86,56.73,2.87,1.74,18.47,78.07,1573.37,73.6
114.87,53.95,17.29,5.15,39.9,1.53,5.93,19.5,29.21,1700.71,63.96
153.67,60.83,62.26,4.04,14.21,0.38,7.34,14.77,38.34,1026.35,50.22
57.77,54.62,51.76,6.56,11.77,1.2,3.23,23.73,45.7,359.93,68.69
81.8,19.92,77.71,6.14,35.91,0.38,2.99,31.93,36.21,2881.53,63.13
104.79,41.02,167.46,3.52,8.24,3.44,3.87,28.92,31.67,2230.23,67.92
26.97,53.2,30.08,9.07,14.04,1.0,6.56,11.2,58.84,962.76,50.34
5.2,78.01,61.21,7.93,57.16,2.64,0.83,26.43,29.46,2144.28,62.2
30.56,65.39,52.22,6.4,45.96,1.55,3.16,24.65,44.55,1172.28,71.9
125.37,42.66,59.23,9.79,38.74,2.41,0.33,19.18,92.59,585.11,68.15
14.72,97.44,72.12,9.61,16.49,0.97,4.19,32.72,63.7,2033.66,45.15
37.94,10.78,48.86,4.12,17.02,0.42,7.56,42.89,61.55,1231.58,45.89
67.57,20.68,188.52,7.5,29.52,2.85,1.37,34.52,84.86,345.41,65.18
15.57,34.13,84.02,8.81,46.47,2.54,2.12,16.29,75.28,1001.57,59.22
38.34,22.86,22.82,4.62,5.22,0.47,5.62,32.8,49.09,1172.81,51.04
182.25,62.54,93.53,4.33,7.44,2.59,5.56,15.3,30.75,1161.24,56.75
3.86,3.96,36.89,5.19,52.86,2.13,4.81,29.13,80.2,1715.25,51.48
130.69,17.74,43.23,5.32,49.77,0.68,2.01,43.66,28.87,1310.55,57.34
76.88,29.33,57.01,9.77,43.21,2.91,0.63,44.0,44.45,2221.16,67.43
134.53,68.33,24.95,8.57,32.47,2.48,1.86,40.91,82.2,1869.09,63.94
117.74,87.59,144.22,3.89,12.98,1.82,5.15,22.85,76.38,1572.91,61.21
44.7,79.85,158.39,8.61,10.62,0.71,2.44,34.67,87.61,2286.14,47.46
169.44,18.21,78.86,4.6,54.8,1.94,6.75,15.94,68.39,2794.59,48.93
98.39,56.54,137.8,5.82,26.04,0.65,4.97,42.56,70.04,673.45,66.54
164.51,3.0,77.79,5.57,43.26,0.73,0.49,25.93,59.73,2372.57,60.04
81.2,31.05,32.82,5.27,30.09,0.92,0.8,29.9,44.39,1292.33,68.55
196.94,80.6,79.43,5.51,45.2,2.33,2.32,23.47,58.97,1700.77,65.09
154.1,45.67,111.4,8.4,15.63,2.41,4.63,24.51,29.52,2464.58,67.22
193.19,14.99,8.2,5.23,31.65,0.35,7.5,23.11,99.52,1667.19,47.56
102.87,43.86,130.9,8.7,25.73,2.31,0.92,26.66,47.44,546.79,74.98
94.74,19.8,148.52,4.09,18.48,0.22,6.66,40.08,88.53,2932.62,43.57
151.09,39.32,171.99,7.37,37.87,3.18,4.63,39.57,92.87,2522.81,63.25
176.06,48.78,20.55,9.11,34.53,2.75,2.97,21.81,22.17,315.29,62.21
192.83,34.96,0.02,4.02,32.26,2.56,5.18,13.99,67.72,513.28,55.75
64.91,93.7,14.65,7.63,37.51,0.91,6.3,25.74,88.31,1056.73,54.21
159.74,56.25,184.82,6.83,12.84,3.46,2.93,10.19,55.0,1419.54,75.59
42.13,84.29,153.11,5.66,25.38,3.24,7.37,36.18,24.86,486.89,64.68
109.11,76.07,167.09,4.15,22.86,1.77,4.45,10.09,50.63,1346.35,63.1
35.97,66.12,103.4,7.9,47.3,0.22,1.34,17.22,42.04,1340.15,63.87
69.48,49.69,105.34,5.51,6.96,1.84,4.42,15.26,90.97,769.95,71.93
186.27,0.22,59.7,5.7,20.51,0.62,6.15,40.57,73.29,442.7,49.01
29.22,61.35,168.55,8.16,55.51,2.12,4.73,44.98,40.82,480.11,48.57
126.48,35.6,165.95,9.64,21.52,3.45,4.71,15.12,84.42,2493.09,69.97
118.59,11.78,78.43,5.67,13.35,2.67,0.32,29.9,60.7,2385.95,73.15
24.15,44.46,65.85,8.35,46.65,1.2,3.76,38.91,90.03,59.11,58.57
65.2,73.56,147.67,9.72,7.63,1.44,2.99,22.33,84.1,651.27,48.68
112.6,96.17,5.23,4.14,28.45,3.31,0.45,18.92,73.22,84.21,67.61
37.44,37.41,171.99,6.94,52.04,0.47,5.48,20.2,29.23,411.61,52.65
160.12,54.27,89.25,3.57,57.48,3.13,1.55,21.3,68.2,232.6,70.05
194.43,85.12,88.27,8.86,18.7,0.35,2.86,18.97,69.31,2287.03,50.98
42.95,33.4,133.82,5.36,21.29,1.51,4.66,12.34,85.26,1068.35,64.71
37.38,14.23,129.15,5.66,36.2,2.63,3.58,42.17,34.71,2102.27,70.57
90.99,28.19,53.19,7.97,17.46,1.44,5.64,41.5,68.79,1614.94,67.91
149.55,89.91,188.66,8.63,13.29,2.04,6.77,39.83,86.22,737.3,51.42
56.32,15.94,197.27,6.1,28.43,1.77,1.44,36.84,21.43,1491.62,63.76
3.98,32.92,105.2,7.83,8.97,2.16,2.3,36.19,69.02,695.81,62.41
108.24,46.46,112.28,9.72,54.18,0.68,1.57,34.71,85.18,1030.17,57.94
191.32,84.71,110.86,9.26,23.38,2.07,4.04,39.83,56.06,2642.75,55.28
78.26,93.77,97.16,8.06,23.5,3.46,0.73,11.91,35.29,2446.53,72.05
84.03,42.58,189.04,9.63,48.53,0.76,5.96,36.94,82.72,1313.87,49.09
193.78,93.2,48.95,9.19,23.79,0.33,1.11,40.39,27.19,502.9,43.25
138.92,16.15,21.59,8.24,46.85,1.43,7.58,32.71,62.68,477.89,52.5
143.83,15.69,185.91,9.46,14.97,1.37,6.74,39.7,20.5,1951.77,42.38
112.54,94.93,42.61,8.81,34.09,0.53,7.76,20.41,57.73,1484.0,52.48
194.92,50.97,149.83,6.76,47.27,2.04,0.42,22.65,91.74,1602.77,69.15
137.77,18.59,40.77,6.76,29.74,1.59,1.72,31.36,94.42,227.14,71.21
179.01,48.8,192.04,3.56,8.95,2.95,7.69,14.96,33.05,1138.12,54.89
139.88,78.32,158.22,3.7,45.53,1.54,7.88,16.69,69.6,1112.25,51.86
147.02,82.69,183.74,8.35,32.17,3.45,2.32,44.79,24.44,807.46,64.41
58.08,86.4,190.2,7.11,22.4,2.75,4.83,37.56,74.45,2266.47,62.9
60.7,56.96,16.88,8.45,59.6,1.76,1.74,13.95,81.35,401.74,51.37
156.6,86.69,86.68,9.67,53.18,1.98,7.17,14.08,56.64,2365.14,49.5
59.34,51.0,129.62,6.44,7.08,3.05,1.18,23.74,54.03,259.94,74.75
112.55,60.71,160.49,4.07,37.65,2.73,5.54,44.92,63.95,467.33,65.68
49.87,75.87,48.29,7.57,24.5,2.34,2.39,44.13,43.46,1578.48,71.66
163.4,42.54,182.92,4.15,7.06,1.01,3.05,26.54,58.49,1733.13,51.46
22.1,7.36,44.2,7.54,5.62,1.5,4.43,25.47,89.65,2902.68,46.55
165.89,35.02,173.24,6.93,37.11,2.78,3.48,30.62,28.91,1818.13,69.49
120.55,62.39,102.54,8.13,22.61,2.23,4.23,33.17,64.0,1691.64,69.98
37.38,19.23,103.08,5.78,43.68,3.35,5.47,19.27,45.37,563.99,68.19
108.41,14.84,74.8,4.44,29.99,3.07,2.44,15.98,80.88,257.5,78.54
56.5,29.31,20.7,5.04,47.16,1.55,5.94,38.59,46.93,2370.59,53.25
64.69,3.21,69.42,7.94,49.72,1.1,3.4,22.39,83.66,2320.86,52.22
70.31,74.34,85.35,6.61,41.15,0.52,0.27,11.37,51.74,1270.88,74.76
12.66,25.87,95.8,7.02,27.99,1.49,6.79,40.02,69.5,234.05,57.98
197.19,12.42,147.82,5.6,59.37,0.87,2.32,35.71,76.02,1442.83,54.09
6.31,69.91,70.41,8.94,21.87,0.16,6.9,35.24,45.68,1202.91,43.66
132.5,84.29,81.32,10.0,33.3,0.57,5.98,32.81,53.55,2205.8,54.13
74.25,1.99,181.22,5.53,33.62,1.64,3.31,24.49,87.45,1721.64,70.08
129.2,23.36,150.51,8.17,28.56,3.13,5.24,41.08,55.35,423.54,69.38
71.25,94.52,4.57,4.61,11.68,1.19,7.94,22.79,57.47,534.26,51.65
134.75,38.53,162.42,8.33,24.47,1.6,2.53,19.37,66.75,445.39,66.22
145.85,93.86,197.99,6.3,16.84,1.41,3.66,28.89,82.53,1005.95,62.26
138.11,27.42,187.95,7.43,54.49,1.35,1.27,26.22,25.64,839.75,66.05
22.79,21.81,167.19,5.04,41.05,2.56,6.98,11.18,67.87,775.96,51.68
131.38,21.41,125.83,9.04,20.83,1.82,4.47,20.04,89.18,1346.9,58.66
56.0,8.52,55.64,4.63,36.12,1.49,0.91,23.35,46.97,2488.89,55.17
5.76,89.64,130.89,9.54,51.93,3.31,4.82,37.71,74.72,939.94,56.73
82.97,97.98,139.12,3.9,56.39,1.04,3.8,23.91,40.61,881.55,51.44
86.71,95.45,56.31,5.37,9.13,2.93,2.53,42.89,28.67,1396.2,69.51
93.43,85.2,51.07,7.16,48.28,1.85,0.25,35.92,33.78,941.33,77.41
140.96,84.69,79.38,9.08,58.15,1.6,1.81,38.67,77.75,1830.99,61.59
61.77,66.11,128.23,7.25,30.7,0.31,1.73,41.17,67.23,203.0,63.02
63.06,82.62,58.61,4.9,59.75,3.02,5.75,16.85,35.59,684.21,61.55
12.11,20.83,111.13,9.08,57.64,1.02,2.15,38.09,22.84,2252.97,47.59
137.36,38.79,179.85,7.38,41.13,2.41,7.83,16.76,86.21,2598.68,63.3
113.57,64.08,59.02,5.01,51.62,3.07,1.55,29.23,76.07,1260.52,73.08
69.89,87.48,193.19,7.15,21.31,1.92,7.16,20.71,56.12,713.33,67.01
141.04,66.05,94.67,7.89,55.46,2.28,2.99,27.42,36.5,1059.99,71.26
107.47,83.9,20.18,7.92,37.55,1.26,8.0,17.38,97.25,2471.91,62.53
93.85,47.39,11.01,8.21,33.03,2.57,6.45,43.65,50.2,1859.02,65.93
102.26,71.73,67.73,9.32,50.96,2.33,4.87,33.31,94.14,960.25,64.86
127.27,98.0,51.75,8.86,53.92,1.61,6.66,18.78,37.78,2327.8,50.52
132.0,15.35,168.74,7.45,43.57,2.26,7.18,18.28,90.8,1252.14,59.69
57.79,92.69,147.53,3.71,6.38,0.99,7.98,15.52,63.49,428.76,41.03
28.15,52.24,176.91,8.37,37.85,2.34,1.44,37.2,95.5,476.99,62.92
31.33,64.32,117.85,9.84,50.19,2.39,4.72,26.79,29.91,2950.69,48.76
127.88,87.79,87.09,5.49,34.99,1.61,3.16,41.3,99.27,607.5,64.53
174.57,40.97,54.11,7.44,56.42,0.95,3.15,10.04,36.22,2705.09,55.94
81.9,41.87,116.62,8.5,54.35,2.83,5.1,27.38,27.47,2377.42,65.68
33.9,52.72,123.6,7.65,34.13,2.66,4.08,27.05,65.17,1067.97,72.28
151.32,1.91,78.59,9.5,27.21,0.29,6.5,44.39,74.43,1067.8,43.37
166.5,49.67,187.32,6.58,8.03,1.78,2.69,35.38,50.32,1922.31,62.58
176.12,29.11,127.99,6.96,39.79,0.41,4.29,28.87,75.83,1215.15,59.09
121.37,92.8,167.5,3.75,19.63,1.19,7.73,30.34,95.68,360.25,40.65
172.15,8.77,124.08,9.35,41.76,1.54,0.82,34.47,83.7,2872.47,56.18
3.08,45.93,63.31,5.2,48.93,0.7,2.22,42.16,90.9,1176.92,59.68
21.45,94.75,147.32,9.86,27.48,1.69,0.9,12.23,91.83,798.33,48.59
18.52,90.1,46.05,4.81,5.86,2.5,0.6,12.25,43.93,255.88,55.16
142.52,70.13,119.32,5.15,52.59,1.59,0.23,17.19,76.57,1618.71,69.32
13.92,58.94,80.47,6.65,35.2,0.9,2.99,25.46,79.79,1269.39,73.13
99.27,28.07,29.98,7.79,22.31,1.51,6.8,22.23,29.73,2815.18,57.51
94.54,36.7,82.65,6.36,39.86,2.11,2.01,11.82,58.76,72.97,77.2
62.14,9.01,62.06,5.79,42.09,3.28,2.66,30.94,72.48,2862.21,74.02
174.08,78.61,22.44,7.01,13.11,1.8,6.87,39.51,43.24,2653.8,54.65
34.09,32.39,164.77,9.73,40.55,3.12,1.29,11.96,71.11,1286.8,57.13
70.49,66.78,99.72,9.75,20.77,3.45,1.97,28.31,24.18,1286.56,71.97
154.83,35.76,69.27,5.63,49.2,2.0,5.72,44.35,67.24,1184.47,63.18
6.08,46.43,100.99,7.92,56.78,0.6,5.95,11.76,28.09,925.63,51.9
134.59,55.5,150.92,8.19,10.65,3.08,2.93,20.3,74.59,2134.44,68.97
163.28,80.19,3.66,7.75,55.45,3.03,0.18,25.47,72.52,2135.22,61.73
186.45,21.12,109.35,4.23,54.69,3.05,3.11,16.07,69.85,763.68,60.15
175.26,39.88,95.83,7.01,23.86,3.33,5.75,29.29,40.58,1235.03,77.7
63.88,13.01,178.61,8.46,6.59,1.04,5.75,39.82,73.5,496.48,41.93
117.27,7.58,111.19,4.81,41.48,1.23,3.42,22.81,53.16,2499.24,58.88
15.46,60.47,27.46,5.76,23.96,2.44,2.86,10.31,62.89,792.78,66.84
51.57,18.91,77.74,4.82,15.54,2.02,5.65,31.48,74.73,1973.33,61.17
18.84,5.98,124.21,9.27,10.97,3.05,7.6,40.88,49.61,2681.76,47.26
63.04,89.71,9.19,9.08,15.78,0.97,6.36,37.77,99.58,978.24,46.32
175.04,53.43,176.93,4.6,18.06,2.34,1.91,32.77,25.0,2112.2,62.76
69.43,13.46,13.56,8.44,48.77,3.3,7.7,37.14,78.4,1908.72,56.1
112.38,5.34,6.12,5.87,48.11,0.83,4.92,21.29,39.23,1400.21,56.99
86.68,11.99,0.4,7.96,32.19,1.14,0.99,27.0,98.55,2396.77,59.88
91.78,47.13,136.75,6.71,35.43,1.49,2.76,23.46,62.45,2178.52,77.95
193.91,66.85,91.18,6.57,55.48,0.4,5.82,11.4,82.79,2143.43,51.83
59.23,64.13,20.56,9.23,54.94,0.7,6.97,18.59,36.23,1910.31,45.98
125.46,14.44,171.24,7.64,50.58,1.4,4.28,27.39,90.43,658.33,52.5
84.01,63.35,40.54,5.03,25.59,0.35,1.19,32.59,97.16,2763.24,61.02
12.23,40.49,65.26,4.22,25.16,1.33,1.08,10.67,63.12,1061.79,62.34
97.87,46.47,35.54,9.57,53.83,0.93,2.68,42.44,88.08,2471.91,52.57
162.67,80.14,185.35,4.5,55.96,3.04,0.4,30.91,73.58,1946.01,65.71
19.75,33.25,151.61,8.27,48.92,2.17,3.41,39.21,39.52,945.5,56.81
13.92,14.7,144.79,6.72,46.64,3.15,6.24,16.46,93.47,2707.71,59.58
30.73,87.35,8.8,4.41,35.7,0.79,3.74,31.96,82.34,284.04,50.23
152.88,21.21,104.54,8.55,23.61,0.38,6.66,12.84,91.3,1792.2,51.01
144.8,29.4,115.09,9.38,18.23,1.3,5.29,25.84,49.03,1963.24,65.33
113.0,70.66,76.5,4.29,12.72,0.29,1.63,34.4,56.29,2160.78,59.35
93.65,68.36,64.35,3.94,45.05,3.1,1.79,33.14,43.07,1749.57,67.89
177.67,80.04,170.39,9.02,47.73,0.74,2.86,18.18,46.87,558.95,43.39
153.34,18.39,4.6,6.76,24.73,0.58,4.35,13.89,40.88,1829.42,55.09
162.39,35.23,125.07,7.88,5.33,2.78,5.46,22.44,78.18,2158.78,64.63
162.65,12.59,78.85,6.37,56.62,2.52,1.47,31.36,50.31,2551.74,64.82
128.54,54.1,133.19,6.18,29.04,0.29,1.31,13.14,78.53,2232.36,73.72
91.6,29.26,39.58,5.45,58.6,1.83,0.2,39.3,73.95,217.03,68.54
172.94,68.89,47.73,7.16,42.25,1.63,0.99,27.64,64.41,1744.69,68.38
185.2,0.03,117.37,4.54,11.82,1.42,6.04,40.02,73.74,2061.25,48.52
4.76,5.97,195.99,8.16,22.98,0.53,0.54,32.72,64.29,2915.91,50.04
10.31,43.26,194.94,7.07,41.14,2.78,4.89,44.09,77.56,393.19,57.92
191.75,95.82,49.8,9.01,40.71,0.92,4.85,27.2,46.12,851.24,47.21
55.43,89.09,20.47,9.49,17.76,1.66,7.94,35.4,82.51,2418.22,40.55
174.67,99.4,118.07,9.35,14.73,3.1,5.45,27.15,43.88,1785.15,63.84
77.76,41.68,84.0,7.41,20.22,1.18,5.62,15.92,98.32,932.49,65.76
23.82,4.66,152.34,5.57,48.28,0.22,0.81,13.14,50.9,2053.95,45.19
16.09,30.6,105.6,5.82,18.3,3.12,7.02,18.26,21.04,857.44,65.58
31.3,67.58,102.12,7.74,43.6,1.78,2.63,30.24,57.24,548.06,66.28
49.98,13.52,129.29,8.13,52.85,1.79,2.57,39.16,96.46,312.1,58.53
97.7,30.0,25.28,4.55,26.54,1.97,3.78,14.96,70.69,1772.11,69.3
140.3,5.62,135.43,9.99,5.38,0.71,5.69,42.35,28.18,816.54,43.13
197.28,47.5,97.7,4.2,12.81,2.53,2.43,26.75,28.64,1966.07,63.73
88.3,20.89,164.03,7.45,22.15,0.89,6.24,27.65,55.92,2185.44,63.04
103.64,9.12,27.74,6.95,15.45,1.12,2.04,11.09,38.04,2466.2,55.3
104.36,41.12,60.15,7.34,20.92,2.25,1.07,43.93,68.37,1422.66,76.63
107.89,35.12,190.05,6.97,34.92,2.65,5.6,12.12,94.72,508.72,74.68
103.55,53.75,110.61,3.88,6.16,2.58,7.38,20.15,97.28,539.1,69.98
1.75,74.9,185.86,9.97,8.54,0.38,7.29,32.12,93.7,1057.63,30.72
0.34,11.26,137.81,9.88,52.07,2.67,0.59,32.45,43.69,2009.65,52.21
19.53,79.11,185.29,6.91,33.73,2.35,3.19,24.97,98.13,2716.74,61.61
20.31,2.63,63.57,4.85,56.45,2.16,2.37,40.41,44.64,2814.41,46.31
140.98,44.31,18.11,4.69,5.18,3.39,3.69,21.65,70.08,740.49,68.1
40.98,58.74,160.45,3.87,5.01,1.28,0.5,15.42,91.24,448.16,53.23
178.94,95.7,160.89,7.48,45.68,2.42,3.34,11.46,72.7,2571.7,52.06
185.72,57.39,123.77,6.61,31.19,2.05,7.69,14.77,99.73,2067.84,59.06
195.18,15.87,115.91,6.21,55.26,1.42,4.58,43.43,47.94,1251.48,57.94
187.82,51.75,182.98,6.91,48.26,2.78,1.82,20.85,29.56,338.97,61.76
54.38,39.58,35.3,9.17,32.72,1.47,6.49,32.99,37.62,1130.3,58.99
101.96,47.94,123.31,3.96,31.32,2.0,3.24,43.9,34.73,30.68,71.33
35.09,19.71,9.95,7.04,49.61,2.01,0.6,41.0,92.29,2644.35,55.67
161.24,50.08,28.17,8.06,49.2,1.84,2.88,27.65,57.27,2287.57,64.06
177.69,15.0,87.45,9.81,20.23,1.66,6.53,12.96,61.26,1579.45,45.33
170.26,74.4,164.24,8.31,42.11,0.67,1.85,35.17,33.84,1618.91,55.75
86.67,59.39,146.63,7.06,40.38,0.92,2.68,14.62,37.14,410.04,70.54
151.73,7.85,194.81,8.48,52.08,0.52,2.25,15.18,83.97,2728.33,44.25
19.52,88.96,8.97,9.98,52.77,2.56,7.19,40.78,74.63,730.03,41.67
8.05,61.64,76.27,9.28,19.76,2.63,2.42,33.35,46.34,325.79,61.37
150.65,31.61,31.76,4.08,53.39,2.27,2.0,42.56,83.64,2434.2,51.03
85.07,4.56,7.39,7.24,55.85,3.22,7.42,43.54,24.3,1991.73,57.55
199.11,63.22,52.88,8.61,11.03,1.0,8.0,26.11,25.65,447.47,46.24
19.45,37.34,48.89,7.87,36.56,2.89,4.79,33.42,27.08,14.22,64.3
171.13,90.76,84.01,6.21,29.01,0.73,7.48,32.92,76.28,2334.02,56.09
96.0,3.49,28.02,5.6,27.11,0.33,6.17,13.95,67.67,2639.83,54.4
165.43,3.91,97.71,7.58,43.77,0.1,1.58,31.67,88.94,1964.02,57.74
163.43,94.93,184.02,6.18,12.13,2.07,5.5,13.87,97.49,2545.97,42.82
183.2,96.49,149.64,6.05,50.1,2.75,6.34,39.96,47.28,2001.96,57.98
59.57,2.77,168.44,8.94,6.46,2.9,5.97,42.49,70.3,2946.68,47.69
189.96,71.6,160.95,5.55,36.81,1.7,4.29,23.61,89.63,2929.91,56.94
30.33,22.15,77.93,7.69,17.39,0.3,4.17,34.28,38.66,2551.23,49.42
16.39,70.14,141.79,9.18,41.71,0.22,6.59,34.49,27.65,1954.14,45.62
86.32,86.87,150.85,7.54,33.9,3.22,5.54,11.76,98.63,235.75,71.37
165.66,10.08,41.13,6.7,59.99,0.42,6.36,15.71,91.96,2397.17,45.63
94.68,23.88,172.05,3.73,52.43,2.77,1.74,41.0,68.8,2160.24,58.94
165.86,2.41,91.55,7.93,23.51,0.34,7.73,16.93,20.82,2536.56,43.67
145.94,4.38,3.27,9.98,34.07,0.72,5.89,36.54,38.1,2864.59,38.17
41.89,2.96,128.68,8.75,22.48,0.65,3.44,30.72,75.65,2983.12,46.07
189.78,80.07,135.35,7.62,45.08,1.04,4.83,34.98,48.8,305.67,54.88
12.16,29.83,110.35,6.55,28.23,1.48,5.15,15.21,65.51,25.15,65.07
179.66,49.32,42.48,4.96,11.35,0.52,6.43,38.16,24.45,2178.56,45.95
60.89,78.78,96.46,8.0,41.34,3.41,5.64,22.81,63.89,2651.39,69.2
100.03,49.49,80.03,4.65,5.61,0.11,6.77,44.59,31.49,1710.51,55.59
84.47,42.92,194.94,9.27,21.35,2.73,3.22,25.16,28.44,179.79,65.42
34.37,1.16,164.94,5.8,54.89,1.89,3.43,21.12,59.14,2398.05,56.72
71.63,56.8,152.38,6.1,10.18,0.39,1.59,15.01,61.05,559.03,61.99
38.59,12.47,36.21,4.9,32.74,0.51,4.17,12.45,92.07,1447.1,48.53
40.78,76.46,66.21,6.63,48.73,2.11,3.27,40.86,99.09,1113.19,70.82
37.41,25.77,75.94,7.92,54.75,1.17,5.35,14.27,28.69,1481.77,56.98
97.8,67.42,98.53,5.47,35.79,1.63,4.86,40.81,45.26,465.75,70.19
159.59,64.62,6.04,8.06,13.42,1.97,6.87,29.26,78.87,2018.62,51.86
113.79,61.67,118.6,7.53,56.75,2.05,1.43,33.18,72.6,1225.87,71.7
178.64,26.7,71.57,5.92,46.21,2.08,7.33,38.24,26.47,1151.94,56.91
127.31,26.71,112.34,5.53,26.76,0.34,1.84,28.96,24.7,531.76,65.75
137.87,86.3,1.8,9.1,20.23,2.62,5.79,27.24,53.18,1860.99,58.52
133.52,1.28,64.29,3.58,7.62,1.1,4.04,37.4,59.74,1979.75,55.28
89.89,18.15,153.73,8.15,15.53,0.49,5.65,24.56,65.78,241.43,63.84
137.87,61.02,100.22,6.21,47.77,0.45,4.34,12.75,71.09,2470.1,69.25
13.94,81.7,157.78,8.16,10.97,0.91,5.25,32.07,58.55,2660.65,43.91
171.97,35.83,139.79,6.8,12.12,2.24,6.04,11.23,77.44,2967.67,62.19
155.56,65.34,170.98,4.05,15.78,1.7,1.63,30.98,29.37,1036.05,60.55
49.05,55.72,1.49,9.88,26.74,0.46,2.8,27.88,79.35,1821.1,51.76
153.61,6.45,52.27,4.06,15.4,0.21,6.95,20.68,69.54,363.53,44.86
2.53,62.18,109.76,4.53,54.74,0.18,6.71,22.08,20.74,1259.69,48.76
43.45,81.39,188.2,6.23,19.17,1.53,5.48,25.92,57.73,2576.1,60.59
13.03,99.24,135.96,9.64,55.57,2.78,2.51,27.19,48.12,2164.33,52.82
156.05,2.96,91.32,5.4,59.17,2.05,1.73,24.86,40.28,1544.98,65.44
151.17,66.01,26.03,7.2,46.51,2.85,0.48,23.73,24.41,2518.04,70.48
162.73,41.45,98.64,6.89,5.41,1.19,7.48,21.34,98.19,2491.6,56.14
0.9,0.98,88.22,5.65,18.2,0.58,5.12,32.67,42.38,2725.72,46.72
100.25,61.44,155.69,8.03,19.7,2.83,3.36,24.33,56.66,602.79,69.65
140.97,12.24,82.67,6.76,34.85,2.57,5.55,21.12,27.54,686.91,74.31
31.08,37.86,63.77,7.26,13.71,2.1,3.72,41.59,83.75,2927.79,57.44
129.96,26.14,17.94,4.87,9.25,3.12,2.87,16.36,21.9,1520.47,65.13
16.82,36.12,9.3,9.52,14.7,2.24,4.06,15.08,67.2,1945.86,51.14
36.27,49.27,87.83,4.22,23.0,1.89,5.92,37.18,42.13,2718.7,60.82
95.16,35.92,69.37,7.99,7.71,1.81,6.72,14.05,47.63,1630.65,65.57
130.71,55.27,111.06,9.26,15.75,2.2,0.89,19.5,62.0,448.09,73.76
29.17,23.86,142.39,4.05,14.21,1.86,0.61,22.28,57.51,1154.3,61.72
37.04,63.54,8.0,3.69,47.48,1.03,2.79,20.02,52.87,1551.24,48.14
40.89,85.38,99.24,5.67,14.33,3.34,0.41,35.71,70.11,1425.69,76.15
47.74,22.41,172.39,8.63,48.53,3.36,4.01,16.92,63.87,2983.04,57.9
45.31,50.79,91.03,8.16,32.95,0.67,6.61,34.14,46.49,694.79,63.2
79.03,64.87,104.25,8.84,46.68,1.9,2.85,20.21,35.09,2286.94,67.8
130.76,56.46,97.36,6.08,29.77,2.78,3.86,39.98,32.48,94.44,74.99
87.61,36.56,77.96,9.96,54.56,0.29,4.64,40.66,22.94,1096.2,51.24
155.19,64.22,22.02,5.88,20.21,0.52,7.32,19.76,55.6,292.15,51.99
143.85,2.82,25.27,8.73,47.17,1.95,7.42,30.88,33.98,1702.76,48.38
25.31,36.99,35.82,5.78,13.99,0.2,5.09,38.4,90.57,855.42,50.54
9.77,53.26,158.51,4.92,53.55,2.93,0.18,12.56,53.8,1870.15,59.37
175.59,2.06,55.07,5.69,6.56,3.07,1.6,29.9,70.12,1763.78,68.62
15.97,50.76,189.62,4.75,30.16,2.6,1.69,44.18,44.94,1544.92,62.1
29.67,65.43,162.03,4.34,28.17,2.9,4.83,22.7,40.75,2535.24,59.94
4.43,75.92,136.91,5.87,39.31,2.38,5.69,35.49,85.3,1320.69,60.86
125.67,11.34,144.08,4.45,29.25,0.58,0.8,37.87,49.55,2260.25,57.09
116.47,99.06,9.53,6.77,37.39,0.2,2.39,36.02,27.63,1281.34,66.3
197.38,60.62,113.68,3.73,52.39,2.98,4.11,43.24,45.88,2872.56,55.3
177.39,36.32,188.21,6.3,12.81,2.5,6.19,36.86,29.52,479.95,54.49
82.17,24.91,7.82,9.73,18.43,1.45,2.82,42.66,57.06,2203.64,55.39
74.32,57.29,58.2,5.83,49.16,2.81,4.03,18.08,43.41,194.11,68.69
59.37,88.17,10.3,4.39,17.54,0.28,4.02,30.7,85.62,478.15,48.65
30.48,52.06,113.95,5.48,54.81,1.18,7.42,23.24,25.23,1588.76,62.01
27.62,66.15,23.24,8.64,34.74,1.26,6.78,35.29,98.76,1359.86,49.91
26.46,35.77,95.85,5.54,9.5,0.46,6.88,15.3,83.64,2879.91,47.33
22.82,38.82,143.99,5.99,6.14,2.62,1.42,16.27,73.32,3.1,66.34
48.1,28.62,32.89,8.63,46.96,2.74,7.22,14.56,24.24,1791.24,52.08
61.33,70.56,151.07,5.19,52.1,2.08,3.21,19.42,98.39,953.4,57.12
192.32,35.92,12.04,6.61,18.19,1.52,4.4,16.53,80.88,1455.39,61.84
115.69,19.07,29.92,3.91,18.24,2.16,4.95,37.1,56.12,1666.44,61.01
197.52,36.94,56.02,4.63,57.48,3.15,3.5,30.54,86.3,1621.1,56.86
74.49,85.38,159.22,4.86,41.09,1.32,2.81,23.0,47.07,2878.59,62.13
91.53,73.83,170.03,6.51,14.22,1.24,2.06,17.18,52.67,2960.44,67.06
64.92,33.46,44.08,8.84,29.67,2.22,4.16,38.11,73.75,1514.51,62.92
36.58,90.68,19.16,5.8,55.07,2.42,6.72,40.81,93.78,1206.54,54.01
28.63,7.48,169.59,5.97,39.16,1.66,6.15,39.85,93.55,2167.93,51.05
189.02,4.98,129.87,5.46,27.41,3.02,4.13,42.37,38.89,1556.04,57.49
197.36,12.75,31.57,5.58,13.31,1.3,2.81,38.27,71.36,2207.27,56.53
8.98,11.65,111.54,6.12,44.93,2.28,0.2,32.15,90.75,1149.77,73.71
30.07,8.78,174.47,9.35,20.2,2.37,1.74,25.06,28.3,1397.21,60.65
84.7,66.13,13.9,3.66,36.13,1.1,1.58,20.16,34.86,243.81,59.24
37.27,60.08,16.74,7.56,38.01,0.16,4.75,10.22,82.9,1970.36,55.42
72.78,64.76,54.72,9.27,35.55,2.91,7.37,39.13,64.98,2460.34,59.78
25.82,68.84,130.45,6.21,18.56,1.74,2.6,25.27,24.51,533.33,63.79
91.3,75.69,35.6,7.73,43.96,0.42,6.37,40.53,62.76,2854.21,50.16
54.34,20.72,163.27,7.31,36.13,3.36,2.7,21.27,93.72,2946.85,73.87
70.38,62.23,150.09,5.7,27.2,1.11,7.72,21.83,34.63,1728.38,60.57
18.86,58.0,112.2,4.39,7.87,1.71,1.64,10.74,25.48,235.77,53.71
85.63,94.37,23.21,4.93,23.22,1.75,3.31,26.99,95.71,2386.38,59.75
196.65,23.24,197.64,3.87,24.38,1.36,1.28,27.11,50.39,1400.76,49.86
65.77,5.87,98.01,8.47,48.51,0.62,1.89,32.92,82.1,2595.97,56.5
175.29,65.35,90.41,6.96,33.24,2.49,0.94,36.24,68.51,2429.79,78.49
168.64,74.02,199.11,8.61,56.27,0.76,0.97,22.15,34.98,1757.16,55.54
190.41,28.32,172.77,5.39,46.29,2.42,5.07,42.46,36.13,104.74,53.65
158.02,57.08,91.27,8.73,34.59,2.83,6.29,25.97,79.41,1776.52,69.63
131.92,5.95,83.76,5.51,14.29,0.18,0.74,30.08,70.76,2286.34,60.67
171.32,96.0,19.18,4.29,17.16,2.59,1.85,30.79,21.19,1964.63,55.17
15.13,10.99,185.3,6.97,13.8,2.27,2.64,40.68,59.62,1963.26,55.85
92.57,6.76,168.75,9.64,29.36,0.77,7.5,34.25,93.51,2299.49,43.94
197.85,4.41,62.0,6.19,44.74,2.21,4.82,22.38,62.6,1587.87,66.86
153.92,42.73,150.66,6.85,46.76,1.53,0.95,34.71,22.24,2295.59,63.52
192.42,9.72,152.55,6.43,10.29,0.39,3.02,41.25,59.15,665.79,55.5
155.93,74.46,45.58,6.47,32.28,1.88,5.75,38.77,23.62,1220.88,67.27
174.98,89.89,122.73,4.89,31.48,3.41,7.83,11.66,56.22,1976.64,62.84
141.31,26.02,51.01,6.25,29.14,2.31,5.93,12.31,78.98,492.37,73.15
152.1,62.88,157.98,6.73,21.57,1.22,1.53,33.77,30.48,2299.29,65.87
104.64,4.23,30.76,8.34,31.17,2.02,6.57,44.34,47.28,1757.32,59.64
184.85,38.66,133.78,4.41,33.41,2.61,0.13,30.98,35.92,2193.62,64.28
165.01,29.29,65.2,7.22,37.98,0.63,3.91,25.24,51.48,2582.59,56.42
168.78,22.86,7.24,7.8,25.76,1.9,2.83,30.36,31.97,2903.34,53.0
134.6,64.47,24.74,5.99,56.98,1.82,7.58,25.92,41.75,868.36,64.56
60.92,13.02,130.98,7.07,23.64,1.38,0.46,17.47,30.76,2382.63,64.81
7.13,86.07,47.98,8.12,54.23,2.64,2.12,19.79,52.99,1081.1,57.76
187.13,66.48,126.21,6.52,49.07,2.02,2.15,20.47,57.73,1456.06,73.65
117.22,71.07,82.96,5.67,30.59,2.48,3.44,30.98,66.96,1834.81,75.79
59.63,93.53,138.54,8.86,32.3,2.13,7.39,39.1,80.53,711.31,59.24
29.83,94.24,98.59,9.93,52.84,2.76,5.26,11.8,28.31,637.14,47.99
165.9,55.17,61.71,4.91,32.1,2.26,1.06,28.3,89.54,1775.83,76.57
167.3,49.54,29.16,9.28,42.37,2.4,6.62,28.56,75.97,2099.36,54.58
162.9,33.54,68.22,7.05,49.51,0.87,5.08,43.63,28.64,2865.95,48.82
129.02,71.56,126.98,6.41,54.93,2.98,0.23,38.63,50.36,1703.45,72.96
73.2,53.82,148.09,9.31,17.0,0.63,7.36,23.7,50.25,1774.86,55.86
60.81,93.29,32.07,9.42,58.65,1.26,0.47,31.34,76.33,1243.08,60.95
1.71,23.86,132.85,5.27,58.09,3.12,4.92,32.97,31.99,2352.11,57.06
166.72,31.03,35.86,5.83,21.35,0.47,4.85,33.45,24.92,2206.88,56.22
17.49,31.61,44.36,9.04,38.76,3.05,4.91,41.79,22.0,571.08,52.47
126.15,80.6,106.26,6.69,7.58,1.72,6.8,30.32,89.39,1153.31,70.89
100.81,9.9,57.84,5.37,14.23,0.72,1.08,17.68,69.51,405.88,67.22
105.34,45.56,132.32,9.75,37.11,2.61,4.32,32.51,21.65,327.52,64.08
185.34,42.76,191.16,4.91,40.76,1.07,4.63,18.24,94.96,2794.89,48.72
6.32,7.31,29.78,7.47,34.4,2.4,3.24,14.08,28.67,1993.83,57.93
154.68,41.08,114.1,6.28,43.76,2.79,4.27,31.3,79.89,2686.34,67.06
10.41,51.34,184.66,6.43,48.61,2.04,4.06,19.85,88.37,1720.63,62.27
7.63,6.51,35.31,4.19,14.27,2.77,6.1,32.0,71.98,771.66,48.7
85.96,50.99,73.37,5.17,41.28,3.28,1.25,38.72,25.67,781.78,80.8
12.62,95.92,24.72,4.59,35.94,1.97,0.33,15.11,65.34,730.62,57.52
157.83,97.89,128.41,8.37,11.47,0.62,7.46,12.07,56.23,947.02,50.59
105.91,53.17,133.83,8.04,17.57,2.51,2.58,12.96,80.72,614.92,72.5
5.81,51.51,132.84,8.66,28.08,1.49,6.35,43.87,41.5,421.53,53.47
8.1,28.55,108.43,8.05,52.51,1.91,2.63,13.12,75.64,2697.7,57.67
122.53,99.71,149.25,4.34,16.94,2.23,0.13,42.33,36.21,1722.41,63.76
161.22,27.42,7.18,9.86,15.06,2.54,1.8,44.13,76.7,658.7,51.07
87.56,45.29,191.5,4.73,44.65,2.28,0.93,12.5,40.99,1717.28,70.65
110.92,0.29,44.42,5.78,58.67,0.89,6.6,28.79,98.96,740.91,57.37
159.97,34.92,24.31,8.09,29.6,2.64,1.45,34.44,94.07,2049.28,67.68
122.1,7.14,188.23,4.41,24.26,2.84,7.95,11.3,60.61,2656.89,57.91
44.95,74.38,166.09,4.61,18.97,0.23,4.94,28.11,76.13,491.66,49.97
122.61,56.1,152.97,9.2,7.74,1.15,2.65,24.72,85.18,1653.83,57.76
125.66,57.22,20.95,5.66,14.81,3.42,4.09,27.78,74.63,1108.2,81.7
146.82,28.65,161.51,7.83,10.14,0.7,7.7,29.18,85.09,2475.84,53.37
124.17,81.49,121.8,9.08,32.18,0.72,5.13,35.05,44.69,144.69,55.05
193.85,0.33,146.38,9.83,58.8,2.11,6.05,14.36,29.72,2086.56,38.42
39.46,33.36,195.61,4.87,48.31,1.25,4.0,44.77,29.89,1934.94,46.61
190.22,65.95,38.89,4.3,38.09,2.33,4.31,19.72,71.54,2340.47,60.48
107.67,90.79,100.88,8.31,31.77,0.99,7.87,44.29,57.58,1654.74,60.02
134.39,23.46,150.67,4.72,38.95,1.55,4.88,34.0,85.5,1335.24,63.62
19.89,54.11,86.73,7.27,25.68,3.49,4.38,33.93,24.69,763.14,77.6
76.12,53.8,10.93,6.96,14.81,1.37,7.0,42.27,63.64,2635.49,58.09
153.88,87.42,22.29,7.14,37.44,0.39,3.65,41.01,32.7,2680.95,46.27
141.38,5.05,120.42,7.72,34.05,2.62,3.84,17.95,76.37,1492.69,69.22
8.03,42.45,57.0,9.03,56.95,2.1,5.71,34.39,45.94,2719.33,50.24
109.32,18.25,27.57,5.27,40.74,1.61,1.36,27.67,39.05,120.88,63.97
17.66,2.15,67.98,7.11,47.54,3.19,1.13,27.24,20.65,2527.79,64.44
199.17,14.7,40.2,5.69,10.1,0.6,4.98,10.52,60.94,2417.13,40.9
179.46,97.65,4.79,5.57,46.85,1.77,1.55,28.41,68.24,2462.94,55.48
4.22,21.48,30.36,3.63,59.06,0.75,3.54,13.34,75.86,1938.56,40.85
171.73,93.5,176.62,7.4,41.16,0.38,6.46,19.41,98.96,1702.68,47.52
183.89,20.53,2.41,9.82,45.81,1.6,2.55,10.37,65.24,2500.05,43.52
70.71,93.13,154.77,8.45,58.87,3.32,5.96,24.03,72.18,2306.02,61.75
143.9,65.46,150.69,5.08,26.52,2.56,2.69,42.39,67.37,2811.08,68.39
88.42,11.32,112.85,8.15,50.33,0.9,0.41,38.07,75.07,2462.13,59.88
131.05,58.19,41.69,5.43,26.98,1.67,0.82,12.01,93.74,993.74,72.0
68.06,31.85,175.61,8.4,28.43,2.81,3.53,34.95,97.27,453.86,65.41
64.51,38.32,95.02,9.06,41.2,0.76,2.61,35.47,66.5,476.93,57.45
84.89,44.02,34.64,5.67,19.1,0.79,3.8,37.25,67.08,2571.07,66.17
29.11,42.27,85.8,3.51,59.6,0.72,4.23,33.01,86.38,2212.7,46.68
166.23,66.41,38.98,5.48,23.11,2.17,7.55,12.33,21.26,2956.93,55.96
69.74,76.84,75.2,4.84,11.76,0.2,3.83,32.84,35.43,2682.79,57.3
80.03,32.92,99.34,7.52,22.74,2.1,6.87,17.53,34.02,2776.17,67.98
178.81,92.44,71.98,5.39,52.08,2.91,6.82,30.77,25.78,2046.66,57.37
99.32,93.85,131.41,3.73,22.27,2.76,7.11,33.75,48.78,867.9,63.43
108.85,4.07,187.18,6.95,38.62,2.37,4.35,13.72,80.16,1439.15,59.75
191.3,1.49,69.63,9.19,56.44,0.85,2.36,26.34,67.64,95.05,45.84
177.35,42.51,71.15,6.43,19.3,2.88,6.31,18.16,41.41,1923.8,67.56
33.89,59.06,147.66,5.95,12.23,3.36,2.65,38.26,91.34,698.96,70.25
94.64,27.79,106.12,4.66,10.33,0.72,7.18,42.59,44.99,2771.2,50.43
194.26,25.94,85.77,6.02,29.22,3.2,0.93,28.06,61.86,1031.25,76.35
74.47,67.83,162.76,5.65,10.74,3.0,5.46,29.42,23.45,1446.52,65.69
74.31,60.17,178.21,9.97,29.96,3.43,3.9,12.77,87.27,1307.44,64.19
39.01,16.71,118.12,3.7,52.45,1.19,4.9,23.62,98.19,1414.26,50.77
22.86,88.45,37.02,5.05,47.76,3.28,0.98,15.07,91.3,2737.71,60.98
148.06,68.0,93.26,3.95,36.99,0.71,7.77,34.66,52.69,1566.77,55.99
154.01,36.26,100.87,9.07,51.77,0.7,5.74,43.57,32.55,1959.97,50.15
193.8,68.36,86.44,6.21,10.51,0.46,2.35,38.24,44.21,2176.07,59.59
154.68,11.27,52.49,8.68,38.52,1.55,7.13,23.58,93.3,2360.95,47.67
48.67,46.83,94.46,8.0,11.36,0.14,3.68,33.23,97.92,445.69,58.27
8.02,16.9,89.31,9.53,31.52,1.4,1.57,44.91,24.79,142.79,45.11
197.09,4.14,41.9,3.65,30.49,2.23,3.5,11.43,30.58,1006.12,49.27
68.09,33.83,180.69,4.85,19.58,0.37,2.62,19.73,85.68,288.03,51.96
62.39,15.07,177.07,8.06,50.64,2.88,5.7,12.77,33.75,2197.56,60.26
181.19,63.35,151.92,7.3,17.55,1.1,0.27,32.33,50.95,2567.28,66.83
117.02,67.41,80.19,8.02,35.35,0.26,7.05,39.47,22.92,1773.05,57.02
42.97,14.87,74.07,7.24,31.52,1.37,3.52,22.73,36.6,1026.65,65.28
177.82,2.46,143.29,7.28,28.74,0.57,0.99,23.79,34.17,904.08,59.65
198.67,79.28,121.62,9.56,6.84,2.8,6.17,20.29,85.31,1547.95,48.97
17.34,0.21,120.12,9.49,43.32,1.24,7.91,29.72,24.78,2626.52,41.96
172.45,34.39,24.82,3.75,5.7,0.5,7.23,14.43,67.67,465.29,35.14
78.1,49.46,123.66,6.19,50.13,1.64,1.4,16.59,66.74,2393.05,77.23
104.81,81.86,180.37,6.82,19.65,1.64,1.81,12.84,95.93,676.77,63.26
182.96,83.86,17.16,5.83,11.6,1.04,7.9,15.02,27.99,661.39,37.79
194.68,72.49,67.83,3.82,27.94,1.21,1.7,39.53,71.35,558.46,51.06
52.43,24.72,101.8,6.57,35.76,2.71,2.48,16.3,80.79,451.98,75.85
42.57,72.02,137.2,9.84,22.07,2.27,5.02,26.91,20.65,234.6,57.7
16.1,24.65,17.93,3.97,11.7,0.83,2.4,34.47,71.81,2666.77,47.86
112.36,21.46,174.56,8.81,6.01,3.32,3.11,16.6,29.18,325.42,67.54
2.72,54.71,8.11,4.77,43.71,1.14,5.96,25.72,70.41,708.54,49.94
82.38,67.89,171.54,7.25,53.75,1.91,4.79,17.5,42.94,2348.98,65.54
14.68,5.31,5.53,6.02,10.53,2.04,6.5,42.02,28.76,258.87,50.08
81.05,6.0,30.7,5.77,17.68,0.83,6.23,11.29,56.46,567.56,59.02
7.99,78.42,160.06,9.16,6.11,1.09,6.41,30.54,69.86,689.44,34.84
167.04,85.95,172.03,9.83,53.68,1.73,1.5,40.84,45.36,1950.58,43.66
41.95,60.44,196.45,6.01,29.46,0.97,2.13,37.51,62.19,2256.09,61.86
65.66,42.88,23.14,7.66,55.89,1.14,1.54,18.17,49.55,2032.89,67.22
174.01,84.53,105.29,7.12,30.75,2.18,1.07,28.81,95.15,1528.56,74.02
149.25,72.88,15.43,4.0,52.42,2.59,6.82,12.17,67.67,2988.76,47.9
43.81,57.96,31.28,3.77,57.35,2.82,0.13,19.76,45.98,2107.45,60.95
14.38,31.98,34.9,8.53,23.43,0.51,5.06,23.47,37.37,824.75,49.57
143.13,19.8,12.68,6.06,40.24,2.61,7.0,12.62,66.2,2573.68,57.95
78.14,41.87,178.6,5.5,41.65,3.28,1.42,15.85,98.43,1616.21,77.93
153.22,28.68,25.27,9.91,6.18,2.07,7.46,39.52,58.33,2484.26,46.35
89.06,33.93,125.87,4.05,29.1,2.16,7.66,26.37,92.94,20.58,61.7
69.2,51.56,125.15,5.25,52.04,3.35,4.69,42.98,62.42,2280.03,65.71
90.24,16.91,39.73,9.07,57.05,3.06,5.37,15.47,84.32,1809.23,58.1
149.71,80.62,199.68,6.2,54.46,2.0,1.57,33.46,67.18,2224.44,59.12
180.44,14.55,69.47,7.3,58.51,2.7,7.87,36.74,66.78,2160.49,55.16
9.95,48.1,181.02,3.81,40.92,0.72,5.94,37.16,53.71,428.42,50.35
104.82,74.6,189.66,9.48,17.8,1.5,4.18,36.63,74.95,2452.24,51.6
6.57,48.5,189.8,4.39,36.65,2.53,4.06,15.87,59.52,66.47,60.33
93.68,36.1,150.57,4.89,28.16,1.08,4.98,25.63,87.6,1367.41,70.34
177.06,47.49,50.76,4.52,19.23,1.64,1.57,41.2,93.79,765.69,54.24
72.32,84.87,24.13,6.73,47.5,0.69,4.82,29.96,59.31,1757.68,57.81
186.49,99.04,113.98,8.81,39.61,3.15,0.65,23.08,41.05,2225.29,60.92
126.12,63.11,72.01,5.23,48.46,3.15,4.88,10.5,55.98,2746.0,71.23
186.83,79.34,166.21,4.43,19.82,1.73,4.64,31.27,76.34,247.86,50.74
151.43,1.45,149.0,6.16,54.71,0.75,2.92,41.31,60.21,1745.3,54.24
20.69,88.04,55.29,9.88,18.13,2.41,0.81,17.13,51.7,1065.37,56.49
46.23,95.4,3.4,3.57,38.11,0.83,4.45,44.83,22.15,761.02,42.01
78.83,57.52,47.46,6.78,8.13,0.88,3.56,17.37,34.7,246.03,62.22
34.02,75.38,113.42,7.85,34.75,3.4,2.57,29.96,87.27,684.55,72.17
98.98,51.27,15.8,8.74,10.43,0.44,3.48,26.81,81.14,1386.36,57.77
94.27,28.62,131.65,8.35,23.27,1.39,0.58,36.97,26.7,16.66,64.86
191.25,85.22,134.34,3.98,52.34,1.99,0.77,27.13,28.5,1758.3,54.17
86.75,59.68,33.88,6.5,54.14,0.47,1.24,21.77,94.71,313.24,66.92
157.13,57.94,119.26,4.01,47.2,0.23,4.47,43.58,83.8,1725.64,45.51
188.38,65.91,121.39,7.53,25.22,1.94,2.34,29.89,52.49,1131.9,71.32
175.4,85.6,95.6,4.0,36.83,0.49,1.96,11.54,97.81,2322.52,45.08
41.73,73.19,190.65,3.81,17.32,0.95,5.08,25.5,97.84,1315.52,49.12
99.21,21.11,21.63,5.49,42.31,1.79,4.81,27.55,99.82,2829.74,65.85
69.55,46.68,81.33,9.6,24.11,1.28,2.77,11.18,50.39,978.19,68.25
79.97,98.03,176.58,8.11,17.15,2.52,7.5,33.9,62.63,1629.11,60.58
72.16,55.46,77.26,3.53,37.17,3.37,3.25,26.91,72.08,2196.13,68.61
165.27,93.82,84.93,5.35,11.15,2.66,1.6,13.98,85.48,655.99,64.19
90.43,81.34,133.65,3.61,42.77,3.5,7.12,21.74,35.54,49.54,69.46
104.74,66.6,133.11,5.41,15.29,1.42,5.65,27.52,46.18,2355.52,70.8
196.49,34.94,4.58,7.96,35.44,1.14,6.02,40.53,48.59,879.6,48.92
12.0,30.43,91.14,8.44,26.59,0.82,6.81,26.15,86.77,478.96,58.31
97.59,64.34,66.7,8.73,36.14,3.11,6.39,41.63,58.22,1777.76,70.08
154.81,43.26,125.54,9.41,18.53,1.43,6.8,36.48,66.31,1119.02,58.15
30.23,79.88,111.14,5.88,22.07,2.52,1.9,32.6,82.57,796.54,67.9
122.31,76.05,130.17,9.11,12.72,2.39,4.96,31.79,70.99,2121.0,56.06
47.89,31.21,130.75,8.23,47.73,0.29,5.44,35.53,93.11,2903.4,45.96
173.48,70.27,50.97,7.0,8.86,3.09,2.41,25.52,32.3,1580.65,70.95
65.42,49.46,49.29,9.71,25.7,1.75,7.95,24.78,57.72,2329.02,55.82
65.81,32.33,74.06,9.66,29.7,0.86,6.48,17.66,51.03,2524.99,53.18
119.64,41.3,48.39,9.33,15.74,3.43,7.33,29.54,85.27,1452.18,60.34
36.71,89.54,136.56,4.81,26.17,2.66,1.3,34.3,58.59,1518.19,65.05
56.98,35.95,120.57,4.85,27.99,2.2,0.4,19.3,93.7,2154.3,68.13
83.33,28.74,43.28,9.36,17.34,3.46,0.33,18.1,42.44,2775.44,66.53
70.73,35.18,176.82,6.09,40.16,2.67,6.95,16.52,39.71,2449.84,59.71
104.98,21.46,92.13,8.68,6.7,0.51,4.42,12.11,66.92,2346.57,54.51
119.93,54.46,25.41,7.97,15.87,3.47,2.53,42.05,23.97,2326.73,69.77
113.33,14.74,42.59,8.46,39.32,2.13,6.46,41.82,72.8,1410.67,61.06
130.83,81.74,107.97,3.67,39.51,1.12,5.19,15.34,81.33,2582.02,58.01
61.55,22.56,67.68,6.29,19.59,2.88,4.99,38.57,41.0,1074.17,69.36
25.29,59.81,170.24,9.07,42.57,0.26,6.4,23.89,48.53,1823.48,44.07
152.16,12.5,98.95,6.68,30.84,2.32,3.81,30.14,73.21,411.34,71.38
170.16,97.85,183.06,7.99,34.0,0.64,1.38,28.93,64.59,1950.15,55.76
51.4,45.46,20.37,8.41,23.29,0.4,7.35,34.37,70.22,2250.14,51.45
81.42,82.22,133.72,4.28,59.13,1.3,6.94,31.23,64.82,1232.31,53.89
99.71,76.86,177.16,4.51,45.56,1.31,2.06,19.08,59.82,1537.59,69.28
106.67,71.37,58.59,8.21,18.66,2.14,2.7,23.29,22.41,48.34,68.93
131.9,82.74,27.14,3.85,18.01,2.02,6.58,22.72,49.78,2712.8,52.3
8.32,10.05,91.33,5.72,47.58,2.44,7.78,42.58,68.3,2443.28,52.45
144.3,67.85,192.27,9.47,26.34,0.69,6.23,11.56,83.95,2201.1,45.47
12.39,26.58,126.69,7.23,10.03,3.06,0.51,37.38,89.01,203.66,64.89
93.66,78.59,128.8,9.42,6.96,3.02,3.33,25.62,48.94,655.49,58.89
165.53,95.69,134.3,5.51,27.77,0.84,6.23,35.7,75.96,2967.23,52.76
90.24,90.15,7.95,7.64,27.81,1.71,3.78,20.72,26.6,1378.05,67.36
29.82,11.5,89.13,5.36,43.88,1.76,5.44,13.47,48.97,2631.79,60.38
197.01,36.96,15.51,4.22,36.61,3.23,0.39,38.17,32.74,2033.63,61.39
177.86,36.43,63.17,9.94,47.36,3.18,1.77,13.64,57.6,2430.37,53.2
154.26,12.23,164.32,4.65,22.48,0.33,6.1,38.49,71.23,1829.55,48.89
82.3,9.81,131.25,4.73,39.33,3.36,1.62,28.73,95.29,573.07,69.09
36.77,38.49,199.11,8.97,53.71,0.33,7.77,33.8,87.56,1542.71,42.97
188.28,99.21,34.43,8.71,8.81,1.97,3.0,19.31,33.14,2522.58,50.24
106.47,56.89,79.41,9.86,43.96,1.16,1.63,33.76,81.04,2730.58,56.43
170.47,62.18,161.93,3.97,44.37,1.43,1.64,41.24,66.23,2120.1,56.61
68.42,47.1,43.14,4.11,48.67,2.23,1.48,16.31,85.55,2014.51,64.56
67.06,66.23,30.74,6.42,19.8,2.08,2.84,38.7,58.15,1887.95,67.22
197.11,95.67,85.52,7.35,27.91,0.67,4.69,30.25,36.13,1700.92,55.93
104.37,58.87,76.75,3.75,18.18,3.4,7.08,17.48,26.2,2670.15,64.49
28.14,6.5,196.04,4.53,21.97,0.2,7.47,39.25,41.3,2306.98,29.73
43.93,49.29,91.25,8.07,58.27,1.27,4.84,17.86,35.53,2153.8,62.49
96.39,99.28,172.19,7.85,29.51,2.82,5.1,40.81,68.81,1230.8,69.38
8.49,38.74,177.59,4.08,51.67,2.99,4.22,22.51,71.57,1385.69,60.42
92.51,59.39,31.57,9.56,48.72,2.81,2.76,34.51,55.35,1306.28,72.42
83.79,10.66,143.06,5.16,29.45,1.37,4.32,35.55,56.4,2995.48,62.98
155.87,14.12,55.52,9.27,59.57,2.39,1.41,27.37,89.29,2764.91,57.09
70.99,87.47,18.95,9.5,51.24,2.7,2.65,39.32,31.54,318.87,56.97
196.51,30.03,174.94,6.69,31.55,2.07,1.68,22.94,28.68,1413.45,66.31
36.15,30.55,58.49,6.18,22.03,2.41,6.73,39.85,25.77,799.19,62.85
118.2,38.72,69.07,5.31,9.14,1.98,1.39,29.94,58.07,898.39,74.15
17.94,96.65,64.8,8.75,30.56,0.29,6.0,11.46,82.47,47.07,46.36
146.77,8.44,40.06,4.78,24.8,1.03,0.62,25.78,73.57,396.54,60.51
198.95,81.88,86.9,7.54,44.13,2.49,5.31,38.63,27.06,1766.21,54.06
163.83,34.16,85.66,7.19,6.08,0.92,6.15,19.25,60.34,1976.67,60.22
111.14,84.95,81.75,5.12,50.73,1.65,0.89,34.94,23.27,2863.23,68.61
96.95,99.18,183.26,9.89,27.91,1.92,6.2,25.79,30.19,2475.95,54.26
167.01,34.87,67.95,9.0,30.84,2.38,4.73,20.86,36.74,752.34,60.59
187.19,12.94,6.08,3.63,15.05,0.98,5.52,41.13,54.28,1598.67,45.41
197.84,14.44,35.69,6.24,56.56,2.12,5.81,26.8,49.3,588.88,56.88
79.31,75.87,144.3,5.83,26.91,2.13,1.39,36.41,74.48,1396.72,74.6
198.18,14.49,118.17,9.24,51.35,2.97,6.4,26.23,80.86,2303.19,53.81
31.19,26.04,190.35,5.22,18.06,1.98,6.28,20.67,92.58,2281.23,52.73
50.71,20.44,138.89,9.99,10.32,1.1,5.21,42.21,68.58,2316.06,38.54
17.8,35.57,38.85,4.8,39.97,1.88,4.09,14.73,40.78,621.69,59.85
54.35,7.44,24.13,5.09,59.14,0.46,6.81,30.32,60.84,1269.34,49.73
153.59,85.67,104.15,7.83,40.58,2.17,7.06,16.89,71.14,2111.14,65.64
170.58,86.01,133.05,4.55,38.48,3.21,2.74,14.04,34.7,312.33,63.48
155.78,41.29,33.13,9.28,29.32,1.9,4.31,13.34,53.33,1004.34,62.43
126.21,61.21,120.34,4.21,20.61,1.09,3.65,36.86,45.54,1823.92,63.23
102.79,64.2,173.01,9.89,28.7,1.48,3.46,19.16,71.66,1540.98,67.99
141.74,74.93,145.51,9.19,13.19,3.17,6.64,29.92,27.36,218.99,58.29
78.17,52.07,132.84,8.96,19.4,2.86,5.34,27.24,85.66,2148.21,69.02
168.26,51.03,157.87,6.15,31.81,2.83,3.84,40.39,27.65,1124.6,71.02
135.44,63.13,20.82,6.84,12.96,2.02,6.33,36.8,86.55,2801.26,59.96
139.56,70.3,40.77,6.47,48.53,1.45,7.55,34.32,31.09,825.15,62.72
107.19,34.67,7.62,9.92,5.64,0.55,3.32,41.56,81.96,2941.66,49.48
177.05,33.04,29.0,3.73,22.69,3.42,1.17,30.49,89.28,2632.99,61.52
50.4,26.97,182.64,5.98,33.42,0.71,7.37,38.44,66.25,2222.22,53.0
76.23,54.88,44.43,9.79,56.09,0.96,7.66,39.88,92.4,662.03,40.19
155.53,36.02,132.42,5.9,36.54,2.7,3.33,38.11,43.41,2006.77,70.88
98.55,54.03,138.31,6.09,21.22,1.29,5.22,23.21,46.82,461.87,70.24
177.84,40.6,129.07,7.6,24.37,2.09,0.81,38.19,50.06,1805.7,76.96
69.28,83.67,110.78,9.4,23.65,2.69,0.47,28.34,97.0,2092.32,69.73
73.87,7.31,97.23,5.41,14.92,1.99,0.85,21.99,25.66,992.15,67.62
177.75,57.22,83.98,9.66,12.97,1.77,6.22,17.14,20.63,2982.29,48.34
92.87,57.56,183.38,5.34,31.43,0.27,3.73,34.25,24.16,262.2,63.06
103.22,38.37,1.9,8.8,19.86,1.76,5.28,20.66,59.14,1803.99,66.19
66.55,42.1,10.7,5.29,10.05,1.65,4.48,19.24,37.63,2162.67,60.88
55.33,80.01,98.5,3.97,16.91,3.09,1.63,30.71,58.97,431.42,74.28
131.19,28.07,66.1,8.78,33.64,1.62,6.53,18.98,62.57,2699.48,60.64
23.97,87.14,81.65,6.43,19.13,2.24,1.79,21.16,58.76,1688.83,69.96
175.85,89.63,199.57,6.04,18.08,2.73,1.54,34.61,55.86,2891.36,56.78
155.84,65.06,155.03,6.29,39.14,1.69,4.98,33.55,51.45,1387.26,63.47
38.15,77.29,175.48,7.48,42.92,0.99,6.97,42.53,45.84,2831.39,47.2
138.8,61.29,73.71,5.21,18.27,3.14,6.94,37.97,45.85,1706.53,69.28
120.53,52.53,47.91,5.04,30.97,3.14,3.56,21.96,36.88,659.2,71.9
36.91,96.67,153.6,6.64,47.05,3.16,5.52,26.25,51.78,1324.15,63.21
54.64,28.27,161.52,3.73,42.94,1.03,6.62,29.86,63.9,1340.75,53.48
81.8,15.42,109.98,7.68,8.81,1.17,1.81,23.94,95.16,2654.42,62.23
139.85,28.75,179.19,8.85,24.8,3.22,3.22,44.47,78.01,1572.51,63.72
127.74,61.46,193.47,8.23,44.78,0.53,5.1,11.18,92.86,2440.84,49.42
106.45,18.52,94.2,6.55,14.87,2.33,6.73,32.6,37.48,2461.87,67.17
153.68,90.88,44.53,7.18,15.78,1.09,2.75,31.55,39.87,1522.47,58.32
151.59,41.1,103.42,3.67,39.66,2.55,5.01,42.64,44.3,298.89,62.92
123.57,85.0,197.91,9.43,20.61,2.93,0.56,41.55,97.38,2416.36,60.12
157.4,24.92,58.59,7.13,22.81,1.49,7.47,42.16,62.22,2819.81,56.88
66.85,31.32,123.52,5.56,33.75,0.61,7.18,44.62,85.78,2928.4,60.04
176.25,5.92,138.8,5.41,46.28,2.59,7.38,21.46,85.09,783.54,62.15
122.98,25.78,42.79,7.79,32.41,0.29,7.75,27.13,90.84,430.27,56.32
164.47,49.03,117.69,7.3,54.14,0.15,6.78,16.55,36.46,439.2,51.42
109.26,94.61,62.9,4.72,10.87,3.08,1.77,38.51,61.41,2049.23,72.29
43.69,38.89,170.84,6.16,46.48,2.88,4.69,30.06,67.4,2827.14,64.31
108.48,63.97,142.95,7.9,34.9,2.08,1.52,34.12,61.08,247.82,72.36
74.22,42.77,165.25,5.43,49.92,2.36,0.26,12.16,88.32,1386.69,70.33
139.5,4.68,39.94,6.81,22.4,3.34,1.23,12.06,94.99,2145.05,74.65
95.16,50.35,6.91,5.16,31.52,0.31,6.75,12.62,37.7,2426.91,55.51
167.22,6.59,170.11,3.97,50.3,0.84,5.98,35.0,24.63,1370.79,46.47
135.61,88.37,77.35,6.02,50.75,2.58,6.1,22.88,78.86,13.95,71.04
136.91,75.3,35.94,8.26,25.68,1.0,3.31,36.16,60.76,393.8,54.41
43.43,37.87,18.38,4.89,50.22,0.8,0.31,28.13,95.1,240.71,53.83
196.85,64.02,103.3,8.4,42.53,1.6,2.61,16.71,76.75,1597.73,63.68
168.34,11.2,30.03,7.85,27.52,2.56,3.7,14.01,44.99,2151.64,60.14
157.8,70.26,113.34,6.8,58.33,0.82,2.93,42.46,62.5,2233.63,62.05
66.04,82.27,145.46,9.81,6.7,1.56,4.06,33.03,91.88,985.95,47.99
107.13,82.17,107.01,9.24,26.05,1.86,4.94,31.17,87.86,673.24,63.1
27.42,28.43,180.74,7.16,21.88,0.69,1.03,31.45,57.38,1463.07,64.65
107.7,26.37,31.11,7.13,56.47,1.72,7.27,22.61,37.74,1490.12,60.44
29.18,52.14,98.79,5.31,10.47,3.04,4.52,13.58,28.51,2613.07,63.52
110.61,96.78,32.64,9.48,39.54,2.64,6.86,40.74,33.74,2574.36,51.16
129.74,92.05,175.18,9.32,44.41,1.81,3.85,42.3,55.37,499.87,56.41
78.04,35.96,186.45,8.32,15.13,0.53,5.88,26.36,77.33,208.56,55.7
99.71,77.98,80.0,4.33,13.25,0.18,7.17,24.87,33.74,1334.19,55.87
175.13,92.13,61.15,8.07,7.63,0.33,4.85,17.72,74.61,1748.74,43.66
21.71,26.09,55.86,5.15,13.74,2.65,3.33,10.29,44.37,2807.28,56.8
158.35,83.03,171.95,4.73,49.45,2.49,4.65,34.54,70.07,2645.57,53.59
34.15,26.79,136.49,8.43,56.92,2.64,1.42,27.51,58.9,2436.88,66.13
7.34,34.33,176.12,9.74,54.58,1.14,5.65,43.26,89.84,2847.31,32.37
37.11,19.88,23.5,4.21,25.09,0.41,0.4,11.55,93.97,2110.08,47.55
153.01,50.71,95.21,4.57,44.92,2.53,3.67,21.8,50.8,479.81,72.03
81.03,84.33,135.24,4.93,50.49,3.24,4.41,44.48,49.56,2661.9,69.22
174.5,52.81,179.42,9.76,49.69,1.64,3.28,31.73,69.03,2099.96,52.76
104.94,12.34,76.4,8.03,8.45,2.7,3.91,22.3,43.46,2305.35,70.57
4.45,25.18,62.62,7.91,16.82,2.58,1.49,16.95,66.86,1651.65,65.4
143.34,56.29,182.59,6.78,56.64,3.0,0.72,12.29,52.93,2453.78,73.52
22.05,58.32,9.51,6.99,45.69,0.2,3.6,42.3,58.12,297.84,47.35
157.88,57.69,95.92,5.39,50.89,3.35,7.48,24.05,83.29,2105.28,63.98
33.62,7.7,91.73,4.5,33.28,3.04,1.52,43.07,28.85,1300.62,69.75
69.09,75.37,29.21,8.57,26.62,3.08,2.34,22.3,31.9,581.5,69.55
152.25,90.94,78.99,6.56,40.82,3.49,7.04,43.0,29.19,1205.91,66.76
190.85,51.05,144.52,5.16,31.01,2.27,2.21,38.34,69.75,2583.59,64.82
74.29,71.88,73.37,7.61,25.56,0.38,3.15,21.45,89.41,687.39,66.28
165.88,91.4,61.93,4.86,24.13,2.9,0.9,24.89,92.16,1924.79,72.24
38.16,64.26,156.38,6.68,13.68,0.56,0.47,43.02,61.85,2286.72,62.77
161.44,67.43,197.74,4.74,34.12,2.61,5.32,36.05,71.87,985.77,59.96
131.5,72.14,155.87,8.44,33.59,1.54,1.28,38.17,75.23,794.61,66.58
38.55,26.05,169.27,5.59,37.49,0.12,4.51,31.95,56.88,2072.29,54.03
60.5,58.27,187.9,6.37,11.39,1.58,3.5,12.11,72.19,265.55,60.44
26.35,84.22,160.35,8.41,55.32,2.81,0.85,40.09,48.3,1671.07,54.31
76.59,29.62,196.07,7.79,45.81,0.4,3.49,37.23,70.2,2634.12,57.58
40.73,89.72,149.46,6.1,12.2,0.11,2.06,30.0,59.7,1811.04,58.66
128.8,62.04,132.3,3.96,9.36,1.64,6.88,34.33,32.87,1125.63,55.83
198.9,42.32,138.67,9.49,40.36,0.11,2.18,18.1,87.6,2312.57,51.02
2.4,62.32,180.02,3.55,23.78,3.28,5.62,42.41,41.27,1095.88,56.12
108.18,40.19,136.6,8.27,22.55,2.9,5.51,17.49,28.35,754.3,74.47
114.73,83.8,152.24,9.65,51.2,2.24,1.63,33.56,86.46,263.38,61.14
182.84,48.23,43.2,5.49,23.98,0.16,4.49,26.63,89.18,2605.96,54.94
101.2,90.12,182.53,3.99,39.77,2.04,6.75,29.29,23.85,1927.19,56.06
108.74,50.98,89.44,5.12,34.54,2.38,0.89,17.2,94.98,1420.3,84.75
94.33,66.04,32.21,5.54,19.46,2.1,4.92,16.33,25.61,1932.58,67.95
53.78,99.77,159.96,6.43,23.24,3.32,1.44,21.5,36.7,483.78,79.9
11.21,14.7,71.28,6.91,56.88,2.93,2.0,11.03,20.5,80.49,63.13
81.73,73.67,36.82,8.21,23.23,1.34,5.22,14.24,21.17,2415.58,59.89
10.52,13.89,51.25,9.36,48.12,2.46,5.14,22.74,26.8,2710.64,49.14
110.1,83.89,6.99,6.52,52.37,1.67,5.35,31.27,90.83,301.29,58.29
61.46,59.65,18.12,8.35,8.91,3.26,4.39,22.32,24.57,1276.59,62.58
106.72,93.82,118.52,4.33,41.47,2.2,6.29,12.56,79.59,2713.87,59.6
26.86,86.6,173.24,5.64,46.21,2.08,5.22,38.02,65.68,2430.89,51.62
186.53,7.49,89.71,4.27,28.87,1.8,1.79,15.53,83.01,1209.32,65.12
178.9,13.73,125.21,8.0,36.31,1.38,0.9,11.95,86.59,286.14,53.42
38.0,60.12,161.95,9.4,13.9,0.6,0.18,22.32,53.79,968.82,53.66
68.69,51.83,71.35,9.28,22.52,1.03,0.16,26.24,32.18,2437.15,66.77
122.7,16.86,130.86,5.62,43.92,1.23,0.94,41.23,20.12,708.75,66.91
19.14,12.94,70.09,5.02,38.14,0.62,3.53,18.68,91.07,2791.81,46.07
70.91,56.4,128.54,5.28,12.5,2.86,0.15,30.54,63.56,1092.74,75.51
50.22,4.89,43.52,5.37,59.34,0.11,3.12,19.65,61.12,2558.22,44.54
183.1,87.37,195.57,4.03,56.58,3.21,6.24,14.22,79.27,1280.15,51.89
170.5,80.71,15.24,4.37,17.33,0.54,1.12,32.31,46.22,1598.82,51.85
115.97,78.54,101.05,4.89,53.13,0.27,6.32,36.22,99.48,2388.99,56.35
104.07,1.6,57.26,3.55,19.69,3.48,1.6,29.03,65.45,946.3,71.21
186.15,4.76,120.17,3.81,36.01,3.5,1.9,21.78,25.69,32.75,61.13
186.49,54.98,85.66,8.04,48.01,0.75,2.03,44.57,33.83,522.11,57.34
193.87,99.44,61.33,7.53,23.92,0.55,2.66,11.17,43.9,1126.98,57.28
25.08,34.23,50.01,9.65,35.53,0.77,4.06,29.34,32.41,2866.97,46.1
32.11,34.44,36.5,6.11,29.77,1.84,5.48,33.41,92.66,2780.89,61.44
135.35,13.43,156.58,6.39,46.81,1.19,6.23,24.82,56.64,2877.93,59.1
108.29,67.43,44.44,3.94,31.33,1.24,0.27,14.67,53.49,2649.57,63.32
3.69,64.67,154.71,4.49,36.18,2.85,1.25,16.24,80.35,2280.95,66.51
12.4,10.13,97.01,8.0,51.51,3.13,6.01,43.1,85.94,44.05,53.95
177.62,46.74,14.45,5.03,43.43,3.4,6.2,41.67,40.98,1324.32,61.21
173.77,66.71,33.09,8.53,34.01,1.85,7.56,16.13,23.78,2902.12,51.49
71.45,49.35,178.58,8.09,30.37,0.94,2.4,12.05,31.38,333.29,66.93
178.21,67.44,120.56,8.36,11.97,1.99,1.88,16.04,88.82,2189.08,64.33
118.74,81.63,36.87,7.99,8.1,3.06,4.63,40.74,53.34,2227.32,60.18
161.18,68.58,140.75,8.1,57.4,0.21,0.72,13.51,37.93,643.27,55.66
85.49,61.61,164.65,7.05,15.26,3.2,5.83,15.68,98.95,2784.94,69.96
22.68,85.36,66.13,7.91,20.23,0.87,3.88,34.74,37.46,643.76,55.1
86.75,90.06,111.32,6.92,38.6,1.16,5.71,38.64,84.27,2830.92,58.9
91.46,38.89,58.69,4.84,50.54,1.34,1.35,29.08,99.98,1801.9,70.66
110.19,17.32,16.01,4.91,50.82,3.21,3.77,16.84,31.25,24.65,65.77
21.12,81.79,79.9,6.13,50.63,0.7,2.83,38.26,74.42,1834.62,54.31
198.28,21.38,150.29,3.59,58.79,0.86,3.82,23.04,86.73,1666.05,37.59
48.83,92.9,91.74,9.28,8.06,2.59,4.51,33.59,93.66,1967.47,55.28
39.71,2.29,81.05,5.24,26.99,3.28,5.51,18.66,43.64,1569.38,69.92
105.36,92.13,73.2,3.83,55.25,0.46,6.95,29.39,26.31,1783.38,44.64
107.44,58.92,91.78,6.26,30.7,1.88,1.94,21.78,23.07,1776.44,75.09
87.96,77.47,63.65,8.8,52.92,3.21,3.47,18.18,48.63,2486.98,66.61
154.38,39.85,122.44,6.08,5.97,3.11,0.99,35.52,32.19,1983.11,72.16
103.33,99.17,12.71,5.21,32.74,3.32,2.74,40.36,49.08,826.11,66.99
121.94,22.76,161.48,7.04,55.73,3.17,3.1,40.61,91.82,146.5,65.14
144.75,26.43,34.63,7.23,19.37,1.17,3.59,25.43,38.61,1210.9,65.34
5.01,5.14,126.69,8.43,56.13,0.81,7.42,41.8,66.63,1962.45,35.81
114.13,94.05,89.98,8.7,5.47,3.17,7.29,28.2,98.18,674.34,68.64
176.84,45.6,154.7,8.09,9.34,2.52,0.65,22.37,50.38,2917.54,66.11
3.48,67.49,165.23,3.53,31.23,1.39,3.37,36.56,37.14,2963.09,51.09
81.04,68.74,40.84,3.51,10.85,2.52,2.63,19.66,95.73,1367.3,64.52
185.25,87.45,135.44,9.85,17.41,1.14,2.95,24.22,66.43,2890.19,42.68
70.63,66.49,37.98,5.22,21.36,2.08,6.03,37.91,24.37,2232.38,62.86
91.75,56.2,24.8,5.34,31.48,0.89,1.66,27.19,30.34,1968.4,69.81
196.31,71.03,186.06,8.26,26.48,2.01,6.07,14.5,66.47,2277.56,52.37
39.86,75.1,32.88,7.28,55.72,3.24,7.34,43.39,58.67,2046.46,56.31
13.05,18.59,45.63,6.51,53.73,2.72,5.58,10.43,55.85,2486.85,56.74
171.88,10.97,26.06,4.26,46.14,2.33,3.35,18.59,63.77,68.9,58.33
173.69,7.48,94.06,4.03,41.26,0.94,0.59,38.23,49.06,2705.15,52.29
94.42,37.41,183.92,8.07,16.24,0.32,0.92,39.6,86.7,727.29,57.36
102.84,49.8,52.81,4.31,38.1,2.52,5.75,33.68,95.69,1639.38,67.29
167.16,61.56,108.37,6.33,13.09,2.06,1.0,31.46,45.19,2564.14,75.21
147.71,95.8,82.29,8.28,29.9,0.82,3.37,39.15,74.29,997.3,62.95
53.03,33.08,67.2,9.5,30.38,3.28,6.99,36.09,50.33,2961.49,62.78
3.38,76.09,114.43,9.18,42.93,1.98,4.34,44.31,32.54,570.82,51.82
95.94,53.14,111.78,9.12,50.93,2.04,2.76,26.12,36.77,632.75,74.33
171.78,22.01,71.87,5.83,22.63,1.12,1.92,19.47,39.37,1519.73,64.89
179.17,61.53,170.11,9.53,7.26,3.09,4.37,10.15,59.4,231.57,51.91
191.25,96.72,10.63,7.94,7.58,3.13,2.79,21.55,40.97,48.23,47.92
175.91,12.43,17.05,9.26,53.12,2.53,7.68,38.92,61.17,1994.6,43.15
116.01,50.73,198.16,4.08,31.75,0.44,0.21,11.18,20.01,1379.8,60.69
88.92,5.16,149.54,3.76,18.64,0.39,7.57,34.18,44.97,2132.09,50.63
154.97,32.12,160.79,6.29,6.78,1.7,1.77,11.57,51.22,2866.66,60.53
147.96,62.06,120.54,8.88,34.08,0.58,4.64,26.66,69.81,2829.17,56.77
107.63,84.11,83.97,6.16,12.54,1.23,2.18,24.78,23.8,2244.53,64.72
17.47,73.03,125.85,9.25,27.94,0.68,6.56,42.78,93.84,1294.21,48.88
185.22,46.29,18.52,5.03,33.38,1.15,5.62,21.19,44.85,1366.32,59.43
91.12,90.92,151.55,3.76,17.61,3.31,1.95,28.73,59.6,1385.38,70.88
72.67,30.27,108.15,8.45,15.94,2.66,4.56,31.71,75.6,2574.54,67.7
125.91,75.4,191.35,7.57,6.09,0.57,7.28,20.15,49.48,2449.31,56.31
134.77,47.4,127.5,6.36,37.2,2.37,1.87,18.68,70.39,2117.26,88.35
42.14,89.86,30.34,8.99,16.02,0.2,6.53,20.02,59.48,1958.4,44.27
167.39,79.74,95.51,8.86,53.3,3.44,6.36,14.5,57.95,838.85,57.67
57.99,90.15,11.56,5.61,38.21,1.91,3.12,14.05,34.7,1578.39,56.5
37.34,21.42,149.09,8.95,35.6,1.82,0.4,30.72,51.39,1018.3,66.26
81.28,66.82,100.37,5.74,32.76,0.92,1.42,13.52,36.56,1732.3,78.78
146.11,73.85,73.93,7.54,16.84,1.66,3.84,16.77,83.27,2744.91,66.63
193.09,74.24,193.71,4.75,58.32,1.89,3.82,15.97,30.61,1656.22,50.77
161.86,50.4,188.12,5.22,58.19,2.34,0.94,14.85,23.4,2993.1,58.75
188.07,1.13,190.57,6.41,22.67,0.26,2.37,14.95,51.47,1497.8,48.61
28.12,26.14,44.19,5.54,47.69,1.26,3.09,37.92,21.25,513.15,58.98
14.24,32.33,145.71,4.34,11.56,1.42,6.55,18.47,48.62,2938.52,44.15
111.54,85.2,189.08,6.64,47.93,0.61,7.2,17.67,82.44,510.65,54.01
58.06,84.09,114.17,6.82,20.75,0.92,4.87,14.51,83.94,1729.88,59.41
165.61,10.47,42.83,4.53,20.9,0.9,2.26,34.52,50.35,2179.41,47.35
134.4,94.98,163.56,4.63,32.9,2.86,5.52,14.96,69.62,1452.34,59.7
194.15,18.25,175.98,3.69,26.58,2.44,7.56,11.95,69.65,128.0,42.86
50.96,41.44,140.65,3.7,11.48,3.24,0.97,44.9,54.69,1887.76,65.88
97.16,21.52,58.71,5.83,37.62,1.15,2.32,29.9,63.22,2957.77,67.2
100.25,86.03,38.14,4.45,16.76,3.1,4.42,34.45,69.9,2046.72,73.07
47.84,74.94,124.85,9.47,29.45,3.04,2.79,40.76,55.25,1835.73,63.11
118.02,35.35,96.56,4.8,17.71,1.62,6.93,10.09,95.65,1770.56,58.37
88.66,68.19,133.76,3.93,52.17,2.24,2.17,38.14,89.18,1083.17,70.23
89.34,18.44,22.34,6.13,23.59,2.13,7.07,34.16,76.17,863.22,71.63
72.55,38.23,27.18,4.75,53.81,1.15,6.68,21.65,65.2,2187.55,53.08
3.39,37.71,72.58,3.9,22.94,0.99,1.43,11.97,75.31,877.14,58.51
104.42,23.79,51.75,8.39,14.87,0.67,0.84,29.36,86.4,2738.17,65.43
67.05,87.63,123.87,7.12,36.71,2.95,5.45,20.75,29.31,579.79,67.67
0.26,67.88,73.51,3.87,35.53,1.91,3.25,11.31,28.87,2921.12,52.45
61.59,27.99,136.79,6.54,39.04,1.25,1.94,42.68,50.25,1315.98,64.7
55.73,24.21,153.76,3.75,21.62,1.83,7.33,11.65,95.49,285.73,50.0
78.69,1.8,37.43,5.8,22.6,0.37,0.8,27.45,30.9,117.66,61.76
26.37,34.66,183.96,5.86,18.06,0.46,6.67,35.08,61.02,2493.78,50.98
101.54,52.68,157.43,8.85,56.06,2.68,4.53,28.24,38.05,1552.01,67.57
138.49,27.77,125.36,8.28,42.56,3.16,1.06,44.43,32.29,586.15,68.86
126.04,70.05,181.79,9.33,46.59,1.19,3.06,31.16,90.11,793.33,53.15
160.75,41.17,53.17,4.41,15.68,1.49,4.32,30.47,75.48,294.1,53.9
90.4,31.63,84.34,6.97,41.39,1.37,1.46,32.07,71.57,773.9,79.81
103.82,93.91,17.16,3.63,46.95,1.73,1.11,44.07,65.73,241.59,60.93
162.08,26.28,91.24,8.87,23.84,1.51,2.26,21.41,77.55,1247.33,68.71
85.54,39.83,101.28,5.88,13.67,1.41,4.53,39.29,80.98,1426.56,73.97
140.32,38.23,123.21,3.95,43.34,2.34,6.2,13.01,49.62,1680.61,63.29
86.92,24.12,12.81,5.61,38.61,1.03,7.7,33.0,51.45,1704.7,60.03
83.55,21.75,6.49,5.36,36.66,3.3,1.27,30.15,35.74,903.72,79.3
152.04,30.24,83.98,8.48,15.04,1.15,0.17,32.12,89.02,2613.8,57.9
34.97,86.42,37.83,4.32,19.44,0.83,7.86,25.52,30.78,953.32,50.17
67.72,76.71,151.76,7.11,39.37,3.4,1.18,34.68,63.91,1745.84,78.14
44.83,68.1,133.75,8.66,38.75,0.88,6.04,33.25,22.39,941.56,52.71
71.82,45.71,65.17,8.31,35.51,1.92,6.21,39.84,60.7,2482.88,62.48
46.07,50.78,9.16,9.58,47.25,1.22,0.77,41.98,88.71,2993.45,49.74
115.88,26.71,36.49,3.5,49.81,0.36,6.51,17.24,94.17,511.89,46.6
159.63,7.43,138.34,5.8,20.21,3.34,2.07,35.97,87.48,2864.91,69.11
157.32,33.1,198.03,5.9,13.67,1.37,6.37,29.06,81.1,213.26,54.48
72.9,49.56,65.29,3.72,16.06,2.29,2.62,20.33,32.68,2415.24,66.32
197.75,5.73,160.4,8.81,20.47,3.03,6.03,16.7,67.79,2829.49,52.77
118.77,8.82,173.42,7.98,57.13,1.98,6.74,18.42,29.77,1953.54,52.03
79.88,26.3,9.64,6.93,12.54,2.52,0.13,24.14,26.46,981.12,75.74
167.11,36.71,183.24,6.13,53.33,2.77,4.23,26.95,20.88,583.24,67.13
145.97,39.33,93.24,9.32,16.19,1.4,2.8,21.08,37.98,2458.5,63.1
149.86,11.79,192.85,5.22,24.16,2.24,6.77,23.19,79.4,293.61,59.09
39.23,22.58,107.71,5.67,11.92,0.8,3.91,41.92,58.42,1436.32,54.44
93.66,26.16,47.03,9.69,10.68,0.29,3.12,16.68,33.25,2392.92,49.75
172.37,6.76,194.93,3.92,10.23,3.45,1.27,11.54,39.86,2478.56,53.86
100.81,32.61,48.66,8.57,23.85,0.41,2.34,36.0,41.33,1048.91,65.29
136.69,7.22,176.5,8.17,33.8,1.56,7.95,21.78,85.8,1577.96,50.26
117.59,70.35,34.63,9.36,16.04,0.33,6.87,18.96,42.35,443.82,48.78
168.47,38.6,134.95,4.09,56.3,3.24,2.52,43.16,36.95,1724.02,63.52
56.91,32.68,82.26,9.81,37.25,0.47,4.98,22.9,53.93,1410.6,61.03
115.1,12.65,194.4,3.69,53.68,2.77,7.98,24.68,90.74,2723.36,48.3
24.65,22.65,36.95,5.7,13.19,2.53,5.54,31.31,79.74,1396.48,58.14
138.04,23.27,81.76,4.05,12.89,0.25,2.78,23.79,73.53,1906.08,55.8
146.39,98.52,127.96,3.83,51.57,2.55,0.42,38.91,93.54,1104.06,69.39
8.57,83.53,195.52,9.77,36.24,3.4,6.41,25.68,83.77,845.35,56.3
135.16,1.53,60.77,8.18,56.62,1.87,2.36,23.49,46.92,383.73,63.84
82.94,61.68,79.37,6.79,13.08,1.08,1.24,30.03,24.41,1510.62,71.58
24.82,25.59,92.36,4.2,6.43,1.95,1.01,42.51,27.71,1584.51,58.38
83.98,10.44,50.54,6.92,55.41,0.51,0.95,28.7,50.49,1184.89,66.42
38.85,70.56,163.47,5.58,43.44,3.35,1.0,20.85,48.45,1675.28,74.96
83.11,13.16,18.4,5.27,49.39,1.34,4.18,21.96,87.41,1762.4,54.6
76.87,44.37,140.96,7.52,21.28,1.65,6.13,16.91,98.54,364.28,60.47
147.68,63.22,106.79,8.64,5.17,1.46,7.15,31.96,96.61,792.22,58.74
154.84,55.45,48.39,6.38,31.56,0.19,5.52,11.02,72.59,2581.12,55.47
121.41,97.76,98.57,6.71,59.45,0.22,0.86,34.05,52.35,1450.11,63.13
4.54,78.57,165.99,7.73,54.91,2.01,7.58,41.4,49.64,1040.76,45.17
186.2,77.42,89.09,4.31,8.96,1.81,0.15,32.8,21.94,213.78,54.7
137.25,35.56,24.38,8.89,15.33,3.45,6.04,39.47,89.54,1526.11,59.69
6.84,0.84,8.16,8.94,22.12,0.99,7.86,12.98,92.18,1923.99,34.13
163.77,73.44,155.56,7.02,50.67,1.35,7.17,35.71,36.34,1697.15,57.85
40.05,99.97,66.09,4.72,50.36,3.46,5.76,36.54,48.15,2359.5,59.18
115.84,40.59,186.25,6.75,15.18,0.26,4.25,21.94,69.53,839.88,63.97
93.33,98.55,123.43,4.19,34.32,2.28,8.0,34.58,43.56,154.23,58.96
83.97,14.17,87.26,8.46,32.6,0.45,5.04,25.16,48.29,1738.66,62.92
177.94,29.65,112.89,5.52,27.79,3.32,6.66,35.19,56.86,693.17,71.62
87.47,17.07,91.43,5.52,34.48,1.08,1.53,34.41,49.07,547.84,66.92
15.07,47.52,181.16,9.64,21.1,2.87,5.16,20.56,28.69,1947.36,56.21
189.33,79.7,91.6,6.24,34.24,3.2,0.21,10.98,78.22,1601.78,76.41
184.11,34.07,20.81,8.63,42.71,2.98,6.49,37.27,32.77,2565.92,51.66
136.89,90.62,119.42,7.64,8.44,1.99,3.36,20.28,88.57,2316.42,58.31
93.58,54.48,124.6,5.56,58.2,3.41,2.14,30.13,45.96,1357.75,78.03
18.57,46.54,153.07,4.3,14.09,2.4,2.15,31.88,40.46,928.45,65.1
158.15,78.7,186.66,8.69,24.82,2.77,7.84,40.98,76.83,2931.06,51.23
15.1,10.14,88.62,8.46,30.88,0.93,6.94,11.01,81.8,2025.01,49.97
13.72,77.38,70.42,4.6,7.25,1.52,6.33,28.65,44.93,2968.16,46.36
107.48,24.3,98.15,5.12,35.16,2.13,4.09,32.19,92.15,1744.31,76.48
32.03,28.08,180.04,8.48,52.85,0.6,3.25,31.38,73.13,702.89,48.2
1.55,59.95,196.0,9.89,54.56,3.38,4.77,36.56,30.27,2017.21,44.49
84.62,90.19,194.25,8.98,22.94,0.47,4.41,12.15,31.57,2717.94,47.49
27.44,57.84,45.94,7.95,35.73,2.59,7.11,18.03,38.01,1906.79,58.31
32.1,64.89,99.38,9.45,47.72,0.3,7.79,32.42,82.59,1398.58,47.93
15.38,77.66,51.89,5.35,18.91,0.45,7.46,21.82,94.84,663.08,50.68
41.02,25.93,73.6,3.56,34.07,2.22,6.17,19.09,81.89,2154.63,52.16
143.1,82.72,6.34,5.59,25.17,1.64,3.3,23.19,21.97,940.26,65.76
161.79,41.8,32.12,9.82,25.8,0.11,6.11,40.32,31.87,1304.78,38.84
90.51,17.57,79.42,9.23,10.18,1.44,6.26,17.44,62.43,2010.92,59.48
101.31,35.01,72.94,3.83,27.38,0.95,1.44,38.01,66.15,1460.52,68.53
6.53,24.61,55.77,6.76,13.85,3.06,6.57,22.62,87.08,1689.53,66.01
13.86,22.87,46.06,4.01,21.57,2.51,7.31,33.43,48.91,633.89,49.99
51.51,28.26,149.79,8.63,23.17,2.61,6.04,15.06,88.91,2458.28,54.12
108.78,18.09,58.91,5.92,28.68,3.33,5.48,15.85,32.75,454.72,77.94
147.91,66.77,141.31,9.43,55.43,2.51,1.82,14.61,35.54,519.59,54.88
121.0,58.0,73.73,3.85,39.7,0.65,5.14,39.52,42.9,175.83,57.27
78.43,64.84,160.4,8.27,58.6,3.29,5.08,34.51,39.59,2122.29,68.18
23.66,34.37,33.45,6.1,37.49,0.48,3.06,40.83,82.65,2796.25,53.57
156.15,76.97,31.52,5.24,49.3,0.75,0.99,31.87,47.24,211.04,56.29
72.76,12.96,135.93,6.86,50.88,1.07,3.53,32.49,28.98,531.79,60.09
147.21,57.11,182.98,6.66,45.65,0.7,7.37,28.46,61.42,1118.7,63.48
102.6,27.55,28.6,5.77,41.85,0.16,6.27,12.05,30.12,848.62,56.66
147.73,52.76,14.74,7.72,27.99,1.66,2.9,11.24,85.88,1890.77,65.68
181.46,32.36,186.93,7.8,36.2,2.44,1.65,27.27,46.59,120.12,58.58
184.21,79.05,23.47,4.0,15.65,1.53,3.74,27.37,59.54,1748.55,50.31
107.02,89.13,50.07,7.37,39.0,0.9,6.09,17.83,90.71,1655.5,59.89
102.3,74.26,185.9,8.12,33.29,3.1,5.51,30.59,52.12,124.11,68.19
53.14,17.56,160.58,3.99,49.24,1.42,7.08,41.49,27.7,1126.94,46.07
187.16,27.49,68.55,7.78,54.64,2.95,2.56,37.4,89.23,2762.87,58.93
91.58,91.94,190.91,8.73,12.3,0.71,4.01,29.83,30.99,578.2,51.56
25.52,43.72,113.61,8.91,43.0,1.23,2.13,19.19,80.14,2788.87,55.01
86.54,94.12,14.45,3.77,57.25,2.83,6.21,18.37,55.3,2192.18,56.41
25.41,39.25,140.61,8.03,55.48,0.2,3.42,39.11,81.63,777.49,48.31
100.51,95.18,107.46,8.68,50.89,3.23,3.48,22.88,28.27,25.49,76.43
112.26,92.57,114.52,6.08,7.66,1.45,6.54,31.49,79.44,1268.43,70.28
67.55,66.05,198.82,7.03,18.89,3.43,5.87,40.99,68.65,1797.37,68.39
14.33,0.88,30.5,5.22,13.16,2.48,3.83,22.89,38.0,323.65,54.66
188.7,40.03,131.36,5.52,55.98,3.33,3.08,34.61,54.71,190.39,67.15
154.67,91.12,91.75,6.76,46.19,0.33,5.54,38.06,88.72,133.72,52.78
167.78,88.51,54.38,4.48,34.25,2.55,7.54,15.22,63.12,2273.05,55.54
73.37,18.74,138.71,5.91,58.87,3.08,3.45,12.72,30.68,2308.7,69.58
152.17,39.92,133.64,5.46,15.71,3.46,0.41,38.87,80.46,1996.33,71.87
97.07,83.55,171.3,5.05,40.29,0.21,7.04,41.57,29.9,2151.76,48.95
40.22,57.79,175.77,6.65,38.52,0.38,1.41,24.11,48.16,1041.74,67.63
24.88,84.73,112.36,8.95,23.72,2.59,7.22,27.06,28.39,358.11,55.33
69.01,82.66,65.11,5.07,31.7,0.23,6.65,35.76,51.71,407.03,55.96
27.51,90.75,105.92,7.79,17.95,0.14,5.31,16.77,88.52,943.85,50.07
199.65,11.72,71.85,5.15,42.24,1.95,6.78,10.51,82.25,1123.28,54.67
9.84,14.52,55.47,4.42,28.0,1.9,2.15,39.88,92.79,2723.74,52.38
88.23,8.28,110.32,9.63,6.3,2.19,6.86,32.97,63.2,1130.47,60.2
90.42,93.53,131.59,7.62,57.29,0.15,4.54,33.84,72.43,1308.34,53.17
60.13,47.52,118.11,4.18,32.58,1.81,1.5,30.24,70.59,1289.66,70.83
114.27,6.43,190.88,7.61,43.81,1.07,2.11,29.63,23.99,2185.56,62.99
30.0,32.15,59.73,4.65,15.83,2.67,6.34,44.11,68.49,87.88,51.79
156.78,35.14,74.47,9.27,12.0,1.28,6.76,32.05,57.68,1341.54,52.72
66.49,80.96,133.53,5.11,54.63,1.31,7.01,14.89,48.83,2606.57,52.44
118.27,73.55,120.07,8.74,37.5,2.32,1.56,19.36,32.73,2617.91,63.51
143.13,68.94,0.37,4.79,32.13,2.35,7.23,19.71,30.02,2218.63,57.43
177.81,2.19,62.46,7.13,33.66,0.3,4.0,17.32,60.58,1203.89,50.59
167.16,91.07,50.75,9.43,17.99,2.23,7.95,40.24,33.38,753.18,47.28
121.66,21.56,167.98,5.42,55.2,2.34,3.86,28.23,79.94,273.23,64.15
77.68,62.91,173.25,4.03,16.78,1.66,2.09,26.74,81.81,1444.77,57.49
100.64,6.18,56.78,7.09,13.69,2.91,0.57,44.54,43.06,2569.53,70.82
153.75,8.15,20.41,4.62,56.15,0.13,5.35,11.42,69.39,1045.49,41.2
175.51,0.96,41.04,8.23,19.17,3.39,0.14,25.75,24.99,1540.59,65.0
20.76,56.59,35.31,7.34,52.44,1.38,6.7,17.5,92.59,984.57,51.56
76.97,62.94,47.49,5.75,47.49,2.13,2.56,24.96,70.11,1208.47,76.27
155.22,5.05,46.93,8.09,26.01,0.22,5.36,15.67,48.41,420.3,46.41
86.33,29.05,95.97,5.05,18.97,2.51,4.05,15.04,64.15,2080.73,74.98
66.45,85.15,63.93,9.46,46.74,1.95,5.29,19.35,47.97,147.83,58.34
82.26,10.13,111.96,5.75,37.87,3.37,0.52,14.37,26.48,2922.49,74.88
120.57,21.65,68.83,8.46,18.97,1.54,1.65,43.18,40.98,1152.21,62.51
199.96,42.44,162.94,5.18,54.0,2.55,7.16,14.39,20.83,814.42,53.01
98.6,84.23,190.16,8.15,44.65,0.35,3.4,26.31,81.8,1769.3,60.29
41.7,25.48,80.78,3.7,55.01,0.32,4.57,37.28,97.33,2707.99,37.74
32.57,99.71,9.89,5.42,29.06,3.33,3.71,39.57,44.5,2651.54,59.16
8.47,35.53,47.92,4.1,12.05,0.96,7.3,43.63,77.37,2775.54,39.71
111.76,38.64,20.37,6.43,55.82,3.2,1.68,29.46,61.89,282.59,79.16
108.91,12.21,68.95,6.33,38.08,0.4,6.73,20.92,21.7,679.87,62.07
41.05,68.02,129.02,5.83,38.33,2.27,0.57,32.34,97.96,220.14,72.27
139.07,24.35,103.78,9.88,37.13,1.98,6.87,30.78,97.0,279.01,56.84
148.22,62.89,48.58,5.09,30.98,3.39,7.23,30.66,91.18,564.3,68.73
51.82,22.32,153.45,8.64,19.03,1.47,6.34,22.46,45.2,360.83,57.02
68.82,38.79,26.3,6.41,38.72,0.26,2.29,40.75,30.71,995.75,63.36
198.09,85.67,45.64,5.68,44.52,1.71,1.0,29.42,45.18,1225.74,61.83
74.85,73.89,135.21,4.82,55.41,2.9,4.06,31.15,78.96,1017.37,67.95
152.16,15.46,39.45,7.62,8.97,0.28,5.36,25.15,58.23,1225.03,52.58
90.55,60.77,135.75,5.67,19.01,0.22,6.57,18.14,93.36,2603.59,62.09
158.67,62.86,195.39,8.78,47.72,2.89,4.1,17.86,21.56,2483.36,60.04
153.8,9.06,166.27,9.8,47.63,2.9,4.42,32.1,96.92,2887.93,49.22
133.55,46.58,32.0,4.98,16.66,0.78,7.49,10.45,96.64,2362.61,48.35
170.96,26.07,104.1,4.34,15.16,2.34,0.48,42.65,82.75,2525.74,64.36
187.84,46.71,84.46,5.55,25.19,0.32,2.62,25.26,60.58,2081.63,61.24
116.0,77.71,198.33,6.54,8.46,2.7,3.56,40.09,48.66,522.97,71.41
47.49,15.83,192.88,5.46,45.17,1.14,5.15,25.11,96.45,2809.68,54.73
79.73,12.33,25.42,9.81,41.84,0.88,0.85,14.1,75.13,627.59,53.63
151.66,26.93,181.75,8.56,52.23,2.4,7.01,13.71,81.15,2032.65,49.16
130.18,95.23,38.68,9.78,28.65,3.2,2.6,10.05,84.66,689.19,62.18
35.56,74.78,63.89,5.93,40.02,0.24,1.56,20.14,88.84,269.03,59.43
10.25,1.95,70.68,5.48,57.47,0.59,4.77,25.13,60.12,588.35,48.17
136.59,40.1,57.36,6.15,57.73,0.97,1.21,10.83,96.52,696.28,67.98
50.22,25.74,170.65,6.9,8.91,3.25,2.71,25.88,43.61,1141.49,74.39
